  [encoders] source = --encoders CLI flag
  ✓ eval frame cache:     data/eval_10k_local/m12_frame_cache (min free 80 GB)

═══ 12:25:26 · PRE-FLIGHT ═══
-rw-rw-r-- 1 root root 29G Jun 23 10:34 checkpoints/vjepa2_1_vitG_384.pt
✓ ckpt present
  ✓ mode:                 SANITY
  ✓ eval_subset:          data/eval_10k_local/eval_10k.json
  ✓ local_data:           data/eval_10k_local
  ✓ encoder_ckpt:         checkpoints/vjepa2_1_vitG_384.pt  (29G)
  ✓ motion_features:      data/eval_10k_local/m04d_motion_features/motion_features.npy  (836K)
  ✓ min_clips_per_class:  3
  ✓ min_per_split:        1
  ✓ encoders:             vjepa_2_1_vitg_frozen vjepa_2_1_vitg_pretrain_encoder vjepa_2_1_vitg_surgical_3stage_DI_encoder vjepa_2_1_vitg_surgical_autorgn_encoder vjepa_2_1_vitg_surgery_raw_encoder vjepa_2_1_vitg_full_ft_encoder vjepa_2_1_vitg_lpft_encoder vjepa_2_1_vitg_peft_lora_encoder vjepa_2_1_vitg_peft_dora_encoder vjepa_2_1_vitg_surgical_3stage_DI_diheavy_encoder vjepa_2_1_vitg_surgical_3stage_DI_intervene_encoder vjepa_2_1_vitg_surgical_intervene_wiseft_f30_encoder vjepa_2_1_vitg_surgical_intervene_wiseft_f50_encoder vjepa_2_1_vitg_surgical_intervene_wiseft_f70_encoder
  ✓ skip_stages:          2,3,11,5,6,8,8b,8c
  ✓ cache_policy:         1
  ✓ eval_prefix:          outputs/sanity/vjepa_2_1_vitg_1B/eval/eval_10k  (corpus=eval_10k · backbone=vjepa_2_1_vitg)
  ✓ train_root:           outputs/sanity/vjepa_2_1_vitg_1B/train

──────────────────────────────────────────────
run_probe cache-policy gather (UPFRONT — one prompt per module)
──────────────────────────────────────────────
  probe_action: cache at outputs/sanity/vjepa_2_1_vitg_1B/eval/eval_10k/probe_action/action_labels.json → policy=1 (CACHE_POLICY_ALL)
  probe_cos: cache at outputs/sanity/vjepa_2_1_vitg_1B/eval/eval_10k/probe_motion_cos/vjepa_2_1_vitg_frozen → policy=1 (CACHE_POLICY_ALL)
  probe_mse: cache at outputs/sanity/vjepa_2_1_vitg_1B/eval/eval_10k/probe_future_mse/vjepa_2_1_vitg_frozen → policy=1 (CACHE_POLICY_ALL)
  → ACTION=1  COS=1  MSE=1

──────────────────────────────────────────────
P2/P3 trainer-output pre-flight
──────────────────────────────────────────────
  ✓ vjepa_2_1_vitg_frozen: external/HF frozen (no trainer needed)
  ✓ vjepa_2_1_vitg_pretrain_encoder: outputs/sanity/vjepa_2_1_vitg_1B/train/m09a_pretrain_encoder/student_encoder.pt
  ✓ vjepa_2_1_vitg_surgical_3stage_DI_encoder: outputs/sanity/vjepa_2_1_vitg_1B/train/m09c_surgery_3stage_DI_encoder/student_encoder.pt
  ✓ vjepa_2_1_vitg_surgical_autorgn_encoder: outputs/sanity/vjepa_2_1_vitg_1B/train/m09e_autorgn_encoder/student_encoder.pt
  ✓ vjepa_2_1_vitg_surgery_raw_encoder: outputs/sanity/vjepa_2_1_vitg_1B/train/m09c_surgery_raw_encoder/student_encoder.pt
  ✓ vjepa_2_1_vitg_full_ft_encoder: outputs/sanity/vjepa_2_1_vitg_1B/train/m09f_full_ft_encoder/student_encoder.pt
  ✓ vjepa_2_1_vitg_lpft_encoder: outputs/sanity/vjepa_2_1_vitg_1B/train/m09f_lpft_encoder/student_encoder.pt
  ✓ vjepa_2_1_vitg_peft_lora_encoder: outputs/sanity/vjepa_2_1_vitg_1B/train/m09b_peft_lora_encoder/student_encoder.pt
  ✓ vjepa_2_1_vitg_peft_dora_encoder: outputs/sanity/vjepa_2_1_vitg_1B/train/m09b_peft_dora_encoder/student_encoder.pt
  ✓ vjepa_2_1_vitg_surgical_3stage_DI_diheavy_encoder: outputs/sanity/vjepa_2_1_vitg_1B/train/m09c_surgery_3stage_DI_diheavy_encoder/student_encoder.pt
  ✓ vjepa_2_1_vitg_surgical_3stage_DI_intervene_encoder: outputs/sanity/vjepa_2_1_vitg_1B/train/m09c_surgery_3stage_DI_intervene_encoder/student_encoder.pt
  ✓ vjepa_2_1_vitg_surgical_intervene_wiseft_f30_encoder: outputs/sanity/vjepa_2_1_vitg_1B/train/m09c_surgical_intervene_wiseft_f30_encoder/student_encoder.pt
  ✓ vjepa_2_1_vitg_surgical_intervene_wiseft_f50_encoder: outputs/sanity/vjepa_2_1_vitg_1B/train/m09c_surgical_intervene_wiseft_f50_encoder/student_encoder.pt
  ✓ vjepa_2_1_vitg_surgical_intervene_wiseft_f70_encoder: outputs/sanity/vjepa_2_1_vitg_1B/train/m09c_surgical_intervene_wiseft_f70_encoder/student_encoder.pt
  → final ENCODERS: vjepa_2_1_vitg_frozen vjepa_2_1_vitg_pretrain_encoder vjepa_2_1_vitg_surgical_3stage_DI_encoder vjepa_2_1_vitg_surgical_autorgn_encoder vjepa_2_1_vitg_surgery_raw_encoder vjepa_2_1_vitg_full_ft_encoder vjepa_2_1_vitg_lpft_encoder vjepa_2_1_vitg_peft_lora_encoder vjepa_2_1_vitg_peft_dora_encoder vjepa_2_1_vitg_surgical_3stage_DI_diheavy_encoder vjepa_2_1_vitg_surgical_3stage_DI_intervene_encoder vjepa_2_1_vitg_surgical_intervene_wiseft_f30_encoder vjepa_2_1_vitg_surgical_intervene_wiseft_f50_encoder vjepa_2_1_vitg_surgical_intervene_wiseft_f70_encoder

──────────────────────────────────────────────
Stage 8 predictor-ckpt pre-flight
──────────────────────────────────────────────
  ✓ vjepa_2_1_vitg_frozen: checkpoints/vjepa2_1_vitg_384.pt
  ✓ vjepa_2_1_vitg_pretrain_encoder: outputs/sanity/vjepa_2_1_vitg_1B/train/m09a_pretrain_encoder/m09a_ckpt_best.pt
  ✓ vjepa_2_1_vitg_surgical_3stage_DI_encoder: outputs/sanity/vjepa_2_1_vitg_1B/train/m09c_surgery_3stage_DI_encoder/m09c_ckpt_best.pt
  ✓ vjepa_2_1_vitg_surgical_autorgn_encoder: outputs/sanity/vjepa_2_1_vitg_1B/train/m09e_autorgn_encoder/m09c_ckpt_best.pt
  ✓ vjepa_2_1_vitg_surgery_raw_encoder: outputs/sanity/vjepa_2_1_vitg_1B/train/m09c_surgery_raw_encoder/m09c_ckpt_best.pt
  ✓ vjepa_2_1_vitg_full_ft_encoder: outputs/sanity/vjepa_2_1_vitg_1B/train/m09f_full_ft_encoder/m09c_ckpt_best.pt
  ✓ vjepa_2_1_vitg_lpft_encoder: outputs/sanity/vjepa_2_1_vitg_1B/train/m09f_lpft_encoder/m09c_ckpt_best.pt
  ✓ vjepa_2_1_vitg_peft_lora_encoder: outputs/sanity/vjepa_2_1_vitg_1B/train/m09b_peft_lora_encoder/m09c_ckpt_best.pt
  ✓ vjepa_2_1_vitg_peft_dora_encoder: outputs/sanity/vjepa_2_1_vitg_1B/train/m09b_peft_dora_encoder/m09c_ckpt_best.pt
  ✓ vjepa_2_1_vitg_surgical_3stage_DI_diheavy_encoder: outputs/sanity/vjepa_2_1_vitg_1B/train/m09c_surgery_3stage_DI_diheavy_encoder/m09c_ckpt_best.pt
  ✓ vjepa_2_1_vitg_surgical_3stage_DI_intervene_encoder: outputs/sanity/vjepa_2_1_vitg_1B/train/m09c_surgery_3stage_DI_intervene_encoder/m09c_ckpt_best.pt
  ✓ vjepa_2_1_vitg_surgical_intervene_wiseft_f30_encoder: outputs/sanity/vjepa_2_1_vitg_1B/train/m09c_surgical_intervene_wiseft_f30_encoder/m09c_ckpt_best.pt
  ✓ vjepa_2_1_vitg_surgical_intervene_wiseft_f50_encoder: outputs/sanity/vjepa_2_1_vitg_1B/train/m09c_surgical_intervene_wiseft_f50_encoder/m09c_ckpt_best.pt
  ✓ vjepa_2_1_vitg_surgical_intervene_wiseft_f70_encoder: outputs/sanity/vjepa_2_1_vitg_1B/train/m09c_surgical_intervene_wiseft_f70_encoder/m09c_ckpt_best.pt
  → Stage 8 ENCODERS: vjepa_2_1_vitg_frozen vjepa_2_1_vitg_pretrain_encoder vjepa_2_1_vitg_surgical_3stage_DI_encoder vjepa_2_1_vitg_surgical_autorgn_encoder vjepa_2_1_vitg_surgery_raw_encoder vjepa_2_1_vitg_full_ft_encoder vjepa_2_1_vitg_lpft_encoder vjepa_2_1_vitg_peft_lora_encoder vjepa_2_1_vitg_peft_dora_encoder vjepa_2_1_vitg_surgical_3stage_DI_diheavy_encoder vjepa_2_1_vitg_surgical_3stage_DI_intervene_encoder vjepa_2_1_vitg_surgical_intervene_wiseft_f30_encoder vjepa_2_1_vitg_surgical_intervene_wiseft_f50_encoder vjepa_2_1_vitg_surgical_intervene_wiseft_f70_encoder

──────────────────────────────────────────────
motion_aux_head pre-flight (head-vs-encoder paired-Δ readiness)
──────────────────────────────────────────────
  ✓ vjepa_2_1_vitg_frozen: external frozen (no head — encoder-only path)
  ✓ vjepa_2_1_vitg_pretrain_encoder: outputs/sanity/vjepa_2_1_vitg_1B/train/m09a_pretrain_encoder/motion_aux_head.pt
  ✓ vjepa_2_1_vitg_surgical_3stage_DI_encoder: outputs/sanity/vjepa_2_1_vitg_1B/train/m09c_surgery_3stage_DI_encoder/motion_aux_head.pt
  ✓ vjepa_2_1_vitg_surgical_autorgn_encoder: outputs/sanity/vjepa_2_1_vitg_1B/train/m09e_autorgn_encoder/motion_aux_head.pt
  ✓ vjepa_2_1_vitg_surgery_raw_encoder: outputs/sanity/vjepa_2_1_vitg_1B/train/m09c_surgery_raw_encoder/motion_aux_head.pt
  ✓ vjepa_2_1_vitg_full_ft_encoder: outputs/sanity/vjepa_2_1_vitg_1B/train/m09f_full_ft_encoder/motion_aux_head.pt
  ✓ vjepa_2_1_vitg_lpft_encoder: outputs/sanity/vjepa_2_1_vitg_1B/train/m09f_lpft_encoder/motion_aux_head.pt
  ✓ vjepa_2_1_vitg_peft_lora_encoder: outputs/sanity/vjepa_2_1_vitg_1B/train/m09b_peft_lora_encoder/motion_aux_head.pt
  ✓ vjepa_2_1_vitg_peft_dora_encoder: outputs/sanity/vjepa_2_1_vitg_1B/train/m09b_peft_dora_encoder/motion_aux_head.pt
  ✓ vjepa_2_1_vitg_surgical_3stage_DI_diheavy_encoder: outputs/sanity/vjepa_2_1_vitg_1B/train/m09c_surgery_3stage_DI_diheavy_encoder/motion_aux_head.pt
  ✓ vjepa_2_1_vitg_surgical_3stage_DI_intervene_encoder: outputs/sanity/vjepa_2_1_vitg_1B/train/m09c_surgery_3stage_DI_intervene_encoder/motion_aux_head.pt
  ✓ vjepa_2_1_vitg_surgical_intervene_wiseft_f30_encoder: outputs/sanity/vjepa_2_1_vitg_1B/train/m09c_surgical_intervene_wiseft_f30_encoder/motion_aux_head.pt
  ✓ vjepa_2_1_vitg_surgical_intervene_wiseft_f50_encoder: outputs/sanity/vjepa_2_1_vitg_1B/train/m09c_surgical_intervene_wiseft_f50_encoder/motion_aux_head.pt
  ✓ vjepa_2_1_vitg_surgical_intervene_wiseft_f70_encoder: outputs/sanity/vjepa_2_1_vitg_1B/train/m09c_surgical_intervene_wiseft_f70_encoder/motion_aux_head.pt
  → head-augmented eval ENCODERS: vjepa_2_1_vitg_pretrain_encoder vjepa_2_1_vitg_surgical_3stage_DI_encoder vjepa_2_1_vitg_surgical_autorgn_encoder vjepa_2_1_vitg_surgery_raw_encoder vjepa_2_1_vitg_full_ft_encoder vjepa_2_1_vitg_lpft_encoder vjepa_2_1_vitg_peft_lora_encoder vjepa_2_1_vitg_peft_dora_encoder vjepa_2_1_vitg_surgical_3stage_DI_diheavy_encoder vjepa_2_1_vitg_surgical_3stage_DI_intervene_encoder vjepa_2_1_vitg_surgical_intervene_wiseft_f30_encoder vjepa_2_1_vitg_surgical_intervene_wiseft_f50_encoder vjepa_2_1_vitg_surgical_intervene_wiseft_f70_encoder
  → final ENCODERS after head preflight: vjepa_2_1_vitg_frozen vjepa_2_1_vitg_pretrain_encoder vjepa_2_1_vitg_surgical_3stage_DI_encoder vjepa_2_1_vitg_surgical_autorgn_encoder vjepa_2_1_vitg_surgery_raw_encoder vjepa_2_1_vitg_full_ft_encoder vjepa_2_1_vitg_lpft_encoder vjepa_2_1_vitg_peft_lora_encoder vjepa_2_1_vitg_peft_dora_encoder vjepa_2_1_vitg_surgical_3stage_DI_diheavy_encoder vjepa_2_1_vitg_surgical_3stage_DI_intervene_encoder vjepa_2_1_vitg_surgical_intervene_wiseft_f30_encoder vjepa_2_1_vitg_surgical_intervene_wiseft_f50_encoder vjepa_2_1_vitg_surgical_intervene_wiseft_f70_encoder

──────────────────────────────────────────────
Pre-eval pretrain_encoder-cleanup (drop _latest.pt resume anchors)
──────────────────────────────────────────────

═══ 12:25:32 · STAGE 1 · action_probe + taxonomy labels (CPU, ~1-2 min) ═══
  [keep] outputs/sanity/vjepa_2_1_vitg_1B/eval/eval_10k/probe_action/action_labels.json present — skipping (--cache-policy 2 to redo)
  [keep] outputs/sanity/vjepa_2_1_vitg_1B/eval/eval_10k/probe_taxonomy/taxonomy_labels.json present — skipping (--cache-policy 2 to redo)

═══ 12:25:33 · STAGE 4 · action_probe paired_delta (🔥 P1 GATE — CPU, ~5 min, BCa 10K) ═══
Encoders found: ['vjepa_2_1_vitg_frozen', 'vjepa_2_1_vitg_full_ft_encoder', 'vjepa_2_1_vitg_lpft_encoder', 'vjepa_2_1_vitg_peft_dora_encoder', 'vjepa_2_1_vitg_peft_lora_encoder', 'vjepa_2_1_vitg_pretrain_encoder', 'vjepa_2_1_vitg_surgery_raw_encoder', 'vjepa_2_1_vitg_surgical_3stage_DI_diheavy_encoder', 'vjepa_2_1_vitg_surgical_3stage_DI_encoder', 'vjepa_2_1_vitg_surgical_3stage_DI_intervene_encoder', 'vjepa_2_1_vitg_surgical_autorgn_encoder', 'vjepa_2_1_vitg_surgical_intervene_wiseft_f30_encoder', 'vjepa_2_1_vitg_surgical_intervene_wiseft_f50_encoder', 'vjepa_2_1_vitg_surgical_intervene_wiseft_f70_encoder']
/workspace/factorjepa/venv_walkindia/lib/python3.12/site-packages/scipy/stats/_resampling.py:156: RuntimeWarning: invalid value encountered in scalar divide
  a_hat = 1/6 * sum(nums) / sum(dens)**(3/2)
/workspace/factorjepa/venv_walkindia/lib/python3.12/site-packages/scipy/_lib/_util.py:307: DegenerateDataWarning: The BCa confidence interval cannot be calculated. This problem is known to occur when the distribution is degenerate or the statistic is np.min.
  return fun(*args, **kwargs)
{
  "metric": "top1_accuracy",
  "by_encoder": {
    "vjepa_2_1_vitg_frozen": {
      "acc_pct": 30.0,
      "n": 20,
      "top1_ci": {
        "mean": 0.3,
        "ci_lo": 0.15,
        "ci_hi": 0.55,
        "ci_half": 0.2
      }
    },
    "vjepa_2_1_vitg_full_ft_encoder": {
      "acc_pct": 35.0,
      "n": 20,
      "top1_ci": {
        "mean": 0.35,
        "ci_lo": 0.15,
        "ci_hi": 0.6,
        "ci_half": 0.225
      }
    },
    "vjepa_2_1_vitg_lpft_encoder": {
      "acc_pct": 30.0,
      "n": 20,
      "top1_ci": {
        "mean": 0.3,
        "ci_lo": 0.1,
        "ci_hi": 0.55,
        "ci_half": 0.225
      }
    },
    "vjepa_2_1_vitg_peft_dora_encoder": {
      "acc_pct": 25.0,
      "n": 20,
      "top1_ci": {
        "mean": 0.25,
        "ci_lo": 0.1,
        "ci_hi": 0.5,
        "ci_half": 0.2
      }
    },
    "vjepa_2_1_vitg_peft_lora_encoder": {
      "acc_pct": 45.0,
      "n": 20,
      "top1_ci": {
        "mean": 0.45,
        "ci_lo": 0.25,
        "ci_hi": 0.65,
        "ci_half": 0.2
      }
    },
    "vjepa_2_1_vitg_pretrain_encoder": {
      "acc_pct": 40.0,
      "n": 20,
      "top1_ci": {
        "mean": 0.4,
        "ci_lo": 0.2,
        "ci_hi": 0.65,
        "ci_half": 0.225
      }
    },
    "vjepa_2_1_vitg_surgery_raw_encoder": {
      "acc_pct": 35.0,
      "n": 20,
      "top1_ci": {
        "mean": 0.35,
        "ci_lo": 0.15,
        "ci_hi": 0.6,
        "ci_half": 0.225
      }
    },
    "vjepa_2_1_vitg_surgical_3stage_DI_diheavy_encoder": {
      "acc_pct": 35.0,
      "n": 20,
      "top1_ci": {
        "mean": 0.35,
        "ci_lo": 0.15,
        "ci_hi": 0.6,
        "ci_half": 0.225
      }
    },
    "vjepa_2_1_vitg_surgical_3stage_DI_encoder": {
      "acc_pct": 30.0,
      "n": 20,
      "top1_ci": {
        "mean": 0.3,
        "ci_lo": 0.15,
        "ci_hi": 0.55,
        "ci_half": 0.2
      }
    },
    "vjepa_2_1_vitg_surgical_3stage_DI_intervene_encoder": {
      "acc_pct": 40.0,
      "n": 20,
      "top1_ci": {
        "mean": 0.4,
        "ci_lo": 0.2,
        "ci_hi": 0.6,
        "ci_half": 0.2
      }
    },
    "vjepa_2_1_vitg_surgical_autorgn_encoder": {
      "acc_pct": 30.0,
      "n": 20,
      "top1_ci": {
        "mean": 0.3,
        "ci_lo": 0.1,
        "ci_hi": 0.55,
        "ci_half": 0.225
      }
    },
    "vjepa_2_1_vitg_surgical_intervene_wiseft_f30_encoder": {
      "acc_pct": 35.0,
      "n": 20,
      "top1_ci": {
        "mean": 0.35,
        "ci_lo": 0.15,
        "ci_hi": 0.6,
        "ci_half": 0.225
      }
    },
    "vjepa_2_1_vitg_surgical_intervene_wiseft_f50_encoder": {
      "acc_pct": 30.0,
      "n": 20,
      "top1_ci": {
        "mean": 0.3,
        "ci_lo": 0.15,
        "ci_hi": 0.55,
        "ci_half": 0.2
      }
    },
    "vjepa_2_1_vitg_surgical_intervene_wiseft_f70_encoder": {
      "acc_pct": 35.0,
      "n": 20,
      "top1_ci": {
        "mean": 0.35,
        "ci_lo": 0.15,
        "ci_hi": 0.6,
        "ci_half": 0.225
      }
    }
  },
  "pairwise_deltas": {
    "vjepa_2_1_vitg_frozen_minus_vjepa_2_1_vitg_full_ft_encoder": {
      "n_shared": 20,
      "delta_pp": -5.0,
      "ci_lo_pp": -25.0,
      "ci_hi_pp": 0.0,
      "ci_half_pp": 12.5,
      "p_value": 0.7162,
      "gate_pass": false,
      "interpretation": "vjepa_2_1_vitg_frozen - vjepa_2_1_vitg_full_ft_encoder > 0 means vjepa_2_1_vitg_frozen more accurate than vjepa_2_1_vitg_full_ft_encoder"
    },
    "vjepa_2_1_vitg_frozen_minus_vjepa_2_1_vitg_lpft_encoder": {
      "n_shared": 20,
      "delta_pp": 0.0,
      "ci_lo_pp": -15.0,
      "ci_hi_pp": 15.0,
      "ci_half_pp": 15.0,
      "p_value": 1.0,
      "gate_pass": false,
      "interpretation": "vjepa_2_1_vitg_frozen - vjepa_2_1_vitg_lpft_encoder > 0 means vjepa_2_1_vitg_frozen more accurate than vjepa_2_1_vitg_lpft_encoder"
    },
    "vjepa_2_1_vitg_frozen_minus_vjepa_2_1_vitg_peft_dora_encoder": {
      "n_shared": 20,
      "delta_pp": 5.0,
      "ci_lo_pp": 0.0,
      "ci_hi_pp": 25.0,
      "ci_half_pp": 12.5,
      "p_value": 0.6982,
      "gate_pass": false,
      "interpretation": "vjepa_2_1_vitg_frozen - vjepa_2_1_vitg_peft_dora_encoder > 0 means vjepa_2_1_vitg_frozen more accurate than vjepa_2_1_vitg_peft_dora_encoder"
    },
    "vjepa_2_1_vitg_frozen_minus_vjepa_2_1_vitg_peft_lora_encoder": {
      "n_shared": 20,
      "delta_pp": -15.0,
      "ci_lo_pp": -35.0,
      "ci_hi_pp": 5.0,
      "ci_half_pp": 20.0,
      "p_value": 0.227,
      "gate_pass": false,
      "interpretation": "vjepa_2_1_vitg_frozen - vjepa_2_1_vitg_peft_lora_encoder > 0 means vjepa_2_1_vitg_frozen more accurate than vjepa_2_1_vitg_peft_lora_encoder"
    },
    "vjepa_2_1_vitg_frozen_minus_vjepa_2_1_vitg_pretrain_encoder": {
      "n_shared": 20,
      "delta_pp": -10.0,
      "ci_lo_pp": -30.0,
      "ci_hi_pp": 0.0,
      "ci_half_pp": 15.0,
      "p_value": 0.2442,
      "gate_pass": false,
      "interpretation": "vjepa_2_1_vitg_frozen - vjepa_2_1_vitg_pretrain_encoder > 0 means vjepa_2_1_vitg_frozen more accurate than vjepa_2_1_vitg_pretrain_encoder"
    },
    "vjepa_2_1_vitg_frozen_minus_vjepa_2_1_vitg_surgery_raw_encoder": {
      "n_shared": 20,
      "delta_pp": -5.0,
      "ci_lo_pp": -25.0,
      "ci_hi_pp": 0.0,
      "ci_half_pp": 12.5,
      "p_value": 0.7162,
      "gate_pass": false,
      "interpretation": "vjepa_2_1_vitg_frozen - vjepa_2_1_vitg_surgery_raw_encoder > 0 means vjepa_2_1_vitg_frozen more accurate than vjepa_2_1_vitg_surgery_raw_encoder"
    },
    "vjepa_2_1_vitg_frozen_minus_vjepa_2_1_vitg_surgical_3stage_DI_diheavy_encoder": {
      "n_shared": 20,
      "delta_pp": -5.0,
      "ci_lo_pp": -25.0,
      "ci_hi_pp": 0.0,
      "ci_half_pp": 12.5,
      "p_value": 0.7162,
      "gate_pass": false,
      "interpretation": "vjepa_2_1_vitg_frozen - vjepa_2_1_vitg_surgical_3stage_DI_diheavy_encoder > 0 means vjepa_2_1_vitg_frozen more accurate than vjepa_2_1_vitg_surgical_3stage_DI_diheavy_encoder"
    },
    "vjepa_2_1_vitg_frozen_minus_vjepa_2_1_vitg_surgical_3stage_DI_encoder": {
      "n_shared": 20,
      "delta_pp": 0.0,
      "ci_lo_pp": -15.0,
      "ci_hi_pp": 15.0,
      "ci_half_pp": 15.0,
      "p_value": 1.0,
      "gate_pass": false,
      "interpretation": "vjepa_2_1_vitg_frozen - vjepa_2_1_vitg_surgical_3stage_DI_encoder > 0 means vjepa_2_1_vitg_frozen more accurate than vjepa_2_1_vitg_surgical_3stage_DI_encoder"
    },
    "vjepa_2_1_vitg_frozen_minus_vjepa_2_1_vitg_surgical_3stage_DI_intervene_encoder": {
      "n_shared": 20,
      "delta_pp": -10.0,
      "ci_lo_pp": -30.0,
      "ci_hi_pp": 5.0,
      "ci_half_pp": 17.5,
      "p_value": 0.434,
      "gate_pass": false,
      "interpretation": "vjepa_2_1_vitg_frozen - vjepa_2_1_vitg_surgical_3stage_DI_intervene_encoder > 0 means vjepa_2_1_vitg_frozen more accurate than vjepa_2_1_vitg_surgical_3stage_DI_intervene_encoder"
    },
    "vjepa_2_1_vitg_frozen_minus_vjepa_2_1_vitg_surgical_autorgn_encoder": {
      "n_shared": 20,
      "delta_pp": 0.0,
      "ci_lo_pp": -15.0,
      "ci_hi_pp": 15.0,
      "ci_half_pp": 15.0,
      "p_value": 1.0,
      "gate_pass": false,
      "interpretation": "vjepa_2_1_vitg_frozen - vjepa_2_1_vitg_surgical_autorgn_encoder > 0 means vjepa_2_1_vitg_frozen more accurate than vjepa_2_1_vitg_surgical_autorgn_encoder"
    },
    "vjepa_2_1_vitg_frozen_minus_vjepa_2_1_vitg_surgical_intervene_wiseft_f30_encoder": {
      "n_shared": 20,
      "delta_pp": -5.0,
      "ci_lo_pp": -25.0,
      "ci_hi_pp": 10.0,
      "ci_half_pp": 17.5,
      "p_value": 0.7798,
      "gate_pass": false,
      "interpretation": "vjepa_2_1_vitg_frozen - vjepa_2_1_vitg_surgical_intervene_wiseft_f30_encoder > 0 means vjepa_2_1_vitg_frozen more accurate than vjepa_2_1_vitg_surgical_intervene_wiseft_f30_encoder"
    },
    "vjepa_2_1_vitg_frozen_minus_vjepa_2_1_vitg_surgical_intervene_wiseft_f50_encoder": {
      "n_shared": 20,
      "delta_pp": 0.0,
      "ci_lo_pp": -15.0,
      "ci_hi_pp": 15.0,
      "ci_half_pp": 15.0,
      "p_value": 1.0,
      "gate_pass": false,
      "interpretation": "vjepa_2_1_vitg_frozen - vjepa_2_1_vitg_surgical_intervene_wiseft_f50_encoder > 0 means vjepa_2_1_vitg_frozen more accurate than vjepa_2_1_vitg_surgical_intervene_wiseft_f50_encoder"
    },
    "vjepa_2_1_vitg_frozen_minus_vjepa_2_1_vitg_surgical_intervene_wiseft_f70_encoder": {
      "n_shared": 20,
      "delta_pp": -5.0,
      "ci_lo_pp": -25.0,
      "ci_hi_pp": 10.0,
      "ci_half_pp": 17.5,
      "p_value": 0.789,
      "gate_pass": false,
      "interpretation": "vjepa_2_1_vitg_frozen - vjepa_2_1_vitg_surgical_intervene_wiseft_f70_encoder > 0 means vjepa_2_1_vitg_frozen more accurate than vjepa_2_1_vitg_surgical_intervene_wiseft_f70_encoder"
    },
    "vjepa_2_1_vitg_full_ft_encoder_minus_vjepa_2_1_vitg_lpft_encoder": {
      "n_shared": 20,
      "delta_pp": 5.0,
      "ci_lo_pp": 0.0,
      "ci_hi_pp": 25.0,
      "ci_half_pp": 12.5,
      "p_value": 0.6982,
      "gate_pass": false,
      "interpretation": "vjepa_2_1_vitg_full_ft_encoder - vjepa_2_1_vitg_lpft_encoder > 0 means vjepa_2_1_vitg_full_ft_encoder more accurate than vjepa_2_1_vitg_lpft_encoder"
    },
    "vjepa_2_1_vitg_full_ft_encoder_minus_vjepa_2_1_vitg_peft_dora_encoder": {
      "n_shared": 20,
      "delta_pp": 10.0,
      "ci_lo_pp": 0.0,
      "ci_hi_pp": 30.0,
      "ci_half_pp": 15.0,
      "p_value": 0.2438,
      "gate_pass": false,
      "interpretation": "vjepa_2_1_vitg_full_ft_encoder - vjepa_2_1_vitg_peft_dora_encoder > 0 means vjepa_2_1_vitg_full_ft_encoder more accurate than vjepa_2_1_vitg_peft_dora_encoder"
    },
    "vjepa_2_1_vitg_full_ft_encoder_minus_vjepa_2_1_vitg_peft_lora_encoder": {
      "n_shared": 20,
      "delta_pp": -10.0,
      "ci_lo_pp": -30.0,
      "ci_hi_pp": 5.0,
      "ci_half_pp": 17.5,
      "p_value": 0.4442,
      "gate_pass": false,
      "interpretation": "vjepa_2_1_vitg_full_ft_encoder - vjepa_2_1_vitg_peft_lora_encoder > 0 means vjepa_2_1_vitg_full_ft_encoder more accurate than vjepa_2_1_vitg_peft_lora_encoder"
    },
    "vjepa_2_1_vitg_full_ft_encoder_minus_vjepa_2_1_vitg_pretrain_encoder": {
      "n_shared": 20,
      "delta_pp": -5.0,
      "ci_lo_pp": -25.0,
      "ci_hi_pp": 0.0,
      "ci_half_pp": 12.5,
      "p_value": 0.7146,
      "gate_pass": false,
      "interpretation": "vjepa_2_1_vitg_full_ft_encoder - vjepa_2_1_vitg_pretrain_encoder > 0 means vjepa_2_1_vitg_full_ft_encoder more accurate than vjepa_2_1_vitg_pretrain_encoder"
    },
    "vjepa_2_1_vitg_full_ft_encoder_minus_vjepa_2_1_vitg_surgery_raw_encoder": {
      "n_shared": 20,
      "delta_pp": 0.0,
      "ci_lo_pp": NaN,
      "ci_hi_pp": NaN,
      "ci_half_pp": NaN,
      "p_value": 1.0,
      "gate_pass": false,
      "interpretation": "vjepa_2_1_vitg_full_ft_encoder - vjepa_2_1_vitg_surgery_raw_encoder > 0 means vjepa_2_1_vitg_full_ft_encoder more accurate than vjepa_2_1_vitg_surgery_raw_encoder"
    },
    "vjepa_2_1_vitg_full_ft_encoder_minus_vjepa_2_1_vitg_surgical_3stage_DI_diheavy_encoder": {
      "n_shared": 20,
      "delta_pp": 0.0,
      "ci_lo_pp": NaN,
      "ci_hi_pp": NaN,
      "ci_half_pp": NaN,
      "p_value": 1.0,
      "gate_pass": false,
      "interpretation": "vjepa_2_1_vitg_full_ft_encoder - vjepa_2_1_vitg_surgical_3stage_DI_diheavy_encoder > 0 means vjepa_2_1_vitg_full_ft_encoder more accurate than vjepa_2_1_vitg_surgical_3stage_DI_diheavy_encoder"
    },
    "vjepa_2_1_vitg_full_ft_encoder_minus_vjepa_2_1_vitg_surgical_3stage_DI_encoder": {
      "n_shared": 20,
      "delta_pp": 5.0,
      "ci_lo_pp": -10.0,
      "ci_hi_pp": 25.0,
      "ci_half_pp": 17.5,
      "p_value": 0.7754,
      "gate_pass": false,
      "interpretation": "vjepa_2_1_vitg_full_ft_encoder - vjepa_2_1_vitg_surgical_3stage_DI_encoder > 0 means vjepa_2_1_vitg_full_ft_encoder more accurate than vjepa_2_1_vitg_surgical_3stage_DI_encoder"
    },
    "vjepa_2_1_vitg_full_ft_encoder_minus_vjepa_2_1_vitg_surgical_3stage_DI_intervene_encoder": {
      "n_shared": 20,
      "delta_pp": -5.0,
      "ci_lo_pp": -25.0,
      "ci_hi_pp": 10.0,
      "ci_half_pp": 17.5,
      "p_value": 0.7844,
      "gate_pass": false,
      "interpretation": "vjepa_2_1_vitg_full_ft_encoder - vjepa_2_1_vitg_surgical_3stage_DI_intervene_encoder > 0 means vjepa_2_1_vitg_full_ft_encoder more accurate than vjepa_2_1_vitg_surgical_3stage_DI_intervene_encoder"
    },
    "vjepa_2_1_vitg_full_ft_encoder_minus_vjepa_2_1_vitg_surgical_autorgn_encoder": {
      "n_shared": 20,
      "delta_pp": 5.0,
      "ci_lo_pp": -10.0,
      "ci_hi_pp": 25.0,
      "ci_half_pp": 17.5,
      "p_value": 0.7722,
      "gate_pass": false,
      "interpretation": "vjepa_2_1_vitg_full_ft_encoder - vjepa_2_1_vitg_surgical_autorgn_encoder > 0 means vjepa_2_1_vitg_full_ft_encoder more accurate than vjepa_2_1_vitg_surgical_autorgn_encoder"
    },
    "vjepa_2_1_vitg_full_ft_encoder_minus_vjepa_2_1_vitg_surgical_intervene_wiseft_f30_encoder": {
      "n_shared": 20,
      "delta_pp": 0.0,
      "ci_lo_pp": -15.0,
      "ci_hi_pp": 15.0,
      "ci_half_pp": 15.0,
      "p_value": 1.0,
      "gate_pass": false,
      "interpretation": "vjepa_2_1_vitg_full_ft_encoder - vjepa_2_1_vitg_surgical_intervene_wiseft_f30_encoder > 0 means vjepa_2_1_vitg_full_ft_encoder more accurate than vjepa_2_1_vitg_surgical_intervene_wiseft_f30_encoder"
    },
    "vjepa_2_1_vitg_full_ft_encoder_minus_vjepa_2_1_vitg_surgical_intervene_wiseft_f50_encoder": {
      "n_shared": 20,
      "delta_pp": 5.0,
      "ci_lo_pp": -10.0,
      "ci_hi_pp": 25.0,
      "ci_half_pp": 17.5,
      "p_value": 0.7714,
      "gate_pass": false,
      "interpretation": "vjepa_2_1_vitg_full_ft_encoder - vjepa_2_1_vitg_surgical_intervene_wiseft_f50_encoder > 0 means vjepa_2_1_vitg_full_ft_encoder more accurate than vjepa_2_1_vitg_surgical_intervene_wiseft_f50_encoder"
    },
    "vjepa_2_1_vitg_full_ft_encoder_minus_vjepa_2_1_vitg_surgical_intervene_wiseft_f70_encoder": {
      "n_shared": 20,
      "delta_pp": 0.0,
      "ci_lo_pp": -20.0,
      "ci_hi_pp": 20.0,
      "ci_half_pp": 20.0,
      "p_value": 1.0,
      "gate_pass": false,
      "interpretation": "vjepa_2_1_vitg_full_ft_encoder - vjepa_2_1_vitg_surgical_intervene_wiseft_f70_encoder > 0 means vjepa_2_1_vitg_full_ft_encoder more accurate than vjepa_2_1_vitg_surgical_intervene_wiseft_f70_encoder"
    },
    "vjepa_2_1_vitg_lpft_encoder_minus_vjepa_2_1_vitg_peft_dora_encoder": {
      "n_shared": 20,
      "delta_pp": 5.0,
      "ci_lo_pp": 0.0,
      "ci_hi_pp": 25.0,
      "ci_half_pp": 12.5,
      "p_value": 0.7162,
      "gate_pass": false,
      "interpretation": "vjepa_2_1_vitg_lpft_encoder - vjepa_2_1_vitg_peft_dora_encoder > 0 means vjepa_2_1_vitg_lpft_encoder more accurate than vjepa_2_1_vitg_peft_dora_encoder"
    },
    "vjepa_2_1_vitg_lpft_encoder_minus_vjepa_2_1_vitg_peft_lora_encoder": {
      "n_shared": 20,
      "delta_pp": -15.0,
      "ci_lo_pp": -35.0,
      "ci_hi_pp": -5.0,
      "ci_half_pp": 15.0,
      "p_value": 0.0776,
      "gate_pass": false,
      "interpretation": "vjepa_2_1_vitg_lpft_encoder - vjepa_2_1_vitg_peft_lora_encoder > 0 means vjepa_2_1_vitg_lpft_encoder more accurate than vjepa_2_1_vitg_peft_lora_encoder"
    },
    "vjepa_2_1_vitg_lpft_encoder_minus_vjepa_2_1_vitg_pretrain_encoder": {
      "n_shared": 20,
      "delta_pp": -10.0,
      "ci_lo_pp": -30.0,
      "ci_hi_pp": 0.0,
      "ci_half_pp": 15.0,
      "p_value": 0.24,
      "gate_pass": false,
      "interpretation": "vjepa_2_1_vitg_lpft_encoder - vjepa_2_1_vitg_pretrain_encoder > 0 means vjepa_2_1_vitg_lpft_encoder more accurate than vjepa_2_1_vitg_pretrain_encoder"
    },
    "vjepa_2_1_vitg_lpft_encoder_minus_vjepa_2_1_vitg_surgery_raw_encoder": {
      "n_shared": 20,
      "delta_pp": -5.0,
      "ci_lo_pp": -25.0,
      "ci_hi_pp": 0.0,
      "ci_half_pp": 12.5,
      "p_value": 0.6982,
      "gate_pass": false,
      "interpretation": "vjepa_2_1_vitg_lpft_encoder - vjepa_2_1_vitg_surgery_raw_encoder > 0 means vjepa_2_1_vitg_lpft_encoder more accurate than vjepa_2_1_vitg_surgery_raw_encoder"
    },
    "vjepa_2_1_vitg_lpft_encoder_minus_vjepa_2_1_vitg_surgical_3stage_DI_diheavy_encoder": {
      "n_shared": 20,
      "delta_pp": -5.0,
      "ci_lo_pp": -25.0,
      "ci_hi_pp": 0.0,
      "ci_half_pp": 12.5,
      "p_value": 0.6982,
      "gate_pass": false,
      "interpretation": "vjepa_2_1_vitg_lpft_encoder - vjepa_2_1_vitg_surgical_3stage_DI_diheavy_encoder > 0 means vjepa_2_1_vitg_lpft_encoder more accurate than vjepa_2_1_vitg_surgical_3stage_DI_diheavy_encoder"
    },
    "vjepa_2_1_vitg_lpft_encoder_minus_vjepa_2_1_vitg_surgical_3stage_DI_encoder": {
      "n_shared": 20,
      "delta_pp": 0.0,
      "ci_lo_pp": -15.0,
      "ci_hi_pp": 15.0,
      "ci_half_pp": 15.0,
      "p_value": 1.0,
      "gate_pass": false,
      "interpretation": "vjepa_2_1_vitg_lpft_encoder - vjepa_2_1_vitg_surgical_3stage_DI_encoder > 0 means vjepa_2_1_vitg_lpft_encoder more accurate than vjepa_2_1_vitg_surgical_3stage_DI_encoder"
    },
    "vjepa_2_1_vitg_lpft_encoder_minus_vjepa_2_1_vitg_surgical_3stage_DI_intervene_encoder": {
      "n_shared": 20,
      "delta_pp": -10.0,
      "ci_lo_pp": -30.0,
      "ci_hi_pp": 0.0,
      "ci_half_pp": 15.0,
      "p_value": 0.2458,
      "gate_pass": false,
      "interpretation": "vjepa_2_1_vitg_lpft_encoder - vjepa_2_1_vitg_surgical_3stage_DI_intervene_encoder > 0 means vjepa_2_1_vitg_lpft_encoder more accurate than vjepa_2_1_vitg_surgical_3stage_DI_intervene_encoder"
    },
    "vjepa_2_1_vitg_lpft_encoder_minus_vjepa_2_1_vitg_surgical_autorgn_encoder": {
      "n_shared": 20,
      "delta_pp": 0.0,
      "ci_lo_pp": -15.0,
      "ci_hi_pp": 15.0,
      "ci_half_pp": 15.0,
      "p_value": 1.0,
      "gate_pass": false,
      "interpretation": "vjepa_2_1_vitg_lpft_encoder - vjepa_2_1_vitg_surgical_autorgn_encoder > 0 means vjepa_2_1_vitg_lpft_encoder more accurate than vjepa_2_1_vitg_surgical_autorgn_encoder"
    },
    "vjepa_2_1_vitg_lpft_encoder_minus_vjepa_2_1_vitg_surgical_intervene_wiseft_f30_encoder": {
      "n_shared": 20,
      "delta_pp": -5.0,
      "ci_lo_pp": -25.0,
      "ci_hi_pp": 0.0,
      "ci_half_pp": 12.5,
      "p_value": 0.7216,
      "gate_pass": false,
      "interpretation": "vjepa_2_1_vitg_lpft_encoder - vjepa_2_1_vitg_surgical_intervene_wiseft_f30_encoder > 0 means vjepa_2_1_vitg_lpft_encoder more accurate than vjepa_2_1_vitg_surgical_intervene_wiseft_f30_encoder"
    },
    "vjepa_2_1_vitg_lpft_encoder_minus_vjepa_2_1_vitg_surgical_intervene_wiseft_f50_encoder": {
      "n_shared": 20,
      "delta_pp": 0.0,
      "ci_lo_pp": -15.0,
      "ci_hi_pp": 15.0,
      "ci_half_pp": 15.0,
      "p_value": 1.0,
      "gate_pass": false,
      "interpretation": "vjepa_2_1_vitg_lpft_encoder - vjepa_2_1_vitg_surgical_intervene_wiseft_f50_encoder > 0 means vjepa_2_1_vitg_lpft_encoder more accurate than vjepa_2_1_vitg_surgical_intervene_wiseft_f50_encoder"
    },
    "vjepa_2_1_vitg_lpft_encoder_minus_vjepa_2_1_vitg_surgical_intervene_wiseft_f70_encoder": {
      "n_shared": 20,
      "delta_pp": -5.0,
      "ci_lo_pp": -25.0,
      "ci_hi_pp": 10.0,
      "ci_half_pp": 17.5,
      "p_value": 0.7818,
      "gate_pass": false,
      "interpretation": "vjepa_2_1_vitg_lpft_encoder - vjepa_2_1_vitg_surgical_intervene_wiseft_f70_encoder > 0 means vjepa_2_1_vitg_lpft_encoder more accurate than vjepa_2_1_vitg_surgical_intervene_wiseft_f70_encoder"
    },
    "vjepa_2_1_vitg_peft_dora_encoder_minus_vjepa_2_1_vitg_peft_lora_encoder": {
      "n_shared": 20,
      "delta_pp": -20.0,
      "ci_lo_pp": -40.0,
      "ci_hi_pp": -5.0,
      "ci_half_pp": 17.5,
      "p_value": 0.0198,
      "gate_pass": false,
      "interpretation": "vjepa_2_1_vitg_peft_dora_encoder - vjepa_2_1_vitg_peft_lora_encoder > 0 means vjepa_2_1_vitg_peft_dora_encoder more accurate than vjepa_2_1_vitg_peft_lora_encoder"
    },
    "vjepa_2_1_vitg_peft_dora_encoder_minus_vjepa_2_1_vitg_pretrain_encoder": {
      "n_shared": 20,
      "delta_pp": -15.0,
      "ci_lo_pp": -35.0,
      "ci_hi_pp": -5.0,
      "ci_half_pp": 15.0,
      "p_value": 0.0826,
      "gate_pass": false,
      "interpretation": "vjepa_2_1_vitg_peft_dora_encoder - vjepa_2_1_vitg_pretrain_encoder > 0 means vjepa_2_1_vitg_peft_dora_encoder more accurate than vjepa_2_1_vitg_pretrain_encoder"
    },
    "vjepa_2_1_vitg_peft_dora_encoder_minus_vjepa_2_1_vitg_surgery_raw_encoder": {
      "n_shared": 20,
      "delta_pp": -10.0,
      "ci_lo_pp": -30.0,
      "ci_hi_pp": 0.0,
      "ci_half_pp": 15.0,
      "p_value": 0.2438,
      "gate_pass": false,
      "interpretation": "vjepa_2_1_vitg_peft_dora_encoder - vjepa_2_1_vitg_surgery_raw_encoder > 0 means vjepa_2_1_vitg_peft_dora_encoder more accurate than vjepa_2_1_vitg_surgery_raw_encoder"
    },
    "vjepa_2_1_vitg_peft_dora_encoder_minus_vjepa_2_1_vitg_surgical_3stage_DI_diheavy_encoder": {
      "n_shared": 20,
      "delta_pp": -10.0,
      "ci_lo_pp": -30.0,
      "ci_hi_pp": 0.0,
      "ci_half_pp": 15.0,
      "p_value": 0.2438,
      "gate_pass": false,
      "interpretation": "vjepa_2_1_vitg_peft_dora_encoder - vjepa_2_1_vitg_surgical_3stage_DI_diheavy_encoder > 0 means vjepa_2_1_vitg_peft_dora_encoder more accurate than vjepa_2_1_vitg_surgical_3stage_DI_diheavy_encoder"
    },
    "vjepa_2_1_vitg_peft_dora_encoder_minus_vjepa_2_1_vitg_surgical_3stage_DI_encoder": {
      "n_shared": 20,
      "delta_pp": -5.0,
      "ci_lo_pp": -25.0,
      "ci_hi_pp": 0.0,
      "ci_half_pp": 12.5,
      "p_value": 0.7218,
      "gate_pass": false,
      "interpretation": "vjepa_2_1_vitg_peft_dora_encoder - vjepa_2_1_vitg_surgical_3stage_DI_encoder > 0 means vjepa_2_1_vitg_peft_dora_encoder more accurate than vjepa_2_1_vitg_surgical_3stage_DI_encoder"
    },
    "vjepa_2_1_vitg_peft_dora_encoder_minus_vjepa_2_1_vitg_surgical_3stage_DI_intervene_encoder": {
      "n_shared": 20,
      "delta_pp": -15.0,
      "ci_lo_pp": -35.0,
      "ci_hi_pp": -5.0,
      "ci_half_pp": 15.0,
      "p_value": 0.0752,
      "gate_pass": false,
      "interpretation": "vjepa_2_1_vitg_peft_dora_encoder - vjepa_2_1_vitg_surgical_3stage_DI_intervene_encoder > 0 means vjepa_2_1_vitg_peft_dora_encoder more accurate than vjepa_2_1_vitg_surgical_3stage_DI_intervene_encoder"
    },
    "vjepa_2_1_vitg_peft_dora_encoder_minus_vjepa_2_1_vitg_surgical_autorgn_encoder": {
      "n_shared": 20,
      "delta_pp": -5.0,
      "ci_lo_pp": -25.0,
      "ci_hi_pp": 0.0,
      "ci_half_pp": 12.5,
      "p_value": 0.7096,
      "gate_pass": false,
      "interpretation": "vjepa_2_1_vitg_peft_dora_encoder - vjepa_2_1_vitg_surgical_autorgn_encoder > 0 means vjepa_2_1_vitg_peft_dora_encoder more accurate than vjepa_2_1_vitg_surgical_autorgn_encoder"
    },
    "vjepa_2_1_vitg_peft_dora_encoder_minus_vjepa_2_1_vitg_surgical_intervene_wiseft_f30_encoder": {
      "n_shared": 20,
      "delta_pp": -10.0,
      "ci_lo_pp": -30.0,
      "ci_hi_pp": 0.0,
      "ci_half_pp": 15.0,
      "p_value": 0.24,
      "gate_pass": false,
      "interpretation": "vjepa_2_1_vitg_peft_dora_encoder - vjepa_2_1_vitg_surgical_intervene_wiseft_f30_encoder > 0 means vjepa_2_1_vitg_peft_dora_encoder more accurate than vjepa_2_1_vitg_surgical_intervene_wiseft_f30_encoder"
    },
    "vjepa_2_1_vitg_peft_dora_encoder_minus_vjepa_2_1_vitg_surgical_intervene_wiseft_f50_encoder": {
      "n_shared": 20,
      "delta_pp": -5.0,
      "ci_lo_pp": -25.0,
      "ci_hi_pp": 0.0,
      "ci_half_pp": 12.5,
      "p_value": 0.727,
      "gate_pass": false,
      "interpretation": "vjepa_2_1_vitg_peft_dora_encoder - vjepa_2_1_vitg_surgical_intervene_wiseft_f50_encoder > 0 means vjepa_2_1_vitg_peft_dora_encoder more accurate than vjepa_2_1_vitg_surgical_intervene_wiseft_f50_encoder"
    },
    "vjepa_2_1_vitg_peft_dora_encoder_minus_vjepa_2_1_vitg_surgical_intervene_wiseft_f70_encoder": {
      "n_shared": 20,
      "delta_pp": -10.0,
      "ci_lo_pp": -30.0,
      "ci_hi_pp": 0.0,
      "ci_half_pp": 15.0,
      "p_value": 0.2442,
      "gate_pass": false,
      "interpretation": "vjepa_2_1_vitg_peft_dora_encoder - vjepa_2_1_vitg_surgical_intervene_wiseft_f70_encoder > 0 means vjepa_2_1_vitg_peft_dora_encoder more accurate than vjepa_2_1_vitg_surgical_intervene_wiseft_f70_encoder"
    },
    "vjepa_2_1_vitg_peft_lora_encoder_minus_vjepa_2_1_vitg_pretrain_encoder": {
      "n_shared": 20,
      "delta_pp": 5.0,
      "ci_lo_pp": -15.0,
      "ci_hi_pp": 25.0,
      "ci_half_pp": 20.0,
      "p_value": 0.8302,
      "gate_pass": false,
      "interpretation": "vjepa_2_1_vitg_peft_lora_encoder - vjepa_2_1_vitg_pretrain_encoder > 0 means vjepa_2_1_vitg_peft_lora_encoder more accurate than vjepa_2_1_vitg_pretrain_encoder"
    },
    "vjepa_2_1_vitg_peft_lora_encoder_minus_vjepa_2_1_vitg_surgery_raw_encoder": {
      "n_shared": 20,
      "delta_pp": 10.0,
      "ci_lo_pp": -5.0,
      "ci_hi_pp": 30.0,
      "ci_half_pp": 17.5,
      "p_value": 0.4442,
      "gate_pass": false,
      "interpretation": "vjepa_2_1_vitg_peft_lora_encoder - vjepa_2_1_vitg_surgery_raw_encoder > 0 means vjepa_2_1_vitg_peft_lora_encoder more accurate than vjepa_2_1_vitg_surgery_raw_encoder"
    },
    "vjepa_2_1_vitg_peft_lora_encoder_minus_vjepa_2_1_vitg_surgical_3stage_DI_diheavy_encoder": {
      "n_shared": 20,
      "delta_pp": 10.0,
      "ci_lo_pp": -5.0,
      "ci_hi_pp": 30.0,
      "ci_half_pp": 17.5,
      "p_value": 0.4442,
      "gate_pass": false,
      "interpretation": "vjepa_2_1_vitg_peft_lora_encoder - vjepa_2_1_vitg_surgical_3stage_DI_diheavy_encoder > 0 means vjepa_2_1_vitg_peft_lora_encoder more accurate than vjepa_2_1_vitg_surgical_3stage_DI_diheavy_encoder"
    },
    "vjepa_2_1_vitg_peft_lora_encoder_minus_vjepa_2_1_vitg_surgical_3stage_DI_encoder": {
      "n_shared": 20,
      "delta_pp": 15.0,
      "ci_lo_pp": -5.0,
      "ci_hi_pp": 35.0,
      "ci_half_pp": 20.0,
      "p_value": 0.2264,
      "gate_pass": false,
      "interpretation": "vjepa_2_1_vitg_peft_lora_encoder - vjepa_2_1_vitg_surgical_3stage_DI_encoder > 0 means vjepa_2_1_vitg_peft_lora_encoder more accurate than vjepa_2_1_vitg_surgical_3stage_DI_encoder"
    },
    "vjepa_2_1_vitg_peft_lora_encoder_minus_vjepa_2_1_vitg_surgical_3stage_DI_intervene_encoder": {
      "n_shared": 20,
      "delta_pp": 5.0,
      "ci_lo_pp": -15.0,
      "ci_hi_pp": 25.0,
      "ci_half_pp": 20.0,
      "p_value": 0.8194,
      "gate_pass": false,
      "interpretation": "vjepa_2_1_vitg_peft_lora_encoder - vjepa_2_1_vitg_surgical_3stage_DI_intervene_encoder > 0 means vjepa_2_1_vitg_peft_lora_encoder more accurate than vjepa_2_1_vitg_surgical_3stage_DI_intervene_encoder"
    },
    "vjepa_2_1_vitg_peft_lora_encoder_minus_vjepa_2_1_vitg_surgical_autorgn_encoder": {
      "n_shared": 20,
      "delta_pp": 15.0,
      "ci_lo_pp": -5.0,
      "ci_hi_pp": 35.0,
      "ci_half_pp": 20.0,
      "p_value": 0.2318,
      "gate_pass": false,
      "interpretation": "vjepa_2_1_vitg_peft_lora_encoder - vjepa_2_1_vitg_surgical_autorgn_encoder > 0 means vjepa_2_1_vitg_peft_lora_encoder more accurate than vjepa_2_1_vitg_surgical_autorgn_encoder"
    },
    "vjepa_2_1_vitg_peft_lora_encoder_minus_vjepa_2_1_vitg_surgical_intervene_wiseft_f30_encoder": {
      "n_shared": 20,
      "delta_pp": 10.0,
      "ci_lo_pp": -5.0,
      "ci_hi_pp": 30.0,
      "ci_half_pp": 17.5,
      "p_value": 0.4356,
      "gate_pass": false,
      "interpretation": "vjepa_2_1_vitg_peft_lora_encoder - vjepa_2_1_vitg_surgical_intervene_wiseft_f30_encoder > 0 means vjepa_2_1_vitg_peft_lora_encoder more accurate than vjepa_2_1_vitg_surgical_intervene_wiseft_f30_encoder"
    },
    "vjepa_2_1_vitg_peft_lora_encoder_minus_vjepa_2_1_vitg_surgical_intervene_wiseft_f50_encoder": {
      "n_shared": 20,
      "delta_pp": 15.0,
      "ci_lo_pp": 5.0,
      "ci_hi_pp": 35.0,
      "ci_half_pp": 15.0,
      "p_value": 0.0718,
      "gate_pass": true,
      "interpretation": "vjepa_2_1_vitg_peft_lora_encoder - vjepa_2_1_vitg_surgical_intervene_wiseft_f50_encoder > 0 means vjepa_2_1_vitg_peft_lora_encoder more accurate than vjepa_2_1_vitg_surgical_intervene_wiseft_f50_encoder"
    },
    "vjepa_2_1_vitg_peft_lora_encoder_minus_vjepa_2_1_vitg_surgical_intervene_wiseft_f70_encoder": {
      "n_shared": 20,
      "delta_pp": 10.0,
      "ci_lo_pp": -5.0,
      "ci_hi_pp": 30.0,
      "ci_half_pp": 17.5,
      "p_value": 0.4284,
      "gate_pass": false,
      "interpretation": "vjepa_2_1_vitg_peft_lora_encoder - vjepa_2_1_vitg_surgical_intervene_wiseft_f70_encoder > 0 means vjepa_2_1_vitg_peft_lora_encoder more accurate than vjepa_2_1_vitg_surgical_intervene_wiseft_f70_encoder"
    },
    "vjepa_2_1_vitg_pretrain_encoder_minus_vjepa_2_1_vitg_surgery_raw_encoder": {
      "n_shared": 20,
      "delta_pp": 5.0,
      "ci_lo_pp": 0.0,
      "ci_hi_pp": 25.0,
      "ci_half_pp": 12.5,
      "p_value": 0.7146,
      "gate_pass": false,
      "interpretation": "vjepa_2_1_vitg_pretrain_encoder - vjepa_2_1_vitg_surgery_raw_encoder > 0 means vjepa_2_1_vitg_pretrain_encoder more accurate than vjepa_2_1_vitg_surgery_raw_encoder"
    },
    "vjepa_2_1_vitg_pretrain_encoder_minus_vjepa_2_1_vitg_surgical_3stage_DI_diheavy_encoder": {
      "n_shared": 20,
      "delta_pp": 5.0,
      "ci_lo_pp": 0.0,
      "ci_hi_pp": 25.0,
      "ci_half_pp": 12.5,
      "p_value": 0.7146,
      "gate_pass": false,
      "interpretation": "vjepa_2_1_vitg_pretrain_encoder - vjepa_2_1_vitg_surgical_3stage_DI_diheavy_encoder > 0 means vjepa_2_1_vitg_pretrain_encoder more accurate than vjepa_2_1_vitg_surgical_3stage_DI_diheavy_encoder"
    },
    "vjepa_2_1_vitg_pretrain_encoder_minus_vjepa_2_1_vitg_surgical_3stage_DI_encoder": {
      "n_shared": 20,
      "delta_pp": 10.0,
      "ci_lo_pp": -5.0,
      "ci_hi_pp": 30.0,
      "ci_half_pp": 17.5,
      "p_value": 0.4264,
      "gate_pass": false,
      "interpretation": "vjepa_2_1_vitg_pretrain_encoder - vjepa_2_1_vitg_surgical_3stage_DI_encoder > 0 means vjepa_2_1_vitg_pretrain_encoder more accurate than vjepa_2_1_vitg_surgical_3stage_DI_encoder"
    },
    "vjepa_2_1_vitg_pretrain_encoder_minus_vjepa_2_1_vitg_surgical_3stage_DI_intervene_encoder": {
      "n_shared": 20,
      "delta_pp": 0.0,
      "ci_lo_pp": -20.0,
      "ci_hi_pp": 20.0,
      "ci_half_pp": 20.0,
      "p_value": 1.0,
      "gate_pass": false,
      "interpretation": "vjepa_2_1_vitg_pretrain_encoder - vjepa_2_1_vitg_surgical_3stage_DI_intervene_encoder > 0 means vjepa_2_1_vitg_pretrain_encoder more accurate than vjepa_2_1_vitg_surgical_3stage_DI_intervene_encoder"
    },
    "vjepa_2_1_vitg_pretrain_encoder_minus_vjepa_2_1_vitg_surgical_autorgn_encoder": {
      "n_shared": 20,
      "delta_pp": 10.0,
      "ci_lo_pp": -10.0,
      "ci_hi_pp": 30.0,
      "ci_half_pp": 20.0,
      "p_value": 0.4402,
      "gate_pass": false,
      "interpretation": "vjepa_2_1_vitg_pretrain_encoder - vjepa_2_1_vitg_surgical_autorgn_encoder > 0 means vjepa_2_1_vitg_pretrain_encoder more accurate than vjepa_2_1_vitg_surgical_autorgn_encoder"
    },
    "vjepa_2_1_vitg_pretrain_encoder_minus_vjepa_2_1_vitg_surgical_intervene_wiseft_f30_encoder": {
      "n_shared": 20,
      "delta_pp": 5.0,
      "ci_lo_pp": -10.0,
      "ci_hi_pp": 25.0,
      "ci_half_pp": 17.5,
      "p_value": 0.7816,
      "gate_pass": false,
      "interpretation": "vjepa_2_1_vitg_pretrain_encoder - vjepa_2_1_vitg_surgical_intervene_wiseft_f30_encoder > 0 means vjepa_2_1_vitg_pretrain_encoder more accurate than vjepa_2_1_vitg_surgical_intervene_wiseft_f30_encoder"
    },
    "vjepa_2_1_vitg_pretrain_encoder_minus_vjepa_2_1_vitg_surgical_intervene_wiseft_f50_encoder": {
      "n_shared": 20,
      "delta_pp": 10.0,
      "ci_lo_pp": -10.0,
      "ci_hi_pp": 30.0,
      "ci_half_pp": 20.0,
      "p_value": 0.4352,
      "gate_pass": false,
      "interpretation": "vjepa_2_1_vitg_pretrain_encoder - vjepa_2_1_vitg_surgical_intervene_wiseft_f50_encoder > 0 means vjepa_2_1_vitg_pretrain_encoder more accurate than vjepa_2_1_vitg_surgical_intervene_wiseft_f50_encoder"
    },
    "vjepa_2_1_vitg_pretrain_encoder_minus_vjepa_2_1_vitg_surgical_intervene_wiseft_f70_encoder": {
      "n_shared": 20,
      "delta_pp": 5.0,
      "ci_lo_pp": -15.0,
      "ci_hi_pp": 25.0,
      "ci_half_pp": 20.0,
      "p_value": 0.8158,
      "gate_pass": false,
      "interpretation": "vjepa_2_1_vitg_pretrain_encoder - vjepa_2_1_vitg_surgical_intervene_wiseft_f70_encoder > 0 means vjepa_2_1_vitg_pretrain_encoder more accurate than vjepa_2_1_vitg_surgical_intervene_wiseft_f70_encoder"
    },
    "vjepa_2_1_vitg_surgery_raw_encoder_minus_vjepa_2_1_vitg_surgical_3stage_DI_diheavy_encoder": {
      "n_shared": 20,
      "delta_pp": 0.0,
      "ci_lo_pp": NaN,
      "ci_hi_pp": NaN,
      "ci_half_pp": NaN,
      "p_value": 1.0,
      "gate_pass": false,
      "interpretation": "vjepa_2_1_vitg_surgery_raw_encoder - vjepa_2_1_vitg_surgical_3stage_DI_diheavy_encoder > 0 means vjepa_2_1_vitg_surgery_raw_encoder more accurate than vjepa_2_1_vitg_surgical_3stage_DI_diheavy_encoder"
    },
    "vjepa_2_1_vitg_surgery_raw_encoder_minus_vjepa_2_1_vitg_surgical_3stage_DI_encoder": {
      "n_shared": 20,
      "delta_pp": 5.0,
      "ci_lo_pp": -10.0,
      "ci_hi_pp": 25.0,
      "ci_half_pp": 17.5,
      "p_value": 0.7754,
      "gate_pass": false,
      "interpretation": "vjepa_2_1_vitg_surgery_raw_encoder - vjepa_2_1_vitg_surgical_3stage_DI_encoder > 0 means vjepa_2_1_vitg_surgery_raw_encoder more accurate than vjepa_2_1_vitg_surgical_3stage_DI_encoder"
    },
    "vjepa_2_1_vitg_surgery_raw_encoder_minus_vjepa_2_1_vitg_surgical_3stage_DI_intervene_encoder": {
      "n_shared": 20,
      "delta_pp": -5.0,
      "ci_lo_pp": -25.0,
      "ci_hi_pp": 10.0,
      "ci_half_pp": 17.5,
      "p_value": 0.7844,
      "gate_pass": false,
      "interpretation": "vjepa_2_1_vitg_surgery_raw_encoder - vjepa_2_1_vitg_surgical_3stage_DI_intervene_encoder > 0 means vjepa_2_1_vitg_surgery_raw_encoder more accurate than vjepa_2_1_vitg_surgical_3stage_DI_intervene_encoder"
    },
    "vjepa_2_1_vitg_surgery_raw_encoder_minus_vjepa_2_1_vitg_surgical_autorgn_encoder": {
      "n_shared": 20,
      "delta_pp": 5.0,
      "ci_lo_pp": -10.0,
      "ci_hi_pp": 25.0,
      "ci_half_pp": 17.5,
      "p_value": 0.7722,
      "gate_pass": false,
      "interpretation": "vjepa_2_1_vitg_surgery_raw_encoder - vjepa_2_1_vitg_surgical_autorgn_encoder > 0 means vjepa_2_1_vitg_surgery_raw_encoder more accurate than vjepa_2_1_vitg_surgical_autorgn_encoder"
    },
    "vjepa_2_1_vitg_surgery_raw_encoder_minus_vjepa_2_1_vitg_surgical_intervene_wiseft_f30_encoder": {
      "n_shared": 20,
      "delta_pp": 0.0,
      "ci_lo_pp": -15.0,
      "ci_hi_pp": 15.0,
      "ci_half_pp": 15.0,
      "p_value": 1.0,
      "gate_pass": false,
      "interpretation": "vjepa_2_1_vitg_surgery_raw_encoder - vjepa_2_1_vitg_surgical_intervene_wiseft_f30_encoder > 0 means vjepa_2_1_vitg_surgery_raw_encoder more accurate than vjepa_2_1_vitg_surgical_intervene_wiseft_f30_encoder"
    },
    "vjepa_2_1_vitg_surgery_raw_encoder_minus_vjepa_2_1_vitg_surgical_intervene_wiseft_f50_encoder": {
      "n_shared": 20,
      "delta_pp": 5.0,
      "ci_lo_pp": -10.0,
      "ci_hi_pp": 25.0,
      "ci_half_pp": 17.5,
      "p_value": 0.7714,
      "gate_pass": false,
      "interpretation": "vjepa_2_1_vitg_surgery_raw_encoder - vjepa_2_1_vitg_surgical_intervene_wiseft_f50_encoder > 0 means vjepa_2_1_vitg_surgery_raw_encoder more accurate than vjepa_2_1_vitg_surgical_intervene_wiseft_f50_encoder"
    },
    "vjepa_2_1_vitg_surgery_raw_encoder_minus_vjepa_2_1_vitg_surgical_intervene_wiseft_f70_encoder": {
      "n_shared": 20,
      "delta_pp": 0.0,
      "ci_lo_pp": -20.0,
      "ci_hi_pp": 20.0,
      "ci_half_pp": 20.0,
      "p_value": 1.0,
      "gate_pass": false,
      "interpretation": "vjepa_2_1_vitg_surgery_raw_encoder - vjepa_2_1_vitg_surgical_intervene_wiseft_f70_encoder > 0 means vjepa_2_1_vitg_surgery_raw_encoder more accurate than vjepa_2_1_vitg_surgical_intervene_wiseft_f70_encoder"
    },
    "vjepa_2_1_vitg_surgical_3stage_DI_diheavy_encoder_minus_vjepa_2_1_vitg_surgical_3stage_DI_encoder": {
      "n_shared": 20,
      "delta_pp": 5.0,
      "ci_lo_pp": -10.0,
      "ci_hi_pp": 25.0,
      "ci_half_pp": 17.5,
      "p_value": 0.7754,
      "gate_pass": false,
      "interpretation": "vjepa_2_1_vitg_surgical_3stage_DI_diheavy_encoder - vjepa_2_1_vitg_surgical_3stage_DI_encoder > 0 means vjepa_2_1_vitg_surgical_3stage_DI_diheavy_encoder more accurate than vjepa_2_1_vitg_surgical_3stage_DI_encoder"
    },
    "vjepa_2_1_vitg_surgical_3stage_DI_diheavy_encoder_minus_vjepa_2_1_vitg_surgical_3stage_DI_intervene_encoder": {
      "n_shared": 20,
      "delta_pp": -5.0,
      "ci_lo_pp": -25.0,
      "ci_hi_pp": 10.0,
      "ci_half_pp": 17.5,
      "p_value": 0.7844,
      "gate_pass": false,
      "interpretation": "vjepa_2_1_vitg_surgical_3stage_DI_diheavy_encoder - vjepa_2_1_vitg_surgical_3stage_DI_intervene_encoder > 0 means vjepa_2_1_vitg_surgical_3stage_DI_diheavy_encoder more accurate than vjepa_2_1_vitg_surgical_3stage_DI_intervene_encoder"
    },
    "vjepa_2_1_vitg_surgical_3stage_DI_diheavy_encoder_minus_vjepa_2_1_vitg_surgical_autorgn_encoder": {
      "n_shared": 20,
      "delta_pp": 5.0,
      "ci_lo_pp": -10.0,
      "ci_hi_pp": 25.0,
      "ci_half_pp": 17.5,
      "p_value": 0.7722,
      "gate_pass": false,
      "interpretation": "vjepa_2_1_vitg_surgical_3stage_DI_diheavy_encoder - vjepa_2_1_vitg_surgical_autorgn_encoder > 0 means vjepa_2_1_vitg_surgical_3stage_DI_diheavy_encoder more accurate than vjepa_2_1_vitg_surgical_autorgn_encoder"
    },
    "vjepa_2_1_vitg_surgical_3stage_DI_diheavy_encoder_minus_vjepa_2_1_vitg_surgical_intervene_wiseft_f30_encoder": {
      "n_shared": 20,
      "delta_pp": 0.0,
      "ci_lo_pp": -15.0,
      "ci_hi_pp": 15.0,
      "ci_half_pp": 15.0,
      "p_value": 1.0,
      "gate_pass": false,
      "interpretation": "vjepa_2_1_vitg_surgical_3stage_DI_diheavy_encoder - vjepa_2_1_vitg_surgical_intervene_wiseft_f30_encoder > 0 means vjepa_2_1_vitg_surgical_3stage_DI_diheavy_encoder more accurate than vjepa_2_1_vitg_surgical_intervene_wiseft_f30_encoder"
    },
    "vjepa_2_1_vitg_surgical_3stage_DI_diheavy_encoder_minus_vjepa_2_1_vitg_surgical_intervene_wiseft_f50_encoder": {
      "n_shared": 20,
      "delta_pp": 5.0,
      "ci_lo_pp": -10.0,
      "ci_hi_pp": 25.0,
      "ci_half_pp": 17.5,
      "p_value": 0.7714,
      "gate_pass": false,
      "interpretation": "vjepa_2_1_vitg_surgical_3stage_DI_diheavy_encoder - vjepa_2_1_vitg_surgical_intervene_wiseft_f50_encoder > 0 means vjepa_2_1_vitg_surgical_3stage_DI_diheavy_encoder more accurate than vjepa_2_1_vitg_surgical_intervene_wiseft_f50_encoder"
    },
    "vjepa_2_1_vitg_surgical_3stage_DI_diheavy_encoder_minus_vjepa_2_1_vitg_surgical_intervene_wiseft_f70_encoder": {
      "n_shared": 20,
      "delta_pp": 0.0,
      "ci_lo_pp": -20.0,
      "ci_hi_pp": 20.0,
      "ci_half_pp": 20.0,
      "p_value": 1.0,
      "gate_pass": false,
      "interpretation": "vjepa_2_1_vitg_surgical_3stage_DI_diheavy_encoder - vjepa_2_1_vitg_surgical_intervene_wiseft_f70_encoder > 0 means vjepa_2_1_vitg_surgical_3stage_DI_diheavy_encoder more accurate than vjepa_2_1_vitg_surgical_intervene_wiseft_f70_encoder"
    },
    "vjepa_2_1_vitg_surgical_3stage_DI_encoder_minus_vjepa_2_1_vitg_surgical_3stage_DI_intervene_encoder": {
      "n_shared": 20,
      "delta_pp": -10.0,
      "ci_lo_pp": -30.0,
      "ci_hi_pp": 0.0,
      "ci_half_pp": 15.0,
      "p_value": 0.2398,
      "gate_pass": false,
      "interpretation": "vjepa_2_1_vitg_surgical_3stage_DI_encoder - vjepa_2_1_vitg_surgical_3stage_DI_intervene_encoder > 0 means vjepa_2_1_vitg_surgical_3stage_DI_encoder more accurate than vjepa_2_1_vitg_surgical_3stage_DI_intervene_encoder"
    },
    "vjepa_2_1_vitg_surgical_3stage_DI_encoder_minus_vjepa_2_1_vitg_surgical_autorgn_encoder": {
      "n_shared": 20,
      "delta_pp": 0.0,
      "ci_lo_pp": -15.0,
      "ci_hi_pp": 15.0,
      "ci_half_pp": 15.0,
      "p_value": 1.0,
      "gate_pass": false,
      "interpretation": "vjepa_2_1_vitg_surgical_3stage_DI_encoder - vjepa_2_1_vitg_surgical_autorgn_encoder > 0 means vjepa_2_1_vitg_surgical_3stage_DI_encoder more accurate than vjepa_2_1_vitg_surgical_autorgn_encoder"
    },
    "vjepa_2_1_vitg_surgical_3stage_DI_encoder_minus_vjepa_2_1_vitg_surgical_intervene_wiseft_f30_encoder": {
      "n_shared": 20,
      "delta_pp": -5.0,
      "ci_lo_pp": -25.0,
      "ci_hi_pp": 10.0,
      "ci_half_pp": 17.5,
      "p_value": 0.785,
      "gate_pass": false,
      "interpretation": "vjepa_2_1_vitg_surgical_3stage_DI_encoder - vjepa_2_1_vitg_surgical_intervene_wiseft_f30_encoder > 0 means vjepa_2_1_vitg_surgical_3stage_DI_encoder more accurate than vjepa_2_1_vitg_surgical_intervene_wiseft_f30_encoder"
    },
    "vjepa_2_1_vitg_surgical_3stage_DI_encoder_minus_vjepa_2_1_vitg_surgical_intervene_wiseft_f50_encoder": {
      "n_shared": 20,
      "delta_pp": 0.0,
      "ci_lo_pp": -15.0,
      "ci_hi_pp": 15.0,
      "ci_half_pp": 15.0,
      "p_value": 1.0,
      "gate_pass": false,
      "interpretation": "vjepa_2_1_vitg_surgical_3stage_DI_encoder - vjepa_2_1_vitg_surgical_intervene_wiseft_f50_encoder > 0 means vjepa_2_1_vitg_surgical_3stage_DI_encoder more accurate than vjepa_2_1_vitg_surgical_intervene_wiseft_f50_encoder"
    },
    "vjepa_2_1_vitg_surgical_3stage_DI_encoder_minus_vjepa_2_1_vitg_surgical_intervene_wiseft_f70_encoder": {
      "n_shared": 20,
      "delta_pp": -5.0,
      "ci_lo_pp": -25.0,
      "ci_hi_pp": 10.0,
      "ci_half_pp": 17.5,
      "p_value": 0.7914,
      "gate_pass": false,
      "interpretation": "vjepa_2_1_vitg_surgical_3stage_DI_encoder - vjepa_2_1_vitg_surgical_intervene_wiseft_f70_encoder > 0 means vjepa_2_1_vitg_surgical_3stage_DI_encoder more accurate than vjepa_2_1_vitg_surgical_intervene_wiseft_f70_encoder"
    },
    "vjepa_2_1_vitg_surgical_3stage_DI_intervene_encoder_minus_vjepa_2_1_vitg_surgical_autorgn_encoder": {
      "n_shared": 20,
      "delta_pp": 10.0,
      "ci_lo_pp": -5.0,
      "ci_hi_pp": 30.0,
      "ci_half_pp": 17.5,
      "p_value": 0.4382,
      "gate_pass": false,
      "interpretation": "vjepa_2_1_vitg_surgical_3stage_DI_intervene_encoder - vjepa_2_1_vitg_surgical_autorgn_encoder > 0 means vjepa_2_1_vitg_surgical_3stage_DI_intervene_encoder more accurate than vjepa_2_1_vitg_surgical_autorgn_encoder"
    },
    "vjepa_2_1_vitg_surgical_3stage_DI_intervene_encoder_minus_vjepa_2_1_vitg_surgical_intervene_wiseft_f30_encoder": {
      "n_shared": 20,
      "delta_pp": 5.0,
      "ci_lo_pp": -10.0,
      "ci_hi_pp": 25.0,
      "ci_half_pp": 17.5,
      "p_value": 0.7814,
      "gate_pass": false,
      "interpretation": "vjepa_2_1_vitg_surgical_3stage_DI_intervene_encoder - vjepa_2_1_vitg_surgical_intervene_wiseft_f30_encoder > 0 means vjepa_2_1_vitg_surgical_3stage_DI_intervene_encoder more accurate than vjepa_2_1_vitg_surgical_intervene_wiseft_f30_encoder"
    },
    "vjepa_2_1_vitg_surgical_3stage_DI_intervene_encoder_minus_vjepa_2_1_vitg_surgical_intervene_wiseft_f50_encoder": {
      "n_shared": 20,
      "delta_pp": 10.0,
      "ci_lo_pp": -10.0,
      "ci_hi_pp": 30.0,
      "ci_half_pp": 20.0,
      "p_value": 0.4326,
      "gate_pass": false,
      "interpretation": "vjepa_2_1_vitg_surgical_3stage_DI_intervene_encoder - vjepa_2_1_vitg_surgical_intervene_wiseft_f50_encoder > 0 means vjepa_2_1_vitg_surgical_3stage_DI_intervene_encoder more accurate than vjepa_2_1_vitg_surgical_intervene_wiseft_f50_encoder"
    },
    "vjepa_2_1_vitg_surgical_3stage_DI_intervene_encoder_minus_vjepa_2_1_vitg_surgical_intervene_wiseft_f70_encoder": {
      "n_shared": 20,
      "delta_pp": 5.0,
      "ci_lo_pp": -15.0,
      "ci_hi_pp": 25.0,
      "ci_half_pp": 20.0,
      "p_value": 0.8122,
      "gate_pass": false,
      "interpretation": "vjepa_2_1_vitg_surgical_3stage_DI_intervene_encoder - vjepa_2_1_vitg_surgical_intervene_wiseft_f70_encoder > 0 means vjepa_2_1_vitg_surgical_3stage_DI_intervene_encoder more accurate than vjepa_2_1_vitg_surgical_intervene_wiseft_f70_encoder"
    },
    "vjepa_2_1_vitg_surgical_autorgn_encoder_minus_vjepa_2_1_vitg_surgical_intervene_wiseft_f30_encoder": {
      "n_shared": 20,
      "delta_pp": -5.0,
      "ci_lo_pp": -25.0,
      "ci_hi_pp": 10.0,
      "ci_half_pp": 17.5,
      "p_value": 0.7786,
      "gate_pass": false,
      "interpretation": "vjepa_2_1_vitg_surgical_autorgn_encoder - vjepa_2_1_vitg_surgical_intervene_wiseft_f30_encoder > 0 means vjepa_2_1_vitg_surgical_autorgn_encoder more accurate than vjepa_2_1_vitg_surgical_intervene_wiseft_f30_encoder"
    },
    "vjepa_2_1_vitg_surgical_autorgn_encoder_minus_vjepa_2_1_vitg_surgical_intervene_wiseft_f50_encoder": {
      "n_shared": 20,
      "delta_pp": 0.0,
      "ci_lo_pp": -15.0,
      "ci_hi_pp": 15.0,
      "ci_half_pp": 15.0,
      "p_value": 1.0,
      "gate_pass": false,
      "interpretation": "vjepa_2_1_vitg_surgical_autorgn_encoder - vjepa_2_1_vitg_surgical_intervene_wiseft_f50_encoder > 0 means vjepa_2_1_vitg_surgical_autorgn_encoder more accurate than vjepa_2_1_vitg_surgical_intervene_wiseft_f50_encoder"
    },
    "vjepa_2_1_vitg_surgical_autorgn_encoder_minus_vjepa_2_1_vitg_surgical_intervene_wiseft_f70_encoder": {
      "n_shared": 20,
      "delta_pp": -5.0,
      "ci_lo_pp": -25.0,
      "ci_hi_pp": 10.0,
      "ci_half_pp": 17.5,
      "p_value": 0.7954,
      "gate_pass": false,
      "interpretation": "vjepa_2_1_vitg_surgical_autorgn_encoder - vjepa_2_1_vitg_surgical_intervene_wiseft_f70_encoder > 0 means vjepa_2_1_vitg_surgical_autorgn_encoder more accurate than vjepa_2_1_vitg_surgical_intervene_wiseft_f70_encoder"
    },
    "vjepa_2_1_vitg_surgical_intervene_wiseft_f30_encoder_minus_vjepa_2_1_vitg_surgical_intervene_wiseft_f50_encoder": {
      "n_shared": 20,
      "delta_pp": 5.0,
      "ci_lo_pp": -10.0,
      "ci_hi_pp": 25.0,
      "ci_half_pp": 17.5,
      "p_value": 0.7748,
      "gate_pass": false,
      "interpretation": "vjepa_2_1_vitg_surgical_intervene_wiseft_f30_encoder - vjepa_2_1_vitg_surgical_intervene_wiseft_f50_encoder > 0 means vjepa_2_1_vitg_surgical_intervene_wiseft_f30_encoder more accurate than vjepa_2_1_vitg_surgical_intervene_wiseft_f50_encoder"
    },
    "vjepa_2_1_vitg_surgical_intervene_wiseft_f30_encoder_minus_vjepa_2_1_vitg_surgical_intervene_wiseft_f70_encoder": {
      "n_shared": 20,
      "delta_pp": 0.0,
      "ci_lo_pp": -20.0,
      "ci_hi_pp": 20.0,
      "ci_half_pp": 20.0,
      "p_value": 1.0,
      "gate_pass": false,
      "interpretation": "vjepa_2_1_vitg_surgical_intervene_wiseft_f30_encoder - vjepa_2_1_vitg_surgical_intervene_wiseft_f70_encoder > 0 means vjepa_2_1_vitg_surgical_intervene_wiseft_f30_encoder more accurate than vjepa_2_1_vitg_surgical_intervene_wiseft_f70_encoder"
    },
    "vjepa_2_1_vitg_surgical_intervene_wiseft_f50_encoder_minus_vjepa_2_1_vitg_surgical_intervene_wiseft_f70_encoder": {
      "n_shared": 20,
      "delta_pp": -5.0,
      "ci_lo_pp": -25.0,
      "ci_hi_pp": 10.0,
      "ci_half_pp": 17.5,
      "p_value": 0.778,
      "gate_pass": false,
      "interpretation": "vjepa_2_1_vitg_surgical_intervene_wiseft_f50_encoder - vjepa_2_1_vitg_surgical_intervene_wiseft_f70_encoder > 0 means vjepa_2_1_vitg_surgical_intervene_wiseft_f50_encoder more accurate than vjepa_2_1_vitg_surgical_intervene_wiseft_f70_encoder"
    }
  },
  "iter14_paper_deltas": {
    "delta_1_pretrain_vs_frozen": {
      "skipped": true,
      "reason": "missing encoder(s): a=vjepa_2_1_pretrain_encoder (present=False), b=vjepa_2_1_frozen (present=False)",
      "interpretation": "\u03941: pretrain > frozen (continual SSL beats frozen baseline)"
    },
    "delta_2_surgical_vs_pretrain": {
      "skipped": true,
      "reason": "missing encoder(s): a=vjepa_2_1_surgical_3stage_DI_encoder (present=False), b=vjepa_2_1_pretrain_encoder (present=False)",
      "interpretation": "\u03942: surgery > pretrain (factor patching adds value)"
    },
    "delta_3_surgical_vs_pretrain_2X": {
      "skipped": true,
      "reason": "missing encoder(s): a=vjepa_2_1_surgical_3stage_DI_encoder (present=False), b=vjepa_2_1_pretrain_2X_encoder (present=False)",
      "interpretation": "\u03943: surgery > pretrain_2X (CAUSAL \u2014 gain is factor patching, not extra steps)"
    },
    "delta_4_pretrain_vs_pretrain_head": {
      "skipped": true,
      "reason": "missing encoder(s): a=vjepa_2_1_pretrain_encoder (present=False), b=vjepa_2_1_pretrain_head (present=False)",
      "interpretation": "\u03944: pretrain > pretrain_head (does encoder-update add value beyond a trained head?)"
    },
    "delta_5_surgical_vs_surgical_head": {
      "skipped": true,
      "reason": "missing encoder(s): a=vjepa_2_1_surgical_3stage_DI_encoder (present=False), b=vjepa_2_1_surgical_3stage_DI_head (present=False)",
      "interpretation": "\u03945: surgery > surgery_head (KEY iter15 paper claim \u2014 if |\u03945|<0.01, head-only WINS)"
    },
    "delta_6_surgical_head_vs_pretrain_head": {
      "skipped": true,
      "reason": "missing encoder(s): a=vjepa_2_1_surgical_3stage_DI_head (present=False), b=vjepa_2_1_pretrain_head (present=False)",
      "interpretation": "\u03946: surgery_head > pretrain_head (factor data helps even when encoder is frozen)"
    },
    "delta_7_DI_head_vs_noDI_head": {
      "skipped": true,
      "reason": "missing encoder(s): a=vjepa_2_1_surgical_3stage_DI_head (present=False), b=vjepa_2_1_surgical_noDI_head (present=False)",
      "interpretation": "\u03947: 3stage_DI_head > noDI_head (D_I tubes carry signal beyond D_L+D_A)"
    }
  }
}

═══ 12:25:35 · STAGE 12 · probe_taxonomy paired_delta (CPU, 16 dims × encoders, BCa 10K each) ═══
Encoders found: ['vjepa_2_1_vitg_frozen', 'vjepa_2_1_vitg_full_ft_encoder', 'vjepa_2_1_vitg_lpft_encoder', 'vjepa_2_1_vitg_peft_dora_encoder', 'vjepa_2_1_vitg_peft_lora_encoder', 'vjepa_2_1_vitg_pretrain_encoder', 'vjepa_2_1_vitg_surgery_raw_encoder', 'vjepa_2_1_vitg_surgical_3stage_DI_diheavy_encoder', 'vjepa_2_1_vitg_surgical_3stage_DI_encoder', 'vjepa_2_1_vitg_surgical_3stage_DI_intervene_encoder', 'vjepa_2_1_vitg_surgical_autorgn_encoder', 'vjepa_2_1_vitg_surgical_intervene_wiseft_f30_encoder', 'vjepa_2_1_vitg_surgical_intervene_wiseft_f50_encoder', 'vjepa_2_1_vitg_surgical_intervene_wiseft_f70_encoder']
/workspace/factorjepa/venv_walkindia/lib/python3.12/site-packages/scipy/stats/_resampling.py:156: RuntimeWarning: invalid value encountered in scalar divide
  a_hat = 1/6 * sum(nums) / sum(dens)**(3/2)
/workspace/factorjepa/venv_walkindia/lib/python3.12/site-packages/scipy/_lib/_util.py:307: DegenerateDataWarning: The BCa confidence interval cannot be calculated. This problem is known to occur when the distribution is degenerate or the statistic is np.min.
  return fun(*args, **kwargs)
Wrote: outputs/sanity/vjepa_2_1_vitg_1B/eval/eval_10k/probe_taxonomy/per_dim_acc.json  (15 dims compared)

═══ 12:25:40 · STAGE 13 · probe_taxonomy plot (CPU, ~5s) ═══
  Saved: outputs/sanity/vjepa_2_1_vitg_1B/eval/eval_10k/probe_taxonomy/probe_taxonomy_per_dim.png + .pdf

═══ 12:25:46 · STAGE 7 · motion_cos paired_delta (CPU) ═══
Encoders found: ['vjepa_2_1_vitg_frozen', 'vjepa_2_1_vitg_full_ft_encoder', 'vjepa_2_1_vitg_lpft_encoder', 'vjepa_2_1_vitg_peft_dora_encoder', 'vjepa_2_1_vitg_peft_lora_encoder', 'vjepa_2_1_vitg_pretrain_encoder', 'vjepa_2_1_vitg_surgery_raw_encoder', 'vjepa_2_1_vitg_surgical_3stage_DI_diheavy_encoder', 'vjepa_2_1_vitg_surgical_3stage_DI_encoder', 'vjepa_2_1_vitg_surgical_3stage_DI_intervene_encoder', 'vjepa_2_1_vitg_surgical_autorgn_encoder', 'vjepa_2_1_vitg_surgical_intervene_wiseft_f30_encoder', 'vjepa_2_1_vitg_surgical_intervene_wiseft_f50_encoder', 'vjepa_2_1_vitg_surgical_intervene_wiseft_f70_encoder']
{
  "metric": "intra_minus_inter_cosine",
  "by_encoder": {
    "vjepa_2_1_vitg_frozen": {
      "score_mean": -0.185515,
      "n": 20,
      "score_ci": {
        "mean": -0.185515,
        "ci_lo": -0.393812,
        "ci_hi": -0.042705,
        "ci_half": 0.175553
      }
    },
    "vjepa_2_1_vitg_full_ft_encoder": {
      "score_mean": -0.182726,
      "n": 20,
      "score_ci": {
        "mean": -0.182726,
        "ci_lo": -0.388632,
        "ci_hi": -0.040004,
        "ci_half": 0.174314
      }
    },
    "vjepa_2_1_vitg_lpft_encoder": {
      "score_mean": -0.183772,
      "n": 20,
      "score_ci": {
        "mean": -0.183772,
        "ci_lo": -0.391192,
        "ci_hi": -0.042632,
        "ci_half": 0.17428
      }
    },
    "vjepa_2_1_vitg_peft_dora_encoder": {
      "score_mean": -0.182962,
      "n": 20,
      "score_ci": {
        "mean": -0.182962,
        "ci_lo": -0.395931,
        "ci_hi": -0.041256,
        "ci_half": 0.177338
      }
    },
    "vjepa_2_1_vitg_peft_lora_encoder": {
      "score_mean": -0.182969,
      "n": 20,
      "score_ci": {
        "mean": -0.182969,
        "ci_lo": -0.379996,
        "ci_hi": -0.03938,
        "ci_half": 0.170308
      }
    },
    "vjepa_2_1_vitg_pretrain_encoder": {
      "score_mean": -0.183572,
      "n": 20,
      "score_ci": {
        "mean": -0.183572,
        "ci_lo": -0.388572,
        "ci_hi": -0.040106,
        "ci_half": 0.174233
      }
    },
    "vjepa_2_1_vitg_surgery_raw_encoder": {
      "score_mean": -0.18334,
      "n": 20,
      "score_ci": {
        "mean": -0.18334,
        "ci_lo": -0.38742,
        "ci_hi": -0.038579,
        "ci_half": 0.174421
      }
    },
    "vjepa_2_1_vitg_surgical_3stage_DI_diheavy_encoder": {
      "score_mean": -0.183262,
      "n": 20,
      "score_ci": {
        "mean": -0.183262,
        "ci_lo": -0.378671,
        "ci_hi": -0.038136,
        "ci_half": 0.170267
      }
    },
    "vjepa_2_1_vitg_surgical_3stage_DI_encoder": {
      "score_mean": -0.18318,
      "n": 20,
      "score_ci": {
        "mean": -0.18318,
        "ci_lo": -0.379617,
        "ci_hi": -0.041968,
        "ci_half": 0.168824
      }
    },
    "vjepa_2_1_vitg_surgical_3stage_DI_intervene_encoder": {
      "score_mean": -0.183387,
      "n": 20,
      "score_ci": {
        "mean": -0.183387,
        "ci_lo": -0.387458,
        "ci_hi": -0.038088,
        "ci_half": 0.174685
      }
    },
    "vjepa_2_1_vitg_surgical_autorgn_encoder": {
      "score_mean": -0.183255,
      "n": 20,
      "score_ci": {
        "mean": -0.183255,
        "ci_lo": -0.392017,
        "ci_hi": -0.043226,
        "ci_half": 0.174396
      }
    },
    "vjepa_2_1_vitg_surgical_intervene_wiseft_f30_encoder": {
      "score_mean": -0.184705,
      "n": 20,
      "score_ci": {
        "mean": -0.184705,
        "ci_lo": -0.394054,
        "ci_hi": -0.040682,
        "ci_half": 0.176686
      }
    },
    "vjepa_2_1_vitg_surgical_intervene_wiseft_f50_encoder": {
      "score_mean": -0.185363,
      "n": 20,
      "score_ci": {
        "mean": -0.185363,
        "ci_lo": -0.383924,
        "ci_hi": -0.042049,
        "ci_half": 0.170938
      }
    },
    "vjepa_2_1_vitg_surgical_intervene_wiseft_f70_encoder": {
      "score_mean": -0.186204,
      "n": 20,
      "score_ci": {
        "mean": -0.186204,
        "ci_lo": -0.394956,
        "ci_hi": -0.040748,
        "ci_half": 0.177104
      }
    }
  },
  "pairwise_deltas": {
    "vjepa_2_1_vitg_frozen_minus_vjepa_2_1_vitg_full_ft_encoder": {
      "n_shared": 20,
      "delta_mean": -0.002789,
      "delta_ci_lo": -0.005492,
      "delta_ci_hi": 0.000678,
      "delta_ci_half": 0.003085,
      "p_value": 0.0842,
      "gate_pass": false,
      "interpretation": "vjepa_2_1_vitg_frozen - vjepa_2_1_vitg_full_ft_encoder > 0 means vjepa_2_1_vitg_frozen has stronger intra-class motion clustering than vjepa_2_1_vitg_full_ft_encoder"
    },
    "vjepa_2_1_vitg_frozen_minus_vjepa_2_1_vitg_lpft_encoder": {
      "n_shared": 20,
      "delta_mean": -0.001743,
      "delta_ci_lo": -0.005044,
      "delta_ci_hi": 0.002576,
      "delta_ci_half": 0.00381,
      "p_value": 0.3596,
      "gate_pass": false,
      "interpretation": "vjepa_2_1_vitg_frozen - vjepa_2_1_vitg_lpft_encoder > 0 means vjepa_2_1_vitg_frozen has stronger intra-class motion clustering than vjepa_2_1_vitg_lpft_encoder"
    },
    "vjepa_2_1_vitg_frozen_minus_vjepa_2_1_vitg_peft_dora_encoder": {
      "n_shared": 20,
      "delta_mean": -0.002553,
      "delta_ci_lo": -0.006479,
      "delta_ci_hi": 0.002603,
      "delta_ci_half": 0.004541,
      "p_value": 0.2708,
      "gate_pass": false,
      "interpretation": "vjepa_2_1_vitg_frozen - vjepa_2_1_vitg_peft_dora_encoder > 0 means vjepa_2_1_vitg_frozen has stronger intra-class motion clustering than vjepa_2_1_vitg_peft_dora_encoder"
    },
    "vjepa_2_1_vitg_frozen_minus_vjepa_2_1_vitg_peft_lora_encoder": {
      "n_shared": 20,
      "delta_mean": -0.002547,
      "delta_ci_lo": -0.006463,
      "delta_ci_hi": 0.00262,
      "delta_ci_half": 0.004542,
      "p_value": 0.272,
      "gate_pass": false,
      "interpretation": "vjepa_2_1_vitg_frozen - vjepa_2_1_vitg_peft_lora_encoder > 0 means vjepa_2_1_vitg_frozen has stronger intra-class motion clustering than vjepa_2_1_vitg_peft_lora_encoder"
    },
    "vjepa_2_1_vitg_frozen_minus_vjepa_2_1_vitg_pretrain_encoder": {
      "n_shared": 20,
      "delta_mean": -0.001943,
      "delta_ci_lo": -0.003823,
      "delta_ci_hi": 0.000658,
      "delta_ci_half": 0.002241,
      "p_value": 0.1008,
      "gate_pass": false,
      "interpretation": "vjepa_2_1_vitg_frozen - vjepa_2_1_vitg_pretrain_encoder > 0 means vjepa_2_1_vitg_frozen has stronger intra-class motion clustering than vjepa_2_1_vitg_pretrain_encoder"
    },
    "vjepa_2_1_vitg_frozen_minus_vjepa_2_1_vitg_surgery_raw_encoder": {
      "n_shared": 20,
      "delta_mean": -0.002175,
      "delta_ci_lo": -0.005851,
      "delta_ci_hi": 0.002645,
      "delta_ci_half": 0.004248,
      "p_value": 0.305,
      "gate_pass": false,
      "interpretation": "vjepa_2_1_vitg_frozen - vjepa_2_1_vitg_surgery_raw_encoder > 0 means vjepa_2_1_vitg_frozen has stronger intra-class motion clustering than vjepa_2_1_vitg_surgery_raw_encoder"
    },
    "vjepa_2_1_vitg_frozen_minus_vjepa_2_1_vitg_surgical_3stage_DI_diheavy_encoder": {
      "n_shared": 20,
      "delta_mean": -0.002253,
      "delta_ci_lo": -0.006142,
      "delta_ci_hi": 0.002822,
      "delta_ci_half": 0.004482,
      "p_value": 0.3164,
      "gate_pass": false,
      "interpretation": "vjepa_2_1_vitg_frozen - vjepa_2_1_vitg_surgical_3stage_DI_diheavy_encoder > 0 means vjepa_2_1_vitg_frozen has stronger intra-class motion clustering than vjepa_2_1_vitg_surgical_3stage_DI_diheavy_encoder"
    },
    "vjepa_2_1_vitg_frozen_minus_vjepa_2_1_vitg_surgical_3stage_DI_encoder": {
      "n_shared": 20,
      "delta_mean": -0.002335,
      "delta_ci_lo": -0.006222,
      "delta_ci_hi": 0.002845,
      "delta_ci_half": 0.004534,
      "p_value": 0.302,
      "gate_pass": false,
      "interpretation": "vjepa_2_1_vitg_frozen - vjepa_2_1_vitg_surgical_3stage_DI_encoder > 0 means vjepa_2_1_vitg_frozen has stronger intra-class motion clustering than vjepa_2_1_vitg_surgical_3stage_DI_encoder"
    },
    "vjepa_2_1_vitg_frozen_minus_vjepa_2_1_vitg_surgical_3stage_DI_intervene_encoder": {
      "n_shared": 20,
      "delta_mean": -0.002128,
      "delta_ci_lo": -0.005988,
      "delta_ci_hi": 0.003,
      "delta_ci_half": 0.004494,
      "p_value": 0.343,
      "gate_pass": false,
      "interpretation": "vjepa_2_1_vitg_frozen - vjepa_2_1_vitg_surgical_3stage_DI_intervene_encoder > 0 means vjepa_2_1_vitg_frozen has stronger intra-class motion clustering than vjepa_2_1_vitg_surgical_3stage_DI_intervene_encoder"
    },
    "vjepa_2_1_vitg_frozen_minus_vjepa_2_1_vitg_surgical_autorgn_encoder": {
      "n_shared": 20,
      "delta_mean": -0.00226,
      "delta_ci_lo": -0.005691,
      "delta_ci_hi": 0.002283,
      "delta_ci_half": 0.003987,
      "p_value": 0.267,
      "gate_pass": false,
      "interpretation": "vjepa_2_1_vitg_frozen - vjepa_2_1_vitg_surgical_autorgn_encoder > 0 means vjepa_2_1_vitg_frozen has stronger intra-class motion clustering than vjepa_2_1_vitg_surgical_autorgn_encoder"
    },
    "vjepa_2_1_vitg_frozen_minus_vjepa_2_1_vitg_surgical_intervene_wiseft_f30_encoder": {
      "n_shared": 20,
      "delta_mean": -0.00081,
      "delta_ci_lo": -0.003416,
      "delta_ci_hi": 0.002757,
      "delta_ci_half": 0.003087,
      "p_value": 0.5736,
      "gate_pass": false,
      "interpretation": "vjepa_2_1_vitg_frozen - vjepa_2_1_vitg_surgical_intervene_wiseft_f30_encoder > 0 means vjepa_2_1_vitg_frozen has stronger intra-class motion clustering than vjepa_2_1_vitg_surgical_intervene_wiseft_f30_encoder"
    },
    "vjepa_2_1_vitg_frozen_minus_vjepa_2_1_vitg_surgical_intervene_wiseft_f50_encoder": {
      "n_shared": 20,
      "delta_mean": -0.000152,
      "delta_ci_lo": -0.002091,
      "delta_ci_hi": 0.002515,
      "delta_ci_half": 0.002303,
      "p_value": 0.8616,
      "gate_pass": false,
      "interpretation": "vjepa_2_1_vitg_frozen - vjepa_2_1_vitg_surgical_intervene_wiseft_f50_encoder > 0 means vjepa_2_1_vitg_frozen has stronger intra-class motion clustering than vjepa_2_1_vitg_surgical_intervene_wiseft_f50_encoder"
    },
    "vjepa_2_1_vitg_frozen_minus_vjepa_2_1_vitg_surgical_intervene_wiseft_f70_encoder": {
      "n_shared": 20,
      "delta_mean": 0.000689,
      "delta_ci_lo": -0.00079,
      "delta_ci_hi": 0.002401,
      "delta_ci_half": 0.001595,
      "p_value": 0.4028,
      "gate_pass": false,
      "interpretation": "vjepa_2_1_vitg_frozen - vjepa_2_1_vitg_surgical_intervene_wiseft_f70_encoder > 0 means vjepa_2_1_vitg_frozen has stronger intra-class motion clustering than vjepa_2_1_vitg_surgical_intervene_wiseft_f70_encoder"
    },
    "vjepa_2_1_vitg_full_ft_encoder_minus_vjepa_2_1_vitg_lpft_encoder": {
      "n_shared": 20,
      "delta_mean": 0.001046,
      "delta_ci_lo": -0.001521,
      "delta_ci_hi": 0.003462,
      "delta_ci_half": 0.002491,
      "p_value": 0.4252,
      "gate_pass": false,
      "interpretation": "vjepa_2_1_vitg_full_ft_encoder - vjepa_2_1_vitg_lpft_encoder > 0 means vjepa_2_1_vitg_full_ft_encoder has stronger intra-class motion clustering than vjepa_2_1_vitg_lpft_encoder"
    },
    "vjepa_2_1_vitg_full_ft_encoder_minus_vjepa_2_1_vitg_peft_dora_encoder": {
      "n_shared": 20,
      "delta_mean": 0.000236,
      "delta_ci_lo": -0.002839,
      "delta_ci_hi": 0.003305,
      "delta_ci_half": 0.003072,
      "p_value": 0.8838,
      "gate_pass": false,
      "interpretation": "vjepa_2_1_vitg_full_ft_encoder - vjepa_2_1_vitg_peft_dora_encoder > 0 means vjepa_2_1_vitg_full_ft_encoder has stronger intra-class motion clustering than vjepa_2_1_vitg_peft_dora_encoder"
    },
    "vjepa_2_1_vitg_full_ft_encoder_minus_vjepa_2_1_vitg_peft_lora_encoder": {
      "n_shared": 20,
      "delta_mean": 0.000242,
      "delta_ci_lo": -0.002887,
      "delta_ci_hi": 0.003319,
      "delta_ci_half": 0.003103,
      "p_value": 0.8782,
      "gate_pass": false,
      "interpretation": "vjepa_2_1_vitg_full_ft_encoder - vjepa_2_1_vitg_peft_lora_encoder > 0 means vjepa_2_1_vitg_full_ft_encoder has stronger intra-class motion clustering than vjepa_2_1_vitg_peft_lora_encoder"
    },
    "vjepa_2_1_vitg_full_ft_encoder_minus_vjepa_2_1_vitg_pretrain_encoder": {
      "n_shared": 20,
      "delta_mean": 0.000846,
      "delta_ci_lo": -0.001016,
      "delta_ci_hi": 0.002278,
      "delta_ci_half": 0.001647,
      "p_value": 0.3066,
      "gate_pass": false,
      "interpretation": "vjepa_2_1_vitg_full_ft_encoder - vjepa_2_1_vitg_pretrain_encoder > 0 means vjepa_2_1_vitg_full_ft_encoder has stronger intra-class motion clustering than vjepa_2_1_vitg_pretrain_encoder"
    },
    "vjepa_2_1_vitg_full_ft_encoder_minus_vjepa_2_1_vitg_surgery_raw_encoder": {
      "n_shared": 20,
      "delta_mean": 0.000614,
      "delta_ci_lo": -0.002334,
      "delta_ci_hi": 0.003403,
      "delta_ci_half": 0.002868,
      "p_value": 0.6822,
      "gate_pass": false,
      "interpretation": "vjepa_2_1_vitg_full_ft_encoder - vjepa_2_1_vitg_surgery_raw_encoder > 0 means vjepa_2_1_vitg_full_ft_encoder has stronger intra-class motion clustering than vjepa_2_1_vitg_surgery_raw_encoder"
    },
    "vjepa_2_1_vitg_full_ft_encoder_minus_vjepa_2_1_vitg_surgical_3stage_DI_diheavy_encoder": {
      "n_shared": 20,
      "delta_mean": 0.000536,
      "delta_ci_lo": -0.002578,
      "delta_ci_hi": 0.003605,
      "delta_ci_half": 0.003092,
      "p_value": 0.74,
      "gate_pass": false,
      "interpretation": "vjepa_2_1_vitg_full_ft_encoder - vjepa_2_1_vitg_surgical_3stage_DI_diheavy_encoder > 0 means vjepa_2_1_vitg_full_ft_encoder has stronger intra-class motion clustering than vjepa_2_1_vitg_surgical_3stage_DI_diheavy_encoder"
    },
    "vjepa_2_1_vitg_full_ft_encoder_minus_vjepa_2_1_vitg_surgical_3stage_DI_encoder": {
      "n_shared": 20,
      "delta_mean": 0.000454,
      "delta_ci_lo": -0.002638,
      "delta_ci_hi": 0.003459,
      "delta_ci_half": 0.003049,
      "p_value": 0.7722,
      "gate_pass": false,
      "interpretation": "vjepa_2_1_vitg_full_ft_encoder - vjepa_2_1_vitg_surgical_3stage_DI_encoder > 0 means vjepa_2_1_vitg_full_ft_encoder has stronger intra-class motion clustering than vjepa_2_1_vitg_surgical_3stage_DI_encoder"
    },
    "vjepa_2_1_vitg_full_ft_encoder_minus_vjepa_2_1_vitg_surgical_3stage_DI_intervene_encoder": {
      "n_shared": 20,
      "delta_mean": 0.00066,
      "delta_ci_lo": -0.002257,
      "delta_ci_hi": 0.003687,
      "delta_ci_half": 0.002972,
      "p_value": 0.6798,
      "gate_pass": false,
      "interpretation": "vjepa_2_1_vitg_full_ft_encoder - vjepa_2_1_vitg_surgical_3stage_DI_intervene_encoder > 0 means vjepa_2_1_vitg_full_ft_encoder has stronger intra-class motion clustering than vjepa_2_1_vitg_surgical_3stage_DI_intervene_encoder"
    },
    "vjepa_2_1_vitg_full_ft_encoder_minus_vjepa_2_1_vitg_surgical_autorgn_encoder": {
      "n_shared": 20,
      "delta_mean": 0.000529,
      "delta_ci_lo": -0.002045,
      "delta_ci_hi": 0.003115,
      "delta_ci_half": 0.00258,
      "p_value": 0.698,
      "gate_pass": false,
      "interpretation": "vjepa_2_1_vitg_full_ft_encoder - vjepa_2_1_vitg_surgical_autorgn_encoder > 0 means vjepa_2_1_vitg_full_ft_encoder has stronger intra-class motion clustering than vjepa_2_1_vitg_surgical_autorgn_encoder"
    },
    "vjepa_2_1_vitg_full_ft_encoder_minus_vjepa_2_1_vitg_surgical_intervene_wiseft_f30_encoder": {
      "n_shared": 20,
      "delta_mean": 0.001979,
      "delta_ci_lo": -0.000375,
      "delta_ci_hi": 0.003763,
      "delta_ci_half": 0.002069,
      "p_value": 0.073,
      "gate_pass": false,
      "interpretation": "vjepa_2_1_vitg_full_ft_encoder - vjepa_2_1_vitg_surgical_intervene_wiseft_f30_encoder > 0 means vjepa_2_1_vitg_full_ft_encoder has stronger intra-class motion clustering than vjepa_2_1_vitg_surgical_intervene_wiseft_f30_encoder"
    },
    "vjepa_2_1_vitg_full_ft_encoder_minus_vjepa_2_1_vitg_surgical_intervene_wiseft_f50_encoder": {
      "n_shared": 20,
      "delta_mean": 0.002637,
      "delta_ci_lo": 0.000189,
      "delta_ci_hi": 0.004376,
      "delta_ci_half": 0.002094,
      "p_value": 0.0206,
      "gate_pass": true,
      "interpretation": "vjepa_2_1_vitg_full_ft_encoder - vjepa_2_1_vitg_surgical_intervene_wiseft_f50_encoder > 0 means vjepa_2_1_vitg_full_ft_encoder has stronger intra-class motion clustering than vjepa_2_1_vitg_surgical_intervene_wiseft_f50_encoder"
    },
    "vjepa_2_1_vitg_full_ft_encoder_minus_vjepa_2_1_vitg_surgical_intervene_wiseft_f70_encoder": {
      "n_shared": 20,
      "delta_mean": 0.003478,
      "delta_ci_lo": 0.000932,
      "delta_ci_hi": 0.005811,
      "delta_ci_half": 0.00244,
      "p_value": 0.006,
      "gate_pass": true,
      "interpretation": "vjepa_2_1_vitg_full_ft_encoder - vjepa_2_1_vitg_surgical_intervene_wiseft_f70_encoder > 0 means vjepa_2_1_vitg_full_ft_encoder has stronger intra-class motion clustering than vjepa_2_1_vitg_surgical_intervene_wiseft_f70_encoder"
    },
    "vjepa_2_1_vitg_lpft_encoder_minus_vjepa_2_1_vitg_peft_dora_encoder": {
      "n_shared": 20,
      "delta_mean": -0.00081,
      "delta_ci_lo": -0.001544,
      "delta_ci_hi": 5.2e-05,
      "delta_ci_half": 0.000798,
      "p_value": 0.0506,
      "gate_pass": false,
      "interpretation": "vjepa_2_1_vitg_lpft_encoder - vjepa_2_1_vitg_peft_dora_encoder > 0 means vjepa_2_1_vitg_lpft_encoder has stronger intra-class motion clustering than vjepa_2_1_vitg_peft_dora_encoder"
    },
    "vjepa_2_1_vitg_lpft_encoder_minus_vjepa_2_1_vitg_peft_lora_encoder": {
      "n_shared": 20,
      "delta_mean": -0.000804,
      "delta_ci_lo": -0.001562,
      "delta_ci_hi": 0.000107,
      "delta_ci_half": 0.000835,
      "p_value": 0.0614,
      "gate_pass": false,
      "interpretation": "vjepa_2_1_vitg_lpft_encoder - vjepa_2_1_vitg_peft_lora_encoder > 0 means vjepa_2_1_vitg_lpft_encoder has stronger intra-class motion clustering than vjepa_2_1_vitg_peft_lora_encoder"
    },
    "vjepa_2_1_vitg_lpft_encoder_minus_vjepa_2_1_vitg_pretrain_encoder": {
      "n_shared": 20,
      "delta_mean": -0.0002,
      "delta_ci_lo": -0.002152,
      "delta_ci_hi": 0.001607,
      "delta_ci_half": 0.00188,
      "p_value": 0.8432,
      "gate_pass": false,
      "interpretation": "vjepa_2_1_vitg_lpft_encoder - vjepa_2_1_vitg_pretrain_encoder > 0 means vjepa_2_1_vitg_lpft_encoder has stronger intra-class motion clustering than vjepa_2_1_vitg_pretrain_encoder"
    },
    "vjepa_2_1_vitg_lpft_encoder_minus_vjepa_2_1_vitg_surgery_raw_encoder": {
      "n_shared": 20,
      "delta_mean": -0.000432,
      "delta_ci_lo": -0.000901,
      "delta_ci_hi": 0.000127,
      "delta_ci_half": 0.000514,
      "p_value": 0.1028,
      "gate_pass": false,
      "interpretation": "vjepa_2_1_vitg_lpft_encoder - vjepa_2_1_vitg_surgery_raw_encoder > 0 means vjepa_2_1_vitg_lpft_encoder has stronger intra-class motion clustering than vjepa_2_1_vitg_surgery_raw_encoder"
    },
    "vjepa_2_1_vitg_lpft_encoder_minus_vjepa_2_1_vitg_surgical_3stage_DI_diheavy_encoder": {
      "n_shared": 20,
      "delta_mean": -0.00051,
      "delta_ci_lo": -0.001212,
      "delta_ci_hi": 0.000311,
      "delta_ci_half": 0.000762,
      "p_value": 0.1972,
      "gate_pass": false,
      "interpretation": "vjepa_2_1_vitg_lpft_encoder - vjepa_2_1_vitg_surgical_3stage_DI_diheavy_encoder > 0 means vjepa_2_1_vitg_lpft_encoder has stronger intra-class motion clustering than vjepa_2_1_vitg_surgical_3stage_DI_diheavy_encoder"
    },
    "vjepa_2_1_vitg_lpft_encoder_minus_vjepa_2_1_vitg_surgical_3stage_DI_encoder": {
      "n_shared": 20,
      "delta_mean": -0.000593,
      "delta_ci_lo": -0.001274,
      "delta_ci_hi": 0.000281,
      "delta_ci_half": 0.000778,
      "p_value": 0.1428,
      "gate_pass": false,
      "interpretation": "vjepa_2_1_vitg_lpft_encoder - vjepa_2_1_vitg_surgical_3stage_DI_encoder > 0 means vjepa_2_1_vitg_lpft_encoder has stronger intra-class motion clustering than vjepa_2_1_vitg_surgical_3stage_DI_encoder"
    },
    "vjepa_2_1_vitg_lpft_encoder_minus_vjepa_2_1_vitg_surgical_3stage_DI_intervene_encoder": {
      "n_shared": 20,
      "delta_mean": -0.000386,
      "delta_ci_lo": -0.00099,
      "delta_ci_hi": 0.000464,
      "delta_ci_half": 0.000727,
      "p_value": 0.2782,
      "gate_pass": false,
      "interpretation": "vjepa_2_1_vitg_lpft_encoder - vjepa_2_1_vitg_surgical_3stage_DI_intervene_encoder > 0 means vjepa_2_1_vitg_lpft_encoder has stronger intra-class motion clustering than vjepa_2_1_vitg_surgical_3stage_DI_intervene_encoder"
    },
    "vjepa_2_1_vitg_lpft_encoder_minus_vjepa_2_1_vitg_surgical_autorgn_encoder": {
      "n_shared": 20,
      "delta_mean": -0.000517,
      "delta_ci_lo": -0.000911,
      "delta_ci_hi": -0.000159,
      "delta_ci_half": 0.000376,
      "p_value": 0.0036,
      "gate_pass": false,
      "interpretation": "vjepa_2_1_vitg_lpft_encoder - vjepa_2_1_vitg_surgical_autorgn_encoder > 0 means vjepa_2_1_vitg_lpft_encoder has stronger intra-class motion clustering than vjepa_2_1_vitg_surgical_autorgn_encoder"
    },
    "vjepa_2_1_vitg_lpft_encoder_minus_vjepa_2_1_vitg_surgical_intervene_wiseft_f30_encoder": {
      "n_shared": 20,
      "delta_mean": 0.000933,
      "delta_ci_lo": 3.2e-05,
      "delta_ci_hi": 0.001974,
      "delta_ci_half": 0.000971,
      "p_value": 0.052,
      "gate_pass": true,
      "interpretation": "vjepa_2_1_vitg_lpft_encoder - vjepa_2_1_vitg_surgical_intervene_wiseft_f30_encoder > 0 means vjepa_2_1_vitg_lpft_encoder has stronger intra-class motion clustering than vjepa_2_1_vitg_surgical_intervene_wiseft_f30_encoder"
    },
    "vjepa_2_1_vitg_lpft_encoder_minus_vjepa_2_1_vitg_surgical_intervene_wiseft_f50_encoder": {
      "n_shared": 20,
      "delta_mean": 0.001591,
      "delta_ci_lo": -0.000324,
      "delta_ci_hi": 0.00368,
      "delta_ci_half": 0.002002,
      "p_value": 0.1146,
      "gate_pass": false,
      "interpretation": "vjepa_2_1_vitg_lpft_encoder - vjepa_2_1_vitg_surgical_intervene_wiseft_f50_encoder > 0 means vjepa_2_1_vitg_lpft_encoder has stronger intra-class motion clustering than vjepa_2_1_vitg_surgical_intervene_wiseft_f50_encoder"
    },
    "vjepa_2_1_vitg_lpft_encoder_minus_vjepa_2_1_vitg_surgical_intervene_wiseft_f70_encoder": {
      "n_shared": 20,
      "delta_mean": 0.002432,
      "delta_ci_lo": -0.000617,
      "delta_ci_hi": 0.005375,
      "delta_ci_half": 0.002996,
      "p_value": 0.1124,
      "gate_pass": false,
      "interpretation": "vjepa_2_1_vitg_lpft_encoder - vjepa_2_1_vitg_surgical_intervene_wiseft_f70_encoder > 0 means vjepa_2_1_vitg_lpft_encoder has stronger intra-class motion clustering than vjepa_2_1_vitg_surgical_intervene_wiseft_f70_encoder"
    },
    "vjepa_2_1_vitg_peft_dora_encoder_minus_vjepa_2_1_vitg_peft_lora_encoder": {
      "n_shared": 20,
      "delta_mean": 6e-06,
      "delta_ci_lo": -0.0001,
      "delta_ci_hi": 0.000113,
      "delta_ci_half": 0.000106,
      "p_value": 0.906,
      "gate_pass": false,
      "interpretation": "vjepa_2_1_vitg_peft_dora_encoder - vjepa_2_1_vitg_peft_lora_encoder > 0 means vjepa_2_1_vitg_peft_dora_encoder has stronger intra-class motion clustering than vjepa_2_1_vitg_peft_lora_encoder"
    },
    "vjepa_2_1_vitg_peft_dora_encoder_minus_vjepa_2_1_vitg_pretrain_encoder": {
      "n_shared": 20,
      "delta_mean": 0.00061,
      "delta_ci_lo": -0.002148,
      "delta_ci_hi": 0.003107,
      "delta_ci_half": 0.002627,
      "p_value": 0.632,
      "gate_pass": false,
      "interpretation": "vjepa_2_1_vitg_peft_dora_encoder - vjepa_2_1_vitg_pretrain_encoder > 0 means vjepa_2_1_vitg_peft_dora_encoder has stronger intra-class motion clustering than vjepa_2_1_vitg_pretrain_encoder"
    },
    "vjepa_2_1_vitg_peft_dora_encoder_minus_vjepa_2_1_vitg_surgery_raw_encoder": {
      "n_shared": 20,
      "delta_mean": 0.000378,
      "delta_ci_lo": -0.00011,
      "delta_ci_hi": 0.000826,
      "delta_ci_half": 0.000468,
      "p_value": 0.1196,
      "gate_pass": false,
      "interpretation": "vjepa_2_1_vitg_peft_dora_encoder - vjepa_2_1_vitg_surgery_raw_encoder > 0 means vjepa_2_1_vitg_peft_dora_encoder has stronger intra-class motion clustering than vjepa_2_1_vitg_surgery_raw_encoder"
    },
    "vjepa_2_1_vitg_peft_dora_encoder_minus_vjepa_2_1_vitg_surgical_3stage_DI_diheavy_encoder": {
      "n_shared": 20,
      "delta_mean": 0.0003,
      "delta_ci_lo": -9.7e-05,
      "delta_ci_hi": 0.000726,
      "delta_ci_half": 0.000412,
      "p_value": 0.1632,
      "gate_pass": false,
      "interpretation": "vjepa_2_1_vitg_peft_dora_encoder - vjepa_2_1_vitg_surgical_3stage_DI_diheavy_encoder > 0 means vjepa_2_1_vitg_peft_dora_encoder has stronger intra-class motion clustering than vjepa_2_1_vitg_surgical_3stage_DI_diheavy_encoder"
    },
    "vjepa_2_1_vitg_peft_dora_encoder_minus_vjepa_2_1_vitg_surgical_3stage_DI_encoder": {
      "n_shared": 20,
      "delta_mean": 0.000218,
      "delta_ci_lo": -0.000177,
      "delta_ci_hi": 0.000578,
      "delta_ci_half": 0.000377,
      "p_value": 0.273,
      "gate_pass": false,
      "interpretation": "vjepa_2_1_vitg_peft_dora_encoder - vjepa_2_1_vitg_surgical_3stage_DI_encoder > 0 means vjepa_2_1_vitg_peft_dora_encoder has stronger intra-class motion clustering than vjepa_2_1_vitg_surgical_3stage_DI_encoder"
    },
    "vjepa_2_1_vitg_peft_dora_encoder_minus_vjepa_2_1_vitg_surgical_3stage_DI_intervene_encoder": {
      "n_shared": 20,
      "delta_mean": 0.000425,
      "delta_ci_lo": -1.7e-05,
      "delta_ci_hi": 0.000808,
      "delta_ci_half": 0.000413,
      "p_value": 0.0482,
      "gate_pass": false,
      "interpretation": "vjepa_2_1_vitg_peft_dora_encoder - vjepa_2_1_vitg_surgical_3stage_DI_intervene_encoder > 0 means vjepa_2_1_vitg_peft_dora_encoder has stronger intra-class motion clustering than vjepa_2_1_vitg_surgical_3stage_DI_intervene_encoder"
    },
    "vjepa_2_1_vitg_peft_dora_encoder_minus_vjepa_2_1_vitg_surgical_autorgn_encoder": {
      "n_shared": 20,
      "delta_mean": 0.000293,
      "delta_ci_lo": -0.00045,
      "delta_ci_hi": 0.000946,
      "delta_ci_half": 0.000698,
      "p_value": 0.4022,
      "gate_pass": false,
      "interpretation": "vjepa_2_1_vitg_peft_dora_encoder - vjepa_2_1_vitg_surgical_autorgn_encoder > 0 means vjepa_2_1_vitg_peft_dora_encoder has stronger intra-class motion clustering than vjepa_2_1_vitg_surgical_autorgn_encoder"
    },
    "vjepa_2_1_vitg_peft_dora_encoder_minus_vjepa_2_1_vitg_surgical_intervene_wiseft_f30_encoder": {
      "n_shared": 20,
      "delta_mean": 0.001743,
      "delta_ci_lo": 7.9e-05,
      "delta_ci_hi": 0.003323,
      "delta_ci_half": 0.001622,
      "p_value": 0.0362,
      "gate_pass": true,
      "interpretation": "vjepa_2_1_vitg_peft_dora_encoder - vjepa_2_1_vitg_surgical_intervene_wiseft_f30_encoder > 0 means vjepa_2_1_vitg_peft_dora_encoder has stronger intra-class motion clustering than vjepa_2_1_vitg_surgical_intervene_wiseft_f30_encoder"
    },
    "vjepa_2_1_vitg_peft_dora_encoder_minus_vjepa_2_1_vitg_surgical_intervene_wiseft_f50_encoder": {
      "n_shared": 20,
      "delta_mean": 0.002401,
      "delta_ci_lo": -0.000268,
      "delta_ci_hi": 0.005032,
      "delta_ci_half": 0.00265,
      "p_value": 0.0774,
      "gate_pass": false,
      "interpretation": "vjepa_2_1_vitg_peft_dora_encoder - vjepa_2_1_vitg_surgical_intervene_wiseft_f50_encoder > 0 means vjepa_2_1_vitg_peft_dora_encoder has stronger intra-class motion clustering than vjepa_2_1_vitg_surgical_intervene_wiseft_f50_encoder"
    },
    "vjepa_2_1_vitg_peft_dora_encoder_minus_vjepa_2_1_vitg_surgical_intervene_wiseft_f70_encoder": {
      "n_shared": 20,
      "delta_mean": 0.003242,
      "delta_ci_lo": -0.000594,
      "delta_ci_hi": 0.006693,
      "delta_ci_half": 0.003644,
      "p_value": 0.0858,
      "gate_pass": false,
      "interpretation": "vjepa_2_1_vitg_peft_dora_encoder - vjepa_2_1_vitg_surgical_intervene_wiseft_f70_encoder > 0 means vjepa_2_1_vitg_peft_dora_encoder has stronger intra-class motion clustering than vjepa_2_1_vitg_surgical_intervene_wiseft_f70_encoder"
    },
    "vjepa_2_1_vitg_peft_lora_encoder_minus_vjepa_2_1_vitg_pretrain_encoder": {
      "n_shared": 20,
      "delta_mean": 0.000603,
      "delta_ci_lo": -0.002197,
      "delta_ci_hi": 0.003116,
      "delta_ci_half": 0.002656,
      "p_value": 0.6392,
      "gate_pass": false,
      "interpretation": "vjepa_2_1_vitg_peft_lora_encoder - vjepa_2_1_vitg_pretrain_encoder > 0 means vjepa_2_1_vitg_peft_lora_encoder has stronger intra-class motion clustering than vjepa_2_1_vitg_pretrain_encoder"
    },
    "vjepa_2_1_vitg_peft_lora_encoder_minus_vjepa_2_1_vitg_surgery_raw_encoder": {
      "n_shared": 20,
      "delta_mean": 0.000372,
      "delta_ci_lo": -0.000166,
      "delta_ci_hi": 0.000827,
      "delta_ci_half": 0.000497,
      "p_value": 0.1562,
      "gate_pass": false,
      "interpretation": "vjepa_2_1_vitg_peft_lora_encoder - vjepa_2_1_vitg_surgery_raw_encoder > 0 means vjepa_2_1_vitg_peft_lora_encoder has stronger intra-class motion clustering than vjepa_2_1_vitg_surgery_raw_encoder"
    },
    "vjepa_2_1_vitg_peft_lora_encoder_minus_vjepa_2_1_vitg_surgical_3stage_DI_diheavy_encoder": {
      "n_shared": 20,
      "delta_mean": 0.000294,
      "delta_ci_lo": -0.000177,
      "delta_ci_hi": 0.000748,
      "delta_ci_half": 0.000462,
      "p_value": 0.218,
      "gate_pass": false,
      "interpretation": "vjepa_2_1_vitg_peft_lora_encoder - vjepa_2_1_vitg_surgical_3stage_DI_diheavy_encoder > 0 means vjepa_2_1_vitg_peft_lora_encoder has stronger intra-class motion clustering than vjepa_2_1_vitg_surgical_3stage_DI_diheavy_encoder"
    },
    "vjepa_2_1_vitg_peft_lora_encoder_minus_vjepa_2_1_vitg_surgical_3stage_DI_encoder": {
      "n_shared": 20,
      "delta_mean": 0.000211,
      "delta_ci_lo": -0.000191,
      "delta_ci_hi": 0.000547,
      "delta_ci_half": 0.000369,
      "p_value": 0.2626,
      "gate_pass": false,
      "interpretation": "vjepa_2_1_vitg_peft_lora_encoder - vjepa_2_1_vitg_surgical_3stage_DI_encoder > 0 means vjepa_2_1_vitg_peft_lora_encoder has stronger intra-class motion clustering than vjepa_2_1_vitg_surgical_3stage_DI_encoder"
    },
    "vjepa_2_1_vitg_peft_lora_encoder_minus_vjepa_2_1_vitg_surgical_3stage_DI_intervene_encoder": {
      "n_shared": 20,
      "delta_mean": 0.000418,
      "delta_ci_lo": -9e-05,
      "delta_ci_hi": 0.000857,
      "delta_ci_half": 0.000474,
      "p_value": 0.09,
      "gate_pass": false,
      "interpretation": "vjepa_2_1_vitg_peft_lora_encoder - vjepa_2_1_vitg_surgical_3stage_DI_intervene_encoder > 0 means vjepa_2_1_vitg_peft_lora_encoder has stronger intra-class motion clustering than vjepa_2_1_vitg_surgical_3stage_DI_intervene_encoder"
    },
    "vjepa_2_1_vitg_peft_lora_encoder_minus_vjepa_2_1_vitg_surgical_autorgn_encoder": {
      "n_shared": 20,
      "delta_mean": 0.000287,
      "delta_ci_lo": -0.000534,
      "delta_ci_hi": 0.000993,
      "delta_ci_half": 0.000764,
      "p_value": 0.448,
      "gate_pass": false,
      "interpretation": "vjepa_2_1_vitg_peft_lora_encoder - vjepa_2_1_vitg_surgical_autorgn_encoder > 0 means vjepa_2_1_vitg_peft_lora_encoder has stronger intra-class motion clustering than vjepa_2_1_vitg_surgical_autorgn_encoder"
    },
    "vjepa_2_1_vitg_peft_lora_encoder_minus_vjepa_2_1_vitg_surgical_intervene_wiseft_f30_encoder": {
      "n_shared": 20,
      "delta_mean": 0.001736,
      "delta_ci_lo": 5.2e-05,
      "delta_ci_hi": 0.003341,
      "delta_ci_half": 0.001644,
      "p_value": 0.0394,
      "gate_pass": true,
      "interpretation": "vjepa_2_1_vitg_peft_lora_encoder - vjepa_2_1_vitg_surgical_intervene_wiseft_f30_encoder > 0 means vjepa_2_1_vitg_peft_lora_encoder has stronger intra-class motion clustering than vjepa_2_1_vitg_surgical_intervene_wiseft_f30_encoder"
    },
    "vjepa_2_1_vitg_peft_lora_encoder_minus_vjepa_2_1_vitg_surgical_intervene_wiseft_f50_encoder": {
      "n_shared": 20,
      "delta_mean": 0.002395,
      "delta_ci_lo": -0.000292,
      "delta_ci_hi": 0.005044,
      "delta_ci_half": 0.002668,
      "p_value": 0.0794,
      "gate_pass": false,
      "interpretation": "vjepa_2_1_vitg_peft_lora_encoder - vjepa_2_1_vitg_surgical_intervene_wiseft_f50_encoder > 0 means vjepa_2_1_vitg_peft_lora_encoder has stronger intra-class motion clustering than vjepa_2_1_vitg_surgical_intervene_wiseft_f50_encoder"
    },
    "vjepa_2_1_vitg_peft_lora_encoder_minus_vjepa_2_1_vitg_surgical_intervene_wiseft_f70_encoder": {
      "n_shared": 20,
      "delta_mean": 0.003235,
      "delta_ci_lo": -0.000583,
      "delta_ci_hi": 0.006699,
      "delta_ci_half": 0.003641,
      "p_value": 0.0868,
      "gate_pass": false,
      "interpretation": "vjepa_2_1_vitg_peft_lora_encoder - vjepa_2_1_vitg_surgical_intervene_wiseft_f70_encoder > 0 means vjepa_2_1_vitg_peft_lora_encoder has stronger intra-class motion clustering than vjepa_2_1_vitg_surgical_intervene_wiseft_f70_encoder"
    },
    "vjepa_2_1_vitg_pretrain_encoder_minus_vjepa_2_1_vitg_surgery_raw_encoder": {
      "n_shared": 20,
      "delta_mean": -0.000232,
      "delta_ci_lo": -0.002427,
      "delta_ci_hi": 0.002239,
      "delta_ci_half": 0.002333,
      "p_value": 0.834,
      "gate_pass": false,
      "interpretation": "vjepa_2_1_vitg_pretrain_encoder - vjepa_2_1_vitg_surgery_raw_encoder > 0 means vjepa_2_1_vitg_pretrain_encoder has stronger intra-class motion clustering than vjepa_2_1_vitg_surgery_raw_encoder"
    },
    "vjepa_2_1_vitg_pretrain_encoder_minus_vjepa_2_1_vitg_surgical_3stage_DI_diheavy_encoder": {
      "n_shared": 20,
      "delta_mean": -0.00031,
      "delta_ci_lo": -0.002746,
      "delta_ci_hi": 0.002443,
      "delta_ci_half": 0.002594,
      "p_value": 0.7982,
      "gate_pass": false,
      "interpretation": "vjepa_2_1_vitg_pretrain_encoder - vjepa_2_1_vitg_surgical_3stage_DI_diheavy_encoder > 0 means vjepa_2_1_vitg_pretrain_encoder has stronger intra-class motion clustering than vjepa_2_1_vitg_surgical_3stage_DI_diheavy_encoder"
    },
    "vjepa_2_1_vitg_pretrain_encoder_minus_vjepa_2_1_vitg_surgical_3stage_DI_encoder": {
      "n_shared": 20,
      "delta_mean": -0.000392,
      "delta_ci_lo": -0.002808,
      "delta_ci_hi": 0.002389,
      "delta_ci_half": 0.002598,
      "p_value": 0.7506,
      "gate_pass": false,
      "interpretation": "vjepa_2_1_vitg_pretrain_encoder - vjepa_2_1_vitg_surgical_3stage_DI_encoder > 0 means vjepa_2_1_vitg_pretrain_encoder has stronger intra-class motion clustering than vjepa_2_1_vitg_surgical_3stage_DI_encoder"
    },
    "vjepa_2_1_vitg_pretrain_encoder_minus_vjepa_2_1_vitg_surgical_3stage_DI_intervene_encoder": {
      "n_shared": 20,
      "delta_mean": -0.000185,
      "delta_ci_lo": -0.002499,
      "delta_ci_hi": 0.002566,
      "delta_ci_half": 0.002532,
      "p_value": 0.8666,
      "gate_pass": false,
      "interpretation": "vjepa_2_1_vitg_pretrain_encoder - vjepa_2_1_vitg_surgical_3stage_DI_intervene_encoder > 0 means vjepa_2_1_vitg_pretrain_encoder has stronger intra-class motion clustering than vjepa_2_1_vitg_surgical_3stage_DI_intervene_encoder"
    },
    "vjepa_2_1_vitg_pretrain_encoder_minus_vjepa_2_1_vitg_surgical_autorgn_encoder": {
      "n_shared": 20,
      "delta_mean": -0.000317,
      "delta_ci_lo": -0.002222,
      "delta_ci_hi": 0.001783,
      "delta_ci_half": 0.002002,
      "p_value": 0.7436,
      "gate_pass": false,
      "interpretation": "vjepa_2_1_vitg_pretrain_encoder - vjepa_2_1_vitg_surgical_autorgn_encoder > 0 means vjepa_2_1_vitg_pretrain_encoder has stronger intra-class motion clustering than vjepa_2_1_vitg_surgical_autorgn_encoder"
    },
    "vjepa_2_1_vitg_pretrain_encoder_minus_vjepa_2_1_vitg_surgical_intervene_wiseft_f30_encoder": {
      "n_shared": 20,
      "delta_mean": 0.001133,
      "delta_ci_lo": 5.6e-05,
      "delta_ci_hi": 0.002379,
      "delta_ci_half": 0.001162,
      "p_value": 0.0544,
      "gate_pass": true,
      "interpretation": "vjepa_2_1_vitg_pretrain_encoder - vjepa_2_1_vitg_surgical_intervene_wiseft_f30_encoder > 0 means vjepa_2_1_vitg_pretrain_encoder has stronger intra-class motion clustering than vjepa_2_1_vitg_surgical_intervene_wiseft_f30_encoder"
    },
    "vjepa_2_1_vitg_pretrain_encoder_minus_vjepa_2_1_vitg_surgical_intervene_wiseft_f50_encoder": {
      "n_shared": 20,
      "delta_mean": 0.001791,
      "delta_ci_lo": 0.000906,
      "delta_ci_hi": 0.00271,
      "delta_ci_half": 0.000902,
      "p_value": 0.0,
      "gate_pass": true,
      "interpretation": "vjepa_2_1_vitg_pretrain_encoder - vjepa_2_1_vitg_surgical_intervene_wiseft_f50_encoder > 0 means vjepa_2_1_vitg_pretrain_encoder has stronger intra-class motion clustering than vjepa_2_1_vitg_surgical_intervene_wiseft_f50_encoder"
    },
    "vjepa_2_1_vitg_pretrain_encoder_minus_vjepa_2_1_vitg_surgical_intervene_wiseft_f70_encoder": {
      "n_shared": 20,
      "delta_mean": 0.002632,
      "delta_ci_lo": 0.001152,
      "delta_ci_hi": 0.004191,
      "delta_ci_half": 0.00152,
      "p_value": 0.0002,
      "gate_pass": true,
      "interpretation": "vjepa_2_1_vitg_pretrain_encoder - vjepa_2_1_vitg_surgical_intervene_wiseft_f70_encoder > 0 means vjepa_2_1_vitg_pretrain_encoder has stronger intra-class motion clustering than vjepa_2_1_vitg_surgical_intervene_wiseft_f70_encoder"
    },
    "vjepa_2_1_vitg_surgery_raw_encoder_minus_vjepa_2_1_vitg_surgical_3stage_DI_diheavy_encoder": {
      "n_shared": 20,
      "delta_mean": -7.8e-05,
      "delta_ci_lo": -0.000422,
      "delta_ci_hi": 0.000281,
      "delta_ci_half": 0.000352,
      "p_value": 0.6714,
      "gate_pass": false,
      "interpretation": "vjepa_2_1_vitg_surgery_raw_encoder - vjepa_2_1_vitg_surgical_3stage_DI_diheavy_encoder > 0 means vjepa_2_1_vitg_surgery_raw_encoder has stronger intra-class motion clustering than vjepa_2_1_vitg_surgical_3stage_DI_diheavy_encoder"
    },
    "vjepa_2_1_vitg_surgery_raw_encoder_minus_vjepa_2_1_vitg_surgical_3stage_DI_encoder": {
      "n_shared": 20,
      "delta_mean": -0.00016,
      "delta_ci_lo": -0.000492,
      "delta_ci_hi": 0.000196,
      "delta_ci_half": 0.000344,
      "p_value": 0.3562,
      "gate_pass": false,
      "interpretation": "vjepa_2_1_vitg_surgery_raw_encoder - vjepa_2_1_vitg_surgical_3stage_DI_encoder > 0 means vjepa_2_1_vitg_surgery_raw_encoder has stronger intra-class motion clustering than vjepa_2_1_vitg_surgical_3stage_DI_encoder"
    },
    "vjepa_2_1_vitg_surgery_raw_encoder_minus_vjepa_2_1_vitg_surgical_3stage_DI_intervene_encoder": {
      "n_shared": 20,
      "delta_mean": 4.7e-05,
      "delta_ci_lo": -0.000269,
      "delta_ci_hi": 0.000422,
      "delta_ci_half": 0.000346,
      "p_value": 0.8152,
      "gate_pass": false,
      "interpretation": "vjepa_2_1_vitg_surgery_raw_encoder - vjepa_2_1_vitg_surgical_3stage_DI_intervene_encoder > 0 means vjepa_2_1_vitg_surgery_raw_encoder has stronger intra-class motion clustering than vjepa_2_1_vitg_surgical_3stage_DI_intervene_encoder"
    },
    "vjepa_2_1_vitg_surgery_raw_encoder_minus_vjepa_2_1_vitg_surgical_autorgn_encoder": {
      "n_shared": 20,
      "delta_mean": -8.5e-05,
      "delta_ci_lo": -0.000675,
      "delta_ci_hi": 0.000458,
      "delta_ci_half": 0.000566,
      "p_value": 0.7826,
      "gate_pass": false,
      "interpretation": "vjepa_2_1_vitg_surgery_raw_encoder - vjepa_2_1_vitg_surgical_autorgn_encoder > 0 means vjepa_2_1_vitg_surgery_raw_encoder has stronger intra-class motion clustering than vjepa_2_1_vitg_surgical_autorgn_encoder"
    },
    "vjepa_2_1_vitg_surgery_raw_encoder_minus_vjepa_2_1_vitg_surgical_intervene_wiseft_f30_encoder": {
      "n_shared": 20,
      "delta_mean": 0.001365,
      "delta_ci_lo": 2.7e-05,
      "delta_ci_hi": 0.002689,
      "delta_ci_half": 0.001331,
      "p_value": 0.044,
      "gate_pass": true,
      "interpretation": "vjepa_2_1_vitg_surgery_raw_encoder - vjepa_2_1_vitg_surgical_intervene_wiseft_f30_encoder > 0 means vjepa_2_1_vitg_surgery_raw_encoder has stronger intra-class motion clustering than vjepa_2_1_vitg_surgical_intervene_wiseft_f30_encoder"
    },
    "vjepa_2_1_vitg_surgery_raw_encoder_minus_vjepa_2_1_vitg_surgical_intervene_wiseft_f50_encoder": {
      "n_shared": 20,
      "delta_mean": 0.002023,
      "delta_ci_lo": -0.000323,
      "delta_ci_hi": 0.004423,
      "delta_ci_half": 0.002373,
      "p_value": 0.0942,
      "gate_pass": false,
      "interpretation": "vjepa_2_1_vitg_surgery_raw_encoder - vjepa_2_1_vitg_surgical_intervene_wiseft_f50_encoder > 0 means vjepa_2_1_vitg_surgery_raw_encoder has stronger intra-class motion clustering than vjepa_2_1_vitg_surgical_intervene_wiseft_f50_encoder"
    },
    "vjepa_2_1_vitg_surgery_raw_encoder_minus_vjepa_2_1_vitg_surgical_intervene_wiseft_f70_encoder": {
      "n_shared": 20,
      "delta_mean": 0.002864,
      "delta_ci_lo": -0.000618,
      "delta_ci_hi": 0.006117,
      "delta_ci_half": 0.003367,
      "p_value": 0.1024,
      "gate_pass": false,
      "interpretation": "vjepa_2_1_vitg_surgery_raw_encoder - vjepa_2_1_vitg_surgical_intervene_wiseft_f70_encoder > 0 means vjepa_2_1_vitg_surgery_raw_encoder has stronger intra-class motion clustering than vjepa_2_1_vitg_surgical_intervene_wiseft_f70_encoder"
    },
    "vjepa_2_1_vitg_surgical_3stage_DI_diheavy_encoder_minus_vjepa_2_1_vitg_surgical_3stage_DI_encoder": {
      "n_shared": 20,
      "delta_mean": -8.2e-05,
      "delta_ci_lo": -0.000424,
      "delta_ci_hi": 0.000351,
      "delta_ci_half": 0.000387,
      "p_value": 0.664,
      "gate_pass": false,
      "interpretation": "vjepa_2_1_vitg_surgical_3stage_DI_diheavy_encoder - vjepa_2_1_vitg_surgical_3stage_DI_encoder > 0 means vjepa_2_1_vitg_surgical_3stage_DI_diheavy_encoder has stronger intra-class motion clustering than vjepa_2_1_vitg_surgical_3stage_DI_encoder"
    },
    "vjepa_2_1_vitg_surgical_3stage_DI_diheavy_encoder_minus_vjepa_2_1_vitg_surgical_3stage_DI_intervene_encoder": {
      "n_shared": 20,
      "delta_mean": 0.000125,
      "delta_ci_lo": -0.000149,
      "delta_ci_hi": 0.00038,
      "delta_ci_half": 0.000265,
      "p_value": 0.3568,
      "gate_pass": false,
      "interpretation": "vjepa_2_1_vitg_surgical_3stage_DI_diheavy_encoder - vjepa_2_1_vitg_surgical_3stage_DI_intervene_encoder > 0 means vjepa_2_1_vitg_surgical_3stage_DI_diheavy_encoder has stronger intra-class motion clustering than vjepa_2_1_vitg_surgical_3stage_DI_intervene_encoder"
    },
    "vjepa_2_1_vitg_surgical_3stage_DI_diheavy_encoder_minus_vjepa_2_1_vitg_surgical_autorgn_encoder": {
      "n_shared": 20,
      "delta_mean": -7e-06,
      "delta_ci_lo": -0.000712,
      "delta_ci_hi": 0.000669,
      "delta_ci_half": 0.000691,
      "p_value": 0.9926,
      "gate_pass": false,
      "interpretation": "vjepa_2_1_vitg_surgical_3stage_DI_diheavy_encoder - vjepa_2_1_vitg_surgical_autorgn_encoder > 0 means vjepa_2_1_vitg_surgical_3stage_DI_diheavy_encoder has stronger intra-class motion clustering than vjepa_2_1_vitg_surgical_autorgn_encoder"
    },
    "vjepa_2_1_vitg_surgical_3stage_DI_diheavy_encoder_minus_vjepa_2_1_vitg_surgical_intervene_wiseft_f30_encoder": {
      "n_shared": 20,
      "delta_mean": 0.001443,
      "delta_ci_lo": -0.000171,
      "delta_ci_hi": 0.002995,
      "delta_ci_half": 0.001583,
      "p_value": 0.0798,
      "gate_pass": false,
      "interpretation": "vjepa_2_1_vitg_surgical_3stage_DI_diheavy_encoder - vjepa_2_1_vitg_surgical_intervene_wiseft_f30_encoder > 0 means vjepa_2_1_vitg_surgical_3stage_DI_diheavy_encoder has stronger intra-class motion clustering than vjepa_2_1_vitg_surgical_intervene_wiseft_f30_encoder"
    },
    "vjepa_2_1_vitg_surgical_3stage_DI_diheavy_encoder_minus_vjepa_2_1_vitg_surgical_intervene_wiseft_f50_encoder": {
      "n_shared": 20,
      "delta_mean": 0.002101,
      "delta_ci_lo": -0.000509,
      "delta_ci_hi": 0.004701,
      "delta_ci_half": 0.002605,
      "p_value": 0.1154,
      "gate_pass": false,
      "interpretation": "vjepa_2_1_vitg_surgical_3stage_DI_diheavy_encoder - vjepa_2_1_vitg_surgical_intervene_wiseft_f50_encoder > 0 means vjepa_2_1_vitg_surgical_3stage_DI_diheavy_encoder has stronger intra-class motion clustering than vjepa_2_1_vitg_surgical_intervene_wiseft_f50_encoder"
    },
    "vjepa_2_1_vitg_surgical_3stage_DI_diheavy_encoder_minus_vjepa_2_1_vitg_surgical_intervene_wiseft_f70_encoder": {
      "n_shared": 20,
      "delta_mean": 0.002942,
      "delta_ci_lo": -0.000834,
      "delta_ci_hi": 0.006408,
      "delta_ci_half": 0.003621,
      "p_value": 0.1184,
      "gate_pass": false,
      "interpretation": "vjepa_2_1_vitg_surgical_3stage_DI_diheavy_encoder - vjepa_2_1_vitg_surgical_intervene_wiseft_f70_encoder > 0 means vjepa_2_1_vitg_surgical_3stage_DI_diheavy_encoder has stronger intra-class motion clustering than vjepa_2_1_vitg_surgical_intervene_wiseft_f70_encoder"
    },
    "vjepa_2_1_vitg_surgical_3stage_DI_encoder_minus_vjepa_2_1_vitg_surgical_3stage_DI_intervene_encoder": {
      "n_shared": 20,
      "delta_mean": 0.000207,
      "delta_ci_lo": -0.000204,
      "delta_ci_hi": 0.000599,
      "delta_ci_half": 0.000402,
      "p_value": 0.3208,
      "gate_pass": false,
      "interpretation": "vjepa_2_1_vitg_surgical_3stage_DI_encoder - vjepa_2_1_vitg_surgical_3stage_DI_intervene_encoder > 0 means vjepa_2_1_vitg_surgical_3stage_DI_encoder has stronger intra-class motion clustering than vjepa_2_1_vitg_surgical_3stage_DI_intervene_encoder"
    },
    "vjepa_2_1_vitg_surgical_3stage_DI_encoder_minus_vjepa_2_1_vitg_surgical_autorgn_encoder": {
      "n_shared": 20,
      "delta_mean": 7.5e-05,
      "delta_ci_lo": -0.000808,
      "delta_ci_hi": 0.000794,
      "delta_ci_half": 0.000801,
      "p_value": 0.8274,
      "gate_pass": false,
      "interpretation": "vjepa_2_1_vitg_surgical_3stage_DI_encoder - vjepa_2_1_vitg_surgical_autorgn_encoder > 0 means vjepa_2_1_vitg_surgical_3stage_DI_encoder has stronger intra-class motion clustering than vjepa_2_1_vitg_surgical_autorgn_encoder"
    },
    "vjepa_2_1_vitg_surgical_3stage_DI_encoder_minus_vjepa_2_1_vitg_surgical_intervene_wiseft_f30_encoder": {
      "n_shared": 20,
      "delta_mean": 0.001525,
      "delta_ci_lo": -0.000154,
      "delta_ci_hi": 0.003033,
      "delta_ci_half": 0.001594,
      "p_value": 0.0656,
      "gate_pass": false,
      "interpretation": "vjepa_2_1_vitg_surgical_3stage_DI_encoder - vjepa_2_1_vitg_surgical_intervene_wiseft_f30_encoder > 0 means vjepa_2_1_vitg_surgical_3stage_DI_encoder has stronger intra-class motion clustering than vjepa_2_1_vitg_surgical_intervene_wiseft_f30_encoder"
    },
    "vjepa_2_1_vitg_surgical_3stage_DI_encoder_minus_vjepa_2_1_vitg_surgical_intervene_wiseft_f50_encoder": {
      "n_shared": 20,
      "delta_mean": 0.002183,
      "delta_ci_lo": -0.000491,
      "delta_ci_hi": 0.004725,
      "delta_ci_half": 0.002608,
      "p_value": 0.103,
      "gate_pass": false,
      "interpretation": "vjepa_2_1_vitg_surgical_3stage_DI_encoder - vjepa_2_1_vitg_surgical_intervene_wiseft_f50_encoder > 0 means vjepa_2_1_vitg_surgical_3stage_DI_encoder has stronger intra-class motion clustering than vjepa_2_1_vitg_surgical_intervene_wiseft_f50_encoder"
    },
    "vjepa_2_1_vitg_surgical_3stage_DI_encoder_minus_vjepa_2_1_vitg_surgical_intervene_wiseft_f70_encoder": {
      "n_shared": 20,
      "delta_mean": 0.003024,
      "delta_ci_lo": -0.000804,
      "delta_ci_hi": 0.00642,
      "delta_ci_half": 0.003612,
      "p_value": 0.106,
      "gate_pass": false,
      "interpretation": "vjepa_2_1_vitg_surgical_3stage_DI_encoder - vjepa_2_1_vitg_surgical_intervene_wiseft_f70_encoder > 0 means vjepa_2_1_vitg_surgical_3stage_DI_encoder has stronger intra-class motion clustering than vjepa_2_1_vitg_surgical_intervene_wiseft_f70_encoder"
    },
    "vjepa_2_1_vitg_surgical_3stage_DI_intervene_encoder_minus_vjepa_2_1_vitg_surgical_autorgn_encoder": {
      "n_shared": 20,
      "delta_mean": -0.000132,
      "delta_ci_lo": -0.000862,
      "delta_ci_hi": 0.000444,
      "delta_ci_half": 0.000653,
      "p_value": 0.718,
      "gate_pass": false,
      "interpretation": "vjepa_2_1_vitg_surgical_3stage_DI_intervene_encoder - vjepa_2_1_vitg_surgical_autorgn_encoder > 0 means vjepa_2_1_vitg_surgical_3stage_DI_intervene_encoder has stronger intra-class motion clustering than vjepa_2_1_vitg_surgical_autorgn_encoder"
    },
    "vjepa_2_1_vitg_surgical_3stage_DI_intervene_encoder_minus_vjepa_2_1_vitg_surgical_intervene_wiseft_f30_encoder": {
      "n_shared": 20,
      "delta_mean": 0.001318,
      "delta_ci_lo": -0.000298,
      "delta_ci_hi": 0.002767,
      "delta_ci_half": 0.001532,
      "p_value": 0.098,
      "gate_pass": false,
      "interpretation": "vjepa_2_1_vitg_surgical_3stage_DI_intervene_encoder - vjepa_2_1_vitg_surgical_intervene_wiseft_f30_encoder > 0 means vjepa_2_1_vitg_surgical_3stage_DI_intervene_encoder has stronger intra-class motion clustering than vjepa_2_1_vitg_surgical_intervene_wiseft_f30_encoder"
    },
    "vjepa_2_1_vitg_surgical_3stage_DI_intervene_encoder_minus_vjepa_2_1_vitg_surgical_intervene_wiseft_f50_encoder": {
      "n_shared": 20,
      "delta_mean": 0.001976,
      "delta_ci_lo": -0.000649,
      "delta_ci_hi": 0.00452,
      "delta_ci_half": 0.002585,
      "p_value": 0.1306,
      "gate_pass": false,
      "interpretation": "vjepa_2_1_vitg_surgical_3stage_DI_intervene_encoder - vjepa_2_1_vitg_surgical_intervene_wiseft_f50_encoder > 0 means vjepa_2_1_vitg_surgical_3stage_DI_intervene_encoder has stronger intra-class motion clustering than vjepa_2_1_vitg_surgical_intervene_wiseft_f50_encoder"
    },
    "vjepa_2_1_vitg_surgical_3stage_DI_intervene_encoder_minus_vjepa_2_1_vitg_surgical_intervene_wiseft_f70_encoder": {
      "n_shared": 20,
      "delta_mean": 0.002817,
      "delta_ci_lo": -0.000997,
      "delta_ci_hi": 0.006193,
      "delta_ci_half": 0.003595,
      "p_value": 0.1298,
      "gate_pass": false,
      "interpretation": "vjepa_2_1_vitg_surgical_3stage_DI_intervene_encoder - vjepa_2_1_vitg_surgical_intervene_wiseft_f70_encoder > 0 means vjepa_2_1_vitg_surgical_3stage_DI_intervene_encoder has stronger intra-class motion clustering than vjepa_2_1_vitg_surgical_intervene_wiseft_f70_encoder"
    },
    "vjepa_2_1_vitg_surgical_autorgn_encoder_minus_vjepa_2_1_vitg_surgical_intervene_wiseft_f30_encoder": {
      "n_shared": 20,
      "delta_mean": 0.00145,
      "delta_ci_lo": 0.000342,
      "delta_ci_hi": 0.002531,
      "delta_ci_half": 0.001094,
      "p_value": 0.0096,
      "gate_pass": true,
      "interpretation": "vjepa_2_1_vitg_surgical_autorgn_encoder - vjepa_2_1_vitg_surgical_intervene_wiseft_f30_encoder > 0 means vjepa_2_1_vitg_surgical_autorgn_encoder has stronger intra-class motion clustering than vjepa_2_1_vitg_surgical_intervene_wiseft_f30_encoder"
    },
    "vjepa_2_1_vitg_surgical_autorgn_encoder_minus_vjepa_2_1_vitg_surgical_intervene_wiseft_f50_encoder": {
      "n_shared": 20,
      "delta_mean": 0.002108,
      "delta_ci_lo": 1.2e-05,
      "delta_ci_hi": 0.004236,
      "delta_ci_half": 0.002112,
      "p_value": 0.051,
      "gate_pass": true,
      "interpretation": "vjepa_2_1_vitg_surgical_autorgn_encoder - vjepa_2_1_vitg_surgical_intervene_wiseft_f50_encoder > 0 means vjepa_2_1_vitg_surgical_autorgn_encoder has stronger intra-class motion clustering than vjepa_2_1_vitg_surgical_intervene_wiseft_f50_encoder"
    },
    "vjepa_2_1_vitg_surgical_autorgn_encoder_minus_vjepa_2_1_vitg_surgical_intervene_wiseft_f70_encoder": {
      "n_shared": 20,
      "delta_mean": 0.002949,
      "delta_ci_lo": -0.000285,
      "delta_ci_hi": 0.005975,
      "delta_ci_half": 0.00313,
      "p_value": 0.0668,
      "gate_pass": false,
      "interpretation": "vjepa_2_1_vitg_surgical_autorgn_encoder - vjepa_2_1_vitg_surgical_intervene_wiseft_f70_encoder > 0 means vjepa_2_1_vitg_surgical_autorgn_encoder has stronger intra-class motion clustering than vjepa_2_1_vitg_surgical_intervene_wiseft_f70_encoder"
    },
    "vjepa_2_1_vitg_surgical_intervene_wiseft_f30_encoder_minus_vjepa_2_1_vitg_surgical_intervene_wiseft_f50_encoder": {
      "n_shared": 20,
      "delta_mean": 0.000658,
      "delta_ci_lo": -0.000371,
      "delta_ci_hi": 0.001735,
      "delta_ci_half": 0.001053,
      "p_value": 0.222,
      "gate_pass": false,
      "interpretation": "vjepa_2_1_vitg_surgical_intervene_wiseft_f30_encoder - vjepa_2_1_vitg_surgical_intervene_wiseft_f50_encoder > 0 means vjepa_2_1_vitg_surgical_intervene_wiseft_f30_encoder has stronger intra-class motion clustering than vjepa_2_1_vitg_surgical_intervene_wiseft_f50_encoder"
    },
    "vjepa_2_1_vitg_surgical_intervene_wiseft_f30_encoder_minus_vjepa_2_1_vitg_surgical_intervene_wiseft_f70_encoder": {
      "n_shared": 20,
      "delta_mean": 0.001499,
      "delta_ci_lo": -0.000695,
      "delta_ci_hi": 0.003439,
      "delta_ci_half": 0.002067,
      "p_value": 0.1624,
      "gate_pass": false,
      "interpretation": "vjepa_2_1_vitg_surgical_intervene_wiseft_f30_encoder - vjepa_2_1_vitg_surgical_intervene_wiseft_f70_encoder > 0 means vjepa_2_1_vitg_surgical_intervene_wiseft_f30_encoder has stronger intra-class motion clustering than vjepa_2_1_vitg_surgical_intervene_wiseft_f70_encoder"
    },
    "vjepa_2_1_vitg_surgical_intervene_wiseft_f50_encoder_minus_vjepa_2_1_vitg_surgical_intervene_wiseft_f70_encoder": {
      "n_shared": 20,
      "delta_mean": 0.000841,
      "delta_ci_lo": -0.000342,
      "delta_ci_hi": 0.001768,
      "delta_ci_half": 0.001055,
      "p_value": 0.1298,
      "gate_pass": false,
      "interpretation": "vjepa_2_1_vitg_surgical_intervene_wiseft_f50_encoder - vjepa_2_1_vitg_surgical_intervene_wiseft_f70_encoder > 0 means vjepa_2_1_vitg_surgical_intervene_wiseft_f50_encoder has stronger intra-class motion clustering than vjepa_2_1_vitg_surgical_intervene_wiseft_f70_encoder"
    }
  }
}

═══ 12:25:48 · STAGE 9 · future_mse paired_per_variant (CPU) ═══
Variants found: ['vjepa_2_1_vitg_frozen', 'vjepa_2_1_vitg_pretrain_encoder', 'vjepa_2_1_vitg_surgical_3stage_DI_encoder', 'vjepa_2_1_vitg_surgical_autorgn_encoder', 'vjepa_2_1_vitg_surgery_raw_encoder', 'vjepa_2_1_vitg_full_ft_encoder', 'vjepa_2_1_vitg_lpft_encoder', 'vjepa_2_1_vitg_peft_lora_encoder', 'vjepa_2_1_vitg_peft_dora_encoder', 'vjepa_2_1_vitg_surgical_3stage_DI_diheavy_encoder', 'vjepa_2_1_vitg_surgical_3stage_DI_intervene_encoder', 'vjepa_2_1_vitg_surgical_intervene_wiseft_f30_encoder', 'vjepa_2_1_vitg_surgical_intervene_wiseft_f50_encoder', 'vjepa_2_1_vitg_surgical_intervene_wiseft_f70_encoder']
{
  "metric": "future_frame_l1_loss",
  "by_variant": {
    "vjepa_2_1_frozen": null,
    "vjepa_2_1_pretrain_encoder": null,
    "vjepa_2_1_pretrain_2X_encoder": null,
    "vjepa_2_1_surgical_3stage_DI_encoder": null,
    "vjepa_2_1_surgical_3stage_DI_replay25_encoder": null,
    "vjepa_2_1_surgical_3stage_DI_diheavy_encoder": null,
    "vjepa_2_1_surgical_3stage_DI_tccaux_encoder": null,
    "vjepa_2_1_surgical_3stage_DI_intervene_encoder": null,
    "vjepa_2_1_surgical_3stage_DI_wiseft_encoder": null,
    "vjepa_2_1_surgical_intervene_wiseft_f30_encoder": null,
    "vjepa_2_1_surgical_intervene_wiseft_f50_encoder": null,
    "vjepa_2_1_surgical_intervene_wiseft_f70_encoder": null,
    "vjepa_2_1_surgical_noDI_encoder": null,
    "vjepa_2_1_surgical_autorgn_encoder": null,
    "vjepa_2_1_surgery_raw_encoder": null,
    "vjepa_2_1_full_ft_encoder": null,
    "vjepa_2_1_lpft_encoder": null,
    "vjepa_2_1_peft_lora_encoder": null,
    "vjepa_2_1_peft_dora_encoder": null,
    "vjepa_2_1_cassle_encoder": null,
    "vjepa_2_1_ewc_encoder": null,
    "vjepa_2_1_pretrain_head": null,
    "vjepa_2_1_surgical_3stage_DI_head": null,
    "vjepa_2_1_surgical_noDI_head": null,
    "vjepa_2_0_vitg_frozen": null,
    "vjepa_1_vitL_frozen": null,
    "vjepa_1_vitH_frozen": null,
    "vjepa_2_1_vitg_frozen": {
      "mse_mean": 0.622279,
      "mse_std": 0.036916,
      "mse_ci": {
        "mean": 0.622279,
        "ci_lo": 0.605284,
        "ci_hi": 0.637976,
        "ci_half": 0.016346
      },
      "n": 20
    },
    "vjepa_2_1_vitL_frozen": null,
    "vjepa_2_vitL_256_frozen": null,
    "vjepa_2_1_vitg_pretrain_encoder": {
      "mse_mean": 0.623248,
      "mse_std": 0.035998,
      "mse_ci": {
        "mean": 0.623248,
        "ci_lo": 0.605897,
        "ci_hi": 0.637953,
        "ci_half": 0.016028
      },
      "n": 20
    },
    "vjepa_2_1_vitg_pretrain_2X_encoder": null,
    "vjepa_2_1_vitg_pretrain_head": null,
    "vjepa_2_1_vitg_surgical_3stage_DI_encoder": {
      "mse_mean": 0.621674,
      "mse_std": 0.036132,
      "mse_ci": {
        "mean": 0.621674,
        "ci_lo": 0.604382,
        "ci_hi": 0.636468,
        "ci_half": 0.016043
      },
      "n": 20
    },
    "vjepa_2_1_vitg_surgical_noDI_encoder": null,
    "vjepa_2_1_vitg_surgical_3stage_DI_head": null,
    "vjepa_2_1_vitg_surgical_noDI_head": null,
    "vjepa_2_1_vitg_surgical_autorgn_encoder": {
      "mse_mean": 0.623256,
      "mse_std": 0.035868,
      "mse_ci": {
        "mean": 0.623256,
        "ci_lo": 0.606219,
        "ci_hi": 0.638003,
        "ci_half": 0.015892
      },
      "n": 20
    },
    "vjepa_2_1_vitg_surgery_raw_encoder": {
      "mse_mean": 0.621862,
      "mse_std": 0.035838,
      "mse_ci": {
        "mean": 0.621862,
        "ci_lo": 0.604762,
        "ci_hi": 0.636608,
        "ci_half": 0.015923
      },
      "n": 20
    },
    "vjepa_2_1_vitg_full_ft_encoder": {
      "mse_mean": 0.623103,
      "mse_std": 0.03531,
      "mse_ci": {
        "mean": 0.623103,
        "ci_lo": 0.606316,
        "ci_hi": 0.637616,
        "ci_half": 0.01565
      },
      "n": 20
    },
    "vjepa_2_1_vitg_lpft_encoder": {
      "mse_mean": 0.62246,
      "mse_std": 0.035948,
      "mse_ci": {
        "mean": 0.62246,
        "ci_lo": 0.605284,
        "ci_hi": 0.637234,
        "ci_half": 0.015975
      },
      "n": 20
    },
    "vjepa_2_1_vitg_peft_lora_encoder": {
      "mse_mean": 0.623122,
      "mse_std": 0.035876,
      "mse_ci": {
        "mean": 0.623122,
        "ci_lo": 0.606039,
        "ci_hi": 0.637806,
        "ci_half": 0.015883
      },
      "n": 20
    },
    "vjepa_2_1_vitg_peft_dora_encoder": {
      "mse_mean": 0.623081,
      "mse_std": 0.035897,
      "mse_ci": {
        "mean": 0.623081,
        "ci_lo": 0.605969,
        "ci_hi": 0.637795,
        "ci_half": 0.015913
      },
      "n": 20
    },
    "vjepa_2_1_vitg_surgical_3stage_DI_diheavy_encoder": {
      "mse_mean": 0.621546,
      "mse_std": 0.036196,
      "mse_ci": {
        "mean": 0.621546,
        "ci_lo": 0.604288,
        "ci_hi": 0.636374,
        "ci_half": 0.016043
      },
      "n": 20
    },
    "vjepa_2_1_vitg_surgical_3stage_DI_intervene_encoder": {
      "mse_mean": 0.622349,
      "mse_std": 0.036165,
      "mse_ci": {
        "mean": 0.622349,
        "ci_lo": 0.605159,
        "ci_hi": 0.637202,
        "ci_half": 0.016021
      },
      "n": 20
    },
    "vjepa_2_1_vitg_surgical_intervene_wiseft_f30_encoder": {
      "mse_mean": 0.622209,
      "mse_std": 0.035812,
      "mse_ci": {
        "mean": 0.622209,
        "ci_lo": 0.605222,
        "ci_hi": 0.636955,
        "ci_half": 0.015866
      },
      "n": 20
    },
    "vjepa_2_1_vitg_surgical_intervene_wiseft_f50_encoder": {
      "mse_mean": 0.622369,
      "mse_std": 0.035674,
      "mse_ci": {
        "mean": 0.622369,
        "ci_lo": 0.605469,
        "ci_hi": 0.637072,
        "ci_half": 0.015801
      },
      "n": 20
    },
    "vjepa_2_1_vitg_surgical_intervene_wiseft_f70_encoder": {
      "mse_mean": 0.623075,
      "mse_std": 0.035399,
      "mse_ci": {
        "mean": 0.623075,
        "ci_lo": 0.606268,
        "ci_hi": 0.637628,
        "ci_half": 0.01568
      },
      "n": 20
    },
    "vjepa_2_0_vitg_pretrain_encoder": null,
    "vjepa_2_0_vitg_pretrain_2X_encoder": null,
    "vjepa_2_0_vitg_pretrain_head": null,
    "vjepa_2_0_vitg_surgical_3stage_DI_encoder": null,
    "vjepa_2_0_vitg_surgical_noDI_encoder": null,
    "vjepa_2_0_vitg_surgical_3stage_DI_head": null,
    "vjepa_2_0_vitg_surgical_noDI_head": null,
    "dinov2": "n/a \u2014 no future-frame predictor"
  },
  "pairwise_deltas": {
    "vjepa_2_1_vitg_frozen_minus_vjepa_2_1_vitg_pretrain_encoder": {
      "n": 20,
      "delta_mean": -0.000969,
      "delta_ci_lo": -0.00596,
      "delta_ci_hi": 0.004464,
      "delta_ci_half": 0.005212,
      "p_value": 0.6968,
      "interpretation": "vjepa_2_1_vitg_frozen - vjepa_2_1_vitg_pretrain_encoder > 0 means vjepa_2_1_vitg_frozen has HIGHER MSE (worse future-frame prediction) than vjepa_2_1_vitg_pretrain_encoder; lower MSE = better."
    },
    "vjepa_2_1_vitg_frozen_minus_vjepa_2_1_vitg_surgical_3stage_DI_encoder": {
      "n": 20,
      "delta_mean": 0.000604,
      "delta_ci_lo": -0.004719,
      "delta_ci_hi": 0.006167,
      "delta_ci_half": 0.005443,
      "p_value": 0.85,
      "interpretation": "vjepa_2_1_vitg_frozen - vjepa_2_1_vitg_surgical_3stage_DI_encoder > 0 means vjepa_2_1_vitg_frozen has HIGHER MSE (worse future-frame prediction) than vjepa_2_1_vitg_surgical_3stage_DI_encoder; lower MSE = better."
    },
    "vjepa_2_1_vitg_frozen_minus_vjepa_2_1_vitg_surgical_autorgn_encoder": {
      "n": 20,
      "delta_mean": -0.000977,
      "delta_ci_lo": -0.006363,
      "delta_ci_hi": 0.004527,
      "delta_ci_half": 0.005445,
      "p_value": 0.7162,
      "interpretation": "vjepa_2_1_vitg_frozen - vjepa_2_1_vitg_surgical_autorgn_encoder > 0 means vjepa_2_1_vitg_frozen has HIGHER MSE (worse future-frame prediction) than vjepa_2_1_vitg_surgical_autorgn_encoder; lower MSE = better."
    },
    "vjepa_2_1_vitg_frozen_minus_vjepa_2_1_vitg_surgery_raw_encoder": {
      "n": 20,
      "delta_mean": 0.000417,
      "delta_ci_lo": -0.004772,
      "delta_ci_hi": 0.005886,
      "delta_ci_half": 0.005329,
      "p_value": 0.9026,
      "interpretation": "vjepa_2_1_vitg_frozen - vjepa_2_1_vitg_surgery_raw_encoder > 0 means vjepa_2_1_vitg_frozen has HIGHER MSE (worse future-frame prediction) than vjepa_2_1_vitg_surgery_raw_encoder; lower MSE = better."
    },
    "vjepa_2_1_vitg_frozen_minus_vjepa_2_1_vitg_full_ft_encoder": {
      "n": 20,
      "delta_mean": -0.000825,
      "delta_ci_lo": -0.00622,
      "delta_ci_hi": 0.004514,
      "delta_ci_half": 0.005367,
      "p_value": 0.754,
      "interpretation": "vjepa_2_1_vitg_frozen - vjepa_2_1_vitg_full_ft_encoder > 0 means vjepa_2_1_vitg_frozen has HIGHER MSE (worse future-frame prediction) than vjepa_2_1_vitg_full_ft_encoder; lower MSE = better."
    },
    "vjepa_2_1_vitg_frozen_minus_vjepa_2_1_vitg_lpft_encoder": {
      "n": 20,
      "delta_mean": -0.000182,
      "delta_ci_lo": -0.005359,
      "delta_ci_hi": 0.005248,
      "delta_ci_half": 0.005304,
      "p_value": 0.93,
      "interpretation": "vjepa_2_1_vitg_frozen - vjepa_2_1_vitg_lpft_encoder > 0 means vjepa_2_1_vitg_frozen has HIGHER MSE (worse future-frame prediction) than vjepa_2_1_vitg_lpft_encoder; lower MSE = better."
    },
    "vjepa_2_1_vitg_frozen_minus_vjepa_2_1_vitg_peft_lora_encoder": {
      "n": 20,
      "delta_mean": -0.000844,
      "delta_ci_lo": -0.006312,
      "delta_ci_hi": 0.004724,
      "delta_ci_half": 0.005518,
      "p_value": 0.753,
      "interpretation": "vjepa_2_1_vitg_frozen - vjepa_2_1_vitg_peft_lora_encoder > 0 means vjepa_2_1_vitg_frozen has HIGHER MSE (worse future-frame prediction) than vjepa_2_1_vitg_peft_lora_encoder; lower MSE = better."
    },
    "vjepa_2_1_vitg_frozen_minus_vjepa_2_1_vitg_peft_dora_encoder": {
      "n": 20,
      "delta_mean": -0.000803,
      "delta_ci_lo": -0.006257,
      "delta_ci_hi": 0.004748,
      "delta_ci_half": 0.005502,
      "p_value": 0.7626,
      "interpretation": "vjepa_2_1_vitg_frozen - vjepa_2_1_vitg_peft_dora_encoder > 0 means vjepa_2_1_vitg_frozen has HIGHER MSE (worse future-frame prediction) than vjepa_2_1_vitg_peft_dora_encoder; lower MSE = better."
    },
    "vjepa_2_1_vitg_frozen_minus_vjepa_2_1_vitg_surgical_3stage_DI_diheavy_encoder": {
      "n": 20,
      "delta_mean": 0.000733,
      "delta_ci_lo": -0.004614,
      "delta_ci_hi": 0.006267,
      "delta_ci_half": 0.005441,
      "p_value": 0.8128,
      "interpretation": "vjepa_2_1_vitg_frozen - vjepa_2_1_vitg_surgical_3stage_DI_diheavy_encoder > 0 means vjepa_2_1_vitg_frozen has HIGHER MSE (worse future-frame prediction) than vjepa_2_1_vitg_surgical_3stage_DI_diheavy_encoder; lower MSE = better."
    },
    "vjepa_2_1_vitg_frozen_minus_vjepa_2_1_vitg_surgical_3stage_DI_intervene_encoder": {
      "n": 20,
      "delta_mean": -7e-05,
      "delta_ci_lo": -0.005219,
      "delta_ci_hi": 0.005464,
      "delta_ci_half": 0.005341,
      "p_value": 0.9596,
      "interpretation": "vjepa_2_1_vitg_frozen - vjepa_2_1_vitg_surgical_3stage_DI_intervene_encoder > 0 means vjepa_2_1_vitg_frozen has HIGHER MSE (worse future-frame prediction) than vjepa_2_1_vitg_surgical_3stage_DI_intervene_encoder; lower MSE = better."
    },
    "vjepa_2_1_vitg_frozen_minus_vjepa_2_1_vitg_surgical_intervene_wiseft_f30_encoder": {
      "n": 20,
      "delta_mean": 6.9e-05,
      "delta_ci_lo": -0.005179,
      "delta_ci_hi": 0.005535,
      "delta_ci_half": 0.005357,
      "p_value": 0.9984,
      "interpretation": "vjepa_2_1_vitg_frozen - vjepa_2_1_vitg_surgical_intervene_wiseft_f30_encoder > 0 means vjepa_2_1_vitg_frozen has HIGHER MSE (worse future-frame prediction) than vjepa_2_1_vitg_surgical_intervene_wiseft_f30_encoder; lower MSE = better."
    },
    "vjepa_2_1_vitg_frozen_minus_vjepa_2_1_vitg_surgical_intervene_wiseft_f50_encoder": {
      "n": 20,
      "delta_mean": -9.1e-05,
      "delta_ci_lo": -0.005398,
      "delta_ci_hi": 0.00538,
      "delta_ci_half": 0.005389,
      "p_value": 0.9568,
      "interpretation": "vjepa_2_1_vitg_frozen - vjepa_2_1_vitg_surgical_intervene_wiseft_f50_encoder > 0 means vjepa_2_1_vitg_frozen has HIGHER MSE (worse future-frame prediction) than vjepa_2_1_vitg_surgical_intervene_wiseft_f50_encoder; lower MSE = better."
    },
    "vjepa_2_1_vitg_frozen_minus_vjepa_2_1_vitg_surgical_intervene_wiseft_f70_encoder": {
      "n": 20,
      "delta_mean": -0.000797,
      "delta_ci_lo": -0.006161,
      "delta_ci_hi": 0.004628,
      "delta_ci_half": 0.005394,
      "p_value": 0.7622,
      "interpretation": "vjepa_2_1_vitg_frozen - vjepa_2_1_vitg_surgical_intervene_wiseft_f70_encoder > 0 means vjepa_2_1_vitg_frozen has HIGHER MSE (worse future-frame prediction) than vjepa_2_1_vitg_surgical_intervene_wiseft_f70_encoder; lower MSE = better."
    },
    "vjepa_2_1_vitg_pretrain_encoder_minus_vjepa_2_1_vitg_surgical_3stage_DI_encoder": {
      "n": 20,
      "delta_mean": 0.001574,
      "delta_ci_lo": 0.000577,
      "delta_ci_hi": 0.002178,
      "delta_ci_half": 0.000801,
      "p_value": 0.0004,
      "interpretation": "vjepa_2_1_vitg_pretrain_encoder - vjepa_2_1_vitg_surgical_3stage_DI_encoder > 0 means vjepa_2_1_vitg_pretrain_encoder has HIGHER MSE (worse future-frame prediction) than vjepa_2_1_vitg_surgical_3stage_DI_encoder; lower MSE = better."
    },
    "vjepa_2_1_vitg_pretrain_encoder_minus_vjepa_2_1_vitg_surgical_autorgn_encoder": {
      "n": 20,
      "delta_mean": -8e-06,
      "delta_ci_lo": -0.000811,
      "delta_ci_hi": 0.000483,
      "delta_ci_half": 0.000647,
      "p_value": 1.0,
      "interpretation": "vjepa_2_1_vitg_pretrain_encoder - vjepa_2_1_vitg_surgical_autorgn_encoder > 0 means vjepa_2_1_vitg_pretrain_encoder has HIGHER MSE (worse future-frame prediction) than vjepa_2_1_vitg_surgical_autorgn_encoder; lower MSE = better."
    },
    "vjepa_2_1_vitg_pretrain_encoder_minus_vjepa_2_1_vitg_surgery_raw_encoder": {
      "n": 20,
      "delta_mean": 0.001386,
      "delta_ci_lo": 0.000953,
      "delta_ci_hi": 0.00175,
      "delta_ci_half": 0.000398,
      "p_value": 0.0,
      "interpretation": "vjepa_2_1_vitg_pretrain_encoder - vjepa_2_1_vitg_surgery_raw_encoder > 0 means vjepa_2_1_vitg_pretrain_encoder has HIGHER MSE (worse future-frame prediction) than vjepa_2_1_vitg_surgery_raw_encoder; lower MSE = better."
    },
    "vjepa_2_1_vitg_pretrain_encoder_minus_vjepa_2_1_vitg_full_ft_encoder": {
      "n": 20,
      "delta_mean": 0.000145,
      "delta_ci_lo": -0.000934,
      "delta_ci_hi": 0.000716,
      "delta_ci_half": 0.000825,
      "p_value": 0.664,
      "interpretation": "vjepa_2_1_vitg_pretrain_encoder - vjepa_2_1_vitg_full_ft_encoder > 0 means vjepa_2_1_vitg_pretrain_encoder has HIGHER MSE (worse future-frame prediction) than vjepa_2_1_vitg_full_ft_encoder; lower MSE = better."
    },
    "vjepa_2_1_vitg_pretrain_encoder_minus_vjepa_2_1_vitg_lpft_encoder": {
      "n": 20,
      "delta_mean": 0.000788,
      "delta_ci_lo": 0.00033,
      "delta_ci_hi": 0.001139,
      "delta_ci_half": 0.000404,
      "p_value": 0.0002,
      "interpretation": "vjepa_2_1_vitg_pretrain_encoder - vjepa_2_1_vitg_lpft_encoder > 0 means vjepa_2_1_vitg_pretrain_encoder has HIGHER MSE (worse future-frame prediction) than vjepa_2_1_vitg_lpft_encoder; lower MSE = better."
    },
    "vjepa_2_1_vitg_pretrain_encoder_minus_vjepa_2_1_vitg_peft_lora_encoder": {
      "n": 20,
      "delta_mean": 0.000126,
      "delta_ci_lo": -0.000991,
      "delta_ci_hi": 0.000697,
      "delta_ci_half": 0.000844,
      "p_value": 0.7102,
      "interpretation": "vjepa_2_1_vitg_pretrain_encoder - vjepa_2_1_vitg_peft_lora_encoder > 0 means vjepa_2_1_vitg_pretrain_encoder has HIGHER MSE (worse future-frame prediction) than vjepa_2_1_vitg_peft_lora_encoder; lower MSE = better."
    },
    "vjepa_2_1_vitg_pretrain_encoder_minus_vjepa_2_1_vitg_peft_dora_encoder": {
      "n": 20,
      "delta_mean": 0.000167,
      "delta_ci_lo": -0.000923,
      "delta_ci_hi": 0.000731,
      "delta_ci_half": 0.000827,
      "p_value": 0.6382,
      "interpretation": "vjepa_2_1_vitg_pretrain_encoder - vjepa_2_1_vitg_peft_dora_encoder > 0 means vjepa_2_1_vitg_pretrain_encoder has HIGHER MSE (worse future-frame prediction) than vjepa_2_1_vitg_peft_dora_encoder; lower MSE = better."
    },
    "vjepa_2_1_vitg_pretrain_encoder_minus_vjepa_2_1_vitg_surgical_3stage_DI_diheavy_encoder": {
      "n": 20,
      "delta_mean": 0.001702,
      "delta_ci_lo": 0.000647,
      "delta_ci_hi": 0.002303,
      "delta_ci_half": 0.000828,
      "p_value": 0.0002,
      "interpretation": "vjepa_2_1_vitg_pretrain_encoder - vjepa_2_1_vitg_surgical_3stage_DI_diheavy_encoder > 0 means vjepa_2_1_vitg_pretrain_encoder has HIGHER MSE (worse future-frame prediction) than vjepa_2_1_vitg_surgical_3stage_DI_diheavy_encoder; lower MSE = better."
    },
    "vjepa_2_1_vitg_pretrain_encoder_minus_vjepa_2_1_vitg_surgical_3stage_DI_intervene_encoder": {
      "n": 20,
      "delta_mean": 0.000899,
      "delta_ci_lo": 0.000496,
      "delta_ci_hi": 0.001259,
      "delta_ci_half": 0.000382,
      "p_value": 0.0,
      "interpretation": "vjepa_2_1_vitg_pretrain_encoder - vjepa_2_1_vitg_surgical_3stage_DI_intervene_encoder > 0 means vjepa_2_1_vitg_pretrain_encoder has HIGHER MSE (worse future-frame prediction) than vjepa_2_1_vitg_surgical_3stage_DI_intervene_encoder; lower MSE = better."
    },
    "vjepa_2_1_vitg_pretrain_encoder_minus_vjepa_2_1_vitg_surgical_intervene_wiseft_f30_encoder": {
      "n": 20,
      "delta_mean": 0.001039,
      "delta_ci_lo": 0.000508,
      "delta_ci_hi": 0.001469,
      "delta_ci_half": 0.000481,
      "p_value": 0.0002,
      "interpretation": "vjepa_2_1_vitg_pretrain_encoder - vjepa_2_1_vitg_surgical_intervene_wiseft_f30_encoder > 0 means vjepa_2_1_vitg_pretrain_encoder has HIGHER MSE (worse future-frame prediction) than vjepa_2_1_vitg_surgical_intervene_wiseft_f30_encoder; lower MSE = better."
    },
    "vjepa_2_1_vitg_pretrain_encoder_minus_vjepa_2_1_vitg_surgical_intervene_wiseft_f50_encoder": {
      "n": 20,
      "delta_mean": 0.000879,
      "delta_ci_lo": 0.000151,
      "delta_ci_hi": 0.001399,
      "delta_ci_half": 0.000624,
      "p_value": 0.008,
      "interpretation": "vjepa_2_1_vitg_pretrain_encoder - vjepa_2_1_vitg_surgical_intervene_wiseft_f50_encoder > 0 means vjepa_2_1_vitg_pretrain_encoder has HIGHER MSE (worse future-frame prediction) than vjepa_2_1_vitg_surgical_intervene_wiseft_f50_encoder; lower MSE = better."
    },
    "vjepa_2_1_vitg_pretrain_encoder_minus_vjepa_2_1_vitg_surgical_intervene_wiseft_f70_encoder": {
      "n": 20,
      "delta_mean": 0.000173,
      "delta_ci_lo": -0.000718,
      "delta_ci_hi": 0.000764,
      "delta_ci_half": 0.000741,
      "p_value": 0.6134,
      "interpretation": "vjepa_2_1_vitg_pretrain_encoder - vjepa_2_1_vitg_surgical_intervene_wiseft_f70_encoder > 0 means vjepa_2_1_vitg_pretrain_encoder has HIGHER MSE (worse future-frame prediction) than vjepa_2_1_vitg_surgical_intervene_wiseft_f70_encoder; lower MSE = better."
    },
    "vjepa_2_1_vitg_surgical_3stage_DI_encoder_minus_vjepa_2_1_vitg_surgical_autorgn_encoder": {
      "n": 20,
      "delta_mean": -0.001581,
      "delta_ci_lo": -0.001954,
      "delta_ci_hi": -0.001239,
      "delta_ci_half": 0.000357,
      "p_value": 0.0,
      "interpretation": "vjepa_2_1_vitg_surgical_3stage_DI_encoder - vjepa_2_1_vitg_surgical_autorgn_encoder > 0 means vjepa_2_1_vitg_surgical_3stage_DI_encoder has HIGHER MSE (worse future-frame prediction) than vjepa_2_1_vitg_surgical_autorgn_encoder; lower MSE = better."
    },
    "vjepa_2_1_vitg_surgical_3stage_DI_encoder_minus_vjepa_2_1_vitg_surgery_raw_encoder": {
      "n": 20,
      "delta_mean": -0.000187,
      "delta_ci_lo": -0.000708,
      "delta_ci_hi": 0.000408,
      "delta_ci_half": 0.000558,
      "p_value": 0.5088,
      "interpretation": "vjepa_2_1_vitg_surgical_3stage_DI_encoder - vjepa_2_1_vitg_surgery_raw_encoder > 0 means vjepa_2_1_vitg_surgical_3stage_DI_encoder has HIGHER MSE (worse future-frame prediction) than vjepa_2_1_vitg_surgery_raw_encoder; lower MSE = better."
    },
    "vjepa_2_1_vitg_surgical_3stage_DI_encoder_minus_vjepa_2_1_vitg_full_ft_encoder": {
      "n": 20,
      "delta_mean": -0.001429,
      "delta_ci_lo": -0.001957,
      "delta_ci_hi": -0.000994,
      "delta_ci_half": 0.000482,
      "p_value": 0.0,
      "interpretation": "vjepa_2_1_vitg_surgical_3stage_DI_encoder - vjepa_2_1_vitg_full_ft_encoder > 0 means vjepa_2_1_vitg_surgical_3stage_DI_encoder has HIGHER MSE (worse future-frame prediction) than vjepa_2_1_vitg_full_ft_encoder; lower MSE = better."
    },
    "vjepa_2_1_vitg_surgical_3stage_DI_encoder_minus_vjepa_2_1_vitg_lpft_encoder": {
      "n": 20,
      "delta_mean": -0.000786,
      "delta_ci_lo": -0.001123,
      "delta_ci_hi": -0.000239,
      "delta_ci_half": 0.000442,
      "p_value": 0.0014,
      "interpretation": "vjepa_2_1_vitg_surgical_3stage_DI_encoder - vjepa_2_1_vitg_lpft_encoder > 0 means vjepa_2_1_vitg_surgical_3stage_DI_encoder has HIGHER MSE (worse future-frame prediction) than vjepa_2_1_vitg_lpft_encoder; lower MSE = better."
    },
    "vjepa_2_1_vitg_surgical_3stage_DI_encoder_minus_vjepa_2_1_vitg_peft_lora_encoder": {
      "n": 20,
      "delta_mean": -0.001448,
      "delta_ci_lo": -0.001797,
      "delta_ci_hi": -0.001169,
      "delta_ci_half": 0.000314,
      "p_value": 0.0,
      "interpretation": "vjepa_2_1_vitg_surgical_3stage_DI_encoder - vjepa_2_1_vitg_peft_lora_encoder > 0 means vjepa_2_1_vitg_surgical_3stage_DI_encoder has HIGHER MSE (worse future-frame prediction) than vjepa_2_1_vitg_peft_lora_encoder; lower MSE = better."
    },
    "vjepa_2_1_vitg_surgical_3stage_DI_encoder_minus_vjepa_2_1_vitg_peft_dora_encoder": {
      "n": 20,
      "delta_mean": -0.001407,
      "delta_ci_lo": -0.001721,
      "delta_ci_hi": -0.001138,
      "delta_ci_half": 0.000292,
      "p_value": 0.0,
      "interpretation": "vjepa_2_1_vitg_surgical_3stage_DI_encoder - vjepa_2_1_vitg_peft_dora_encoder > 0 means vjepa_2_1_vitg_surgical_3stage_DI_encoder has HIGHER MSE (worse future-frame prediction) than vjepa_2_1_vitg_peft_dora_encoder; lower MSE = better."
    },
    "vjepa_2_1_vitg_surgical_3stage_DI_encoder_minus_vjepa_2_1_vitg_surgical_3stage_DI_diheavy_encoder": {
      "n": 20,
      "delta_mean": 0.000129,
      "delta_ci_lo": -6e-06,
      "delta_ci_hi": 0.000277,
      "delta_ci_half": 0.000141,
      "p_value": 0.072,
      "interpretation": "vjepa_2_1_vitg_surgical_3stage_DI_encoder - vjepa_2_1_vitg_surgical_3stage_DI_diheavy_encoder > 0 means vjepa_2_1_vitg_surgical_3stage_DI_encoder has HIGHER MSE (worse future-frame prediction) than vjepa_2_1_vitg_surgical_3stage_DI_diheavy_encoder; lower MSE = better."
    },
    "vjepa_2_1_vitg_surgical_3stage_DI_encoder_minus_vjepa_2_1_vitg_surgical_3stage_DI_intervene_encoder": {
      "n": 20,
      "delta_mean": -0.000674,
      "delta_ci_lo": -0.001102,
      "delta_ci_hi": 0.000123,
      "delta_ci_half": 0.000613,
      "p_value": 0.0338,
      "interpretation": "vjepa_2_1_vitg_surgical_3stage_DI_encoder - vjepa_2_1_vitg_surgical_3stage_DI_intervene_encoder > 0 means vjepa_2_1_vitg_surgical_3stage_DI_encoder has HIGHER MSE (worse future-frame prediction) than vjepa_2_1_vitg_surgical_3stage_DI_intervene_encoder; lower MSE = better."
    },
    "vjepa_2_1_vitg_surgical_3stage_DI_encoder_minus_vjepa_2_1_vitg_surgical_intervene_wiseft_f30_encoder": {
      "n": 20,
      "delta_mean": -0.000535,
      "delta_ci_lo": -0.000966,
      "delta_ci_hi": -5.1e-05,
      "delta_ci_half": 0.000458,
      "p_value": 0.0232,
      "interpretation": "vjepa_2_1_vitg_surgical_3stage_DI_encoder - vjepa_2_1_vitg_surgical_intervene_wiseft_f30_encoder > 0 means vjepa_2_1_vitg_surgical_3stage_DI_encoder has HIGHER MSE (worse future-frame prediction) than vjepa_2_1_vitg_surgical_intervene_wiseft_f30_encoder; lower MSE = better."
    },
    "vjepa_2_1_vitg_surgical_3stage_DI_encoder_minus_vjepa_2_1_vitg_surgical_intervene_wiseft_f50_encoder": {
      "n": 20,
      "delta_mean": -0.000695,
      "delta_ci_lo": -0.001157,
      "delta_ci_hi": -0.000249,
      "delta_ci_half": 0.000454,
      "p_value": 0.0034,
      "interpretation": "vjepa_2_1_vitg_surgical_3stage_DI_encoder - vjepa_2_1_vitg_surgical_intervene_wiseft_f50_encoder > 0 means vjepa_2_1_vitg_surgical_3stage_DI_encoder has HIGHER MSE (worse future-frame prediction) than vjepa_2_1_vitg_surgical_intervene_wiseft_f50_encoder; lower MSE = better."
    },
    "vjepa_2_1_vitg_surgical_3stage_DI_encoder_minus_vjepa_2_1_vitg_surgical_intervene_wiseft_f70_encoder": {
      "n": 20,
      "delta_mean": -0.001401,
      "delta_ci_lo": -0.00197,
      "delta_ci_hi": -0.00092,
      "delta_ci_half": 0.000525,
      "p_value": 0.0,
      "interpretation": "vjepa_2_1_vitg_surgical_3stage_DI_encoder - vjepa_2_1_vitg_surgical_intervene_wiseft_f70_encoder > 0 means vjepa_2_1_vitg_surgical_3stage_DI_encoder has HIGHER MSE (worse future-frame prediction) than vjepa_2_1_vitg_surgical_intervene_wiseft_f70_encoder; lower MSE = better."
    },
    "vjepa_2_1_vitg_surgical_autorgn_encoder_minus_vjepa_2_1_vitg_surgery_raw_encoder": {
      "n": 20,
      "delta_mean": 0.001394,
      "delta_ci_lo": 0.001113,
      "delta_ci_hi": 0.001829,
      "delta_ci_half": 0.000358,
      "p_value": 0.0,
      "interpretation": "vjepa_2_1_vitg_surgical_autorgn_encoder - vjepa_2_1_vitg_surgery_raw_encoder > 0 means vjepa_2_1_vitg_surgical_autorgn_encoder has HIGHER MSE (worse future-frame prediction) than vjepa_2_1_vitg_surgery_raw_encoder; lower MSE = better."
    },
    "vjepa_2_1_vitg_surgical_autorgn_encoder_minus_vjepa_2_1_vitg_full_ft_encoder": {
      "n": 20,
      "delta_mean": 0.000152,
      "delta_ci_lo": -0.000244,
      "delta_ci_hi": 0.000458,
      "delta_ci_half": 0.000351,
      "p_value": 0.3816,
      "interpretation": "vjepa_2_1_vitg_surgical_autorgn_encoder - vjepa_2_1_vitg_full_ft_encoder > 0 means vjepa_2_1_vitg_surgical_autorgn_encoder has HIGHER MSE (worse future-frame prediction) than vjepa_2_1_vitg_full_ft_encoder; lower MSE = better."
    },
    "vjepa_2_1_vitg_surgical_autorgn_encoder_minus_vjepa_2_1_vitg_lpft_encoder": {
      "n": 20,
      "delta_mean": 0.000795,
      "delta_ci_lo": 0.000561,
      "delta_ci_hi": 0.001149,
      "delta_ci_half": 0.000294,
      "p_value": 0.0,
      "interpretation": "vjepa_2_1_vitg_surgical_autorgn_encoder - vjepa_2_1_vitg_lpft_encoder > 0 means vjepa_2_1_vitg_surgical_autorgn_encoder has HIGHER MSE (worse future-frame prediction) than vjepa_2_1_vitg_lpft_encoder; lower MSE = better."
    },
    "vjepa_2_1_vitg_surgical_autorgn_encoder_minus_vjepa_2_1_vitg_peft_lora_encoder": {
      "n": 20,
      "delta_mean": 0.000133,
      "delta_ci_lo": -0.000144,
      "delta_ci_hi": 0.000329,
      "delta_ci_half": 0.000237,
      "p_value": 0.2704,
      "interpretation": "vjepa_2_1_vitg_surgical_autorgn_encoder - vjepa_2_1_vitg_peft_lora_encoder > 0 means vjepa_2_1_vitg_surgical_autorgn_encoder has HIGHER MSE (worse future-frame prediction) than vjepa_2_1_vitg_peft_lora_encoder; lower MSE = better."
    },
    "vjepa_2_1_vitg_surgical_autorgn_encoder_minus_vjepa_2_1_vitg_peft_dora_encoder": {
      "n": 20,
      "delta_mean": 0.000174,
      "delta_ci_lo": -9.1e-05,
      "delta_ci_hi": 0.000369,
      "delta_ci_half": 0.00023,
      "p_value": 0.148,
      "interpretation": "vjepa_2_1_vitg_surgical_autorgn_encoder - vjepa_2_1_vitg_peft_dora_encoder > 0 means vjepa_2_1_vitg_surgical_autorgn_encoder has HIGHER MSE (worse future-frame prediction) than vjepa_2_1_vitg_peft_dora_encoder; lower MSE = better."
    },
    "vjepa_2_1_vitg_surgical_autorgn_encoder_minus_vjepa_2_1_vitg_surgical_3stage_DI_diheavy_encoder": {
      "n": 20,
      "delta_mean": 0.00171,
      "delta_ci_lo": 0.001368,
      "delta_ci_hi": 0.00212,
      "delta_ci_half": 0.000376,
      "p_value": 0.0,
      "interpretation": "vjepa_2_1_vitg_surgical_autorgn_encoder - vjepa_2_1_vitg_surgical_3stage_DI_diheavy_encoder > 0 means vjepa_2_1_vitg_surgical_autorgn_encoder has HIGHER MSE (worse future-frame prediction) than vjepa_2_1_vitg_surgical_3stage_DI_diheavy_encoder; lower MSE = better."
    },
    "vjepa_2_1_vitg_surgical_autorgn_encoder_minus_vjepa_2_1_vitg_surgical_3stage_DI_intervene_encoder": {
      "n": 20,
      "delta_mean": 0.000907,
      "delta_ci_lo": 0.00062,
      "delta_ci_hi": 0.001549,
      "delta_ci_half": 0.000465,
      "p_value": 0.0,
      "interpretation": "vjepa_2_1_vitg_surgical_autorgn_encoder - vjepa_2_1_vitg_surgical_3stage_DI_intervene_encoder > 0 means vjepa_2_1_vitg_surgical_autorgn_encoder has HIGHER MSE (worse future-frame prediction) than vjepa_2_1_vitg_surgical_3stage_DI_intervene_encoder; lower MSE = better."
    },
    "vjepa_2_1_vitg_surgical_autorgn_encoder_minus_vjepa_2_1_vitg_surgical_intervene_wiseft_f30_encoder": {
      "n": 20,
      "delta_mean": 0.001046,
      "delta_ci_lo": 0.000847,
      "delta_ci_hi": 0.001375,
      "delta_ci_half": 0.000264,
      "p_value": 0.0,
      "interpretation": "vjepa_2_1_vitg_surgical_autorgn_encoder - vjepa_2_1_vitg_surgical_intervene_wiseft_f30_encoder > 0 means vjepa_2_1_vitg_surgical_autorgn_encoder has HIGHER MSE (worse future-frame prediction) than vjepa_2_1_vitg_surgical_intervene_wiseft_f30_encoder; lower MSE = better."
    },
    "vjepa_2_1_vitg_surgical_autorgn_encoder_minus_vjepa_2_1_vitg_surgical_intervene_wiseft_f50_encoder": {
      "n": 20,
      "delta_mean": 0.000887,
      "delta_ci_lo": 0.000637,
      "delta_ci_hi": 0.001218,
      "delta_ci_half": 0.000291,
      "p_value": 0.0,
      "interpretation": "vjepa_2_1_vitg_surgical_autorgn_encoder - vjepa_2_1_vitg_surgical_intervene_wiseft_f50_encoder > 0 means vjepa_2_1_vitg_surgical_autorgn_encoder has HIGHER MSE (worse future-frame prediction) than vjepa_2_1_vitg_surgical_intervene_wiseft_f50_encoder; lower MSE = better."
    },
    "vjepa_2_1_vitg_surgical_autorgn_encoder_minus_vjepa_2_1_vitg_surgical_intervene_wiseft_f70_encoder": {
      "n": 20,
      "delta_mean": 0.00018,
      "delta_ci_lo": -0.000186,
      "delta_ci_hi": 0.000608,
      "delta_ci_half": 0.000397,
      "p_value": 0.3704,
      "interpretation": "vjepa_2_1_vitg_surgical_autorgn_encoder - vjepa_2_1_vitg_surgical_intervene_wiseft_f70_encoder > 0 means vjepa_2_1_vitg_surgical_autorgn_encoder has HIGHER MSE (worse future-frame prediction) than vjepa_2_1_vitg_surgical_intervene_wiseft_f70_encoder; lower MSE = better."
    },
    "vjepa_2_1_vitg_surgery_raw_encoder_minus_vjepa_2_1_vitg_full_ft_encoder": {
      "n": 20,
      "delta_mean": -0.001242,
      "delta_ci_lo": -0.001967,
      "delta_ci_hi": -0.000806,
      "delta_ci_half": 0.00058,
      "p_value": 0.0,
      "interpretation": "vjepa_2_1_vitg_surgery_raw_encoder - vjepa_2_1_vitg_full_ft_encoder > 0 means vjepa_2_1_vitg_surgery_raw_encoder has HIGHER MSE (worse future-frame prediction) than vjepa_2_1_vitg_full_ft_encoder; lower MSE = better."
    },
    "vjepa_2_1_vitg_surgery_raw_encoder_minus_vjepa_2_1_vitg_lpft_encoder": {
      "n": 20,
      "delta_mean": -0.000599,
      "delta_ci_lo": -0.000835,
      "delta_ci_hi": -0.000262,
      "delta_ci_half": 0.000286,
      "p_value": 0.0004,
      "interpretation": "vjepa_2_1_vitg_surgery_raw_encoder - vjepa_2_1_vitg_lpft_encoder > 0 means vjepa_2_1_vitg_surgery_raw_encoder has HIGHER MSE (worse future-frame prediction) than vjepa_2_1_vitg_lpft_encoder; lower MSE = better."
    },
    "vjepa_2_1_vitg_surgery_raw_encoder_minus_vjepa_2_1_vitg_peft_lora_encoder": {
      "n": 20,
      "delta_mean": -0.001261,
      "delta_ci_lo": -0.001972,
      "delta_ci_hi": -0.000852,
      "delta_ci_half": 0.00056,
      "p_value": 0.0,
      "interpretation": "vjepa_2_1_vitg_surgery_raw_encoder - vjepa_2_1_vitg_peft_lora_encoder > 0 means vjepa_2_1_vitg_surgery_raw_encoder has HIGHER MSE (worse future-frame prediction) than vjepa_2_1_vitg_peft_lora_encoder; lower MSE = better."
    },
    "vjepa_2_1_vitg_surgery_raw_encoder_minus_vjepa_2_1_vitg_peft_dora_encoder": {
      "n": 20,
      "delta_mean": -0.00122,
      "delta_ci_lo": -0.001918,
      "delta_ci_hi": -0.000805,
      "delta_ci_half": 0.000557,
      "p_value": 0.0,
      "interpretation": "vjepa_2_1_vitg_surgery_raw_encoder - vjepa_2_1_vitg_peft_dora_encoder > 0 means vjepa_2_1_vitg_surgery_raw_encoder has HIGHER MSE (worse future-frame prediction) than vjepa_2_1_vitg_peft_dora_encoder; lower MSE = better."
    },
    "vjepa_2_1_vitg_surgery_raw_encoder_minus_vjepa_2_1_vitg_surgical_3stage_DI_diheavy_encoder": {
      "n": 20,
      "delta_mean": 0.000316,
      "delta_ci_lo": -0.000328,
      "delta_ci_hi": 0.000875,
      "delta_ci_half": 0.000602,
      "p_value": 0.3064,
      "interpretation": "vjepa_2_1_vitg_surgery_raw_encoder - vjepa_2_1_vitg_surgical_3stage_DI_diheavy_encoder > 0 means vjepa_2_1_vitg_surgery_raw_encoder has HIGHER MSE (worse future-frame prediction) than vjepa_2_1_vitg_surgical_3stage_DI_diheavy_encoder; lower MSE = better."
    },
    "vjepa_2_1_vitg_surgery_raw_encoder_minus_vjepa_2_1_vitg_surgical_3stage_DI_intervene_encoder": {
      "n": 20,
      "delta_mean": -0.000487,
      "delta_ci_lo": -0.000795,
      "delta_ci_hi": -0.000219,
      "delta_ci_half": 0.000288,
      "p_value": 0.0008,
      "interpretation": "vjepa_2_1_vitg_surgery_raw_encoder - vjepa_2_1_vitg_surgical_3stage_DI_intervene_encoder > 0 means vjepa_2_1_vitg_surgery_raw_encoder has HIGHER MSE (worse future-frame prediction) than vjepa_2_1_vitg_surgical_3stage_DI_intervene_encoder; lower MSE = better."
    },
    "vjepa_2_1_vitg_surgery_raw_encoder_minus_vjepa_2_1_vitg_surgical_intervene_wiseft_f30_encoder": {
      "n": 20,
      "delta_mean": -0.000348,
      "delta_ci_lo": -0.000615,
      "delta_ci_hi": -7.6e-05,
      "delta_ci_half": 0.00027,
      "p_value": 0.0118,
      "interpretation": "vjepa_2_1_vitg_surgery_raw_encoder - vjepa_2_1_vitg_surgical_intervene_wiseft_f30_encoder > 0 means vjepa_2_1_vitg_surgery_raw_encoder has HIGHER MSE (worse future-frame prediction) than vjepa_2_1_vitg_surgical_intervene_wiseft_f30_encoder; lower MSE = better."
    },
    "vjepa_2_1_vitg_surgery_raw_encoder_minus_vjepa_2_1_vitg_surgical_intervene_wiseft_f50_encoder": {
      "n": 20,
      "delta_mean": -0.000508,
      "delta_ci_lo": -0.000919,
      "delta_ci_hi": -0.000121,
      "delta_ci_half": 0.000399,
      "p_value": 0.0116,
      "interpretation": "vjepa_2_1_vitg_surgery_raw_encoder - vjepa_2_1_vitg_surgical_intervene_wiseft_f50_encoder > 0 means vjepa_2_1_vitg_surgery_raw_encoder has HIGHER MSE (worse future-frame prediction) than vjepa_2_1_vitg_surgical_intervene_wiseft_f50_encoder; lower MSE = better."
    },
    "vjepa_2_1_vitg_surgery_raw_encoder_minus_vjepa_2_1_vitg_surgical_intervene_wiseft_f70_encoder": {
      "n": 20,
      "delta_mean": -0.001214,
      "delta_ci_lo": -0.00179,
      "delta_ci_hi": -0.000759,
      "delta_ci_half": 0.000515,
      "p_value": 0.0,
      "interpretation": "vjepa_2_1_vitg_surgery_raw_encoder - vjepa_2_1_vitg_surgical_intervene_wiseft_f70_encoder > 0 means vjepa_2_1_vitg_surgery_raw_encoder has HIGHER MSE (worse future-frame prediction) than vjepa_2_1_vitg_surgical_intervene_wiseft_f70_encoder; lower MSE = better."
    },
    "vjepa_2_1_vitg_full_ft_encoder_minus_vjepa_2_1_vitg_lpft_encoder": {
      "n": 20,
      "delta_mean": 0.000643,
      "delta_ci_lo": 0.000283,
      "delta_ci_hi": 0.001253,
      "delta_ci_half": 0.000485,
      "p_value": 0.0002,
      "interpretation": "vjepa_2_1_vitg_full_ft_encoder - vjepa_2_1_vitg_lpft_encoder > 0 means vjepa_2_1_vitg_full_ft_encoder has HIGHER MSE (worse future-frame prediction) than vjepa_2_1_vitg_lpft_encoder; lower MSE = better."
    },
    "vjepa_2_1_vitg_full_ft_encoder_minus_vjepa_2_1_vitg_peft_lora_encoder": {
      "n": 20,
      "delta_mean": -1.9e-05,
      "delta_ci_lo": -0.000348,
      "delta_ci_hi": 0.000417,
      "delta_ci_half": 0.000383,
      "p_value": 0.8988,
      "interpretation": "vjepa_2_1_vitg_full_ft_encoder - vjepa_2_1_vitg_peft_lora_encoder > 0 means vjepa_2_1_vitg_full_ft_encoder has HIGHER MSE (worse future-frame prediction) than vjepa_2_1_vitg_peft_lora_encoder; lower MSE = better."
    },
    "vjepa_2_1_vitg_full_ft_encoder_minus_vjepa_2_1_vitg_peft_dora_encoder": {
      "n": 20,
      "delta_mean": 2.2e-05,
      "delta_ci_lo": -0.000303,
      "delta_ci_hi": 0.000455,
      "delta_ci_half": 0.000379,
      "p_value": 0.9376,
      "interpretation": "vjepa_2_1_vitg_full_ft_encoder - vjepa_2_1_vitg_peft_dora_encoder > 0 means vjepa_2_1_vitg_full_ft_encoder has HIGHER MSE (worse future-frame prediction) than vjepa_2_1_vitg_peft_dora_encoder; lower MSE = better."
    },
    "vjepa_2_1_vitg_full_ft_encoder_minus_vjepa_2_1_vitg_surgical_3stage_DI_diheavy_encoder": {
      "n": 20,
      "delta_mean": 0.001558,
      "delta_ci_lo": 0.001107,
      "delta_ci_hi": 0.002139,
      "delta_ci_half": 0.000516,
      "p_value": 0.0,
      "interpretation": "vjepa_2_1_vitg_full_ft_encoder - vjepa_2_1_vitg_surgical_3stage_DI_diheavy_encoder > 0 means vjepa_2_1_vitg_full_ft_encoder has HIGHER MSE (worse future-frame prediction) than vjepa_2_1_vitg_surgical_3stage_DI_diheavy_encoder; lower MSE = better."
    },
    "vjepa_2_1_vitg_full_ft_encoder_minus_vjepa_2_1_vitg_surgical_3stage_DI_intervene_encoder": {
      "n": 20,
      "delta_mean": 0.000755,
      "delta_ci_lo": 0.000287,
      "delta_ci_hi": 0.001678,
      "delta_ci_half": 0.000695,
      "p_value": 0.003,
      "interpretation": "vjepa_2_1_vitg_full_ft_encoder - vjepa_2_1_vitg_surgical_3stage_DI_intervene_encoder > 0 means vjepa_2_1_vitg_full_ft_encoder has HIGHER MSE (worse future-frame prediction) than vjepa_2_1_vitg_surgical_3stage_DI_intervene_encoder; lower MSE = better."
    },
    "vjepa_2_1_vitg_full_ft_encoder_minus_vjepa_2_1_vitg_surgical_intervene_wiseft_f30_encoder": {
      "n": 20,
      "delta_mean": 0.000894,
      "delta_ci_lo": 0.000531,
      "delta_ci_hi": 0.001481,
      "delta_ci_half": 0.000475,
      "p_value": 0.0,
      "interpretation": "vjepa_2_1_vitg_full_ft_encoder - vjepa_2_1_vitg_surgical_intervene_wiseft_f30_encoder > 0 means vjepa_2_1_vitg_full_ft_encoder has HIGHER MSE (worse future-frame prediction) than vjepa_2_1_vitg_surgical_intervene_wiseft_f30_encoder; lower MSE = better."
    },
    "vjepa_2_1_vitg_full_ft_encoder_minus_vjepa_2_1_vitg_surgical_intervene_wiseft_f50_encoder": {
      "n": 20,
      "delta_mean": 0.000734,
      "delta_ci_lo": 0.000382,
      "delta_ci_hi": 0.001288,
      "delta_ci_half": 0.000453,
      "p_value": 0.0002,
      "interpretation": "vjepa_2_1_vitg_full_ft_encoder - vjepa_2_1_vitg_surgical_intervene_wiseft_f50_encoder > 0 means vjepa_2_1_vitg_full_ft_encoder has HIGHER MSE (worse future-frame prediction) than vjepa_2_1_vitg_surgical_intervene_wiseft_f50_encoder; lower MSE = better."
    },
    "vjepa_2_1_vitg_full_ft_encoder_minus_vjepa_2_1_vitg_surgical_intervene_wiseft_f70_encoder": {
      "n": 20,
      "delta_mean": 2.8e-05,
      "delta_ci_lo": -0.000323,
      "delta_ci_hi": 0.000548,
      "delta_ci_half": 0.000435,
      "p_value": 0.928,
      "interpretation": "vjepa_2_1_vitg_full_ft_encoder - vjepa_2_1_vitg_surgical_intervene_wiseft_f70_encoder > 0 means vjepa_2_1_vitg_full_ft_encoder has HIGHER MSE (worse future-frame prediction) than vjepa_2_1_vitg_surgical_intervene_wiseft_f70_encoder; lower MSE = better."
    },
    "vjepa_2_1_vitg_lpft_encoder_minus_vjepa_2_1_vitg_peft_lora_encoder": {
      "n": 20,
      "delta_mean": -0.000662,
      "delta_ci_lo": -0.001332,
      "delta_ci_hi": -0.000363,
      "delta_ci_half": 0.000484,
      "p_value": 0.0,
      "interpretation": "vjepa_2_1_vitg_lpft_encoder - vjepa_2_1_vitg_peft_lora_encoder > 0 means vjepa_2_1_vitg_lpft_encoder has HIGHER MSE (worse future-frame prediction) than vjepa_2_1_vitg_peft_lora_encoder; lower MSE = better."
    },
    "vjepa_2_1_vitg_lpft_encoder_minus_vjepa_2_1_vitg_peft_dora_encoder": {
      "n": 20,
      "delta_mean": -0.000621,
      "delta_ci_lo": -0.001276,
      "delta_ci_hi": -0.000329,
      "delta_ci_half": 0.000474,
      "p_value": 0.0,
      "interpretation": "vjepa_2_1_vitg_lpft_encoder - vjepa_2_1_vitg_peft_dora_encoder > 0 means vjepa_2_1_vitg_lpft_encoder has HIGHER MSE (worse future-frame prediction) than vjepa_2_1_vitg_peft_dora_encoder; lower MSE = better."
    },
    "vjepa_2_1_vitg_lpft_encoder_minus_vjepa_2_1_vitg_surgical_3stage_DI_diheavy_encoder": {
      "n": 20,
      "delta_mean": 0.000915,
      "delta_ci_lo": 0.000308,
      "delta_ci_hi": 0.001258,
      "delta_ci_half": 0.000475,
      "p_value": 0.0008,
      "interpretation": "vjepa_2_1_vitg_lpft_encoder - vjepa_2_1_vitg_surgical_3stage_DI_diheavy_encoder > 0 means vjepa_2_1_vitg_lpft_encoder has HIGHER MSE (worse future-frame prediction) than vjepa_2_1_vitg_surgical_3stage_DI_diheavy_encoder; lower MSE = better."
    },
    "vjepa_2_1_vitg_lpft_encoder_minus_vjepa_2_1_vitg_surgical_3stage_DI_intervene_encoder": {
      "n": 20,
      "delta_mean": 0.000112,
      "delta_ci_lo": -0.000159,
      "delta_ci_hi": 0.000425,
      "delta_ci_half": 0.000292,
      "p_value": 0.465,
      "interpretation": "vjepa_2_1_vitg_lpft_encoder - vjepa_2_1_vitg_surgical_3stage_DI_intervene_encoder > 0 means vjepa_2_1_vitg_lpft_encoder has HIGHER MSE (worse future-frame prediction) than vjepa_2_1_vitg_surgical_3stage_DI_intervene_encoder; lower MSE = better."
    },
    "vjepa_2_1_vitg_lpft_encoder_minus_vjepa_2_1_vitg_surgical_intervene_wiseft_f30_encoder": {
      "n": 20,
      "delta_mean": 0.000251,
      "delta_ci_lo": 2.6e-05,
      "delta_ci_hi": 0.000513,
      "delta_ci_half": 0.000243,
      "p_value": 0.0372,
      "interpretation": "vjepa_2_1_vitg_lpft_encoder - vjepa_2_1_vitg_surgical_intervene_wiseft_f30_encoder > 0 means vjepa_2_1_vitg_lpft_encoder has HIGHER MSE (worse future-frame prediction) than vjepa_2_1_vitg_surgical_intervene_wiseft_f30_encoder; lower MSE = better."
    },
    "vjepa_2_1_vitg_lpft_encoder_minus_vjepa_2_1_vitg_surgical_intervene_wiseft_f50_encoder": {
      "n": 20,
      "delta_mean": 9.1e-05,
      "delta_ci_lo": -0.000227,
      "delta_ci_hi": 0.000495,
      "delta_ci_half": 0.000361,
      "p_value": 0.6232,
      "interpretation": "vjepa_2_1_vitg_lpft_encoder - vjepa_2_1_vitg_surgical_intervene_wiseft_f50_encoder > 0 means vjepa_2_1_vitg_lpft_encoder has HIGHER MSE (worse future-frame prediction) than vjepa_2_1_vitg_surgical_intervene_wiseft_f50_encoder; lower MSE = better."
    },
    "vjepa_2_1_vitg_lpft_encoder_minus_vjepa_2_1_vitg_surgical_intervene_wiseft_f70_encoder": {
      "n": 20,
      "delta_mean": -0.000615,
      "delta_ci_lo": -0.001101,
      "delta_ci_hi": -0.000152,
      "delta_ci_half": 0.000475,
      "p_value": 0.0108,
      "interpretation": "vjepa_2_1_vitg_lpft_encoder - vjepa_2_1_vitg_surgical_intervene_wiseft_f70_encoder > 0 means vjepa_2_1_vitg_lpft_encoder has HIGHER MSE (worse future-frame prediction) than vjepa_2_1_vitg_surgical_intervene_wiseft_f70_encoder; lower MSE = better."
    },
    "vjepa_2_1_vitg_peft_lora_encoder_minus_vjepa_2_1_vitg_peft_dora_encoder": {
      "n": 20,
      "delta_mean": 4.1e-05,
      "delta_ci_lo": -2e-06,
      "delta_ci_hi": 8.4e-05,
      "delta_ci_half": 4.3e-05,
      "p_value": 0.0578,
      "interpretation": "vjepa_2_1_vitg_peft_lora_encoder - vjepa_2_1_vitg_peft_dora_encoder > 0 means vjepa_2_1_vitg_peft_lora_encoder has HIGHER MSE (worse future-frame prediction) than vjepa_2_1_vitg_peft_dora_encoder; lower MSE = better."
    },
    "vjepa_2_1_vitg_peft_lora_encoder_minus_vjepa_2_1_vitg_surgical_3stage_DI_diheavy_encoder": {
      "n": 20,
      "delta_mean": 0.001577,
      "delta_ci_lo": 0.001321,
      "delta_ci_hi": 0.001885,
      "delta_ci_half": 0.000282,
      "p_value": 0.0,
      "interpretation": "vjepa_2_1_vitg_peft_lora_encoder - vjepa_2_1_vitg_surgical_3stage_DI_diheavy_encoder > 0 means vjepa_2_1_vitg_peft_lora_encoder has HIGHER MSE (worse future-frame prediction) than vjepa_2_1_vitg_surgical_3stage_DI_diheavy_encoder; lower MSE = better."
    },
    "vjepa_2_1_vitg_peft_lora_encoder_minus_vjepa_2_1_vitg_surgical_3stage_DI_intervene_encoder": {
      "n": 20,
      "delta_mean": 0.000774,
      "delta_ci_lo": 0.000371,
      "delta_ci_hi": 0.001715,
      "delta_ci_half": 0.000672,
      "p_value": 0.0008,
      "interpretation": "vjepa_2_1_vitg_peft_lora_encoder - vjepa_2_1_vitg_surgical_3stage_DI_intervene_encoder > 0 means vjepa_2_1_vitg_peft_lora_encoder has HIGHER MSE (worse future-frame prediction) than vjepa_2_1_vitg_surgical_3stage_DI_intervene_encoder; lower MSE = better."
    },
    "vjepa_2_1_vitg_peft_lora_encoder_minus_vjepa_2_1_vitg_surgical_intervene_wiseft_f30_encoder": {
      "n": 20,
      "delta_mean": 0.000913,
      "delta_ci_lo": 0.000587,
      "delta_ci_hi": 0.00151,
      "delta_ci_half": 0.000462,
      "p_value": 0.0,
      "interpretation": "vjepa_2_1_vitg_peft_lora_encoder - vjepa_2_1_vitg_surgical_intervene_wiseft_f30_encoder > 0 means vjepa_2_1_vitg_peft_lora_encoder has HIGHER MSE (worse future-frame prediction) than vjepa_2_1_vitg_surgical_intervene_wiseft_f30_encoder; lower MSE = better."
    },
    "vjepa_2_1_vitg_peft_lora_encoder_minus_vjepa_2_1_vitg_surgical_intervene_wiseft_f50_encoder": {
      "n": 20,
      "delta_mean": 0.000753,
      "delta_ci_lo": 0.000412,
      "delta_ci_hi": 0.001189,
      "delta_ci_half": 0.000389,
      "p_value": 0.0,
      "interpretation": "vjepa_2_1_vitg_peft_lora_encoder - vjepa_2_1_vitg_surgical_intervene_wiseft_f50_encoder > 0 means vjepa_2_1_vitg_peft_lora_encoder has HIGHER MSE (worse future-frame prediction) than vjepa_2_1_vitg_surgical_intervene_wiseft_f50_encoder; lower MSE = better."
    },
    "vjepa_2_1_vitg_peft_lora_encoder_minus_vjepa_2_1_vitg_surgical_intervene_wiseft_f70_encoder": {
      "n": 20,
      "delta_mean": 4.7e-05,
      "delta_ci_lo": -0.00037,
      "delta_ci_hi": 0.000491,
      "delta_ci_half": 0.00043,
      "p_value": 0.8296,
      "interpretation": "vjepa_2_1_vitg_peft_lora_encoder - vjepa_2_1_vitg_surgical_intervene_wiseft_f70_encoder > 0 means vjepa_2_1_vitg_peft_lora_encoder has HIGHER MSE (worse future-frame prediction) than vjepa_2_1_vitg_surgical_intervene_wiseft_f70_encoder; lower MSE = better."
    },
    "vjepa_2_1_vitg_peft_dora_encoder_minus_vjepa_2_1_vitg_surgical_3stage_DI_diheavy_encoder": {
      "n": 20,
      "delta_mean": 0.001536,
      "delta_ci_lo": 0.0013,
      "delta_ci_hi": 0.001824,
      "delta_ci_half": 0.000262,
      "p_value": 0.0,
      "interpretation": "vjepa_2_1_vitg_peft_dora_encoder - vjepa_2_1_vitg_surgical_3stage_DI_diheavy_encoder > 0 means vjepa_2_1_vitg_peft_dora_encoder has HIGHER MSE (worse future-frame prediction) than vjepa_2_1_vitg_surgical_3stage_DI_diheavy_encoder; lower MSE = better."
    },
    "vjepa_2_1_vitg_peft_dora_encoder_minus_vjepa_2_1_vitg_surgical_3stage_DI_intervene_encoder": {
      "n": 20,
      "delta_mean": 0.000733,
      "delta_ci_lo": 0.000339,
      "delta_ci_hi": 0.001669,
      "delta_ci_half": 0.000665,
      "p_value": 0.0006,
      "interpretation": "vjepa_2_1_vitg_peft_dora_encoder - vjepa_2_1_vitg_surgical_3stage_DI_intervene_encoder > 0 means vjepa_2_1_vitg_peft_dora_encoder has HIGHER MSE (worse future-frame prediction) than vjepa_2_1_vitg_surgical_3stage_DI_intervene_encoder; lower MSE = better."
    },
    "vjepa_2_1_vitg_peft_dora_encoder_minus_vjepa_2_1_vitg_surgical_intervene_wiseft_f30_encoder": {
      "n": 20,
      "delta_mean": 0.000872,
      "delta_ci_lo": 0.000552,
      "delta_ci_hi": 0.001446,
      "delta_ci_half": 0.000447,
      "p_value": 0.0,
      "interpretation": "vjepa_2_1_vitg_peft_dora_encoder - vjepa_2_1_vitg_surgical_intervene_wiseft_f30_encoder > 0 means vjepa_2_1_vitg_peft_dora_encoder has HIGHER MSE (worse future-frame prediction) than vjepa_2_1_vitg_surgical_intervene_wiseft_f30_encoder; lower MSE = better."
    },
    "vjepa_2_1_vitg_peft_dora_encoder_minus_vjepa_2_1_vitg_surgical_intervene_wiseft_f50_encoder": {
      "n": 20,
      "delta_mean": 0.000712,
      "delta_ci_lo": 0.000372,
      "delta_ci_hi": 0.001134,
      "delta_ci_half": 0.000381,
      "p_value": 0.0,
      "interpretation": "vjepa_2_1_vitg_peft_dora_encoder - vjepa_2_1_vitg_surgical_intervene_wiseft_f50_encoder > 0 means vjepa_2_1_vitg_peft_dora_encoder has HIGHER MSE (worse future-frame prediction) than vjepa_2_1_vitg_surgical_intervene_wiseft_f50_encoder; lower MSE = better."
    },
    "vjepa_2_1_vitg_peft_dora_encoder_minus_vjepa_2_1_vitg_surgical_intervene_wiseft_f70_encoder": {
      "n": 20,
      "delta_mean": 6e-06,
      "delta_ci_lo": -0.000409,
      "delta_ci_hi": 0.000448,
      "delta_ci_half": 0.000429,
      "p_value": 0.98,
      "interpretation": "vjepa_2_1_vitg_peft_dora_encoder - vjepa_2_1_vitg_surgical_intervene_wiseft_f70_encoder > 0 means vjepa_2_1_vitg_peft_dora_encoder has HIGHER MSE (worse future-frame prediction) than vjepa_2_1_vitg_surgical_intervene_wiseft_f70_encoder; lower MSE = better."
    },
    "vjepa_2_1_vitg_surgical_3stage_DI_diheavy_encoder_minus_vjepa_2_1_vitg_surgical_3stage_DI_intervene_encoder": {
      "n": 20,
      "delta_mean": -0.000803,
      "delta_ci_lo": -0.001246,
      "delta_ci_hi": 4e-05,
      "delta_ci_half": 0.000643,
      "p_value": 0.0202,
      "interpretation": "vjepa_2_1_vitg_surgical_3stage_DI_diheavy_encoder - vjepa_2_1_vitg_surgical_3stage_DI_intervene_encoder > 0 means vjepa_2_1_vitg_surgical_3stage_DI_diheavy_encoder has HIGHER MSE (worse future-frame prediction) than vjepa_2_1_vitg_surgical_3stage_DI_intervene_encoder; lower MSE = better."
    },
    "vjepa_2_1_vitg_surgical_3stage_DI_diheavy_encoder_minus_vjepa_2_1_vitg_surgical_intervene_wiseft_f30_encoder": {
      "n": 20,
      "delta_mean": -0.000664,
      "delta_ci_lo": -0.001131,
      "delta_ci_hi": -0.000153,
      "delta_ci_half": 0.000489,
      "p_value": 0.0098,
      "interpretation": "vjepa_2_1_vitg_surgical_3stage_DI_diheavy_encoder - vjepa_2_1_vitg_surgical_intervene_wiseft_f30_encoder > 0 means vjepa_2_1_vitg_surgical_3stage_DI_diheavy_encoder has HIGHER MSE (worse future-frame prediction) than vjepa_2_1_vitg_surgical_intervene_wiseft_f30_encoder; lower MSE = better."
    },
    "vjepa_2_1_vitg_surgical_3stage_DI_diheavy_encoder_minus_vjepa_2_1_vitg_surgical_intervene_wiseft_f50_encoder": {
      "n": 20,
      "delta_mean": -0.000823,
      "delta_ci_lo": -0.001329,
      "delta_ci_hi": -0.00039,
      "delta_ci_half": 0.00047,
      "p_value": 0.0006,
      "interpretation": "vjepa_2_1_vitg_surgical_3stage_DI_diheavy_encoder - vjepa_2_1_vitg_surgical_intervene_wiseft_f50_encoder > 0 means vjepa_2_1_vitg_surgical_3stage_DI_diheavy_encoder has HIGHER MSE (worse future-frame prediction) than vjepa_2_1_vitg_surgical_intervene_wiseft_f50_encoder; lower MSE = better."
    },
    "vjepa_2_1_vitg_surgical_3stage_DI_diheavy_encoder_minus_vjepa_2_1_vitg_surgical_intervene_wiseft_f70_encoder": {
      "n": 20,
      "delta_mean": -0.00153,
      "delta_ci_lo": -0.002106,
      "delta_ci_hi": -0.00104,
      "delta_ci_half": 0.000533,
      "p_value": 0.0,
      "interpretation": "vjepa_2_1_vitg_surgical_3stage_DI_diheavy_encoder - vjepa_2_1_vitg_surgical_intervene_wiseft_f70_encoder > 0 means vjepa_2_1_vitg_surgical_3stage_DI_diheavy_encoder has HIGHER MSE (worse future-frame prediction) than vjepa_2_1_vitg_surgical_intervene_wiseft_f70_encoder; lower MSE = better."
    },
    "vjepa_2_1_vitg_surgical_3stage_DI_intervene_encoder_minus_vjepa_2_1_vitg_surgical_intervene_wiseft_f30_encoder": {
      "n": 20,
      "delta_mean": 0.000139,
      "delta_ci_lo": -0.000206,
      "delta_ci_hi": 0.000386,
      "delta_ci_half": 0.000296,
      "p_value": 0.355,
      "interpretation": "vjepa_2_1_vitg_surgical_3stage_DI_intervene_encoder - vjepa_2_1_vitg_surgical_intervene_wiseft_f30_encoder > 0 means vjepa_2_1_vitg_surgical_3stage_DI_intervene_encoder has HIGHER MSE (worse future-frame prediction) than vjepa_2_1_vitg_surgical_intervene_wiseft_f30_encoder; lower MSE = better."
    },
    "vjepa_2_1_vitg_surgical_3stage_DI_intervene_encoder_minus_vjepa_2_1_vitg_surgical_intervene_wiseft_f50_encoder": {
      "n": 20,
      "delta_mean": -2e-05,
      "delta_ci_lo": -0.000562,
      "delta_ci_hi": 0.000376,
      "delta_ci_half": 0.000469,
      "p_value": 0.963,
      "interpretation": "vjepa_2_1_vitg_surgical_3stage_DI_intervene_encoder - vjepa_2_1_vitg_surgical_intervene_wiseft_f50_encoder > 0 means vjepa_2_1_vitg_surgical_3stage_DI_intervene_encoder has HIGHER MSE (worse future-frame prediction) than vjepa_2_1_vitg_surgical_intervene_wiseft_f50_encoder; lower MSE = better."
    },
    "vjepa_2_1_vitg_surgical_3stage_DI_intervene_encoder_minus_vjepa_2_1_vitg_surgical_intervene_wiseft_f70_encoder": {
      "n": 20,
      "delta_mean": -0.000727,
      "delta_ci_lo": -0.001473,
      "delta_ci_hi": -0.000196,
      "delta_ci_half": 0.000638,
      "p_value": 0.0144,
      "interpretation": "vjepa_2_1_vitg_surgical_3stage_DI_intervene_encoder - vjepa_2_1_vitg_surgical_intervene_wiseft_f70_encoder > 0 means vjepa_2_1_vitg_surgical_3stage_DI_intervene_encoder has HIGHER MSE (worse future-frame prediction) than vjepa_2_1_vitg_surgical_intervene_wiseft_f70_encoder; lower MSE = better."
    },
    "vjepa_2_1_vitg_surgical_intervene_wiseft_f30_encoder_minus_vjepa_2_1_vitg_surgical_intervene_wiseft_f50_encoder": {
      "n": 20,
      "delta_mean": -0.00016,
      "delta_ci_lo": -0.000367,
      "delta_ci_hi": 1.5e-05,
      "delta_ci_half": 0.000191,
      "p_value": 0.0916,
      "interpretation": "vjepa_2_1_vitg_surgical_intervene_wiseft_f30_encoder - vjepa_2_1_vitg_surgical_intervene_wiseft_f50_encoder > 0 means vjepa_2_1_vitg_surgical_intervene_wiseft_f30_encoder has HIGHER MSE (worse future-frame prediction) than vjepa_2_1_vitg_surgical_intervene_wiseft_f50_encoder; lower MSE = better."
    },
    "vjepa_2_1_vitg_surgical_intervene_wiseft_f30_encoder_minus_vjepa_2_1_vitg_surgical_intervene_wiseft_f70_encoder": {
      "n": 20,
      "delta_mean": -0.000866,
      "delta_ci_lo": -0.001264,
      "delta_ci_hi": -0.000562,
      "delta_ci_half": 0.000351,
      "p_value": 0.0,
      "interpretation": "vjepa_2_1_vitg_surgical_intervene_wiseft_f30_encoder - vjepa_2_1_vitg_surgical_intervene_wiseft_f70_encoder > 0 means vjepa_2_1_vitg_surgical_intervene_wiseft_f30_encoder has HIGHER MSE (worse future-frame prediction) than vjepa_2_1_vitg_surgical_intervene_wiseft_f70_encoder; lower MSE = better."
    },
    "vjepa_2_1_vitg_surgical_intervene_wiseft_f50_encoder_minus_vjepa_2_1_vitg_surgical_intervene_wiseft_f70_encoder": {
      "n": 20,
      "delta_mean": -0.000706,
      "delta_ci_lo": -0.000911,
      "delta_ci_hi": -0.000516,
      "delta_ci_half": 0.000197,
      "p_value": 0.0,
      "interpretation": "vjepa_2_1_vitg_surgical_intervene_wiseft_f50_encoder - vjepa_2_1_vitg_surgical_intervene_wiseft_f70_encoder > 0 means vjepa_2_1_vitg_surgical_intervene_wiseft_f50_encoder has HIGHER MSE (worse future-frame prediction) than vjepa_2_1_vitg_surgical_intervene_wiseft_f70_encoder; lower MSE = better."
    }
  }
}

═══ 12:25:51 · STAGE 9b · predictor_temporal paired_per_variant (CPU) ═══
{
  "metrics": {
    "rollout": {
      "by_variant": {
        "vjepa_2_1_vitg_frozen": {
          "variant": "vjepa_2_1_vitg_frozen",
          "metric": "rollout",
          "n_test": 20,
          "mean": 0.007859,
          "std": 0.00472,
          "ci": {
            "mean": 0.007859,
            "ci_lo": 0.006119,
            "ci_hi": 0.010463,
            "ci_half": 0.002172
          },
          "lower_is_better": true,
          "interpretation": "free-run drift slope; lower = stabler dynamics",
          "num_frames": 16,
          "encoder_ckpt": "checkpoints/vjepa2_1_vitg_384.pt"
        },
        "vjepa_2_1_vitg_full_ft_encoder": {
          "variant": "vjepa_2_1_vitg_full_ft_encoder",
          "metric": "rollout",
          "n_test": 20,
          "mean": 0.005242,
          "std": 0.005054,
          "ci": {
            "mean": 0.005242,
            "ci_lo": 0.003402,
            "ci_hi": 0.008016,
            "ci_half": 0.002307
          },
          "lower_is_better": true,
          "interpretation": "free-run drift slope; lower = stabler dynamics",
          "num_frames": 16,
          "encoder_ckpt": "outputs/sanity/vjepa_2_1_vitg_1B/train/m09f_full_ft_encoder/m09c_ckpt_best.pt"
        },
        "vjepa_2_1_vitg_lpft_encoder": {
          "variant": "vjepa_2_1_vitg_lpft_encoder",
          "metric": "rollout",
          "n_test": 20,
          "mean": 0.005419,
          "std": 0.004949,
          "ci": {
            "mean": 0.005419,
            "ci_lo": 0.003635,
            "ci_hi": 0.00814,
            "ci_half": 0.002252
          },
          "lower_is_better": true,
          "interpretation": "free-run drift slope; lower = stabler dynamics",
          "num_frames": 16,
          "encoder_ckpt": "outputs/sanity/vjepa_2_1_vitg_1B/train/m09f_lpft_encoder/m09c_ckpt_best.pt"
        },
        "vjepa_2_1_vitg_peft_dora_encoder": {
          "variant": "vjepa_2_1_vitg_peft_dora_encoder",
          "metric": "rollout",
          "n_test": 20,
          "mean": 0.006683,
          "std": 0.004995,
          "ci": {
            "mean": 0.006683,
            "ci_lo": 0.004844,
            "ci_hi": 0.009356,
            "ci_half": 0.002256
          },
          "lower_is_better": true,
          "interpretation": "free-run drift slope; lower = stabler dynamics",
          "num_frames": 16,
          "encoder_ckpt": "outputs/sanity/vjepa_2_1_vitg_1B/train/m09b_peft_dora_encoder/m09c_ckpt_best.pt"
        },
        "vjepa_2_1_vitg_peft_lora_encoder": {
          "variant": "vjepa_2_1_vitg_peft_lora_encoder",
          "metric": "rollout",
          "n_test": 20,
          "mean": 0.006667,
          "std": 0.004991,
          "ci": {
            "mean": 0.006667,
            "ci_lo": 0.004826,
            "ci_hi": 0.009344,
            "ci_half": 0.002259
          },
          "lower_is_better": true,
          "interpretation": "free-run drift slope; lower = stabler dynamics",
          "num_frames": 16,
          "encoder_ckpt": "outputs/sanity/vjepa_2_1_vitg_1B/train/m09b_peft_lora_encoder/m09c_ckpt_best.pt"
        },
        "vjepa_2_1_vitg_pretrain_encoder": {
          "variant": "vjepa_2_1_vitg_pretrain_encoder",
          "metric": "rollout",
          "n_test": 20,
          "mean": 0.005138,
          "std": 0.004495,
          "ci": {
            "mean": 0.005138,
            "ci_lo": 0.00356,
            "ci_hi": 0.007728,
            "ci_half": 0.002084
          },
          "lower_is_better": true,
          "interpretation": "free-run drift slope; lower = stabler dynamics",
          "num_frames": 16,
          "encoder_ckpt": "outputs/sanity/vjepa_2_1_vitg_1B/train/m09a_pretrain_encoder/m09a_ckpt_best.pt"
        },
        "vjepa_2_1_vitg_surgery_raw_encoder": {
          "variant": "vjepa_2_1_vitg_surgery_raw_encoder",
          "metric": "rollout",
          "n_test": 20,
          "mean": 0.004509,
          "std": 0.004788,
          "ci": {
            "mean": 0.004509,
            "ci_lo": 0.002816,
            "ci_hi": 0.007141,
            "ci_half": 0.002163
          },
          "lower_is_better": true,
          "interpretation": "free-run drift slope; lower = stabler dynamics",
          "num_frames": 16,
          "encoder_ckpt": "outputs/sanity/vjepa_2_1_vitg_1B/train/m09c_surgery_raw_encoder/m09c_ckpt_best.pt"
        },
        "vjepa_2_1_vitg_surgical_3stage_DI_diheavy_encoder": {
          "variant": "vjepa_2_1_vitg_surgical_3stage_DI_diheavy_encoder",
          "metric": "rollout",
          "n_test": 20,
          "mean": 0.006398,
          "std": 0.005045,
          "ci": {
            "mean": 0.006398,
            "ci_lo": 0.004553,
            "ci_hi": 0.009158,
            "ci_half": 0.002303
          },
          "lower_is_better": true,
          "interpretation": "free-run drift slope; lower = stabler dynamics",
          "num_frames": 16,
          "encoder_ckpt": "outputs/sanity/vjepa_2_1_vitg_1B/train/m09c_surgery_3stage_DI_diheavy_encoder/m09c_ckpt_best.pt"
        },
        "vjepa_2_1_vitg_surgical_3stage_DI_encoder": {
          "variant": "vjepa_2_1_vitg_surgical_3stage_DI_encoder",
          "metric": "rollout",
          "n_test": 20,
          "mean": 0.0066,
          "std": 0.005133,
          "ci": {
            "mean": 0.0066,
            "ci_lo": 0.004724,
            "ci_hi": 0.009397,
            "ci_half": 0.002337
          },
          "lower_is_better": true,
          "interpretation": "free-run drift slope; lower = stabler dynamics",
          "num_frames": 16,
          "encoder_ckpt": "outputs/sanity/vjepa_2_1_vitg_1B/train/m09c_surgery_3stage_DI_encoder/m09c_ckpt_best.pt"
        },
        "vjepa_2_1_vitg_surgical_3stage_DI_intervene_encoder": {
          "variant": "vjepa_2_1_vitg_surgical_3stage_DI_intervene_encoder",
          "metric": "rollout",
          "n_test": 20,
          "mean": 0.006252,
          "std": 0.00502,
          "ci": {
            "mean": 0.006252,
            "ci_lo": 0.0044,
            "ci_hi": 0.008966,
            "ci_half": 0.002283
          },
          "lower_is_better": true,
          "interpretation": "free-run drift slope; lower = stabler dynamics",
          "num_frames": 16,
          "encoder_ckpt": "outputs/sanity/vjepa_2_1_vitg_1B/train/m09c_surgery_3stage_DI_intervene_encoder/m09c_ckpt_best.pt"
        },
        "vjepa_2_1_vitg_surgical_autorgn_encoder": {
          "variant": "vjepa_2_1_vitg_surgical_autorgn_encoder",
          "metric": "rollout",
          "n_test": 20,
          "mean": 0.00586,
          "std": 0.004998,
          "ci": {
            "mean": 0.00586,
            "ci_lo": 0.004024,
            "ci_hi": 0.008529,
            "ci_half": 0.002252
          },
          "lower_is_better": true,
          "interpretation": "free-run drift slope; lower = stabler dynamics",
          "num_frames": 16,
          "encoder_ckpt": "outputs/sanity/vjepa_2_1_vitg_1B/train/m09e_autorgn_encoder/m09c_ckpt_best.pt"
        },
        "vjepa_2_1_vitg_surgical_intervene_wiseft_f30_encoder": {
          "variant": "vjepa_2_1_vitg_surgical_intervene_wiseft_f30_encoder",
          "metric": "rollout",
          "n_test": 20,
          "mean": 0.006414,
          "std": 0.004916,
          "ci": {
            "mean": 0.006414,
            "ci_lo": 0.004613,
            "ci_hi": 0.009073,
            "ci_half": 0.00223
          },
          "lower_is_better": true,
          "interpretation": "free-run drift slope; lower = stabler dynamics",
          "num_frames": 16,
          "encoder_ckpt": "outputs/sanity/vjepa_2_1_vitg_1B/train/m09c_surgical_intervene_wiseft_f30_encoder/m09c_ckpt_best.pt"
        },
        "vjepa_2_1_vitg_surgical_intervene_wiseft_f50_encoder": {
          "variant": "vjepa_2_1_vitg_surgical_intervene_wiseft_f50_encoder",
          "metric": "rollout",
          "n_test": 20,
          "mean": 0.006597,
          "std": 0.004822,
          "ci": {
            "mean": 0.006597,
            "ci_lo": 0.004818,
            "ci_hi": 0.009224,
            "ci_half": 0.002203
          },
          "lower_is_better": true,
          "interpretation": "free-run drift slope; lower = stabler dynamics",
          "num_frames": 16,
          "encoder_ckpt": "outputs/sanity/vjepa_2_1_vitg_1B/train/m09c_surgical_intervene_wiseft_f50_encoder/m09c_ckpt_best.pt"
        },
        "vjepa_2_1_vitg_surgical_intervene_wiseft_f70_encoder": {
          "variant": "vjepa_2_1_vitg_surgical_intervene_wiseft_f70_encoder",
          "metric": "rollout",
          "n_test": 20,
          "mean": 0.006859,
          "std": 0.004772,
          "ci": {
            "mean": 0.006859,
            "ci_lo": 0.005102,
            "ci_hi": 0.009487,
            "ci_half": 0.002192
          },
          "lower_is_better": true,
          "interpretation": "free-run drift slope; lower = stabler dynamics",
          "num_frames": 16,
          "encoder_ckpt": "outputs/sanity/vjepa_2_1_vitg_1B/train/m09c_surgical_intervene_wiseft_f70_encoder/m09c_ckpt_best.pt"
        }
      },
      "pairwise_deltas": {
        "vjepa_2_1_vitg_frozen_minus_vjepa_2_1_vitg_full_ft_encoder": {
          "n": 20,
          "delta_mean": 0.002617,
          "delta_ci_lo": 0.002232,
          "delta_ci_hi": 0.002974,
          "p_value": 0.0
        },
        "vjepa_2_1_vitg_frozen_minus_vjepa_2_1_vitg_lpft_encoder": {
          "n": 20,
          "delta_mean": 0.00244,
          "delta_ci_lo": 0.002091,
          "delta_ci_hi": 0.002855,
          "p_value": 0.0
        },
        "vjepa_2_1_vitg_frozen_minus_vjepa_2_1_vitg_peft_dora_encoder": {
          "n": 20,
          "delta_mean": 0.001176,
          "delta_ci_lo": 0.000758,
          "delta_ci_hi": 0.001543,
          "p_value": 0.0
        },
        "vjepa_2_1_vitg_frozen_minus_vjepa_2_1_vitg_peft_lora_encoder": {
          "n": 20,
          "delta_mean": 0.001191,
          "delta_ci_lo": 0.000772,
          "delta_ci_hi": 0.001561,
          "p_value": 0.0
        },
        "vjepa_2_1_vitg_frozen_minus_vjepa_2_1_vitg_pretrain_encoder": {
          "n": 20,
          "delta_mean": 0.002721,
          "delta_ci_lo": 0.002311,
          "delta_ci_hi": 0.003172,
          "p_value": 0.0
        },
        "vjepa_2_1_vitg_frozen_minus_vjepa_2_1_vitg_surgery_raw_encoder": {
          "n": 20,
          "delta_mean": 0.00335,
          "delta_ci_lo": 0.00295,
          "delta_ci_hi": 0.003878,
          "p_value": 0.0
        },
        "vjepa_2_1_vitg_frozen_minus_vjepa_2_1_vitg_surgical_3stage_DI_diheavy_encoder": {
          "n": 20,
          "delta_mean": 0.00146,
          "delta_ci_lo": 0.001052,
          "delta_ci_hi": 0.001823,
          "p_value": 0.0
        },
        "vjepa_2_1_vitg_frozen_minus_vjepa_2_1_vitg_surgical_3stage_DI_encoder": {
          "n": 20,
          "delta_mean": 0.001258,
          "delta_ci_lo": 0.000804,
          "delta_ci_hi": 0.001641,
          "p_value": 0.0
        },
        "vjepa_2_1_vitg_frozen_minus_vjepa_2_1_vitg_surgical_3stage_DI_intervene_encoder": {
          "n": 20,
          "delta_mean": 0.001606,
          "delta_ci_lo": 0.001197,
          "delta_ci_hi": 0.002042,
          "p_value": 0.0
        },
        "vjepa_2_1_vitg_frozen_minus_vjepa_2_1_vitg_surgical_autorgn_encoder": {
          "n": 20,
          "delta_mean": 0.001998,
          "delta_ci_lo": 0.001562,
          "delta_ci_hi": 0.002381,
          "p_value": 0.0
        },
        "vjepa_2_1_vitg_frozen_minus_vjepa_2_1_vitg_surgical_intervene_wiseft_f30_encoder": {
          "n": 20,
          "delta_mean": 0.001445,
          "delta_ci_lo": 0.001076,
          "delta_ci_hi": 0.001823,
          "p_value": 0.0
        },
        "vjepa_2_1_vitg_frozen_minus_vjepa_2_1_vitg_surgical_intervene_wiseft_f50_encoder": {
          "n": 20,
          "delta_mean": 0.001262,
          "delta_ci_lo": 0.000963,
          "delta_ci_hi": 0.001577,
          "p_value": 0.0
        },
        "vjepa_2_1_vitg_frozen_minus_vjepa_2_1_vitg_surgical_intervene_wiseft_f70_encoder": {
          "n": 20,
          "delta_mean": 0.001,
          "delta_ci_lo": 0.000788,
          "delta_ci_hi": 0.001223,
          "p_value": 0.0
        },
        "vjepa_2_1_vitg_full_ft_encoder_minus_vjepa_2_1_vitg_lpft_encoder": {
          "n": 20,
          "delta_mean": -0.000177,
          "delta_ci_lo": -0.00035,
          "delta_ci_hi": 5e-06,
          "p_value": 0.0534
        },
        "vjepa_2_1_vitg_full_ft_encoder_minus_vjepa_2_1_vitg_peft_dora_encoder": {
          "n": 20,
          "delta_mean": -0.001441,
          "delta_ci_lo": -0.001702,
          "delta_ci_hi": -0.001223,
          "p_value": 0.0
        },
        "vjepa_2_1_vitg_full_ft_encoder_minus_vjepa_2_1_vitg_peft_lora_encoder": {
          "n": 20,
          "delta_mean": -0.001426,
          "delta_ci_lo": -0.001684,
          "delta_ci_hi": -0.00121,
          "p_value": 0.0
        },
        "vjepa_2_1_vitg_full_ft_encoder_minus_vjepa_2_1_vitg_pretrain_encoder": {
          "n": 20,
          "delta_mean": 0.000104,
          "delta_ci_lo": -0.000318,
          "delta_ci_hi": 0.000611,
          "p_value": 0.6624
        },
        "vjepa_2_1_vitg_full_ft_encoder_minus_vjepa_2_1_vitg_surgery_raw_encoder": {
          "n": 20,
          "delta_mean": 0.000733,
          "delta_ci_lo": 0.000456,
          "delta_ci_hi": 0.001105,
          "p_value": 0.0
        },
        "vjepa_2_1_vitg_full_ft_encoder_minus_vjepa_2_1_vitg_surgical_3stage_DI_diheavy_encoder": {
          "n": 20,
          "delta_mean": -0.001157,
          "delta_ci_lo": -0.001429,
          "delta_ci_hi": -0.00094,
          "p_value": 0.0
        },
        "vjepa_2_1_vitg_full_ft_encoder_minus_vjepa_2_1_vitg_surgical_3stage_DI_encoder": {
          "n": 20,
          "delta_mean": -0.001359,
          "delta_ci_lo": -0.001663,
          "delta_ci_hi": -0.001126,
          "p_value": 0.0
        },
        "vjepa_2_1_vitg_full_ft_encoder_minus_vjepa_2_1_vitg_surgical_3stage_DI_intervene_encoder": {
          "n": 20,
          "delta_mean": -0.001011,
          "delta_ci_lo": -0.001369,
          "delta_ci_hi": -0.000766,
          "p_value": 0.0
        },
        "vjepa_2_1_vitg_full_ft_encoder_minus_vjepa_2_1_vitg_surgical_autorgn_encoder": {
          "n": 20,
          "delta_mean": -0.000619,
          "delta_ci_lo": -0.000819,
          "delta_ci_hi": -0.000442,
          "p_value": 0.0
        },
        "vjepa_2_1_vitg_full_ft_encoder_minus_vjepa_2_1_vitg_surgical_intervene_wiseft_f30_encoder": {
          "n": 20,
          "delta_mean": -0.001172,
          "delta_ci_lo": -0.001571,
          "delta_ci_hi": -0.000942,
          "p_value": 0.0
        },
        "vjepa_2_1_vitg_full_ft_encoder_minus_vjepa_2_1_vitg_surgical_intervene_wiseft_f50_encoder": {
          "n": 20,
          "delta_mean": -0.001355,
          "delta_ci_lo": -0.001733,
          "delta_ci_hi": -0.001128,
          "p_value": 0.0
        },
        "vjepa_2_1_vitg_full_ft_encoder_minus_vjepa_2_1_vitg_surgical_intervene_wiseft_f70_encoder": {
          "n": 20,
          "delta_mean": -0.001617,
          "delta_ci_lo": -0.001951,
          "delta_ci_hi": -0.001371,
          "p_value": 0.0
        },
        "vjepa_2_1_vitg_lpft_encoder_minus_vjepa_2_1_vitg_peft_dora_encoder": {
          "n": 20,
          "delta_mean": -0.001264,
          "delta_ci_lo": -0.001595,
          "delta_ci_hi": -0.000958,
          "p_value": 0.0
        },
        "vjepa_2_1_vitg_lpft_encoder_minus_vjepa_2_1_vitg_peft_lora_encoder": {
          "n": 20,
          "delta_mean": -0.001248,
          "delta_ci_lo": -0.00157,
          "delta_ci_hi": -0.000946,
          "p_value": 0.0
        },
        "vjepa_2_1_vitg_lpft_encoder_minus_vjepa_2_1_vitg_pretrain_encoder": {
          "n": 20,
          "delta_mean": 0.000281,
          "delta_ci_lo": -5.6e-05,
          "delta_ci_hi": 0.000636,
          "p_value": 0.103
        },
        "vjepa_2_1_vitg_lpft_encoder_minus_vjepa_2_1_vitg_surgery_raw_encoder": {
          "n": 20,
          "delta_mean": 0.00091,
          "delta_ci_lo": 0.000677,
          "delta_ci_hi": 0.001152,
          "p_value": 0.0
        },
        "vjepa_2_1_vitg_lpft_encoder_minus_vjepa_2_1_vitg_surgical_3stage_DI_diheavy_encoder": {
          "n": 20,
          "delta_mean": -0.00098,
          "delta_ci_lo": -0.001351,
          "delta_ci_hi": -0.000685,
          "p_value": 0.0
        },
        "vjepa_2_1_vitg_lpft_encoder_minus_vjepa_2_1_vitg_surgical_3stage_DI_encoder": {
          "n": 20,
          "delta_mean": -0.001182,
          "delta_ci_lo": -0.001582,
          "delta_ci_hi": -0.000866,
          "p_value": 0.0
        },
        "vjepa_2_1_vitg_lpft_encoder_minus_vjepa_2_1_vitg_surgical_3stage_DI_intervene_encoder": {
          "n": 20,
          "delta_mean": -0.000833,
          "delta_ci_lo": -0.001208,
          "delta_ci_hi": -0.000569,
          "p_value": 0.0
        },
        "vjepa_2_1_vitg_lpft_encoder_minus_vjepa_2_1_vitg_surgical_autorgn_encoder": {
          "n": 20,
          "delta_mean": -0.000441,
          "delta_ci_lo": -0.000692,
          "delta_ci_hi": -0.000188,
          "p_value": 0.0006
        },
        "vjepa_2_1_vitg_lpft_encoder_minus_vjepa_2_1_vitg_surgical_intervene_wiseft_f30_encoder": {
          "n": 20,
          "delta_mean": -0.000995,
          "delta_ci_lo": -0.001415,
          "delta_ci_hi": -0.000735,
          "p_value": 0.0
        },
        "vjepa_2_1_vitg_lpft_encoder_minus_vjepa_2_1_vitg_surgical_intervene_wiseft_f50_encoder": {
          "n": 20,
          "delta_mean": -0.001178,
          "delta_ci_lo": -0.001585,
          "delta_ci_hi": -0.000923,
          "p_value": 0.0
        },
        "vjepa_2_1_vitg_lpft_encoder_minus_vjepa_2_1_vitg_surgical_intervene_wiseft_f70_encoder": {
          "n": 20,
          "delta_mean": -0.00144,
          "delta_ci_lo": -0.001819,
          "delta_ci_hi": -0.001169,
          "p_value": 0.0
        },
        "vjepa_2_1_vitg_peft_dora_encoder_minus_vjepa_2_1_vitg_peft_lora_encoder": {
          "n": 20,
          "delta_mean": 1.6e-05,
          "delta_ci_lo": 1e-06,
          "delta_ci_hi": 2.8e-05,
          "p_value": 0.0234
        },
        "vjepa_2_1_vitg_peft_dora_encoder_minus_vjepa_2_1_vitg_pretrain_encoder": {
          "n": 20,
          "delta_mean": 0.001545,
          "delta_ci_lo": 0.001044,
          "delta_ci_hi": 0.002113,
          "p_value": 0.0
        },
        "vjepa_2_1_vitg_peft_dora_encoder_minus_vjepa_2_1_vitg_surgery_raw_encoder": {
          "n": 20,
          "delta_mean": 0.002174,
          "delta_ci_lo": 0.001815,
          "delta_ci_hi": 0.002638,
          "p_value": 0.0
        },
        "vjepa_2_1_vitg_peft_dora_encoder_minus_vjepa_2_1_vitg_surgical_3stage_DI_diheavy_encoder": {
          "n": 20,
          "delta_mean": 0.000284,
          "delta_ci_lo": 0.000145,
          "delta_ci_hi": 0.00046,
          "p_value": 0.0
        },
        "vjepa_2_1_vitg_peft_dora_encoder_minus_vjepa_2_1_vitg_surgical_3stage_DI_encoder": {
          "n": 20,
          "delta_mean": 8.2e-05,
          "delta_ci_lo": -8.8e-05,
          "delta_ci_hi": 0.000245,
          "p_value": 0.3254
        },
        "vjepa_2_1_vitg_peft_dora_encoder_minus_vjepa_2_1_vitg_surgical_3stage_DI_intervene_encoder": {
          "n": 20,
          "delta_mean": 0.000431,
          "delta_ci_lo": 0.000194,
          "delta_ci_hi": 0.000701,
          "p_value": 0.0002
        },
        "vjepa_2_1_vitg_peft_dora_encoder_minus_vjepa_2_1_vitg_surgical_autorgn_encoder": {
          "n": 20,
          "delta_mean": 0.000822,
          "delta_ci_lo": 0.00068,
          "delta_ci_hi": 0.000974,
          "p_value": 0.0
        },
        "vjepa_2_1_vitg_peft_dora_encoder_minus_vjepa_2_1_vitg_surgical_intervene_wiseft_f30_encoder": {
          "n": 20,
          "delta_mean": 0.000269,
          "delta_ci_lo": 3.5e-05,
          "delta_ci_hi": 0.000517,
          "p_value": 0.0266
        },
        "vjepa_2_1_vitg_peft_dora_encoder_minus_vjepa_2_1_vitg_surgical_intervene_wiseft_f50_encoder": {
          "n": 20,
          "delta_mean": 8.6e-05,
          "delta_ci_lo": -0.000148,
          "delta_ci_hi": 0.000349,
          "p_value": 0.5078
        },
        "vjepa_2_1_vitg_peft_dora_encoder_minus_vjepa_2_1_vitg_surgical_intervene_wiseft_f70_encoder": {
          "n": 20,
          "delta_mean": -0.000176,
          "delta_ci_lo": -0.00042,
          "delta_ci_hi": 0.000121,
          "p_value": 0.2138
        },
        "vjepa_2_1_vitg_peft_lora_encoder_minus_vjepa_2_1_vitg_pretrain_encoder": {
          "n": 20,
          "delta_mean": 0.00153,
          "delta_ci_lo": 0.001034,
          "delta_ci_hi": 0.002095,
          "p_value": 0.0
        },
        "vjepa_2_1_vitg_peft_lora_encoder_minus_vjepa_2_1_vitg_surgery_raw_encoder": {
          "n": 20,
          "delta_mean": 0.002158,
          "delta_ci_lo": 0.001801,
          "delta_ci_hi": 0.002616,
          "p_value": 0.0
        },
        "vjepa_2_1_vitg_peft_lora_encoder_minus_vjepa_2_1_vitg_surgical_3stage_DI_diheavy_encoder": {
          "n": 20,
          "delta_mean": 0.000269,
          "delta_ci_lo": 0.000125,
          "delta_ci_hi": 0.000447,
          "p_value": 0.0002
        },
        "vjepa_2_1_vitg_peft_lora_encoder_minus_vjepa_2_1_vitg_surgical_3stage_DI_encoder": {
          "n": 20,
          "delta_mean": 6.7e-05,
          "delta_ci_lo": -0.000109,
          "delta_ci_hi": 0.000231,
          "p_value": 0.4362
        },
        "vjepa_2_1_vitg_peft_lora_encoder_minus_vjepa_2_1_vitg_surgical_3stage_DI_intervene_encoder": {
          "n": 20,
          "delta_mean": 0.000415,
          "delta_ci_lo": 0.000173,
          "delta_ci_hi": 0.000682,
          "p_value": 0.0004
        },
        "vjepa_2_1_vitg_peft_lora_encoder_minus_vjepa_2_1_vitg_surgical_autorgn_encoder": {
          "n": 20,
          "delta_mean": 0.000807,
          "delta_ci_lo": 0.000667,
          "delta_ci_hi": 0.000958,
          "p_value": 0.0
        },
        "vjepa_2_1_vitg_peft_lora_encoder_minus_vjepa_2_1_vitg_surgical_intervene_wiseft_f30_encoder": {
          "n": 20,
          "delta_mean": 0.000253,
          "delta_ci_lo": 1.3e-05,
          "delta_ci_hi": 0.000499,
          "p_value": 0.0372
        },
        "vjepa_2_1_vitg_peft_lora_encoder_minus_vjepa_2_1_vitg_surgical_intervene_wiseft_f50_encoder": {
          "n": 20,
          "delta_mean": 7e-05,
          "delta_ci_lo": -0.000168,
          "delta_ci_hi": 0.000335,
          "p_value": 0.592
        },
        "vjepa_2_1_vitg_peft_lora_encoder_minus_vjepa_2_1_vitg_surgical_intervene_wiseft_f70_encoder": {
          "n": 20,
          "delta_mean": -0.000192,
          "delta_ci_lo": -0.00044,
          "delta_ci_hi": 0.000105,
          "p_value": 0.1776
        },
        "vjepa_2_1_vitg_pretrain_encoder_minus_vjepa_2_1_vitg_surgery_raw_encoder": {
          "n": 20,
          "delta_mean": 0.000629,
          "delta_ci_lo": 0.000256,
          "delta_ci_hi": 0.000945,
          "p_value": 0.0006
        },
        "vjepa_2_1_vitg_pretrain_encoder_minus_vjepa_2_1_vitg_surgical_3stage_DI_diheavy_encoder": {
          "n": 20,
          "delta_mean": -0.001261,
          "delta_ci_lo": -0.001847,
          "delta_ci_hi": -0.000761,
          "p_value": 0.0
        },
        "vjepa_2_1_vitg_pretrain_encoder_minus_vjepa_2_1_vitg_surgical_3stage_DI_encoder": {
          "n": 20,
          "delta_mean": -0.001463,
          "delta_ci_lo": -0.002099,
          "delta_ci_hi": -0.000911,
          "p_value": 0.0
        },
        "vjepa_2_1_vitg_pretrain_encoder_minus_vjepa_2_1_vitg_surgical_3stage_DI_intervene_encoder": {
          "n": 20,
          "delta_mean": -0.001115,
          "delta_ci_lo": -0.00164,
          "delta_ci_hi": -0.000592,
          "p_value": 0.0002
        },
        "vjepa_2_1_vitg_pretrain_encoder_minus_vjepa_2_1_vitg_surgical_autorgn_encoder": {
          "n": 20,
          "delta_mean": -0.000723,
          "delta_ci_lo": -0.00126,
          "delta_ci_hi": -0.00023,
          "p_value": 0.0046
        },
        "vjepa_2_1_vitg_pretrain_encoder_minus_vjepa_2_1_vitg_surgical_intervene_wiseft_f30_encoder": {
          "n": 20,
          "delta_mean": -0.001276,
          "delta_ci_lo": -0.00179,
          "delta_ci_hi": -0.000764,
          "p_value": 0.0
        },
        "vjepa_2_1_vitg_pretrain_encoder_minus_vjepa_2_1_vitg_surgical_intervene_wiseft_f50_encoder": {
          "n": 20,
          "delta_mean": -0.001459,
          "delta_ci_lo": -0.001933,
          "delta_ci_hi": -0.00097,
          "p_value": 0.0
        },
        "vjepa_2_1_vitg_pretrain_encoder_minus_vjepa_2_1_vitg_surgical_intervene_wiseft_f70_encoder": {
          "n": 20,
          "delta_mean": -0.001721,
          "delta_ci_lo": -0.002173,
          "delta_ci_hi": -0.00125,
          "p_value": 0.0
        },
        "vjepa_2_1_vitg_surgery_raw_encoder_minus_vjepa_2_1_vitg_surgical_3stage_DI_diheavy_encoder": {
          "n": 20,
          "delta_mean": -0.00189,
          "delta_ci_lo": -0.002377,
          "delta_ci_hi": -0.001506,
          "p_value": 0.0
        },
        "vjepa_2_1_vitg_surgery_raw_encoder_minus_vjepa_2_1_vitg_surgical_3stage_DI_encoder": {
          "n": 20,
          "delta_mean": -0.002092,
          "delta_ci_lo": -0.002598,
          "delta_ci_hi": -0.001695,
          "p_value": 0.0
        },
        "vjepa_2_1_vitg_surgery_raw_encoder_minus_vjepa_2_1_vitg_surgical_3stage_DI_intervene_encoder": {
          "n": 20,
          "delta_mean": -0.001743,
          "delta_ci_lo": -0.0021,
          "delta_ci_hi": -0.001395,
          "p_value": 0.0
        },
        "vjepa_2_1_vitg_surgery_raw_encoder_minus_vjepa_2_1_vitg_surgical_autorgn_encoder": {
          "n": 20,
          "delta_mean": -0.001352,
          "delta_ci_lo": -0.001713,
          "delta_ci_hi": -0.001063,
          "p_value": 0.0
        },
        "vjepa_2_1_vitg_surgery_raw_encoder_minus_vjepa_2_1_vitg_surgical_intervene_wiseft_f30_encoder": {
          "n": 20,
          "delta_mean": -0.001905,
          "delta_ci_lo": -0.002268,
          "delta_ci_hi": -0.001563,
          "p_value": 0.0
        },
        "vjepa_2_1_vitg_surgery_raw_encoder_minus_vjepa_2_1_vitg_surgical_intervene_wiseft_f50_encoder": {
          "n": 20,
          "delta_mean": -0.002088,
          "delta_ci_lo": -0.002474,
          "delta_ci_hi": -0.001751,
          "p_value": 0.0
        },
        "vjepa_2_1_vitg_surgery_raw_encoder_minus_vjepa_2_1_vitg_surgical_intervene_wiseft_f70_encoder": {
          "n": 20,
          "delta_mean": -0.00235,
          "delta_ci_lo": -0.00276,
          "delta_ci_hi": -0.002003,
          "p_value": 0.0
        },
        "vjepa_2_1_vitg_surgical_3stage_DI_diheavy_encoder_minus_vjepa_2_1_vitg_surgical_3stage_DI_encoder": {
          "n": 20,
          "delta_mean": -0.000202,
          "delta_ci_lo": -0.000291,
          "delta_ci_hi": -0.000117,
          "p_value": 0.0
        },
        "vjepa_2_1_vitg_surgical_3stage_DI_diheavy_encoder_minus_vjepa_2_1_vitg_surgical_3stage_DI_intervene_encoder": {
          "n": 20,
          "delta_mean": 0.000146,
          "delta_ci_lo": -6.2e-05,
          "delta_ci_hi": 0.000382,
          "p_value": 0.1942
        },
        "vjepa_2_1_vitg_surgical_3stage_DI_diheavy_encoder_minus_vjepa_2_1_vitg_surgical_autorgn_encoder": {
          "n": 20,
          "delta_mean": 0.000538,
          "delta_ci_lo": 0.000308,
          "delta_ci_hi": 0.000732,
          "p_value": 0.0
        },
        "vjepa_2_1_vitg_surgical_3stage_DI_diheavy_encoder_minus_vjepa_2_1_vitg_surgical_intervene_wiseft_f30_encoder": {
          "n": 20,
          "delta_mean": -1.6e-05,
          "delta_ci_lo": -0.000208,
          "delta_ci_hi": 0.000211,
          "p_value": 0.869
        },
        "vjepa_2_1_vitg_surgical_3stage_DI_diheavy_encoder_minus_vjepa_2_1_vitg_surgical_intervene_wiseft_f50_encoder": {
          "n": 20,
          "delta_mean": -0.000198,
          "delta_ci_lo": -0.000379,
          "delta_ci_hi": 4.8e-05,
          "p_value": 0.0746
        },
        "vjepa_2_1_vitg_surgical_3stage_DI_diheavy_encoder_minus_vjepa_2_1_vitg_surgical_intervene_wiseft_f70_encoder": {
          "n": 20,
          "delta_mean": -0.000461,
          "delta_ci_lo": -0.000657,
          "delta_ci_hi": -0.000183,
          "p_value": 0.0008
        },
        "vjepa_2_1_vitg_surgical_3stage_DI_encoder_minus_vjepa_2_1_vitg_surgical_3stage_DI_intervene_encoder": {
          "n": 20,
          "delta_mean": 0.000348,
          "delta_ci_lo": 0.000145,
          "delta_ci_hi": 0.000594,
          "p_value": 0.0006
        },
        "vjepa_2_1_vitg_surgical_3stage_DI_encoder_minus_vjepa_2_1_vitg_surgical_autorgn_encoder": {
          "n": 20,
          "delta_mean": 0.00074,
          "delta_ci_lo": 0.00054,
          "delta_ci_hi": 0.000963,
          "p_value": 0.0
        },
        "vjepa_2_1_vitg_surgical_3stage_DI_encoder_minus_vjepa_2_1_vitg_surgical_intervene_wiseft_f30_encoder": {
          "n": 20,
          "delta_mean": 0.000186,
          "delta_ci_lo": -6e-06,
          "delta_ci_hi": 0.00043,
          "p_value": 0.0812
        },
        "vjepa_2_1_vitg_surgical_3stage_DI_encoder_minus_vjepa_2_1_vitg_surgical_intervene_wiseft_f50_encoder": {
          "n": 20,
          "delta_mean": 4e-06,
          "delta_ci_lo": -0.000203,
          "delta_ci_hi": 0.000277,
          "p_value": 0.9992
        },
        "vjepa_2_1_vitg_surgical_3stage_DI_encoder_minus_vjepa_2_1_vitg_surgical_intervene_wiseft_f70_encoder": {
          "n": 20,
          "delta_mean": -0.000259,
          "delta_ci_lo": -0.000486,
          "delta_ci_hi": 5.3e-05,
          "p_value": 0.0678
        },
        "vjepa_2_1_vitg_surgical_3stage_DI_intervene_encoder_minus_vjepa_2_1_vitg_surgical_autorgn_encoder": {
          "n": 20,
          "delta_mean": 0.000392,
          "delta_ci_lo": 0.000215,
          "delta_ci_hi": 0.000642,
          "p_value": 0.0
        },
        "vjepa_2_1_vitg_surgical_3stage_DI_intervene_encoder_minus_vjepa_2_1_vitg_surgical_intervene_wiseft_f30_encoder": {
          "n": 20,
          "delta_mean": -0.000162,
          "delta_ci_lo": -0.000269,
          "delta_ci_hi": -8.3e-05,
          "p_value": 0.0
        },
        "vjepa_2_1_vitg_surgical_3stage_DI_intervene_encoder_minus_vjepa_2_1_vitg_surgical_intervene_wiseft_f50_encoder": {
          "n": 20,
          "delta_mean": -0.000345,
          "delta_ci_lo": -0.000516,
          "delta_ci_hi": -0.000189,
          "p_value": 0.0
        },
        "vjepa_2_1_vitg_surgical_3stage_DI_intervene_encoder_minus_vjepa_2_1_vitg_surgical_intervene_wiseft_f70_encoder": {
          "n": 20,
          "delta_mean": -0.000607,
          "delta_ci_lo": -0.000856,
          "delta_ci_hi": -0.000372,
          "p_value": 0.0
        },
        "vjepa_2_1_vitg_surgical_autorgn_encoder_minus_vjepa_2_1_vitg_surgical_intervene_wiseft_f30_encoder": {
          "n": 20,
          "delta_mean": -0.000554,
          "delta_ci_lo": -0.000812,
          "delta_ci_hi": -0.000373,
          "p_value": 0.0
        },
        "vjepa_2_1_vitg_surgical_autorgn_encoder_minus_vjepa_2_1_vitg_surgical_intervene_wiseft_f50_encoder": {
          "n": 20,
          "delta_mean": -0.000737,
          "delta_ci_lo": -0.000981,
          "delta_ci_hi": -0.000502,
          "p_value": 0.0
        },
        "vjepa_2_1_vitg_surgical_autorgn_encoder_minus_vjepa_2_1_vitg_surgical_intervene_wiseft_f70_encoder": {
          "n": 20,
          "delta_mean": -0.000999,
          "delta_ci_lo": -0.001252,
          "delta_ci_hi": -0.0007,
          "p_value": 0.0
        },
        "vjepa_2_1_vitg_surgical_intervene_wiseft_f30_encoder_minus_vjepa_2_1_vitg_surgical_intervene_wiseft_f50_encoder": {
          "n": 20,
          "delta_mean": -0.000183,
          "delta_ci_lo": -0.000265,
          "delta_ci_hi": -9.5e-05,
          "p_value": 0.0
        },
        "vjepa_2_1_vitg_surgical_intervene_wiseft_f30_encoder_minus_vjepa_2_1_vitg_surgical_intervene_wiseft_f70_encoder": {
          "n": 20,
          "delta_mean": -0.000445,
          "delta_ci_lo": -0.000617,
          "delta_ci_hi": -0.000271,
          "p_value": 0.0
        },
        "vjepa_2_1_vitg_surgical_intervene_wiseft_f50_encoder_minus_vjepa_2_1_vitg_surgical_intervene_wiseft_f70_encoder": {
          "n": 20,
          "delta_mean": -0.000262,
          "delta_ci_lo": -0.00036,
          "delta_ci_hi": -0.000167,
          "p_value": 0.0
        }
      },
      "lower_is_better": true
    },
    "causal": {
      "by_variant": {
        "vjepa_2_1_vitg_frozen": {
          "variant": "vjepa_2_1_vitg_frozen",
          "metric": "causal",
          "n_test": 20,
          "mean": 0.649684,
          "std": 0.034678,
          "ci": {
            "mean": 0.649684,
            "ci_lo": 0.633931,
            "ci_hi": 0.664149,
            "ci_half": 0.015109
          },
          "lower_is_better": true,
          "interpretation": "causal future-block L1; lower = better",
          "num_frames": 16,
          "encoder_ckpt": "checkpoints/vjepa2_1_vitg_384.pt"
        },
        "vjepa_2_1_vitg_full_ft_encoder": {
          "variant": "vjepa_2_1_vitg_full_ft_encoder",
          "metric": "causal",
          "n_test": 20,
          "mean": 0.648445,
          "std": 0.034679,
          "ci": {
            "mean": 0.648445,
            "ci_lo": 0.632806,
            "ci_hi": 0.663064,
            "ci_half": 0.015129
          },
          "lower_is_better": true,
          "interpretation": "causal future-block L1; lower = better",
          "num_frames": 16,
          "encoder_ckpt": "outputs/sanity/vjepa_2_1_vitg_1B/train/m09f_full_ft_encoder/m09c_ckpt_best.pt"
        },
        "vjepa_2_1_vitg_lpft_encoder": {
          "variant": "vjepa_2_1_vitg_lpft_encoder",
          "metric": "causal",
          "n_test": 20,
          "mean": 0.647174,
          "std": 0.035801,
          "ci": {
            "mean": 0.647174,
            "ci_lo": 0.630947,
            "ci_hi": 0.66222,
            "ci_half": 0.015636
          },
          "lower_is_better": true,
          "interpretation": "causal future-block L1; lower = better",
          "num_frames": 16,
          "encoder_ckpt": "outputs/sanity/vjepa_2_1_vitg_1B/train/m09f_lpft_encoder/m09c_ckpt_best.pt"
        },
        "vjepa_2_1_vitg_peft_dora_encoder": {
          "variant": "vjepa_2_1_vitg_peft_dora_encoder",
          "metric": "causal",
          "n_test": 20,
          "mean": 0.648814,
          "std": 0.035203,
          "ci": {
            "mean": 0.648814,
            "ci_lo": 0.632976,
            "ci_hi": 0.663667,
            "ci_half": 0.015346
          },
          "lower_is_better": true,
          "interpretation": "causal future-block L1; lower = better",
          "num_frames": 16,
          "encoder_ckpt": "outputs/sanity/vjepa_2_1_vitg_1B/train/m09b_peft_dora_encoder/m09c_ckpt_best.pt"
        },
        "vjepa_2_1_vitg_peft_lora_encoder": {
          "variant": "vjepa_2_1_vitg_peft_lora_encoder",
          "metric": "causal",
          "n_test": 20,
          "mean": 0.64881,
          "std": 0.035189,
          "ci": {
            "mean": 0.64881,
            "ci_lo": 0.632945,
            "ci_hi": 0.66366,
            "ci_half": 0.015358
          },
          "lower_is_better": true,
          "interpretation": "causal future-block L1; lower = better",
          "num_frames": 16,
          "encoder_ckpt": "outputs/sanity/vjepa_2_1_vitg_1B/train/m09b_peft_lora_encoder/m09c_ckpt_best.pt"
        },
        "vjepa_2_1_vitg_pretrain_encoder": {
          "variant": "vjepa_2_1_vitg_pretrain_encoder",
          "metric": "causal",
          "n_test": 20,
          "mean": 0.646892,
          "std": 0.0362,
          "ci": {
            "mean": 0.646892,
            "ci_lo": 0.63032,
            "ci_hi": 0.662069,
            "ci_half": 0.015874
          },
          "lower_is_better": true,
          "interpretation": "causal future-block L1; lower = better",
          "num_frames": 16,
          "encoder_ckpt": "outputs/sanity/vjepa_2_1_vitg_1B/train/m09a_pretrain_encoder/m09a_ckpt_best.pt"
        },
        "vjepa_2_1_vitg_surgery_raw_encoder": {
          "variant": "vjepa_2_1_vitg_surgery_raw_encoder",
          "metric": "causal",
          "n_test": 20,
          "mean": 0.646582,
          "std": 0.035754,
          "ci": {
            "mean": 0.646582,
            "ci_lo": 0.630124,
            "ci_hi": 0.661533,
            "ci_half": 0.015704
          },
          "lower_is_better": true,
          "interpretation": "causal future-block L1; lower = better",
          "num_frames": 16,
          "encoder_ckpt": "outputs/sanity/vjepa_2_1_vitg_1B/train/m09c_surgery_raw_encoder/m09c_ckpt_best.pt"
        },
        "vjepa_2_1_vitg_surgical_3stage_DI_diheavy_encoder": {
          "variant": "vjepa_2_1_vitg_surgical_3stage_DI_diheavy_encoder",
          "metric": "causal",
          "n_test": 20,
          "mean": 0.647503,
          "std": 0.035245,
          "ci": {
            "mean": 0.647503,
            "ci_lo": 0.631591,
            "ci_hi": 0.662353,
            "ci_half": 0.015381
          },
          "lower_is_better": true,
          "interpretation": "causal future-block L1; lower = better",
          "num_frames": 16,
          "encoder_ckpt": "outputs/sanity/vjepa_2_1_vitg_1B/train/m09c_surgery_3stage_DI_diheavy_encoder/m09c_ckpt_best.pt"
        },
        "vjepa_2_1_vitg_surgical_3stage_DI_encoder": {
          "variant": "vjepa_2_1_vitg_surgical_3stage_DI_encoder",
          "metric": "causal",
          "n_test": 20,
          "mean": 0.647538,
          "std": 0.03537,
          "ci": {
            "mean": 0.647538,
            "ci_lo": 0.631546,
            "ci_hi": 0.662385,
            "ci_half": 0.015419
          },
          "lower_is_better": true,
          "interpretation": "causal future-block L1; lower = better",
          "num_frames": 16,
          "encoder_ckpt": "outputs/sanity/vjepa_2_1_vitg_1B/train/m09c_surgery_3stage_DI_encoder/m09c_ckpt_best.pt"
        },
        "vjepa_2_1_vitg_surgical_3stage_DI_intervene_encoder": {
          "variant": "vjepa_2_1_vitg_surgical_3stage_DI_intervene_encoder",
          "metric": "causal",
          "n_test": 20,
          "mean": 0.647936,
          "std": 0.036003,
          "ci": {
            "mean": 0.647936,
            "ci_lo": 0.631645,
            "ci_hi": 0.663066,
            "ci_half": 0.01571
          },
          "lower_is_better": true,
          "interpretation": "causal future-block L1; lower = better",
          "num_frames": 16,
          "encoder_ckpt": "outputs/sanity/vjepa_2_1_vitg_1B/train/m09c_surgery_3stage_DI_intervene_encoder/m09c_ckpt_best.pt"
        },
        "vjepa_2_1_vitg_surgical_autorgn_encoder": {
          "variant": "vjepa_2_1_vitg_surgical_autorgn_encoder",
          "metric": "causal",
          "n_test": 20,
          "mean": 0.648606,
          "std": 0.03546,
          "ci": {
            "mean": 0.648606,
            "ci_lo": 0.632657,
            "ci_hi": 0.663503,
            "ci_half": 0.015423
          },
          "lower_is_better": true,
          "interpretation": "causal future-block L1; lower = better",
          "num_frames": 16,
          "encoder_ckpt": "outputs/sanity/vjepa_2_1_vitg_1B/train/m09e_autorgn_encoder/m09c_ckpt_best.pt"
        },
        "vjepa_2_1_vitg_surgical_intervene_wiseft_f30_encoder": {
          "variant": "vjepa_2_1_vitg_surgical_intervene_wiseft_f30_encoder",
          "metric": "causal",
          "n_test": 20,
          "mean": 0.647487,
          "std": 0.035356,
          "ci": {
            "mean": 0.647487,
            "ci_lo": 0.631471,
            "ci_hi": 0.662298,
            "ci_half": 0.015414
          },
          "lower_is_better": true,
          "interpretation": "causal future-block L1; lower = better",
          "num_frames": 16,
          "encoder_ckpt": "outputs/sanity/vjepa_2_1_vitg_1B/train/m09c_surgical_intervene_wiseft_f30_encoder/m09c_ckpt_best.pt"
        },
        "vjepa_2_1_vitg_surgical_intervene_wiseft_f50_encoder": {
          "variant": "vjepa_2_1_vitg_surgical_intervene_wiseft_f50_encoder",
          "metric": "causal",
          "n_test": 20,
          "mean": 0.647379,
          "std": 0.034897,
          "ci": {
            "mean": 0.647379,
            "ci_lo": 0.631598,
            "ci_hi": 0.661972,
            "ci_half": 0.015187
          },
          "lower_is_better": true,
          "interpretation": "causal future-block L1; lower = better",
          "num_frames": 16,
          "encoder_ckpt": "outputs/sanity/vjepa_2_1_vitg_1B/train/m09c_surgical_intervene_wiseft_f50_encoder/m09c_ckpt_best.pt"
        },
        "vjepa_2_1_vitg_surgical_intervene_wiseft_f70_encoder": {
          "variant": "vjepa_2_1_vitg_surgical_intervene_wiseft_f70_encoder",
          "metric": "causal",
          "n_test": 20,
          "mean": 0.647654,
          "std": 0.034185,
          "ci": {
            "mean": 0.647654,
            "ci_lo": 0.632172,
            "ci_hi": 0.661939,
            "ci_half": 0.014883
          },
          "lower_is_better": true,
          "interpretation": "causal future-block L1; lower = better",
          "num_frames": 16,
          "encoder_ckpt": "outputs/sanity/vjepa_2_1_vitg_1B/train/m09c_surgical_intervene_wiseft_f70_encoder/m09c_ckpt_best.pt"
        }
      },
      "pairwise_deltas": {
        "vjepa_2_1_vitg_frozen_minus_vjepa_2_1_vitg_full_ft_encoder": {
          "n": 20,
          "delta_mean": 0.001238,
          "delta_ci_lo": 0.000471,
          "delta_ci_hi": 0.002047,
          "p_value": 0.001
        },
        "vjepa_2_1_vitg_frozen_minus_vjepa_2_1_vitg_lpft_encoder": {
          "n": 20,
          "delta_mean": 0.00251,
          "delta_ci_lo": 0.001275,
          "delta_ci_hi": 0.003483,
          "p_value": 0.0
        },
        "vjepa_2_1_vitg_frozen_minus_vjepa_2_1_vitg_peft_dora_encoder": {
          "n": 20,
          "delta_mean": 0.00087,
          "delta_ci_lo": -0.00053,
          "delta_ci_hi": 0.002035,
          "p_value": 0.193
        },
        "vjepa_2_1_vitg_frozen_minus_vjepa_2_1_vitg_peft_lora_encoder": {
          "n": 20,
          "delta_mean": 0.000874,
          "delta_ci_lo": -0.000514,
          "delta_ci_hi": 0.002028,
          "p_value": 0.1838
        },
        "vjepa_2_1_vitg_frozen_minus_vjepa_2_1_vitg_pretrain_encoder": {
          "n": 20,
          "delta_mean": 0.002791,
          "delta_ci_lo": 0.001542,
          "delta_ci_hi": 0.004152,
          "p_value": 0.0
        },
        "vjepa_2_1_vitg_frozen_minus_vjepa_2_1_vitg_surgery_raw_encoder": {
          "n": 20,
          "delta_mean": 0.003102,
          "delta_ci_lo": 0.001768,
          "delta_ci_hi": 0.004253,
          "p_value": 0.0
        },
        "vjepa_2_1_vitg_frozen_minus_vjepa_2_1_vitg_surgical_3stage_DI_diheavy_encoder": {
          "n": 20,
          "delta_mean": 0.002181,
          "delta_ci_lo": 0.000742,
          "delta_ci_hi": 0.003322,
          "p_value": 0.0018
        },
        "vjepa_2_1_vitg_frozen_minus_vjepa_2_1_vitg_surgical_3stage_DI_encoder": {
          "n": 20,
          "delta_mean": 0.002146,
          "delta_ci_lo": 0.000649,
          "delta_ci_hi": 0.003342,
          "p_value": 0.002
        },
        "vjepa_2_1_vitg_frozen_minus_vjepa_2_1_vitg_surgical_3stage_DI_intervene_encoder": {
          "n": 20,
          "delta_mean": 0.001748,
          "delta_ci_lo": 0.000472,
          "delta_ci_hi": 0.002691,
          "p_value": 0.0038
        },
        "vjepa_2_1_vitg_frozen_minus_vjepa_2_1_vitg_surgical_autorgn_encoder": {
          "n": 20,
          "delta_mean": 0.001078,
          "delta_ci_lo": -6e-05,
          "delta_ci_hi": 0.001895,
          "p_value": 0.0386
        },
        "vjepa_2_1_vitg_frozen_minus_vjepa_2_1_vitg_surgical_intervene_wiseft_f30_encoder": {
          "n": 20,
          "delta_mean": 0.002197,
          "delta_ci_lo": 0.00137,
          "delta_ci_hi": 0.002824,
          "p_value": 0.0
        },
        "vjepa_2_1_vitg_frozen_minus_vjepa_2_1_vitg_surgical_intervene_wiseft_f50_encoder": {
          "n": 20,
          "delta_mean": 0.002304,
          "delta_ci_lo": 0.001753,
          "delta_ci_hi": 0.002793,
          "p_value": 0.0
        },
        "vjepa_2_1_vitg_frozen_minus_vjepa_2_1_vitg_surgical_intervene_wiseft_f70_encoder": {
          "n": 20,
          "delta_mean": 0.00203,
          "delta_ci_lo": 0.001545,
          "delta_ci_hi": 0.002466,
          "p_value": 0.0
        },
        "vjepa_2_1_vitg_full_ft_encoder_minus_vjepa_2_1_vitg_lpft_encoder": {
          "n": 20,
          "delta_mean": 0.001272,
          "delta_ci_lo": 0.000438,
          "delta_ci_hi": 0.002144,
          "p_value": 0.0032
        },
        "vjepa_2_1_vitg_full_ft_encoder_minus_vjepa_2_1_vitg_peft_dora_encoder": {
          "n": 20,
          "delta_mean": -0.000369,
          "delta_ci_lo": -0.001312,
          "delta_ci_hi": 0.000246,
          "p_value": 0.341
        },
        "vjepa_2_1_vitg_full_ft_encoder_minus_vjepa_2_1_vitg_peft_lora_encoder": {
          "n": 20,
          "delta_mean": -0.000364,
          "delta_ci_lo": -0.001301,
          "delta_ci_hi": 0.00023,
          "p_value": 0.333
        },
        "vjepa_2_1_vitg_full_ft_encoder_minus_vjepa_2_1_vitg_pretrain_encoder": {
          "n": 20,
          "delta_mean": 0.001553,
          "delta_ci_lo": 0.000435,
          "delta_ci_hi": 0.002976,
          "p_value": 0.0108
        },
        "vjepa_2_1_vitg_full_ft_encoder_minus_vjepa_2_1_vitg_surgery_raw_encoder": {
          "n": 20,
          "delta_mean": 0.001863,
          "delta_ci_lo": 0.000712,
          "delta_ci_hi": 0.003114,
          "p_value": 0.001
        },
        "vjepa_2_1_vitg_full_ft_encoder_minus_vjepa_2_1_vitg_surgical_3stage_DI_diheavy_encoder": {
          "n": 20,
          "delta_mean": 0.000942,
          "delta_ci_lo": -9e-05,
          "delta_ci_hi": 0.001682,
          "p_value": 0.0474
        },
        "vjepa_2_1_vitg_full_ft_encoder_minus_vjepa_2_1_vitg_surgical_3stage_DI_encoder": {
          "n": 20,
          "delta_mean": 0.000908,
          "delta_ci_lo": -0.000119,
          "delta_ci_hi": 0.001731,
          "p_value": 0.0648
        },
        "vjepa_2_1_vitg_full_ft_encoder_minus_vjepa_2_1_vitg_surgical_3stage_DI_intervene_encoder": {
          "n": 20,
          "delta_mean": 0.000509,
          "delta_ci_lo": -0.000354,
          "delta_ci_hi": 0.001305,
          "p_value": 0.223
        },
        "vjepa_2_1_vitg_full_ft_encoder_minus_vjepa_2_1_vitg_surgical_autorgn_encoder": {
          "n": 20,
          "delta_mean": -0.00016,
          "delta_ci_lo": -0.000866,
          "delta_ci_hi": 0.000392,
          "p_value": 0.6184
        },
        "vjepa_2_1_vitg_full_ft_encoder_minus_vjepa_2_1_vitg_surgical_intervene_wiseft_f30_encoder": {
          "n": 20,
          "delta_mean": 0.000959,
          "delta_ci_lo": 0.000412,
          "delta_ci_hi": 0.0015,
          "p_value": 0.0002
        },
        "vjepa_2_1_vitg_full_ft_encoder_minus_vjepa_2_1_vitg_surgical_intervene_wiseft_f50_encoder": {
          "n": 20,
          "delta_mean": 0.001066,
          "delta_ci_lo": 0.00063,
          "delta_ci_hi": 0.001453,
          "p_value": 0.0
        },
        "vjepa_2_1_vitg_full_ft_encoder_minus_vjepa_2_1_vitg_surgical_intervene_wiseft_f70_encoder": {
          "n": 20,
          "delta_mean": 0.000792,
          "delta_ci_lo": 0.000286,
          "delta_ci_hi": 0.001283,
          "p_value": 0.0018
        },
        "vjepa_2_1_vitg_lpft_encoder_minus_vjepa_2_1_vitg_peft_dora_encoder": {
          "n": 20,
          "delta_mean": -0.00164,
          "delta_ci_lo": -0.002711,
          "delta_ci_hi": -0.000797,
          "p_value": 0.0
        },
        "vjepa_2_1_vitg_lpft_encoder_minus_vjepa_2_1_vitg_peft_lora_encoder": {
          "n": 20,
          "delta_mean": -0.001636,
          "delta_ci_lo": -0.002669,
          "delta_ci_hi": -0.000822,
          "p_value": 0.0
        },
        "vjepa_2_1_vitg_lpft_encoder_minus_vjepa_2_1_vitg_pretrain_encoder": {
          "n": 20,
          "delta_mean": 0.000281,
          "delta_ci_lo": -0.000203,
          "delta_ci_hi": 0.000862,
          "p_value": 0.3038
        },
        "vjepa_2_1_vitg_lpft_encoder_minus_vjepa_2_1_vitg_surgery_raw_encoder": {
          "n": 20,
          "delta_mean": 0.000591,
          "delta_ci_lo": -0.000101,
          "delta_ci_hi": 0.001435,
          "p_value": 0.119
        },
        "vjepa_2_1_vitg_lpft_encoder_minus_vjepa_2_1_vitg_surgical_3stage_DI_diheavy_encoder": {
          "n": 20,
          "delta_mean": -0.00033,
          "delta_ci_lo": -0.001572,
          "delta_ci_hi": 0.000504,
          "p_value": 0.5468
        },
        "vjepa_2_1_vitg_lpft_encoder_minus_vjepa_2_1_vitg_surgical_3stage_DI_encoder": {
          "n": 20,
          "delta_mean": -0.000364,
          "delta_ci_lo": -0.001528,
          "delta_ci_hi": 0.000457,
          "p_value": 0.4802
        },
        "vjepa_2_1_vitg_lpft_encoder_minus_vjepa_2_1_vitg_surgical_3stage_DI_intervene_encoder": {
          "n": 20,
          "delta_mean": -0.000763,
          "delta_ci_lo": -0.001042,
          "delta_ci_hi": -0.00047,
          "p_value": 0.0
        },
        "vjepa_2_1_vitg_lpft_encoder_minus_vjepa_2_1_vitg_surgical_autorgn_encoder": {
          "n": 20,
          "delta_mean": -0.001432,
          "delta_ci_lo": -0.002009,
          "delta_ci_hi": -0.001014,
          "p_value": 0.0
        },
        "vjepa_2_1_vitg_lpft_encoder_minus_vjepa_2_1_vitg_surgical_intervene_wiseft_f30_encoder": {
          "n": 20,
          "delta_mean": -0.000313,
          "delta_ci_lo": -0.000835,
          "delta_ci_hi": 0.000144,
          "p_value": 0.197
        },
        "vjepa_2_1_vitg_lpft_encoder_minus_vjepa_2_1_vitg_surgical_intervene_wiseft_f50_encoder": {
          "n": 20,
          "delta_mean": -0.000206,
          "delta_ci_lo": -0.000961,
          "delta_ci_hi": 0.000543,
          "p_value": 0.5844
        },
        "vjepa_2_1_vitg_lpft_encoder_minus_vjepa_2_1_vitg_surgical_intervene_wiseft_f70_encoder": {
          "n": 20,
          "delta_mean": -0.00048,
          "delta_ci_lo": -0.001527,
          "delta_ci_hi": 0.00057,
          "p_value": 0.3668
        },
        "vjepa_2_1_vitg_peft_dora_encoder_minus_vjepa_2_1_vitg_peft_lora_encoder": {
          "n": 20,
          "delta_mean": 4e-06,
          "delta_ci_lo": -4.3e-05,
          "delta_ci_hi": 5e-05,
          "p_value": 0.8526
        },
        "vjepa_2_1_vitg_peft_dora_encoder_minus_vjepa_2_1_vitg_pretrain_encoder": {
          "n": 20,
          "delta_mean": 0.001922,
          "delta_ci_lo": 0.000657,
          "delta_ci_hi": 0.003553,
          "p_value": 0.0038
        },
        "vjepa_2_1_vitg_peft_dora_encoder_minus_vjepa_2_1_vitg_surgery_raw_encoder": {
          "n": 20,
          "delta_mean": 0.002232,
          "delta_ci_lo": 0.000888,
          "delta_ci_hi": 0.003733,
          "p_value": 0.0008
        },
        "vjepa_2_1_vitg_peft_dora_encoder_minus_vjepa_2_1_vitg_surgical_3stage_DI_diheavy_encoder": {
          "n": 20,
          "delta_mean": 0.001311,
          "delta_ci_lo": 0.000965,
          "delta_ci_hi": 0.001625,
          "p_value": 0.0
        },
        "vjepa_2_1_vitg_peft_dora_encoder_minus_vjepa_2_1_vitg_surgical_3stage_DI_encoder": {
          "n": 20,
          "delta_mean": 0.001276,
          "delta_ci_lo": 0.000914,
          "delta_ci_hi": 0.00165,
          "p_value": 0.0
        },
        "vjepa_2_1_vitg_peft_dora_encoder_minus_vjepa_2_1_vitg_surgical_3stage_DI_intervene_encoder": {
          "n": 20,
          "delta_mean": 0.000878,
          "delta_ci_lo": 6.1e-05,
          "delta_ci_hi": 0.001821,
          "p_value": 0.0444
        },
        "vjepa_2_1_vitg_peft_dora_encoder_minus_vjepa_2_1_vitg_surgical_autorgn_encoder": {
          "n": 20,
          "delta_mean": 0.000208,
          "delta_ci_lo": -0.000367,
          "delta_ci_hi": 0.000843,
          "p_value": 0.5044
        },
        "vjepa_2_1_vitg_peft_dora_encoder_minus_vjepa_2_1_vitg_surgical_intervene_wiseft_f30_encoder": {
          "n": 20,
          "delta_mean": 0.001327,
          "delta_ci_lo": 0.00047,
          "delta_ci_hi": 0.002162,
          "p_value": 0.001
        },
        "vjepa_2_1_vitg_peft_dora_encoder_minus_vjepa_2_1_vitg_surgical_intervene_wiseft_f50_encoder": {
          "n": 20,
          "delta_mean": 0.001435,
          "delta_ci_lo": 0.000569,
          "delta_ci_hi": 0.002421,
          "p_value": 0.0004
        },
        "vjepa_2_1_vitg_peft_dora_encoder_minus_vjepa_2_1_vitg_surgical_intervene_wiseft_f70_encoder": {
          "n": 20,
          "delta_mean": 0.00116,
          "delta_ci_lo": 0.000209,
          "delta_ci_hi": 0.002422,
          "p_value": 0.026
        },
        "vjepa_2_1_vitg_peft_lora_encoder_minus_vjepa_2_1_vitg_pretrain_encoder": {
          "n": 20,
          "delta_mean": 0.001917,
          "delta_ci_lo": 0.000681,
          "delta_ci_hi": 0.003519,
          "p_value": 0.0028
        },
        "vjepa_2_1_vitg_peft_lora_encoder_minus_vjepa_2_1_vitg_surgery_raw_encoder": {
          "n": 20,
          "delta_mean": 0.002227,
          "delta_ci_lo": 0.000908,
          "delta_ci_hi": 0.003696,
          "p_value": 0.0006
        },
        "vjepa_2_1_vitg_peft_lora_encoder_minus_vjepa_2_1_vitg_surgical_3stage_DI_diheavy_encoder": {
          "n": 20,
          "delta_mean": 0.001306,
          "delta_ci_lo": 0.000946,
          "delta_ci_hi": 0.001632,
          "p_value": 0.0
        },
        "vjepa_2_1_vitg_peft_lora_encoder_minus_vjepa_2_1_vitg_surgical_3stage_DI_encoder": {
          "n": 20,
          "delta_mean": 0.001272,
          "delta_ci_lo": 0.000909,
          "delta_ci_hi": 0.001656,
          "p_value": 0.0
        },
        "vjepa_2_1_vitg_peft_lora_encoder_minus_vjepa_2_1_vitg_surgical_3stage_DI_intervene_encoder": {
          "n": 20,
          "delta_mean": 0.000873,
          "delta_ci_lo": 6.8e-05,
          "delta_ci_hi": 0.001783,
          "p_value": 0.0398
        },
        "vjepa_2_1_vitg_peft_lora_encoder_minus_vjepa_2_1_vitg_surgical_autorgn_encoder": {
          "n": 20,
          "delta_mean": 0.000204,
          "delta_ci_lo": -0.000352,
          "delta_ci_hi": 0.0008,
          "p_value": 0.4902
        },
        "vjepa_2_1_vitg_peft_lora_encoder_minus_vjepa_2_1_vitg_surgical_intervene_wiseft_f30_encoder": {
          "n": 20,
          "delta_mean": 0.001323,
          "delta_ci_lo": 0.000468,
          "delta_ci_hi": 0.002122,
          "p_value": 0.0008
        },
        "vjepa_2_1_vitg_peft_lora_encoder_minus_vjepa_2_1_vitg_surgical_intervene_wiseft_f50_encoder": {
          "n": 20,
          "delta_mean": 0.00143,
          "delta_ci_lo": 0.000577,
          "delta_ci_hi": 0.002395,
          "p_value": 0.0004
        },
        "vjepa_2_1_vitg_peft_lora_encoder_minus_vjepa_2_1_vitg_surgical_intervene_wiseft_f70_encoder": {
          "n": 20,
          "delta_mean": 0.001156,
          "delta_ci_lo": 0.000223,
          "delta_ci_hi": 0.002401,
          "p_value": 0.0232
        },
        "vjepa_2_1_vitg_pretrain_encoder_minus_vjepa_2_1_vitg_surgery_raw_encoder": {
          "n": 20,
          "delta_mean": 0.00031,
          "delta_ci_lo": -0.000314,
          "delta_ci_hi": 0.000876,
          "p_value": 0.295
        },
        "vjepa_2_1_vitg_pretrain_encoder_minus_vjepa_2_1_vitg_surgical_3stage_DI_diheavy_encoder": {
          "n": 20,
          "delta_mean": -0.000611,
          "delta_ci_lo": -0.002396,
          "delta_ci_hi": 0.000638,
          "p_value": 0.4338
        },
        "vjepa_2_1_vitg_pretrain_encoder_minus_vjepa_2_1_vitg_surgical_3stage_DI_encoder": {
          "n": 20,
          "delta_mean": -0.000645,
          "delta_ci_lo": -0.002358,
          "delta_ci_hi": 0.000594,
          "p_value": 0.3938
        },
        "vjepa_2_1_vitg_pretrain_encoder_minus_vjepa_2_1_vitg_surgical_3stage_DI_intervene_encoder": {
          "n": 20,
          "delta_mean": -0.001044,
          "delta_ci_lo": -0.001745,
          "delta_ci_hi": -0.000465,
          "p_value": 0.0002
        },
        "vjepa_2_1_vitg_pretrain_encoder_minus_vjepa_2_1_vitg_surgical_autorgn_encoder": {
          "n": 20,
          "delta_mean": -0.001713,
          "delta_ci_lo": -0.002791,
          "delta_ci_hi": -0.000899,
          "p_value": 0.0
        },
        "vjepa_2_1_vitg_pretrain_encoder_minus_vjepa_2_1_vitg_surgical_intervene_wiseft_f30_encoder": {
          "n": 20,
          "delta_mean": -0.000594,
          "delta_ci_lo": -0.001656,
          "delta_ci_hi": 0.000106,
          "p_value": 0.1484
        },
        "vjepa_2_1_vitg_pretrain_encoder_minus_vjepa_2_1_vitg_surgical_intervene_wiseft_f50_encoder": {
          "n": 20,
          "delta_mean": -0.000487,
          "delta_ci_lo": -0.001786,
          "delta_ci_hi": 0.00043,
          "p_value": 0.3798
        },
        "vjepa_2_1_vitg_pretrain_encoder_minus_vjepa_2_1_vitg_surgical_intervene_wiseft_f70_encoder": {
          "n": 20,
          "delta_mean": -0.000761,
          "delta_ci_lo": -0.002318,
          "delta_ci_hi": 0.000436,
          "p_value": 0.2612
        },
        "vjepa_2_1_vitg_surgery_raw_encoder_minus_vjepa_2_1_vitg_surgical_3stage_DI_diheavy_encoder": {
          "n": 20,
          "delta_mean": -0.000921,
          "delta_ci_lo": -0.002527,
          "delta_ci_hi": 0.000431,
          "p_value": 0.2262
        },
        "vjepa_2_1_vitg_surgery_raw_encoder_minus_vjepa_2_1_vitg_surgical_3stage_DI_encoder": {
          "n": 20,
          "delta_mean": -0.000955,
          "delta_ci_lo": -0.002553,
          "delta_ci_hi": 0.00042,
          "p_value": 0.204
        },
        "vjepa_2_1_vitg_surgery_raw_encoder_minus_vjepa_2_1_vitg_surgical_3stage_DI_intervene_encoder": {
          "n": 20,
          "delta_mean": -0.001354,
          "delta_ci_lo": -0.002179,
          "delta_ci_hi": -0.000676,
          "p_value": 0.0
        },
        "vjepa_2_1_vitg_surgery_raw_encoder_minus_vjepa_2_1_vitg_surgical_autorgn_encoder": {
          "n": 20,
          "delta_mean": -0.002023,
          "delta_ci_lo": -0.002982,
          "delta_ci_hi": -0.001178,
          "p_value": 0.0
        },
        "vjepa_2_1_vitg_surgery_raw_encoder_minus_vjepa_2_1_vitg_surgical_intervene_wiseft_f30_encoder": {
          "n": 20,
          "delta_mean": -0.000904,
          "delta_ci_lo": -0.001812,
          "delta_ci_hi": -0.000129,
          "p_value": 0.028
        },
        "vjepa_2_1_vitg_surgery_raw_encoder_minus_vjepa_2_1_vitg_surgical_intervene_wiseft_f50_encoder": {
          "n": 20,
          "delta_mean": -0.000797,
          "delta_ci_lo": -0.001834,
          "delta_ci_hi": 0.000184,
          "p_value": 0.1192
        },
        "vjepa_2_1_vitg_surgery_raw_encoder_minus_vjepa_2_1_vitg_surgical_intervene_wiseft_f70_encoder": {
          "n": 20,
          "delta_mean": -0.001071,
          "delta_ci_lo": -0.002356,
          "delta_ci_hi": 0.00016,
          "p_value": 0.091
        },
        "vjepa_2_1_vitg_surgical_3stage_DI_diheavy_encoder_minus_vjepa_2_1_vitg_surgical_3stage_DI_encoder": {
          "n": 20,
          "delta_mean": -3.4e-05,
          "delta_ci_lo": -0.000245,
          "delta_ci_hi": 0.000175,
          "p_value": 0.751
        },
        "vjepa_2_1_vitg_surgical_3stage_DI_diheavy_encoder_minus_vjepa_2_1_vitg_surgical_3stage_DI_intervene_encoder": {
          "n": 20,
          "delta_mean": -0.000433,
          "delta_ci_lo": -0.001224,
          "delta_ci_hi": 0.000676,
          "p_value": 0.367
        },
        "vjepa_2_1_vitg_surgical_3stage_DI_diheavy_encoder_minus_vjepa_2_1_vitg_surgical_autorgn_encoder": {
          "n": 20,
          "delta_mean": -0.001102,
          "delta_ci_lo": -0.001725,
          "delta_ci_hi": -0.000285,
          "p_value": 0.0058
        },
        "vjepa_2_1_vitg_surgical_3stage_DI_diheavy_encoder_minus_vjepa_2_1_vitg_surgical_intervene_wiseft_f30_encoder": {
          "n": 20,
          "delta_mean": 1.7e-05,
          "delta_ci_lo": -0.00082,
          "delta_ci_hi": 0.00098,
          "p_value": 0.9846
        },
        "vjepa_2_1_vitg_surgical_3stage_DI_diheavy_encoder_minus_vjepa_2_1_vitg_surgical_intervene_wiseft_f50_encoder": {
          "n": 20,
          "delta_mean": 0.000124,
          "delta_ci_lo": -0.00076,
          "delta_ci_hi": 0.001194,
          "p_value": 0.8116
        },
        "vjepa_2_1_vitg_surgical_3stage_DI_diheavy_encoder_minus_vjepa_2_1_vitg_surgical_intervene_wiseft_f70_encoder": {
          "n": 20,
          "delta_mean": -0.00015,
          "delta_ci_lo": -0.001126,
          "delta_ci_hi": 0.001159,
          "p_value": 0.7768
        },
        "vjepa_2_1_vitg_surgical_3stage_DI_encoder_minus_vjepa_2_1_vitg_surgical_3stage_DI_intervene_encoder": {
          "n": 20,
          "delta_mean": -0.000399,
          "delta_ci_lo": -0.001222,
          "delta_ci_hi": 0.000619,
          "p_value": 0.3946
        },
        "vjepa_2_1_vitg_surgical_3stage_DI_encoder_minus_vjepa_2_1_vitg_surgical_autorgn_encoder": {
          "n": 20,
          "delta_mean": -0.001068,
          "delta_ci_lo": -0.001724,
          "delta_ci_hi": -0.000292,
          "p_value": 0.0054
        },
        "vjepa_2_1_vitg_surgical_3stage_DI_encoder_minus_vjepa_2_1_vitg_surgical_intervene_wiseft_f30_encoder": {
          "n": 20,
          "delta_mean": 5.1e-05,
          "delta_ci_lo": -0.00085,
          "delta_ci_hi": 0.000998,
          "p_value": 0.9214
        },
        "vjepa_2_1_vitg_surgical_3stage_DI_encoder_minus_vjepa_2_1_vitg_surgical_intervene_wiseft_f50_encoder": {
          "n": 20,
          "delta_mean": 0.000158,
          "delta_ci_lo": -0.00081,
          "delta_ci_hi": 0.001244,
          "p_value": 0.7696
        },
        "vjepa_2_1_vitg_surgical_3stage_DI_encoder_minus_vjepa_2_1_vitg_surgical_intervene_wiseft_f70_encoder": {
          "n": 20,
          "delta_mean": -0.000116,
          "delta_ci_lo": -0.001186,
          "delta_ci_hi": 0.001233,
          "p_value": 0.8332
        },
        "vjepa_2_1_vitg_surgical_3stage_DI_intervene_encoder_minus_vjepa_2_1_vitg_surgical_autorgn_encoder": {
          "n": 20,
          "delta_mean": -0.00067,
          "delta_ci_lo": -0.001075,
          "delta_ci_hi": -0.000298,
          "p_value": 0.0008
        },
        "vjepa_2_1_vitg_surgical_3stage_DI_intervene_encoder_minus_vjepa_2_1_vitg_surgical_intervene_wiseft_f30_encoder": {
          "n": 20,
          "delta_mean": 0.00045,
          "delta_ci_lo": 3.3e-05,
          "delta_ci_hi": 0.000918,
          "p_value": 0.0406
        },
        "vjepa_2_1_vitg_surgical_3stage_DI_intervene_encoder_minus_vjepa_2_1_vitg_surgical_intervene_wiseft_f50_encoder": {
          "n": 20,
          "delta_mean": 0.000557,
          "delta_ci_lo": -0.000105,
          "delta_ci_hi": 0.001338,
          "p_value": 0.1138
        },
        "vjepa_2_1_vitg_surgical_3stage_DI_intervene_encoder_minus_vjepa_2_1_vitg_surgical_intervene_wiseft_f70_encoder": {
          "n": 20,
          "delta_mean": 0.000282,
          "delta_ci_lo": -0.000725,
          "delta_ci_hi": 0.001404,
          "p_value": 0.6028
        },
        "vjepa_2_1_vitg_surgical_autorgn_encoder_minus_vjepa_2_1_vitg_surgical_intervene_wiseft_f30_encoder": {
          "n": 20,
          "delta_mean": 0.001119,
          "delta_ci_lo": 0.000763,
          "delta_ci_hi": 0.001508,
          "p_value": 0.0
        },
        "vjepa_2_1_vitg_surgical_autorgn_encoder_minus_vjepa_2_1_vitg_surgical_intervene_wiseft_f50_encoder": {
          "n": 20,
          "delta_mean": 0.001226,
          "delta_ci_lo": 0.000732,
          "delta_ci_hi": 0.001895,
          "p_value": 0.0
        },
        "vjepa_2_1_vitg_surgical_autorgn_encoder_minus_vjepa_2_1_vitg_surgical_intervene_wiseft_f70_encoder": {
          "n": 20,
          "delta_mean": 0.000952,
          "delta_ci_lo": 0.000191,
          "delta_ci_hi": 0.001947,
          "p_value": 0.021
        },
        "vjepa_2_1_vitg_surgical_intervene_wiseft_f30_encoder_minus_vjepa_2_1_vitg_surgical_intervene_wiseft_f50_encoder": {
          "n": 20,
          "delta_mean": 0.000107,
          "delta_ci_lo": -0.000166,
          "delta_ci_hi": 0.000441,
          "p_value": 0.4766
        },
        "vjepa_2_1_vitg_surgical_intervene_wiseft_f30_encoder_minus_vjepa_2_1_vitg_surgical_intervene_wiseft_f70_encoder": {
          "n": 20,
          "delta_mean": -0.000167,
          "delta_ci_lo": -0.000785,
          "delta_ci_hi": 0.000513,
          "p_value": 0.6076
        },
        "vjepa_2_1_vitg_surgical_intervene_wiseft_f50_encoder_minus_vjepa_2_1_vitg_surgical_intervene_wiseft_f70_encoder": {
          "n": 20,
          "delta_mean": -0.000274,
          "delta_ci_lo": -0.000656,
          "delta_ci_hi": 0.0001,
          "p_value": 0.1534
        }
      },
      "lower_is_better": true
    },
    "tdist": {
      "by_variant": {
        "vjepa_2_1_vitg_frozen": {
          "variant": "vjepa_2_1_vitg_frozen",
          "metric": "tdist",
          "n_test": 20,
          "mean": 0.006337,
          "std": 0.005615,
          "ci": {
            "mean": 0.006337,
            "ci_lo": 0.003601,
            "ci_hi": 0.008571,
            "ci_half": 0.002485
          },
          "lower_is_better": true,
          "interpretation": "L1-vs-\u0394t slope; lower = slower decay w/ distance",
          "num_frames": 16,
          "encoder_ckpt": "checkpoints/vjepa2_1_vitg_384.pt"
        },
        "vjepa_2_1_vitg_full_ft_encoder": {
          "variant": "vjepa_2_1_vitg_full_ft_encoder",
          "metric": "tdist",
          "n_test": 20,
          "mean": 0.006504,
          "std": 0.00595,
          "ci": {
            "mean": 0.006504,
            "ci_lo": 0.003658,
            "ci_hi": 0.008908,
            "ci_half": 0.002625
          },
          "lower_is_better": true,
          "interpretation": "L1-vs-\u0394t slope; lower = slower decay w/ distance",
          "num_frames": 16,
          "encoder_ckpt": "outputs/sanity/vjepa_2_1_vitg_1B/train/m09f_full_ft_encoder/m09c_ckpt_best.pt"
        },
        "vjepa_2_1_vitg_lpft_encoder": {
          "variant": "vjepa_2_1_vitg_lpft_encoder",
          "metric": "tdist",
          "n_test": 20,
          "mean": 0.006613,
          "std": 0.005796,
          "ci": {
            "mean": 0.006613,
            "ci_lo": 0.003802,
            "ci_hi": 0.00893,
            "ci_half": 0.002564
          },
          "lower_is_better": true,
          "interpretation": "L1-vs-\u0394t slope; lower = slower decay w/ distance",
          "num_frames": 16,
          "encoder_ckpt": "outputs/sanity/vjepa_2_1_vitg_1B/train/m09f_lpft_encoder/m09c_ckpt_best.pt"
        },
        "vjepa_2_1_vitg_peft_dora_encoder": {
          "variant": "vjepa_2_1_vitg_peft_dora_encoder",
          "metric": "tdist",
          "n_test": 20,
          "mean": 0.006418,
          "std": 0.006227,
          "ci": {
            "mean": 0.006418,
            "ci_lo": 0.003424,
            "ci_hi": 0.008936,
            "ci_half": 0.002756
          },
          "lower_is_better": true,
          "interpretation": "L1-vs-\u0394t slope; lower = slower decay w/ distance",
          "num_frames": 16,
          "encoder_ckpt": "outputs/sanity/vjepa_2_1_vitg_1B/train/m09b_peft_dora_encoder/m09c_ckpt_best.pt"
        },
        "vjepa_2_1_vitg_peft_lora_encoder": {
          "variant": "vjepa_2_1_vitg_peft_lora_encoder",
          "metric": "tdist",
          "n_test": 20,
          "mean": 0.006415,
          "std": 0.00623,
          "ci": {
            "mean": 0.006415,
            "ci_lo": 0.003414,
            "ci_hi": 0.008924,
            "ci_half": 0.002755
          },
          "lower_is_better": true,
          "interpretation": "L1-vs-\u0394t slope; lower = slower decay w/ distance",
          "num_frames": 16,
          "encoder_ckpt": "outputs/sanity/vjepa_2_1_vitg_1B/train/m09b_peft_lora_encoder/m09c_ckpt_best.pt"
        },
        "vjepa_2_1_vitg_pretrain_encoder": {
          "variant": "vjepa_2_1_vitg_pretrain_encoder",
          "metric": "tdist",
          "n_test": 20,
          "mean": 0.006643,
          "std": 0.005495,
          "ci": {
            "mean": 0.006643,
            "ci_lo": 0.004016,
            "ci_hi": 0.008856,
            "ci_half": 0.00242
          },
          "lower_is_better": true,
          "interpretation": "L1-vs-\u0394t slope; lower = slower decay w/ distance",
          "num_frames": 16,
          "encoder_ckpt": "outputs/sanity/vjepa_2_1_vitg_1B/train/m09a_pretrain_encoder/m09a_ckpt_best.pt"
        },
        "vjepa_2_1_vitg_surgery_raw_encoder": {
          "variant": "vjepa_2_1_vitg_surgery_raw_encoder",
          "metric": "tdist",
          "n_test": 20,
          "mean": 0.006993,
          "std": 0.005472,
          "ci": {
            "mean": 0.006993,
            "ci_lo": 0.004378,
            "ci_hi": 0.009205,
            "ci_half": 0.002414
          },
          "lower_is_better": true,
          "interpretation": "L1-vs-\u0394t slope; lower = slower decay w/ distance",
          "num_frames": 16,
          "encoder_ckpt": "outputs/sanity/vjepa_2_1_vitg_1B/train/m09c_surgery_raw_encoder/m09c_ckpt_best.pt"
        },
        "vjepa_2_1_vitg_surgical_3stage_DI_diheavy_encoder": {
          "variant": "vjepa_2_1_vitg_surgical_3stage_DI_diheavy_encoder",
          "metric": "tdist",
          "n_test": 20,
          "mean": 0.006039,
          "std": 0.006145,
          "ci": {
            "mean": 0.006039,
            "ci_lo": 0.003033,
            "ci_hi": 0.008449,
            "ci_half": 0.002708
          },
          "lower_is_better": true,
          "interpretation": "L1-vs-\u0394t slope; lower = slower decay w/ distance",
          "num_frames": 16,
          "encoder_ckpt": "outputs/sanity/vjepa_2_1_vitg_1B/train/m09c_surgery_3stage_DI_diheavy_encoder/m09c_ckpt_best.pt"
        },
        "vjepa_2_1_vitg_surgical_3stage_DI_encoder": {
          "variant": "vjepa_2_1_vitg_surgical_3stage_DI_encoder",
          "metric": "tdist",
          "n_test": 20,
          "mean": 0.00622,
          "std": 0.006247,
          "ci": {
            "mean": 0.00622,
            "ci_lo": 0.003137,
            "ci_hi": 0.008684,
            "ci_half": 0.002774
          },
          "lower_is_better": true,
          "interpretation": "L1-vs-\u0394t slope; lower = slower decay w/ distance",
          "num_frames": 16,
          "encoder_ckpt": "outputs/sanity/vjepa_2_1_vitg_1B/train/m09c_surgery_3stage_DI_encoder/m09c_ckpt_best.pt"
        },
        "vjepa_2_1_vitg_surgical_3stage_DI_intervene_encoder": {
          "variant": "vjepa_2_1_vitg_surgical_3stage_DI_intervene_encoder",
          "metric": "tdist",
          "n_test": 20,
          "mean": 0.006588,
          "std": 0.005753,
          "ci": {
            "mean": 0.006588,
            "ci_lo": 0.003788,
            "ci_hi": 0.008877,
            "ci_half": 0.002545
          },
          "lower_is_better": true,
          "interpretation": "L1-vs-\u0394t slope; lower = slower decay w/ distance",
          "num_frames": 16,
          "encoder_ckpt": "outputs/sanity/vjepa_2_1_vitg_1B/train/m09c_surgery_3stage_DI_intervene_encoder/m09c_ckpt_best.pt"
        },
        "vjepa_2_1_vitg_surgical_autorgn_encoder": {
          "variant": "vjepa_2_1_vitg_surgical_autorgn_encoder",
          "metric": "tdist",
          "n_test": 20,
          "mean": 0.00676,
          "std": 0.005954,
          "ci": {
            "mean": 0.00676,
            "ci_lo": 0.003905,
            "ci_hi": 0.00915,
            "ci_half": 0.002623
          },
          "lower_is_better": true,
          "interpretation": "L1-vs-\u0394t slope; lower = slower decay w/ distance",
          "num_frames": 16,
          "encoder_ckpt": "outputs/sanity/vjepa_2_1_vitg_1B/train/m09e_autorgn_encoder/m09c_ckpt_best.pt"
        },
        "vjepa_2_1_vitg_surgical_intervene_wiseft_f30_encoder": {
          "variant": "vjepa_2_1_vitg_surgical_intervene_wiseft_f30_encoder",
          "metric": "tdist",
          "n_test": 20,
          "mean": 0.006566,
          "std": 0.005714,
          "ci": {
            "mean": 0.006566,
            "ci_lo": 0.003794,
            "ci_hi": 0.008832,
            "ci_half": 0.002519
          },
          "lower_is_better": true,
          "interpretation": "L1-vs-\u0394t slope; lower = slower decay w/ distance",
          "num_frames": 16,
          "encoder_ckpt": "outputs/sanity/vjepa_2_1_vitg_1B/train/m09c_surgical_intervene_wiseft_f30_encoder/m09c_ckpt_best.pt"
        },
        "vjepa_2_1_vitg_surgical_intervene_wiseft_f50_encoder": {
          "variant": "vjepa_2_1_vitg_surgical_intervene_wiseft_f50_encoder",
          "metric": "tdist",
          "n_test": 20,
          "mean": 0.006485,
          "std": 0.005696,
          "ci": {
            "mean": 0.006485,
            "ci_lo": 0.003702,
            "ci_hi": 0.008732,
            "ci_half": 0.002515
          },
          "lower_is_better": true,
          "interpretation": "L1-vs-\u0394t slope; lower = slower decay w/ distance",
          "num_frames": 16,
          "encoder_ckpt": "outputs/sanity/vjepa_2_1_vitg_1B/train/m09c_surgical_intervene_wiseft_f50_encoder/m09c_ckpt_best.pt"
        },
        "vjepa_2_1_vitg_surgical_intervene_wiseft_f70_encoder": {
          "variant": "vjepa_2_1_vitg_surgical_intervene_wiseft_f70_encoder",
          "metric": "tdist",
          "n_test": 20,
          "mean": 0.006344,
          "std": 0.005719,
          "ci": {
            "mean": 0.006344,
            "ci_lo": 0.003542,
            "ci_hi": 0.00859,
            "ci_half": 0.002524
          },
          "lower_is_better": true,
          "interpretation": "L1-vs-\u0394t slope; lower = slower decay w/ distance",
          "num_frames": 16,
          "encoder_ckpt": "outputs/sanity/vjepa_2_1_vitg_1B/train/m09c_surgical_intervene_wiseft_f70_encoder/m09c_ckpt_best.pt"
        }
      },
      "pairwise_deltas": {
        "vjepa_2_1_vitg_frozen_minus_vjepa_2_1_vitg_full_ft_encoder": {
          "n": 20,
          "delta_mean": -0.000167,
          "delta_ci_lo": -0.000514,
          "delta_ci_hi": 0.000158,
          "p_value": 0.3198
        },
        "vjepa_2_1_vitg_frozen_minus_vjepa_2_1_vitg_lpft_encoder": {
          "n": 20,
          "delta_mean": -0.000276,
          "delta_ci_lo": -0.000627,
          "delta_ci_hi": -1.7e-05,
          "p_value": 0.0582
        },
        "vjepa_2_1_vitg_frozen_minus_vjepa_2_1_vitg_peft_dora_encoder": {
          "n": 20,
          "delta_mean": -8.1e-05,
          "delta_ci_lo": -0.000572,
          "delta_ci_hi": 0.000358,
          "p_value": 0.735
        },
        "vjepa_2_1_vitg_frozen_minus_vjepa_2_1_vitg_peft_lora_encoder": {
          "n": 20,
          "delta_mean": -7.8e-05,
          "delta_ci_lo": -0.000567,
          "delta_ci_hi": 0.000365,
          "p_value": 0.7434
        },
        "vjepa_2_1_vitg_frozen_minus_vjepa_2_1_vitg_pretrain_encoder": {
          "n": 20,
          "delta_mean": -0.000306,
          "delta_ci_lo": -0.000679,
          "delta_ci_hi": 0.0001,
          "p_value": 0.118
        },
        "vjepa_2_1_vitg_frozen_minus_vjepa_2_1_vitg_surgery_raw_encoder": {
          "n": 20,
          "delta_mean": -0.000656,
          "delta_ci_lo": -0.001232,
          "delta_ci_hi": -0.000229,
          "p_value": 0.005
        },
        "vjepa_2_1_vitg_frozen_minus_vjepa_2_1_vitg_surgical_3stage_DI_diheavy_encoder": {
          "n": 20,
          "delta_mean": 0.000298,
          "delta_ci_lo": -0.000135,
          "delta_ci_hi": 0.000673,
          "p_value": 0.1524
        },
        "vjepa_2_1_vitg_frozen_minus_vjepa_2_1_vitg_surgical_3stage_DI_encoder": {
          "n": 20,
          "delta_mean": 0.000117,
          "delta_ci_lo": -0.000378,
          "delta_ci_hi": 0.000533,
          "p_value": 0.6092
        },
        "vjepa_2_1_vitg_frozen_minus_vjepa_2_1_vitg_surgical_3stage_DI_intervene_encoder": {
          "n": 20,
          "delta_mean": -0.000251,
          "delta_ci_lo": -0.000627,
          "delta_ci_hi": 3.3e-05,
          "p_value": 0.1128
        },
        "vjepa_2_1_vitg_frozen_minus_vjepa_2_1_vitg_surgical_autorgn_encoder": {
          "n": 20,
          "delta_mean": -0.000423,
          "delta_ci_lo": -0.000828,
          "delta_ci_hi": -0.000112,
          "p_value": 0.0128
        },
        "vjepa_2_1_vitg_frozen_minus_vjepa_2_1_vitg_surgical_intervene_wiseft_f30_encoder": {
          "n": 20,
          "delta_mean": -0.000229,
          "delta_ci_lo": -0.000517,
          "delta_ci_hi": -6e-06,
          "p_value": 0.0626
        },
        "vjepa_2_1_vitg_frozen_minus_vjepa_2_1_vitg_surgical_intervene_wiseft_f50_encoder": {
          "n": 20,
          "delta_mean": -0.000148,
          "delta_ci_lo": -0.000359,
          "delta_ci_hi": 1.7e-05,
          "p_value": 0.098
        },
        "vjepa_2_1_vitg_frozen_minus_vjepa_2_1_vitg_surgical_intervene_wiseft_f70_encoder": {
          "n": 20,
          "delta_mean": -7e-06,
          "delta_ci_lo": -0.000168,
          "delta_ci_hi": 0.000126,
          "p_value": 0.9308
        },
        "vjepa_2_1_vitg_full_ft_encoder_minus_vjepa_2_1_vitg_lpft_encoder": {
          "n": 20,
          "delta_mean": -0.000109,
          "delta_ci_lo": -0.000437,
          "delta_ci_hi": 0.0003,
          "p_value": 0.5494
        },
        "vjepa_2_1_vitg_full_ft_encoder_minus_vjepa_2_1_vitg_peft_dora_encoder": {
          "n": 20,
          "delta_mean": 8.6e-05,
          "delta_ci_lo": -0.000153,
          "delta_ci_hi": 0.000321,
          "p_value": 0.4826
        },
        "vjepa_2_1_vitg_full_ft_encoder_minus_vjepa_2_1_vitg_peft_lora_encoder": {
          "n": 20,
          "delta_mean": 8.9e-05,
          "delta_ci_lo": -0.000152,
          "delta_ci_hi": 0.000328,
          "p_value": 0.4712
        },
        "vjepa_2_1_vitg_full_ft_encoder_minus_vjepa_2_1_vitg_pretrain_encoder": {
          "n": 20,
          "delta_mean": -0.00014,
          "delta_ci_lo": -0.000618,
          "delta_ci_hi": 0.000451,
          "p_value": 0.5918
        },
        "vjepa_2_1_vitg_full_ft_encoder_minus_vjepa_2_1_vitg_surgery_raw_encoder": {
          "n": 20,
          "delta_mean": -0.00049,
          "delta_ci_lo": -0.001061,
          "delta_ci_hi": 6.4e-05,
          "p_value": 0.0942
        },
        "vjepa_2_1_vitg_full_ft_encoder_minus_vjepa_2_1_vitg_surgical_3stage_DI_diheavy_encoder": {
          "n": 20,
          "delta_mean": 0.000465,
          "delta_ci_lo": 0.000219,
          "delta_ci_hi": 0.000804,
          "p_value": 0.0006
        },
        "vjepa_2_1_vitg_full_ft_encoder_minus_vjepa_2_1_vitg_surgical_3stage_DI_encoder": {
          "n": 20,
          "delta_mean": 0.000283,
          "delta_ci_lo": -1.7e-05,
          "delta_ci_hi": 0.000602,
          "p_value": 0.0714
        },
        "vjepa_2_1_vitg_full_ft_encoder_minus_vjepa_2_1_vitg_surgical_3stage_DI_intervene_encoder": {
          "n": 20,
          "delta_mean": -8.4e-05,
          "delta_ci_lo": -0.000382,
          "delta_ci_hi": 0.000196,
          "p_value": 0.5632
        },
        "vjepa_2_1_vitg_full_ft_encoder_minus_vjepa_2_1_vitg_surgical_autorgn_encoder": {
          "n": 20,
          "delta_mean": -0.000257,
          "delta_ci_lo": -0.000516,
          "delta_ci_hi": -2e-05,
          "p_value": 0.0396
        },
        "vjepa_2_1_vitg_full_ft_encoder_minus_vjepa_2_1_vitg_surgical_intervene_wiseft_f30_encoder": {
          "n": 20,
          "delta_mean": -6.3e-05,
          "delta_ci_lo": -0.000312,
          "delta_ci_hi": 0.000193,
          "p_value": 0.6284
        },
        "vjepa_2_1_vitg_full_ft_encoder_minus_vjepa_2_1_vitg_surgical_intervene_wiseft_f50_encoder": {
          "n": 20,
          "delta_mean": 1.9e-05,
          "delta_ci_lo": -0.000219,
          "delta_ci_hi": 0.000252,
          "p_value": 0.8706
        },
        "vjepa_2_1_vitg_full_ft_encoder_minus_vjepa_2_1_vitg_surgical_intervene_wiseft_f70_encoder": {
          "n": 20,
          "delta_mean": 0.000159,
          "delta_ci_lo": -0.000101,
          "delta_ci_hi": 0.000386,
          "p_value": 0.1988
        },
        "vjepa_2_1_vitg_lpft_encoder_minus_vjepa_2_1_vitg_peft_dora_encoder": {
          "n": 20,
          "delta_mean": 0.000195,
          "delta_ci_lo": -0.000214,
          "delta_ci_hi": 0.000546,
          "p_value": 0.3176
        },
        "vjepa_2_1_vitg_lpft_encoder_minus_vjepa_2_1_vitg_peft_lora_encoder": {
          "n": 20,
          "delta_mean": 0.000198,
          "delta_ci_lo": -0.000203,
          "delta_ci_hi": 0.00055,
          "p_value": 0.3076
        },
        "vjepa_2_1_vitg_lpft_encoder_minus_vjepa_2_1_vitg_pretrain_encoder": {
          "n": 20,
          "delta_mean": -3.1e-05,
          "delta_ci_lo": -0.000259,
          "delta_ci_hi": 0.000241,
          "p_value": 0.7998
        },
        "vjepa_2_1_vitg_lpft_encoder_minus_vjepa_2_1_vitg_surgery_raw_encoder": {
          "n": 20,
          "delta_mean": -0.00038,
          "delta_ci_lo": -0.000727,
          "delta_ci_hi": -7e-05,
          "p_value": 0.0186
        },
        "vjepa_2_1_vitg_lpft_encoder_minus_vjepa_2_1_vitg_surgical_3stage_DI_diheavy_encoder": {
          "n": 20,
          "delta_mean": 0.000574,
          "delta_ci_lo": 0.00017,
          "delta_ci_hi": 0.000939,
          "p_value": 0.005
        },
        "vjepa_2_1_vitg_lpft_encoder_minus_vjepa_2_1_vitg_surgical_3stage_DI_encoder": {
          "n": 20,
          "delta_mean": 0.000393,
          "delta_ci_lo": -4e-06,
          "delta_ci_hi": 0.000734,
          "p_value": 0.0426
        },
        "vjepa_2_1_vitg_lpft_encoder_minus_vjepa_2_1_vitg_surgical_3stage_DI_intervene_encoder": {
          "n": 20,
          "delta_mean": 2.5e-05,
          "delta_ci_lo": -0.000247,
          "delta_ci_hi": 0.000224,
          "p_value": 0.8006
        },
        "vjepa_2_1_vitg_lpft_encoder_minus_vjepa_2_1_vitg_surgical_autorgn_encoder": {
          "n": 20,
          "delta_mean": -0.000148,
          "delta_ci_lo": -0.000356,
          "delta_ci_hi": 5.3e-05,
          "p_value": 0.149
        },
        "vjepa_2_1_vitg_lpft_encoder_minus_vjepa_2_1_vitg_surgical_intervene_wiseft_f30_encoder": {
          "n": 20,
          "delta_mean": 4.7e-05,
          "delta_ci_lo": -0.000252,
          "delta_ci_hi": 0.000239,
          "p_value": 0.6696
        },
        "vjepa_2_1_vitg_lpft_encoder_minus_vjepa_2_1_vitg_surgical_intervene_wiseft_f50_encoder": {
          "n": 20,
          "delta_mean": 0.000128,
          "delta_ci_lo": -0.000149,
          "delta_ci_hi": 0.000362,
          "p_value": 0.305
        },
        "vjepa_2_1_vitg_lpft_encoder_minus_vjepa_2_1_vitg_surgical_intervene_wiseft_f70_encoder": {
          "n": 20,
          "delta_mean": 0.000269,
          "delta_ci_lo": -3.3e-05,
          "delta_ci_hi": 0.000601,
          "p_value": 0.0892
        },
        "vjepa_2_1_vitg_peft_dora_encoder_minus_vjepa_2_1_vitg_peft_lora_encoder": {
          "n": 20,
          "delta_mean": 3e-06,
          "delta_ci_lo": -1.7e-05,
          "delta_ci_hi": 2.1e-05,
          "p_value": 0.7272
        },
        "vjepa_2_1_vitg_peft_dora_encoder_minus_vjepa_2_1_vitg_pretrain_encoder": {
          "n": 20,
          "delta_mean": -0.000225,
          "delta_ci_lo": -0.000772,
          "delta_ci_hi": 0.000422,
          "p_value": 0.458
        },
        "vjepa_2_1_vitg_peft_dora_encoder_minus_vjepa_2_1_vitg_surgery_raw_encoder": {
          "n": 20,
          "delta_mean": -0.000575,
          "delta_ci_lo": -0.001187,
          "delta_ci_hi": 3.5e-05,
          "p_value": 0.0684
        },
        "vjepa_2_1_vitg_peft_dora_encoder_minus_vjepa_2_1_vitg_surgical_3stage_DI_diheavy_encoder": {
          "n": 20,
          "delta_mean": 0.000379,
          "delta_ci_lo": 0.000168,
          "delta_ci_hi": 0.000635,
          "p_value": 0.0004
        },
        "vjepa_2_1_vitg_peft_dora_encoder_minus_vjepa_2_1_vitg_surgical_3stage_DI_encoder": {
          "n": 20,
          "delta_mean": 0.000198,
          "delta_ci_lo": 1.8e-05,
          "delta_ci_hi": 0.000407,
          "p_value": 0.0394
        },
        "vjepa_2_1_vitg_peft_dora_encoder_minus_vjepa_2_1_vitg_surgical_3stage_DI_intervene_encoder": {
          "n": 20,
          "delta_mean": -0.00017,
          "delta_ci_lo": -0.000508,
          "delta_ci_hi": 0.000174,
          "p_value": 0.3376
        },
        "vjepa_2_1_vitg_peft_dora_encoder_minus_vjepa_2_1_vitg_surgical_autorgn_encoder": {
          "n": 20,
          "delta_mean": -0.000342,
          "delta_ci_lo": -0.000569,
          "delta_ci_hi": -0.000123,
          "p_value": 0.0026
        },
        "vjepa_2_1_vitg_peft_dora_encoder_minus_vjepa_2_1_vitg_surgical_intervene_wiseft_f30_encoder": {
          "n": 20,
          "delta_mean": -0.000148,
          "delta_ci_lo": -0.000463,
          "delta_ci_hi": 0.000189,
          "p_value": 0.3782
        },
        "vjepa_2_1_vitg_peft_dora_encoder_minus_vjepa_2_1_vitg_surgical_intervene_wiseft_f50_encoder": {
          "n": 20,
          "delta_mean": -6.7e-05,
          "delta_ci_lo": -0.000388,
          "delta_ci_hi": 0.000302,
          "p_value": 0.7026
        },
        "vjepa_2_1_vitg_peft_dora_encoder_minus_vjepa_2_1_vitg_surgical_intervene_wiseft_f70_encoder": {
          "n": 20,
          "delta_mean": 7.4e-05,
          "delta_ci_lo": -0.000279,
          "delta_ci_hi": 0.000483,
          "p_value": 0.7086
        },
        "vjepa_2_1_vitg_peft_lora_encoder_minus_vjepa_2_1_vitg_pretrain_encoder": {
          "n": 20,
          "delta_mean": -0.000229,
          "delta_ci_lo": -0.000773,
          "delta_ci_hi": 0.000412,
          "p_value": 0.4482
        },
        "vjepa_2_1_vitg_peft_lora_encoder_minus_vjepa_2_1_vitg_surgery_raw_encoder": {
          "n": 20,
          "delta_mean": -0.000578,
          "delta_ci_lo": -0.001186,
          "delta_ci_hi": 2.3e-05,
          "p_value": 0.0648
        },
        "vjepa_2_1_vitg_peft_lora_encoder_minus_vjepa_2_1_vitg_surgical_3stage_DI_diheavy_encoder": {
          "n": 20,
          "delta_mean": 0.000376,
          "delta_ci_lo": 0.000168,
          "delta_ci_hi": 0.000634,
          "p_value": 0.0004
        },
        "vjepa_2_1_vitg_peft_lora_encoder_minus_vjepa_2_1_vitg_surgical_3stage_DI_encoder": {
          "n": 20,
          "delta_mean": 0.000195,
          "delta_ci_lo": 1.5e-05,
          "delta_ci_hi": 0.000399,
          "p_value": 0.0392
        },
        "vjepa_2_1_vitg_peft_lora_encoder_minus_vjepa_2_1_vitg_surgical_3stage_DI_intervene_encoder": {
          "n": 20,
          "delta_mean": -0.000173,
          "delta_ci_lo": -0.000508,
          "delta_ci_hi": 0.000167,
          "p_value": 0.325
        },
        "vjepa_2_1_vitg_peft_lora_encoder_minus_vjepa_2_1_vitg_surgical_autorgn_encoder": {
          "n": 20,
          "delta_mean": -0.000346,
          "delta_ci_lo": -0.000568,
          "delta_ci_hi": -0.000133,
          "p_value": 0.0014
        },
        "vjepa_2_1_vitg_peft_lora_encoder_minus_vjepa_2_1_vitg_surgical_intervene_wiseft_f30_encoder": {
          "n": 20,
          "delta_mean": -0.000151,
          "delta_ci_lo": -0.000466,
          "delta_ci_hi": 0.000185,
          "p_value": 0.3658
        },
        "vjepa_2_1_vitg_peft_lora_encoder_minus_vjepa_2_1_vitg_surgical_intervene_wiseft_f50_encoder": {
          "n": 20,
          "delta_mean": -7e-05,
          "delta_ci_lo": -0.000394,
          "delta_ci_hi": 0.000296,
          "p_value": 0.6916
        },
        "vjepa_2_1_vitg_peft_lora_encoder_minus_vjepa_2_1_vitg_surgical_intervene_wiseft_f70_encoder": {
          "n": 20,
          "delta_mean": 7.1e-05,
          "delta_ci_lo": -0.000285,
          "delta_ci_hi": 0.000482,
          "p_value": 0.7238
        },
        "vjepa_2_1_vitg_pretrain_encoder_minus_vjepa_2_1_vitg_surgery_raw_encoder": {
          "n": 20,
          "delta_mean": -0.00035,
          "delta_ci_lo": -0.000592,
          "delta_ci_hi": -0.000104,
          "p_value": 0.0038
        },
        "vjepa_2_1_vitg_pretrain_encoder_minus_vjepa_2_1_vitg_surgical_3stage_DI_diheavy_encoder": {
          "n": 20,
          "delta_mean": 0.000605,
          "delta_ci_lo": -6e-05,
          "delta_ci_hi": 0.001151,
          "p_value": 0.0548
        },
        "vjepa_2_1_vitg_pretrain_encoder_minus_vjepa_2_1_vitg_surgical_3stage_DI_encoder": {
          "n": 20,
          "delta_mean": 0.000423,
          "delta_ci_lo": -0.000223,
          "delta_ci_hi": 0.000971,
          "p_value": 0.1772
        },
        "vjepa_2_1_vitg_pretrain_encoder_minus_vjepa_2_1_vitg_surgical_3stage_DI_intervene_encoder": {
          "n": 20,
          "delta_mean": 5.6e-05,
          "delta_ci_lo": -0.000429,
          "delta_ci_hi": 0.000359,
          "p_value": 0.7272
        },
        "vjepa_2_1_vitg_pretrain_encoder_minus_vjepa_2_1_vitg_surgical_autorgn_encoder": {
          "n": 20,
          "delta_mean": -0.000117,
          "delta_ci_lo": -0.000571,
          "delta_ci_hi": 0.000248,
          "p_value": 0.5828
        },
        "vjepa_2_1_vitg_pretrain_encoder_minus_vjepa_2_1_vitg_surgical_intervene_wiseft_f30_encoder": {
          "n": 20,
          "delta_mean": 7.7e-05,
          "delta_ci_lo": -0.000431,
          "delta_ci_hi": 0.000378,
          "p_value": 0.6468
        },
        "vjepa_2_1_vitg_pretrain_encoder_minus_vjepa_2_1_vitg_surgical_intervene_wiseft_f50_encoder": {
          "n": 20,
          "delta_mean": 0.000159,
          "delta_ci_lo": -0.000329,
          "delta_ci_hi": 0.000477,
          "p_value": 0.4028
        },
        "vjepa_2_1_vitg_pretrain_encoder_minus_vjepa_2_1_vitg_surgical_intervene_wiseft_f70_encoder": {
          "n": 20,
          "delta_mean": 0.000299,
          "delta_ci_lo": -0.00019,
          "delta_ci_hi": 0.000689,
          "p_value": 0.1784
        },
        "vjepa_2_1_vitg_surgery_raw_encoder_minus_vjepa_2_1_vitg_surgical_3stage_DI_diheavy_encoder": {
          "n": 20,
          "delta_mean": 0.000955,
          "delta_ci_lo": 0.000354,
          "delta_ci_hi": 0.001582,
          "p_value": 0.002
        },
        "vjepa_2_1_vitg_surgery_raw_encoder_minus_vjepa_2_1_vitg_surgical_3stage_DI_encoder": {
          "n": 20,
          "delta_mean": 0.000773,
          "delta_ci_lo": 0.000176,
          "delta_ci_hi": 0.001371,
          "p_value": 0.0096
        },
        "vjepa_2_1_vitg_surgery_raw_encoder_minus_vjepa_2_1_vitg_surgical_3stage_DI_intervene_encoder": {
          "n": 20,
          "delta_mean": 0.000406,
          "delta_ci_lo": 1.9e-05,
          "delta_ci_hi": 0.000698,
          "p_value": 0.0256
        },
        "vjepa_2_1_vitg_surgery_raw_encoder_minus_vjepa_2_1_vitg_surgical_autorgn_encoder": {
          "n": 20,
          "delta_mean": 0.000233,
          "delta_ci_lo": -0.000191,
          "delta_ci_hi": 0.000624,
          "p_value": 0.2686
        },
        "vjepa_2_1_vitg_surgery_raw_encoder_minus_vjepa_2_1_vitg_surgical_intervene_wiseft_f30_encoder": {
          "n": 20,
          "delta_mean": 0.000427,
          "delta_ci_lo": 1.4e-05,
          "delta_ci_hi": 0.000783,
          "p_value": 0.0338
        },
        "vjepa_2_1_vitg_surgery_raw_encoder_minus_vjepa_2_1_vitg_surgical_intervene_wiseft_f50_encoder": {
          "n": 20,
          "delta_mean": 0.000508,
          "delta_ci_lo": 9.9e-05,
          "delta_ci_hi": 0.000948,
          "p_value": 0.0196
        },
        "vjepa_2_1_vitg_surgery_raw_encoder_minus_vjepa_2_1_vitg_surgical_intervene_wiseft_f70_encoder": {
          "n": 20,
          "delta_mean": 0.000649,
          "delta_ci_lo": 0.00021,
          "delta_ci_hi": 0.001206,
          "p_value": 0.007
        },
        "vjepa_2_1_vitg_surgical_3stage_DI_diheavy_encoder_minus_vjepa_2_1_vitg_surgical_3stage_DI_encoder": {
          "n": 20,
          "delta_mean": -0.000182,
          "delta_ci_lo": -0.000331,
          "delta_ci_hi": -4.7e-05,
          "p_value": 0.0092
        },
        "vjepa_2_1_vitg_surgical_3stage_DI_diheavy_encoder_minus_vjepa_2_1_vitg_surgical_3stage_DI_intervene_encoder": {
          "n": 20,
          "delta_mean": -0.000549,
          "delta_ci_lo": -0.000906,
          "delta_ci_hi": -0.000236,
          "p_value": 0.0002
        },
        "vjepa_2_1_vitg_surgical_3stage_DI_diheavy_encoder_minus_vjepa_2_1_vitg_surgical_autorgn_encoder": {
          "n": 20,
          "delta_mean": -0.000722,
          "delta_ci_lo": -0.001027,
          "delta_ci_hi": -0.000447,
          "p_value": 0.0
        },
        "vjepa_2_1_vitg_surgical_3stage_DI_diheavy_encoder_minus_vjepa_2_1_vitg_surgical_intervene_wiseft_f30_encoder": {
          "n": 20,
          "delta_mean": -0.000528,
          "delta_ci_lo": -0.00085,
          "delta_ci_hi": -0.000241,
          "p_value": 0.0002
        },
        "vjepa_2_1_vitg_surgical_3stage_DI_diheavy_encoder_minus_vjepa_2_1_vitg_surgical_intervene_wiseft_f50_encoder": {
          "n": 20,
          "delta_mean": -0.000446,
          "delta_ci_lo": -0.000756,
          "delta_ci_hi": -0.000146,
          "p_value": 0.0034
        },
        "vjepa_2_1_vitg_surgical_3stage_DI_diheavy_encoder_minus_vjepa_2_1_vitg_surgical_intervene_wiseft_f70_encoder": {
          "n": 20,
          "delta_mean": -0.000306,
          "delta_ci_lo": -0.000616,
          "delta_ci_hi": 2.2e-05,
          "p_value": 0.063
        },
        "vjepa_2_1_vitg_surgical_3stage_DI_encoder_minus_vjepa_2_1_vitg_surgical_3stage_DI_intervene_encoder": {
          "n": 20,
          "delta_mean": -0.000367,
          "delta_ci_lo": -0.000699,
          "delta_ci_hi": -3.9e-05,
          "p_value": 0.03
        },
        "vjepa_2_1_vitg_surgical_3stage_DI_encoder_minus_vjepa_2_1_vitg_surgical_autorgn_encoder": {
          "n": 20,
          "delta_mean": -0.00054,
          "delta_ci_lo": -0.000793,
          "delta_ci_hi": -0.000283,
          "p_value": 0.0
        },
        "vjepa_2_1_vitg_surgical_3stage_DI_encoder_minus_vjepa_2_1_vitg_surgical_intervene_wiseft_f30_encoder": {
          "n": 20,
          "delta_mean": -0.000346,
          "delta_ci_lo": -0.000663,
          "delta_ci_hi": -1.5e-05,
          "p_value": 0.0376
        },
        "vjepa_2_1_vitg_surgical_3stage_DI_encoder_minus_vjepa_2_1_vitg_surgical_intervene_wiseft_f50_encoder": {
          "n": 20,
          "delta_mean": -0.000265,
          "delta_ci_lo": -0.000591,
          "delta_ci_hi": 9e-05,
          "p_value": 0.1374
        },
        "vjepa_2_1_vitg_surgical_3stage_DI_encoder_minus_vjepa_2_1_vitg_surgical_intervene_wiseft_f70_encoder": {
          "n": 20,
          "delta_mean": -0.000124,
          "delta_ci_lo": -0.000469,
          "delta_ci_hi": 0.000289,
          "p_value": 0.5188
        },
        "vjepa_2_1_vitg_surgical_3stage_DI_intervene_encoder_minus_vjepa_2_1_vitg_surgical_autorgn_encoder": {
          "n": 20,
          "delta_mean": -0.000173,
          "delta_ci_lo": -0.00041,
          "delta_ci_hi": -4e-06,
          "p_value": 0.0716
        },
        "vjepa_2_1_vitg_surgical_3stage_DI_intervene_encoder_minus_vjepa_2_1_vitg_surgical_intervene_wiseft_f30_encoder": {
          "n": 20,
          "delta_mean": 2.1e-05,
          "delta_ci_lo": -6.1e-05,
          "delta_ci_hi": 0.000129,
          "p_value": 0.6652
        },
        "vjepa_2_1_vitg_surgical_3stage_DI_intervene_encoder_minus_vjepa_2_1_vitg_surgical_intervene_wiseft_f50_encoder": {
          "n": 20,
          "delta_mean": 0.000103,
          "delta_ci_lo": -3e-05,
          "delta_ci_hi": 0.000315,
          "p_value": 0.2104
        },
        "vjepa_2_1_vitg_surgical_3stage_DI_intervene_encoder_minus_vjepa_2_1_vitg_surgical_intervene_wiseft_f70_encoder": {
          "n": 20,
          "delta_mean": 0.000243,
          "delta_ci_lo": 3.9e-05,
          "delta_ci_hi": 0.000572,
          "p_value": 0.0366
        },
        "vjepa_2_1_vitg_surgical_autorgn_encoder_minus_vjepa_2_1_vitg_surgical_intervene_wiseft_f30_encoder": {
          "n": 20,
          "delta_mean": 0.000194,
          "delta_ci_lo": 1.8e-05,
          "delta_ci_hi": 0.000433,
          "p_value": 0.0444
        },
        "vjepa_2_1_vitg_surgical_autorgn_encoder_minus_vjepa_2_1_vitg_surgical_intervene_wiseft_f50_encoder": {
          "n": 20,
          "delta_mean": 0.000276,
          "delta_ci_lo": 7.7e-05,
          "delta_ci_hi": 0.000566,
          "p_value": 0.0114
        },
        "vjepa_2_1_vitg_surgical_autorgn_encoder_minus_vjepa_2_1_vitg_surgical_intervene_wiseft_f70_encoder": {
          "n": 20,
          "delta_mean": 0.000416,
          "delta_ci_lo": 0.000159,
          "delta_ci_hi": 0.00079,
          "p_value": 0.0022
        },
        "vjepa_2_1_vitg_surgical_intervene_wiseft_f30_encoder_minus_vjepa_2_1_vitg_surgical_intervene_wiseft_f50_encoder": {
          "n": 20,
          "delta_mean": 8.1e-05,
          "delta_ci_lo": 1e-05,
          "delta_ci_hi": 0.000189,
          "p_value": 0.0452
        },
        "vjepa_2_1_vitg_surgical_intervene_wiseft_f30_encoder_minus_vjepa_2_1_vitg_surgical_intervene_wiseft_f70_encoder": {
          "n": 20,
          "delta_mean": 0.000222,
          "delta_ci_lo": 7.7e-05,
          "delta_ci_hi": 0.000448,
          "p_value": 0.0066
        },
        "vjepa_2_1_vitg_surgical_intervene_wiseft_f50_encoder_minus_vjepa_2_1_vitg_surgical_intervene_wiseft_f70_encoder": {
          "n": 20,
          "delta_mean": 0.000141,
          "delta_ci_lo": 5.5e-05,
          "delta_ci_hi": 0.000265,
          "p_value": 0.002
        }
      },
      "lower_is_better": true
    },
    "teacher_free": {
      "by_variant": {
        "vjepa_2_1_vitg_frozen": {
          "variant": "vjepa_2_1_vitg_frozen",
          "metric": "teacher_free",
          "n_test": 20,
          "mean": 0.047148,
          "std": 0.016778,
          "ci": {
            "mean": 0.047148,
            "ci_lo": 0.041339,
            "ci_hi": 0.056782,
            "ci_half": 0.007721
          },
          "lower_is_better": true,
          "interpretation": "free\u2212teacher gap; lower = less exposure bias",
          "num_frames": 16,
          "encoder_ckpt": "checkpoints/vjepa2_1_vitg_384.pt"
        },
        "vjepa_2_1_vitg_full_ft_encoder": {
          "variant": "vjepa_2_1_vitg_full_ft_encoder",
          "metric": "teacher_free",
          "n_test": 20,
          "mean": 0.039588,
          "std": 0.017745,
          "ci": {
            "mean": 0.039588,
            "ci_lo": 0.033486,
            "ci_hi": 0.049932,
            "ci_half": 0.008223
          },
          "lower_is_better": true,
          "interpretation": "free\u2212teacher gap; lower = less exposure bias",
          "num_frames": 16,
          "encoder_ckpt": "outputs/sanity/vjepa_2_1_vitg_1B/train/m09f_full_ft_encoder/m09c_ckpt_best.pt"
        },
        "vjepa_2_1_vitg_lpft_encoder": {
          "variant": "vjepa_2_1_vitg_lpft_encoder",
          "metric": "teacher_free",
          "n_test": 20,
          "mean": 0.038844,
          "std": 0.017766,
          "ci": {
            "mean": 0.038844,
            "ci_lo": 0.032837,
            "ci_hi": 0.049598,
            "ci_half": 0.00838
          },
          "lower_is_better": true,
          "interpretation": "free\u2212teacher gap; lower = less exposure bias",
          "num_frames": 16,
          "encoder_ckpt": "outputs/sanity/vjepa_2_1_vitg_1B/train/m09f_lpft_encoder/m09c_ckpt_best.pt"
        },
        "vjepa_2_1_vitg_peft_dora_encoder": {
          "variant": "vjepa_2_1_vitg_peft_dora_encoder",
          "metric": "teacher_free",
          "n_test": 20,
          "mean": 0.043273,
          "std": 0.01757,
          "ci": {
            "mean": 0.043273,
            "ci_lo": 0.037068,
            "ci_hi": 0.053268,
            "ci_half": 0.0081
          },
          "lower_is_better": true,
          "interpretation": "free\u2212teacher gap; lower = less exposure bias",
          "num_frames": 16,
          "encoder_ckpt": "outputs/sanity/vjepa_2_1_vitg_1B/train/m09b_peft_dora_encoder/m09c_ckpt_best.pt"
        },
        "vjepa_2_1_vitg_peft_lora_encoder": {
          "variant": "vjepa_2_1_vitg_peft_lora_encoder",
          "metric": "teacher_free",
          "n_test": 20,
          "mean": 0.043255,
          "std": 0.017545,
          "ci": {
            "mean": 0.043254,
            "ci_lo": 0.037074,
            "ci_hi": 0.053277,
            "ci_half": 0.008102
          },
          "lower_is_better": true,
          "interpretation": "free\u2212teacher gap; lower = less exposure bias",
          "num_frames": 16,
          "encoder_ckpt": "outputs/sanity/vjepa_2_1_vitg_1B/train/m09b_peft_lora_encoder/m09c_ckpt_best.pt"
        },
        "vjepa_2_1_vitg_pretrain_encoder": {
          "variant": "vjepa_2_1_vitg_pretrain_encoder",
          "metric": "teacher_free",
          "n_test": 20,
          "mean": 0.038,
          "std": 0.017515,
          "ci": {
            "mean": 0.038,
            "ci_lo": 0.032292,
            "ci_hi": 0.048923,
            "ci_half": 0.008316
          },
          "lower_is_better": true,
          "interpretation": "free\u2212teacher gap; lower = less exposure bias",
          "num_frames": 16,
          "encoder_ckpt": "outputs/sanity/vjepa_2_1_vitg_1B/train/m09a_pretrain_encoder/m09a_ckpt_best.pt"
        },
        "vjepa_2_1_vitg_surgery_raw_encoder": {
          "variant": "vjepa_2_1_vitg_surgery_raw_encoder",
          "metric": "teacher_free",
          "n_test": 20,
          "mean": 0.035671,
          "std": 0.017515,
          "ci": {
            "mean": 0.035671,
            "ci_lo": 0.02978,
            "ci_hi": 0.046234,
            "ci_half": 0.008227
          },
          "lower_is_better": true,
          "interpretation": "free\u2212teacher gap; lower = less exposure bias",
          "num_frames": 16,
          "encoder_ckpt": "outputs/sanity/vjepa_2_1_vitg_1B/train/m09c_surgery_raw_encoder/m09c_ckpt_best.pt"
        },
        "vjepa_2_1_vitg_surgical_3stage_DI_diheavy_encoder": {
          "variant": "vjepa_2_1_vitg_surgical_3stage_DI_diheavy_encoder",
          "metric": "teacher_free",
          "n_test": 20,
          "mean": 0.042939,
          "std": 0.01728,
          "ci": {
            "mean": 0.042939,
            "ci_lo": 0.036818,
            "ci_hi": 0.052711,
            "ci_half": 0.007947
          },
          "lower_is_better": true,
          "interpretation": "free\u2212teacher gap; lower = less exposure bias",
          "num_frames": 16,
          "encoder_ckpt": "outputs/sanity/vjepa_2_1_vitg_1B/train/m09c_surgery_3stage_DI_diheavy_encoder/m09c_ckpt_best.pt"
        },
        "vjepa_2_1_vitg_surgical_3stage_DI_encoder": {
          "variant": "vjepa_2_1_vitg_surgical_3stage_DI_encoder",
          "metric": "teacher_free",
          "n_test": 20,
          "mean": 0.043334,
          "std": 0.017517,
          "ci": {
            "mean": 0.043334,
            "ci_lo": 0.037149,
            "ci_hi": 0.053292,
            "ci_half": 0.008071
          },
          "lower_is_better": true,
          "interpretation": "free\u2212teacher gap; lower = less exposure bias",
          "num_frames": 16,
          "encoder_ckpt": "outputs/sanity/vjepa_2_1_vitg_1B/train/m09c_surgery_3stage_DI_encoder/m09c_ckpt_best.pt"
        },
        "vjepa_2_1_vitg_surgical_3stage_DI_intervene_encoder": {
          "variant": "vjepa_2_1_vitg_surgical_3stage_DI_intervene_encoder",
          "metric": "teacher_free",
          "n_test": 20,
          "mean": 0.041466,
          "std": 0.018366,
          "ci": {
            "mean": 0.041466,
            "ci_lo": 0.035102,
            "ci_hi": 0.052022,
            "ci_half": 0.00846
          },
          "lower_is_better": true,
          "interpretation": "free\u2212teacher gap; lower = less exposure bias",
          "num_frames": 16,
          "encoder_ckpt": "outputs/sanity/vjepa_2_1_vitg_1B/train/m09c_surgery_3stage_DI_intervene_encoder/m09c_ckpt_best.pt"
        },
        "vjepa_2_1_vitg_surgical_autorgn_encoder": {
          "variant": "vjepa_2_1_vitg_surgical_autorgn_encoder",
          "metric": "teacher_free",
          "n_test": 20,
          "mean": 0.040019,
          "std": 0.017845,
          "ci": {
            "mean": 0.040019,
            "ci_lo": 0.033852,
            "ci_hi": 0.05046,
            "ci_half": 0.008304
          },
          "lower_is_better": true,
          "interpretation": "free\u2212teacher gap; lower = less exposure bias",
          "num_frames": 16,
          "encoder_ckpt": "outputs/sanity/vjepa_2_1_vitg_1B/train/m09e_autorgn_encoder/m09c_ckpt_best.pt"
        },
        "vjepa_2_1_vitg_surgical_intervene_wiseft_f30_encoder": {
          "variant": "vjepa_2_1_vitg_surgical_intervene_wiseft_f30_encoder",
          "metric": "teacher_free",
          "n_test": 20,
          "mean": 0.042329,
          "std": 0.01796,
          "ci": {
            "mean": 0.042329,
            "ci_lo": 0.036112,
            "ci_hi": 0.052605,
            "ci_half": 0.008247
          },
          "lower_is_better": true,
          "interpretation": "free\u2212teacher gap; lower = less exposure bias",
          "num_frames": 16,
          "encoder_ckpt": "outputs/sanity/vjepa_2_1_vitg_1B/train/m09c_surgical_intervene_wiseft_f30_encoder/m09c_ckpt_best.pt"
        },
        "vjepa_2_1_vitg_surgical_intervene_wiseft_f50_encoder": {
          "variant": "vjepa_2_1_vitg_surgical_intervene_wiseft_f50_encoder",
          "metric": "teacher_free",
          "n_test": 20,
          "mean": 0.043183,
          "std": 0.017551,
          "ci": {
            "mean": 0.043183,
            "ci_lo": 0.037088,
            "ci_hi": 0.053187,
            "ci_half": 0.00805
          },
          "lower_is_better": true,
          "interpretation": "free\u2212teacher gap; lower = less exposure bias",
          "num_frames": 16,
          "encoder_ckpt": "outputs/sanity/vjepa_2_1_vitg_1B/train/m09c_surgical_intervene_wiseft_f50_encoder/m09c_ckpt_best.pt"
        },
        "vjepa_2_1_vitg_surgical_intervene_wiseft_f70_encoder": {
          "variant": "vjepa_2_1_vitg_surgical_intervene_wiseft_f70_encoder",
          "metric": "teacher_free",
          "n_test": 20,
          "mean": 0.044284,
          "std": 0.017068,
          "ci": {
            "mean": 0.044284,
            "ci_lo": 0.038304,
            "ci_hi": 0.053982,
            "ci_half": 0.007839
          },
          "lower_is_better": true,
          "interpretation": "free\u2212teacher gap; lower = less exposure bias",
          "num_frames": 16,
          "encoder_ckpt": "outputs/sanity/vjepa_2_1_vitg_1B/train/m09c_surgical_intervene_wiseft_f70_encoder/m09c_ckpt_best.pt"
        }
      },
      "pairwise_deltas": {
        "vjepa_2_1_vitg_frozen_minus_vjepa_2_1_vitg_full_ft_encoder": {
          "n": 20,
          "delta_mean": 0.007561,
          "delta_ci_lo": 0.005947,
          "delta_ci_hi": 0.00878,
          "p_value": 0.0
        },
        "vjepa_2_1_vitg_frozen_minus_vjepa_2_1_vitg_lpft_encoder": {
          "n": 20,
          "delta_mean": 0.008305,
          "delta_ci_lo": 0.007032,
          "delta_ci_hi": 0.009884,
          "p_value": 0.0
        },
        "vjepa_2_1_vitg_frozen_minus_vjepa_2_1_vitg_peft_dora_encoder": {
          "n": 20,
          "delta_mean": 0.003875,
          "delta_ci_lo": 0.002717,
          "delta_ci_hi": 0.004849,
          "p_value": 0.0
        },
        "vjepa_2_1_vitg_frozen_minus_vjepa_2_1_vitg_peft_lora_encoder": {
          "n": 20,
          "delta_mean": 0.003894,
          "delta_ci_lo": 0.002741,
          "delta_ci_hi": 0.004857,
          "p_value": 0.0
        },
        "vjepa_2_1_vitg_frozen_minus_vjepa_2_1_vitg_pretrain_encoder": {
          "n": 20,
          "delta_mean": 0.009149,
          "delta_ci_lo": 0.007504,
          "delta_ci_hi": 0.011286,
          "p_value": 0.0
        },
        "vjepa_2_1_vitg_frozen_minus_vjepa_2_1_vitg_surgery_raw_encoder": {
          "n": 20,
          "delta_mean": 0.011477,
          "delta_ci_lo": 0.009991,
          "delta_ci_hi": 0.013145,
          "p_value": 0.0
        },
        "vjepa_2_1_vitg_frozen_minus_vjepa_2_1_vitg_surgical_3stage_DI_diheavy_encoder": {
          "n": 20,
          "delta_mean": 0.004209,
          "delta_ci_lo": 0.003093,
          "delta_ci_hi": 0.005176,
          "p_value": 0.0
        },
        "vjepa_2_1_vitg_frozen_minus_vjepa_2_1_vitg_surgical_3stage_DI_encoder": {
          "n": 20,
          "delta_mean": 0.003814,
          "delta_ci_lo": 0.002732,
          "delta_ci_hi": 0.004816,
          "p_value": 0.0
        },
        "vjepa_2_1_vitg_frozen_minus_vjepa_2_1_vitg_surgical_3stage_DI_intervene_encoder": {
          "n": 20,
          "delta_mean": 0.005682,
          "delta_ci_lo": 0.004133,
          "delta_ci_hi": 0.006706,
          "p_value": 0.0
        },
        "vjepa_2_1_vitg_frozen_minus_vjepa_2_1_vitg_surgical_autorgn_encoder": {
          "n": 20,
          "delta_mean": 0.00713,
          "delta_ci_lo": 0.005538,
          "delta_ci_hi": 0.008128,
          "p_value": 0.0
        },
        "vjepa_2_1_vitg_frozen_minus_vjepa_2_1_vitg_surgical_intervene_wiseft_f30_encoder": {
          "n": 20,
          "delta_mean": 0.00482,
          "delta_ci_lo": 0.003633,
          "delta_ci_hi": 0.005709,
          "p_value": 0.0
        },
        "vjepa_2_1_vitg_frozen_minus_vjepa_2_1_vitg_surgical_intervene_wiseft_f50_encoder": {
          "n": 20,
          "delta_mean": 0.003965,
          "delta_ci_lo": 0.003022,
          "delta_ci_hi": 0.004714,
          "p_value": 0.0
        },
        "vjepa_2_1_vitg_frozen_minus_vjepa_2_1_vitg_surgical_intervene_wiseft_f70_encoder": {
          "n": 20,
          "delta_mean": 0.002864,
          "delta_ci_lo": 0.002189,
          "delta_ci_hi": 0.003458,
          "p_value": 0.0
        },
        "vjepa_2_1_vitg_full_ft_encoder_minus_vjepa_2_1_vitg_lpft_encoder": {
          "n": 20,
          "delta_mean": 0.000744,
          "delta_ci_lo": 2.9e-05,
          "delta_ci_hi": 0.00163,
          "p_value": 0.0564
        },
        "vjepa_2_1_vitg_full_ft_encoder_minus_vjepa_2_1_vitg_peft_dora_encoder": {
          "n": 20,
          "delta_mean": -0.003686,
          "delta_ci_lo": -0.004838,
          "delta_ci_hi": -0.002775,
          "p_value": 0.0
        },
        "vjepa_2_1_vitg_full_ft_encoder_minus_vjepa_2_1_vitg_peft_lora_encoder": {
          "n": 20,
          "delta_mean": -0.003667,
          "delta_ci_lo": -0.004822,
          "delta_ci_hi": -0.00278,
          "p_value": 0.0
        },
        "vjepa_2_1_vitg_full_ft_encoder_minus_vjepa_2_1_vitg_pretrain_encoder": {
          "n": 20,
          "delta_mean": 0.001588,
          "delta_ci_lo": -4.6e-05,
          "delta_ci_hi": 0.003514,
          "p_value": 0.07
        },
        "vjepa_2_1_vitg_full_ft_encoder_minus_vjepa_2_1_vitg_surgery_raw_encoder": {
          "n": 20,
          "delta_mean": 0.003916,
          "delta_ci_lo": 0.002976,
          "delta_ci_hi": 0.005119,
          "p_value": 0.0
        },
        "vjepa_2_1_vitg_full_ft_encoder_minus_vjepa_2_1_vitg_surgical_3stage_DI_diheavy_encoder": {
          "n": 20,
          "delta_mean": -0.003351,
          "delta_ci_lo": -0.004495,
          "delta_ci_hi": -0.002094,
          "p_value": 0.0
        },
        "vjepa_2_1_vitg_full_ft_encoder_minus_vjepa_2_1_vitg_surgical_3stage_DI_encoder": {
          "n": 20,
          "delta_mean": -0.003747,
          "delta_ci_lo": -0.004833,
          "delta_ci_hi": -0.002617,
          "p_value": 0.0
        },
        "vjepa_2_1_vitg_full_ft_encoder_minus_vjepa_2_1_vitg_surgical_3stage_DI_intervene_encoder": {
          "n": 20,
          "delta_mean": -0.001879,
          "delta_ci_lo": -0.003444,
          "delta_ci_hi": -0.001208,
          "p_value": 0.0
        },
        "vjepa_2_1_vitg_full_ft_encoder_minus_vjepa_2_1_vitg_surgical_autorgn_encoder": {
          "n": 20,
          "delta_mean": -0.000431,
          "delta_ci_lo": -0.000955,
          "delta_ci_hi": -7e-06,
          "p_value": 0.0648
        },
        "vjepa_2_1_vitg_full_ft_encoder_minus_vjepa_2_1_vitg_surgical_intervene_wiseft_f30_encoder": {
          "n": 20,
          "delta_mean": -0.002741,
          "delta_ci_lo": -0.004523,
          "delta_ci_hi": -0.001964,
          "p_value": 0.0
        },
        "vjepa_2_1_vitg_full_ft_encoder_minus_vjepa_2_1_vitg_surgical_intervene_wiseft_f50_encoder": {
          "n": 20,
          "delta_mean": -0.003595,
          "delta_ci_lo": -0.005326,
          "delta_ci_hi": -0.002683,
          "p_value": 0.0
        },
        "vjepa_2_1_vitg_full_ft_encoder_minus_vjepa_2_1_vitg_surgical_intervene_wiseft_f70_encoder": {
          "n": 20,
          "delta_mean": -0.004697,
          "delta_ci_lo": -0.006253,
          "delta_ci_hi": -0.00355,
          "p_value": 0.0
        },
        "vjepa_2_1_vitg_lpft_encoder_minus_vjepa_2_1_vitg_peft_dora_encoder": {
          "n": 20,
          "delta_mean": -0.00443,
          "delta_ci_lo": -0.005905,
          "delta_ci_hi": -0.003215,
          "p_value": 0.0
        },
        "vjepa_2_1_vitg_lpft_encoder_minus_vjepa_2_1_vitg_peft_lora_encoder": {
          "n": 20,
          "delta_mean": -0.004411,
          "delta_ci_lo": -0.005892,
          "delta_ci_hi": -0.003199,
          "p_value": 0.0
        },
        "vjepa_2_1_vitg_lpft_encoder_minus_vjepa_2_1_vitg_pretrain_encoder": {
          "n": 20,
          "delta_mean": 0.000844,
          "delta_ci_lo": -0.000293,
          "delta_ci_hi": 0.002031,
          "p_value": 0.1414
        },
        "vjepa_2_1_vitg_lpft_encoder_minus_vjepa_2_1_vitg_surgery_raw_encoder": {
          "n": 20,
          "delta_mean": 0.003172,
          "delta_ci_lo": 0.002455,
          "delta_ci_hi": 0.004027,
          "p_value": 0.0
        },
        "vjepa_2_1_vitg_lpft_encoder_minus_vjepa_2_1_vitg_surgical_3stage_DI_diheavy_encoder": {
          "n": 20,
          "delta_mean": -0.004095,
          "delta_ci_lo": -0.005693,
          "delta_ci_hi": -0.002822,
          "p_value": 0.0
        },
        "vjepa_2_1_vitg_lpft_encoder_minus_vjepa_2_1_vitg_surgical_3stage_DI_encoder": {
          "n": 20,
          "delta_mean": -0.004491,
          "delta_ci_lo": -0.006083,
          "delta_ci_hi": -0.003356,
          "p_value": 0.0
        },
        "vjepa_2_1_vitg_lpft_encoder_minus_vjepa_2_1_vitg_surgical_3stage_DI_intervene_encoder": {
          "n": 20,
          "delta_mean": -0.002623,
          "delta_ci_lo": -0.00477,
          "delta_ci_hi": -0.001657,
          "p_value": 0.0
        },
        "vjepa_2_1_vitg_lpft_encoder_minus_vjepa_2_1_vitg_surgical_autorgn_encoder": {
          "n": 20,
          "delta_mean": -0.001175,
          "delta_ci_lo": -0.002327,
          "delta_ci_hi": -0.000293,
          "p_value": 0.015
        },
        "vjepa_2_1_vitg_lpft_encoder_minus_vjepa_2_1_vitg_surgical_intervene_wiseft_f30_encoder": {
          "n": 20,
          "delta_mean": -0.003485,
          "delta_ci_lo": -0.005822,
          "delta_ci_hi": -0.00246,
          "p_value": 0.0
        },
        "vjepa_2_1_vitg_lpft_encoder_minus_vjepa_2_1_vitg_surgical_intervene_wiseft_f50_encoder": {
          "n": 20,
          "delta_mean": -0.004339,
          "delta_ci_lo": -0.006692,
          "delta_ci_hi": -0.003226,
          "p_value": 0.0
        },
        "vjepa_2_1_vitg_lpft_encoder_minus_vjepa_2_1_vitg_surgical_intervene_wiseft_f70_encoder": {
          "n": 20,
          "delta_mean": -0.005441,
          "delta_ci_lo": -0.007612,
          "delta_ci_hi": -0.004218,
          "p_value": 0.0
        },
        "vjepa_2_1_vitg_peft_dora_encoder_minus_vjepa_2_1_vitg_peft_lora_encoder": {
          "n": 20,
          "delta_mean": 1.9e-05,
          "delta_ci_lo": -2.3e-05,
          "delta_ci_hi": 6.2e-05,
          "p_value": 0.3688
        },
        "vjepa_2_1_vitg_peft_dora_encoder_minus_vjepa_2_1_vitg_pretrain_encoder": {
          "n": 20,
          "delta_mean": 0.005274,
          "delta_ci_lo": 0.003258,
          "delta_ci_hi": 0.007549,
          "p_value": 0.0
        },
        "vjepa_2_1_vitg_peft_dora_encoder_minus_vjepa_2_1_vitg_surgery_raw_encoder": {
          "n": 20,
          "delta_mean": 0.007602,
          "delta_ci_lo": 0.006076,
          "delta_ci_hi": 0.00942,
          "p_value": 0.0
        },
        "vjepa_2_1_vitg_peft_dora_encoder_minus_vjepa_2_1_vitg_surgical_3stage_DI_diheavy_encoder": {
          "n": 20,
          "delta_mean": 0.000335,
          "delta_ci_lo": -1.3e-05,
          "delta_ci_hi": 0.000852,
          "p_value": 0.0974
        },
        "vjepa_2_1_vitg_peft_dora_encoder_minus_vjepa_2_1_vitg_surgical_3stage_DI_encoder": {
          "n": 20,
          "delta_mean": -6.1e-05,
          "delta_ci_lo": -0.000458,
          "delta_ci_hi": 0.000351,
          "p_value": 0.7836
        },
        "vjepa_2_1_vitg_peft_dora_encoder_minus_vjepa_2_1_vitg_surgical_3stage_DI_intervene_encoder": {
          "n": 20,
          "delta_mean": 0.001807,
          "delta_ci_lo": 0.000858,
          "delta_ci_hi": 0.002728,
          "p_value": 0.0004
        },
        "vjepa_2_1_vitg_peft_dora_encoder_minus_vjepa_2_1_vitg_surgical_autorgn_encoder": {
          "n": 20,
          "delta_mean": 0.003255,
          "delta_ci_lo": 0.002453,
          "delta_ci_hi": 0.003944,
          "p_value": 0.0
        },
        "vjepa_2_1_vitg_peft_dora_encoder_minus_vjepa_2_1_vitg_surgical_intervene_wiseft_f30_encoder": {
          "n": 20,
          "delta_mean": 0.000945,
          "delta_ci_lo": 1.6e-05,
          "delta_ci_hi": 0.001702,
          "p_value": 0.0312
        },
        "vjepa_2_1_vitg_peft_dora_encoder_minus_vjepa_2_1_vitg_surgical_intervene_wiseft_f50_encoder": {
          "n": 20,
          "delta_mean": 9e-05,
          "delta_ci_lo": -0.000851,
          "delta_ci_hi": 0.000817,
          "p_value": 0.7886
        },
        "vjepa_2_1_vitg_peft_dora_encoder_minus_vjepa_2_1_vitg_surgical_intervene_wiseft_f70_encoder": {
          "n": 20,
          "delta_mean": -0.001011,
          "delta_ci_lo": -0.001918,
          "delta_ci_hi": -0.000185,
          "p_value": 0.0204
        },
        "vjepa_2_1_vitg_peft_lora_encoder_minus_vjepa_2_1_vitg_pretrain_encoder": {
          "n": 20,
          "delta_mean": 0.005255,
          "delta_ci_lo": 0.003246,
          "delta_ci_hi": 0.007531,
          "p_value": 0.0
        },
        "vjepa_2_1_vitg_peft_lora_encoder_minus_vjepa_2_1_vitg_surgery_raw_encoder": {
          "n": 20,
          "delta_mean": 0.007583,
          "delta_ci_lo": 0.006071,
          "delta_ci_hi": 0.00939,
          "p_value": 0.0
        },
        "vjepa_2_1_vitg_peft_lora_encoder_minus_vjepa_2_1_vitg_surgical_3stage_DI_diheavy_encoder": {
          "n": 20,
          "delta_mean": 0.000316,
          "delta_ci_lo": -1.1e-05,
          "delta_ci_hi": 0.00088,
          "p_value": 0.1142
        },
        "vjepa_2_1_vitg_peft_lora_encoder_minus_vjepa_2_1_vitg_surgical_3stage_DI_encoder": {
          "n": 20,
          "delta_mean": -8e-05,
          "delta_ci_lo": -0.000464,
          "delta_ci_hi": 0.000346,
          "p_value": 0.7048
        },
        "vjepa_2_1_vitg_peft_lora_encoder_minus_vjepa_2_1_vitg_surgical_3stage_DI_intervene_encoder": {
          "n": 20,
          "delta_mean": 0.001788,
          "delta_ci_lo": 0.000853,
          "delta_ci_hi": 0.002701,
          "p_value": 0.0002
        },
        "vjepa_2_1_vitg_peft_lora_encoder_minus_vjepa_2_1_vitg_surgical_autorgn_encoder": {
          "n": 20,
          "delta_mean": 0.003236,
          "delta_ci_lo": 0.002461,
          "delta_ci_hi": 0.003924,
          "p_value": 0.0
        },
        "vjepa_2_1_vitg_peft_lora_encoder_minus_vjepa_2_1_vitg_surgical_intervene_wiseft_f30_encoder": {
          "n": 20,
          "delta_mean": 0.000926,
          "delta_ci_lo": 1.4e-05,
          "delta_ci_hi": 0.001667,
          "p_value": 0.032
        },
        "vjepa_2_1_vitg_peft_lora_encoder_minus_vjepa_2_1_vitg_surgical_intervene_wiseft_f50_encoder": {
          "n": 20,
          "delta_mean": 7.2e-05,
          "delta_ci_lo": -0.000861,
          "delta_ci_hi": 0.000776,
          "p_value": 0.8176
        },
        "vjepa_2_1_vitg_peft_lora_encoder_minus_vjepa_2_1_vitg_surgical_intervene_wiseft_f70_encoder": {
          "n": 20,
          "delta_mean": -0.00103,
          "delta_ci_lo": -0.001927,
          "delta_ci_hi": -0.000227,
          "p_value": 0.016
        },
        "vjepa_2_1_vitg_pretrain_encoder_minus_vjepa_2_1_vitg_surgery_raw_encoder": {
          "n": 20,
          "delta_mean": 0.002328,
          "delta_ci_lo": 0.001037,
          "delta_ci_hi": 0.003216,
          "p_value": 0.0
        },
        "vjepa_2_1_vitg_pretrain_encoder_minus_vjepa_2_1_vitg_surgical_3stage_DI_diheavy_encoder": {
          "n": 20,
          "delta_mean": -0.004939,
          "delta_ci_lo": -0.007241,
          "delta_ci_hi": -0.002933,
          "p_value": 0.0
        },
        "vjepa_2_1_vitg_pretrain_encoder_minus_vjepa_2_1_vitg_surgical_3stage_DI_encoder": {
          "n": 20,
          "delta_mean": -0.005335,
          "delta_ci_lo": -0.00764,
          "delta_ci_hi": -0.003353,
          "p_value": 0.0
        },
        "vjepa_2_1_vitg_pretrain_encoder_minus_vjepa_2_1_vitg_surgical_3stage_DI_intervene_encoder": {
          "n": 20,
          "delta_mean": -0.003467,
          "delta_ci_lo": -0.006055,
          "delta_ci_hi": -0.001598,
          "p_value": 0.0002
        },
        "vjepa_2_1_vitg_pretrain_encoder_minus_vjepa_2_1_vitg_surgical_autorgn_encoder": {
          "n": 20,
          "delta_mean": -0.002019,
          "delta_ci_lo": -0.004125,
          "delta_ci_hi": -0.000146,
          "p_value": 0.0416
        },
        "vjepa_2_1_vitg_pretrain_encoder_minus_vjepa_2_1_vitg_surgical_intervene_wiseft_f30_encoder": {
          "n": 20,
          "delta_mean": -0.004329,
          "delta_ci_lo": -0.007029,
          "delta_ci_hi": -0.002451,
          "p_value": 0.0
        },
        "vjepa_2_1_vitg_pretrain_encoder_minus_vjepa_2_1_vitg_surgical_intervene_wiseft_f50_encoder": {
          "n": 20,
          "delta_mean": -0.005183,
          "delta_ci_lo": -0.007954,
          "delta_ci_hi": -0.003293,
          "p_value": 0.0
        },
        "vjepa_2_1_vitg_pretrain_encoder_minus_vjepa_2_1_vitg_surgical_intervene_wiseft_f70_encoder": {
          "n": 20,
          "delta_mean": -0.006285,
          "delta_ci_lo": -0.008948,
          "delta_ci_hi": -0.004415,
          "p_value": 0.0
        },
        "vjepa_2_1_vitg_surgery_raw_encoder_minus_vjepa_2_1_vitg_surgical_3stage_DI_diheavy_encoder": {
          "n": 20,
          "delta_mean": -0.007268,
          "delta_ci_lo": -0.009157,
          "delta_ci_hi": -0.005635,
          "p_value": 0.0
        },
        "vjepa_2_1_vitg_surgery_raw_encoder_minus_vjepa_2_1_vitg_surgical_3stage_DI_encoder": {
          "n": 20,
          "delta_mean": -0.007663,
          "delta_ci_lo": -0.009559,
          "delta_ci_hi": -0.006132,
          "p_value": 0.0
        },
        "vjepa_2_1_vitg_surgery_raw_encoder_minus_vjepa_2_1_vitg_surgical_3stage_DI_intervene_encoder": {
          "n": 20,
          "delta_mean": -0.005795,
          "delta_ci_lo": -0.007572,
          "delta_ci_hi": -0.004534,
          "p_value": 0.0
        },
        "vjepa_2_1_vitg_surgery_raw_encoder_minus_vjepa_2_1_vitg_surgical_autorgn_encoder": {
          "n": 20,
          "delta_mean": -0.004347,
          "delta_ci_lo": -0.005711,
          "delta_ci_hi": -0.003198,
          "p_value": 0.0
        },
        "vjepa_2_1_vitg_surgery_raw_encoder_minus_vjepa_2_1_vitg_surgical_intervene_wiseft_f30_encoder": {
          "n": 20,
          "delta_mean": -0.006657,
          "delta_ci_lo": -0.008748,
          "delta_ci_hi": -0.005359,
          "p_value": 0.0
        },
        "vjepa_2_1_vitg_surgery_raw_encoder_minus_vjepa_2_1_vitg_surgical_intervene_wiseft_f50_encoder": {
          "n": 20,
          "delta_mean": -0.007512,
          "delta_ci_lo": -0.009688,
          "delta_ci_hi": -0.006158,
          "p_value": 0.0
        },
        "vjepa_2_1_vitg_surgery_raw_encoder_minus_vjepa_2_1_vitg_surgical_intervene_wiseft_f70_encoder": {
          "n": 20,
          "delta_mean": -0.008613,
          "delta_ci_lo": -0.010741,
          "delta_ci_hi": -0.007179,
          "p_value": 0.0
        },
        "vjepa_2_1_vitg_surgical_3stage_DI_diheavy_encoder_minus_vjepa_2_1_vitg_surgical_3stage_DI_encoder": {
          "n": 20,
          "delta_mean": -0.000396,
          "delta_ci_lo": -0.000679,
          "delta_ci_hi": -0.000136,
          "p_value": 0.0028
        },
        "vjepa_2_1_vitg_surgical_3stage_DI_diheavy_encoder_minus_vjepa_2_1_vitg_surgical_3stage_DI_intervene_encoder": {
          "n": 20,
          "delta_mean": 0.001473,
          "delta_ci_lo": 0.000239,
          "delta_ci_hi": 0.002384,
          "p_value": 0.0096
        },
        "vjepa_2_1_vitg_surgical_3stage_DI_diheavy_encoder_minus_vjepa_2_1_vitg_surgical_autorgn_encoder": {
          "n": 20,
          "delta_mean": 0.00292,
          "delta_ci_lo": 0.001632,
          "delta_ci_hi": 0.0037,
          "p_value": 0.0
        },
        "vjepa_2_1_vitg_surgical_3stage_DI_diheavy_encoder_minus_vjepa_2_1_vitg_surgical_intervene_wiseft_f30_encoder": {
          "n": 20,
          "delta_mean": 0.00061,
          "delta_ci_lo": -0.000372,
          "delta_ci_hi": 0.001422,
          "p_value": 0.1938
        },
        "vjepa_2_1_vitg_surgical_3stage_DI_diheavy_encoder_minus_vjepa_2_1_vitg_surgical_intervene_wiseft_f50_encoder": {
          "n": 20,
          "delta_mean": -0.000244,
          "delta_ci_lo": -0.001102,
          "delta_ci_hi": 0.000555,
          "p_value": 0.5822
        },
        "vjepa_2_1_vitg_surgical_3stage_DI_diheavy_encoder_minus_vjepa_2_1_vitg_surgical_intervene_wiseft_f70_encoder": {
          "n": 20,
          "delta_mean": -0.001345,
          "delta_ci_lo": -0.002127,
          "delta_ci_hi": -0.000516,
          "p_value": 0.0018
        },
        "vjepa_2_1_vitg_surgical_3stage_DI_encoder_minus_vjepa_2_1_vitg_surgical_3stage_DI_intervene_encoder": {
          "n": 20,
          "delta_mean": 0.001868,
          "delta_ci_lo": 0.000751,
          "delta_ci_hi": 0.002773,
          "p_value": 0.0012
        },
        "vjepa_2_1_vitg_surgical_3stage_DI_encoder_minus_vjepa_2_1_vitg_surgical_autorgn_encoder": {
          "n": 20,
          "delta_mean": 0.003316,
          "delta_ci_lo": 0.002191,
          "delta_ci_hi": 0.004015,
          "p_value": 0.0
        },
        "vjepa_2_1_vitg_surgical_3stage_DI_encoder_minus_vjepa_2_1_vitg_surgical_intervene_wiseft_f30_encoder": {
          "n": 20,
          "delta_mean": 0.001006,
          "delta_ci_lo": 6.7e-05,
          "delta_ci_hi": 0.001794,
          "p_value": 0.0252
        },
        "vjepa_2_1_vitg_surgical_3stage_DI_encoder_minus_vjepa_2_1_vitg_surgical_intervene_wiseft_f50_encoder": {
          "n": 20,
          "delta_mean": 0.000151,
          "delta_ci_lo": -0.000704,
          "delta_ci_hi": 0.000928,
          "p_value": 0.6898
        },
        "vjepa_2_1_vitg_surgical_3stage_DI_encoder_minus_vjepa_2_1_vitg_surgical_intervene_wiseft_f70_encoder": {
          "n": 20,
          "delta_mean": -0.00095,
          "delta_ci_lo": -0.001786,
          "delta_ci_hi": -0.000128,
          "p_value": 0.0256
        },
        "vjepa_2_1_vitg_surgical_3stage_DI_intervene_encoder_minus_vjepa_2_1_vitg_surgical_autorgn_encoder": {
          "n": 20,
          "delta_mean": 0.001448,
          "delta_ci_lo": 0.000937,
          "delta_ci_hi": 0.002505,
          "p_value": 0.0
        },
        "vjepa_2_1_vitg_surgical_3stage_DI_intervene_encoder_minus_vjepa_2_1_vitg_surgical_intervene_wiseft_f30_encoder": {
          "n": 20,
          "delta_mean": -0.000862,
          "delta_ci_lo": -0.001186,
          "delta_ci_hi": -0.000444,
          "p_value": 0.0002
        },
        "vjepa_2_1_vitg_surgical_3stage_DI_intervene_encoder_minus_vjepa_2_1_vitg_surgical_intervene_wiseft_f50_encoder": {
          "n": 20,
          "delta_mean": -0.001717,
          "delta_ci_lo": -0.002258,
          "delta_ci_hi": -0.000983,
          "p_value": 0.0
        },
        "vjepa_2_1_vitg_surgical_3stage_DI_intervene_encoder_minus_vjepa_2_1_vitg_surgical_intervene_wiseft_f70_encoder": {
          "n": 20,
          "delta_mean": -0.002818,
          "delta_ci_lo": -0.00355,
          "delta_ci_hi": -0.001705,
          "p_value": 0.0
        },
        "vjepa_2_1_vitg_surgical_autorgn_encoder_minus_vjepa_2_1_vitg_surgical_intervene_wiseft_f30_encoder": {
          "n": 20,
          "delta_mean": -0.00231,
          "delta_ci_lo": -0.003582,
          "delta_ci_hi": -0.00173,
          "p_value": 0.0
        },
        "vjepa_2_1_vitg_surgical_autorgn_encoder_minus_vjepa_2_1_vitg_surgical_intervene_wiseft_f50_encoder": {
          "n": 20,
          "delta_mean": -0.003164,
          "delta_ci_lo": -0.004368,
          "delta_ci_hi": -0.002403,
          "p_value": 0.0
        },
        "vjepa_2_1_vitg_surgical_autorgn_encoder_minus_vjepa_2_1_vitg_surgical_intervene_wiseft_f70_encoder": {
          "n": 20,
          "delta_mean": -0.004266,
          "delta_ci_lo": -0.005365,
          "delta_ci_hi": -0.003189,
          "p_value": 0.0
        },
        "vjepa_2_1_vitg_surgical_intervene_wiseft_f30_encoder_minus_vjepa_2_1_vitg_surgical_intervene_wiseft_f50_encoder": {
          "n": 20,
          "delta_mean": -0.000854,
          "delta_ci_lo": -0.001086,
          "delta_ci_hi": -0.000524,
          "p_value": 0.0
        },
        "vjepa_2_1_vitg_surgical_intervene_wiseft_f30_encoder_minus_vjepa_2_1_vitg_surgical_intervene_wiseft_f70_encoder": {
          "n": 20,
          "delta_mean": -0.001956,
          "delta_ci_lo": -0.002416,
          "delta_ci_hi": -0.001254,
          "p_value": 0.0
        },
        "vjepa_2_1_vitg_surgical_intervene_wiseft_f50_encoder_minus_vjepa_2_1_vitg_surgical_intervene_wiseft_f70_encoder": {
          "n": 20,
          "delta_mean": -0.001101,
          "delta_ci_lo": -0.001342,
          "delta_ci_hi": -0.000732,
          "p_value": 0.0
        }
      },
      "lower_is_better": true
    },
    "maskratio": {
      "by_variant": {
        "vjepa_2_1_vitg_frozen": {
          "variant": "vjepa_2_1_vitg_frozen",
          "metric": "maskratio",
          "n_test": 20,
          "mean": 0.061794,
          "std": 0.016364,
          "ci": {
            "mean": 0.061794,
            "ci_lo": 0.055324,
            "ci_hi": 0.069733,
            "ci_half": 0.007205
          },
          "lower_is_better": true,
          "interpretation": "L1-vs-maskratio slope; lower = graceful degrade",
          "num_frames": 16,
          "encoder_ckpt": "checkpoints/vjepa2_1_vitg_384.pt"
        },
        "vjepa_2_1_vitg_full_ft_encoder": {
          "variant": "vjepa_2_1_vitg_full_ft_encoder",
          "metric": "maskratio",
          "n_test": 20,
          "mean": 0.063251,
          "std": 0.015624,
          "ci": {
            "mean": 0.063251,
            "ci_lo": 0.056934,
            "ci_hi": 0.070631,
            "ci_half": 0.006849
          },
          "lower_is_better": true,
          "interpretation": "L1-vs-maskratio slope; lower = graceful degrade",
          "num_frames": 16,
          "encoder_ckpt": "outputs/sanity/vjepa_2_1_vitg_1B/train/m09f_full_ft_encoder/m09c_ckpt_best.pt"
        },
        "vjepa_2_1_vitg_lpft_encoder": {
          "variant": "vjepa_2_1_vitg_lpft_encoder",
          "metric": "maskratio",
          "n_test": 20,
          "mean": 0.062742,
          "std": 0.016185,
          "ci": {
            "mean": 0.062742,
            "ci_lo": 0.056185,
            "ci_hi": 0.070357,
            "ci_half": 0.007086
          },
          "lower_is_better": true,
          "interpretation": "L1-vs-maskratio slope; lower = graceful degrade",
          "num_frames": 16,
          "encoder_ckpt": "outputs/sanity/vjepa_2_1_vitg_1B/train/m09f_lpft_encoder/m09c_ckpt_best.pt"
        },
        "vjepa_2_1_vitg_peft_dora_encoder": {
          "variant": "vjepa_2_1_vitg_peft_dora_encoder",
          "metric": "maskratio",
          "n_test": 20,
          "mean": 0.062012,
          "std": 0.01667,
          "ci": {
            "mean": 0.062012,
            "ci_lo": 0.055348,
            "ci_hi": 0.069953,
            "ci_half": 0.007303
          },
          "lower_is_better": true,
          "interpretation": "L1-vs-maskratio slope; lower = graceful degrade",
          "num_frames": 16,
          "encoder_ckpt": "outputs/sanity/vjepa_2_1_vitg_1B/train/m09b_peft_dora_encoder/m09c_ckpt_best.pt"
        },
        "vjepa_2_1_vitg_peft_lora_encoder": {
          "variant": "vjepa_2_1_vitg_peft_lora_encoder",
          "metric": "maskratio",
          "n_test": 20,
          "mean": 0.06199,
          "std": 0.016795,
          "ci": {
            "mean": 0.06199,
            "ci_lo": 0.055251,
            "ci_hi": 0.069965,
            "ci_half": 0.007357
          },
          "lower_is_better": true,
          "interpretation": "L1-vs-maskratio slope; lower = graceful degrade",
          "num_frames": 16,
          "encoder_ckpt": "outputs/sanity/vjepa_2_1_vitg_1B/train/m09b_peft_lora_encoder/m09c_ckpt_best.pt"
        },
        "vjepa_2_1_vitg_pretrain_encoder": {
          "variant": "vjepa_2_1_vitg_pretrain_encoder",
          "metric": "maskratio",
          "n_test": 20,
          "mean": 0.064108,
          "std": 0.016891,
          "ci": {
            "mean": 0.064108,
            "ci_lo": 0.057252,
            "ci_hi": 0.072072,
            "ci_half": 0.00741
          },
          "lower_is_better": true,
          "interpretation": "L1-vs-maskratio slope; lower = graceful degrade",
          "num_frames": 16,
          "encoder_ckpt": "outputs/sanity/vjepa_2_1_vitg_1B/train/m09a_pretrain_encoder/m09a_ckpt_best.pt"
        },
        "vjepa_2_1_vitg_surgery_raw_encoder": {
          "variant": "vjepa_2_1_vitg_surgery_raw_encoder",
          "metric": "maskratio",
          "n_test": 20,
          "mean": 0.06359,
          "std": 0.017088,
          "ci": {
            "mean": 0.06359,
            "ci_lo": 0.056654,
            "ci_hi": 0.071565,
            "ci_half": 0.007455
          },
          "lower_is_better": true,
          "interpretation": "L1-vs-maskratio slope; lower = graceful degrade",
          "num_frames": 16,
          "encoder_ckpt": "outputs/sanity/vjepa_2_1_vitg_1B/train/m09c_surgery_raw_encoder/m09c_ckpt_best.pt"
        },
        "vjepa_2_1_vitg_surgical_3stage_DI_diheavy_encoder": {
          "variant": "vjepa_2_1_vitg_surgical_3stage_DI_diheavy_encoder",
          "metric": "maskratio",
          "n_test": 20,
          "mean": 0.062491,
          "std": 0.0169,
          "ci": {
            "mean": 0.062491,
            "ci_lo": 0.055674,
            "ci_hi": 0.070468,
            "ci_half": 0.007397
          },
          "lower_is_better": true,
          "interpretation": "L1-vs-maskratio slope; lower = graceful degrade",
          "num_frames": 16,
          "encoder_ckpt": "outputs/sanity/vjepa_2_1_vitg_1B/train/m09c_surgery_3stage_DI_diheavy_encoder/m09c_ckpt_best.pt"
        },
        "vjepa_2_1_vitg_surgical_3stage_DI_encoder": {
          "variant": "vjepa_2_1_vitg_surgical_3stage_DI_encoder",
          "metric": "maskratio",
          "n_test": 20,
          "mean": 0.061889,
          "std": 0.016612,
          "ci": {
            "mean": 0.061889,
            "ci_lo": 0.055154,
            "ci_hi": 0.069668,
            "ci_half": 0.007257
          },
          "lower_is_better": true,
          "interpretation": "L1-vs-maskratio slope; lower = graceful degrade",
          "num_frames": 16,
          "encoder_ckpt": "outputs/sanity/vjepa_2_1_vitg_1B/train/m09c_surgery_3stage_DI_encoder/m09c_ckpt_best.pt"
        },
        "vjepa_2_1_vitg_surgical_3stage_DI_intervene_encoder": {
          "variant": "vjepa_2_1_vitg_surgical_3stage_DI_intervene_encoder",
          "metric": "maskratio",
          "n_test": 20,
          "mean": 0.065466,
          "std": 0.01752,
          "ci": {
            "mean": 0.065466,
            "ci_lo": 0.058365,
            "ci_hi": 0.073713,
            "ci_half": 0.007674
          },
          "lower_is_better": true,
          "interpretation": "L1-vs-maskratio slope; lower = graceful degrade",
          "num_frames": 16,
          "encoder_ckpt": "outputs/sanity/vjepa_2_1_vitg_1B/train/m09c_surgery_3stage_DI_intervene_encoder/m09c_ckpt_best.pt"
        },
        "vjepa_2_1_vitg_surgical_autorgn_encoder": {
          "variant": "vjepa_2_1_vitg_surgical_autorgn_encoder",
          "metric": "maskratio",
          "n_test": 20,
          "mean": 0.06338,
          "std": 0.016778,
          "ci": {
            "mean": 0.06338,
            "ci_lo": 0.056619,
            "ci_hi": 0.071312,
            "ci_half": 0.007347
          },
          "lower_is_better": true,
          "interpretation": "L1-vs-maskratio slope; lower = graceful degrade",
          "num_frames": 16,
          "encoder_ckpt": "outputs/sanity/vjepa_2_1_vitg_1B/train/m09e_autorgn_encoder/m09c_ckpt_best.pt"
        },
        "vjepa_2_1_vitg_surgical_intervene_wiseft_f30_encoder": {
          "variant": "vjepa_2_1_vitg_surgical_intervene_wiseft_f30_encoder",
          "metric": "maskratio",
          "n_test": 20,
          "mean": 0.064784,
          "std": 0.017537,
          "ci": {
            "mean": 0.064784,
            "ci_lo": 0.057765,
            "ci_hi": 0.073151,
            "ci_half": 0.007693
          },
          "lower_is_better": true,
          "interpretation": "L1-vs-maskratio slope; lower = graceful degrade",
          "num_frames": 16,
          "encoder_ckpt": "outputs/sanity/vjepa_2_1_vitg_1B/train/m09c_surgical_intervene_wiseft_f30_encoder/m09c_ckpt_best.pt"
        },
        "vjepa_2_1_vitg_surgical_intervene_wiseft_f50_encoder": {
          "variant": "vjepa_2_1_vitg_surgical_intervene_wiseft_f50_encoder",
          "metric": "maskratio",
          "n_test": 20,
          "mean": 0.063991,
          "std": 0.017332,
          "ci": {
            "mean": 0.063991,
            "ci_lo": 0.057072,
            "ci_hi": 0.072327,
            "ci_half": 0.007628
          },
          "lower_is_better": true,
          "interpretation": "L1-vs-maskratio slope; lower = graceful degrade",
          "num_frames": 16,
          "encoder_ckpt": "outputs/sanity/vjepa_2_1_vitg_1B/train/m09c_surgical_intervene_wiseft_f50_encoder/m09c_ckpt_best.pt"
        },
        "vjepa_2_1_vitg_surgical_intervene_wiseft_f70_encoder": {
          "variant": "vjepa_2_1_vitg_surgical_intervene_wiseft_f70_encoder",
          "metric": "maskratio",
          "n_test": 20,
          "mean": 0.062767,
          "std": 0.016945,
          "ci": {
            "mean": 0.062767,
            "ci_lo": 0.056057,
            "ci_hi": 0.070944,
            "ci_half": 0.007444
          },
          "lower_is_better": true,
          "interpretation": "L1-vs-maskratio slope; lower = graceful degrade",
          "num_frames": 16,
          "encoder_ckpt": "outputs/sanity/vjepa_2_1_vitg_1B/train/m09c_surgical_intervene_wiseft_f70_encoder/m09c_ckpt_best.pt"
        }
      },
      "pairwise_deltas": {
        "vjepa_2_1_vitg_frozen_minus_vjepa_2_1_vitg_full_ft_encoder": {
          "n": 20,
          "delta_mean": -0.001456,
          "delta_ci_lo": -0.002635,
          "delta_ci_hi": -0.000538,
          "p_value": 0.0026
        },
        "vjepa_2_1_vitg_frozen_minus_vjepa_2_1_vitg_lpft_encoder": {
          "n": 20,
          "delta_mean": -0.000948,
          "delta_ci_lo": -0.001998,
          "delta_ci_hi": -0.000209,
          "p_value": 0.0226
        },
        "vjepa_2_1_vitg_frozen_minus_vjepa_2_1_vitg_peft_dora_encoder": {
          "n": 20,
          "delta_mean": -0.000217,
          "delta_ci_lo": -0.001049,
          "delta_ci_hi": 0.00046,
          "p_value": 0.5874
        },
        "vjepa_2_1_vitg_frozen_minus_vjepa_2_1_vitg_peft_lora_encoder": {
          "n": 20,
          "delta_mean": -0.000196,
          "delta_ci_lo": -0.001023,
          "delta_ci_hi": 0.000541,
          "p_value": 0.6308
        },
        "vjepa_2_1_vitg_frozen_minus_vjepa_2_1_vitg_pretrain_encoder": {
          "n": 20,
          "delta_mean": -0.002313,
          "delta_ci_lo": -0.003587,
          "delta_ci_hi": -0.001432,
          "p_value": 0.0
        },
        "vjepa_2_1_vitg_frozen_minus_vjepa_2_1_vitg_surgery_raw_encoder": {
          "n": 20,
          "delta_mean": -0.001796,
          "delta_ci_lo": -0.002803,
          "delta_ci_hi": -0.000866,
          "p_value": 0.0002
        },
        "vjepa_2_1_vitg_frozen_minus_vjepa_2_1_vitg_surgical_3stage_DI_diheavy_encoder": {
          "n": 20,
          "delta_mean": -0.000696,
          "delta_ci_lo": -0.00145,
          "delta_ci_hi": 6.3e-05,
          "p_value": 0.0736
        },
        "vjepa_2_1_vitg_frozen_minus_vjepa_2_1_vitg_surgical_3stage_DI_encoder": {
          "n": 20,
          "delta_mean": -9.5e-05,
          "delta_ci_lo": -0.00101,
          "delta_ci_hi": 0.000685,
          "p_value": 0.8378
        },
        "vjepa_2_1_vitg_frozen_minus_vjepa_2_1_vitg_surgical_3stage_DI_intervene_encoder": {
          "n": 20,
          "delta_mean": -0.003672,
          "delta_ci_lo": -0.005006,
          "delta_ci_hi": -0.002508,
          "p_value": 0.0
        },
        "vjepa_2_1_vitg_frozen_minus_vjepa_2_1_vitg_surgical_autorgn_encoder": {
          "n": 20,
          "delta_mean": -0.001586,
          "delta_ci_lo": -0.00257,
          "delta_ci_hi": -0.000807,
          "p_value": 0.0
        },
        "vjepa_2_1_vitg_frozen_minus_vjepa_2_1_vitg_surgical_intervene_wiseft_f30_encoder": {
          "n": 20,
          "delta_mean": -0.002989,
          "delta_ci_lo": -0.004027,
          "delta_ci_hi": -0.002047,
          "p_value": 0.0
        },
        "vjepa_2_1_vitg_frozen_minus_vjepa_2_1_vitg_surgical_intervene_wiseft_f50_encoder": {
          "n": 20,
          "delta_mean": -0.002196,
          "delta_ci_lo": -0.00306,
          "delta_ci_hi": -0.001405,
          "p_value": 0.0
        },
        "vjepa_2_1_vitg_frozen_minus_vjepa_2_1_vitg_surgical_intervene_wiseft_f70_encoder": {
          "n": 20,
          "delta_mean": -0.000972,
          "delta_ci_lo": -0.00152,
          "delta_ci_hi": -0.000411,
          "p_value": 0.0008
        },
        "vjepa_2_1_vitg_full_ft_encoder_minus_vjepa_2_1_vitg_lpft_encoder": {
          "n": 20,
          "delta_mean": 0.000508,
          "delta_ci_lo": -0.000126,
          "delta_ci_hi": 0.00113,
          "p_value": 0.1172
        },
        "vjepa_2_1_vitg_full_ft_encoder_minus_vjepa_2_1_vitg_peft_dora_encoder": {
          "n": 20,
          "delta_mean": 0.001239,
          "delta_ci_lo": 0.000465,
          "delta_ci_hi": 0.001923,
          "p_value": 0.0012
        },
        "vjepa_2_1_vitg_full_ft_encoder_minus_vjepa_2_1_vitg_peft_lora_encoder": {
          "n": 20,
          "delta_mean": 0.00126,
          "delta_ci_lo": 0.000436,
          "delta_ci_hi": 0.00198,
          "p_value": 0.002
        },
        "vjepa_2_1_vitg_full_ft_encoder_minus_vjepa_2_1_vitg_pretrain_encoder": {
          "n": 20,
          "delta_mean": -0.000857,
          "delta_ci_lo": -0.001774,
          "delta_ci_hi": -3e-05,
          "p_value": 0.0492
        },
        "vjepa_2_1_vitg_full_ft_encoder_minus_vjepa_2_1_vitg_surgery_raw_encoder": {
          "n": 20,
          "delta_mean": -0.00034,
          "delta_ci_lo": -0.001213,
          "delta_ci_hi": 0.000455,
          "p_value": 0.4226
        },
        "vjepa_2_1_vitg_full_ft_encoder_minus_vjepa_2_1_vitg_surgical_3stage_DI_diheavy_encoder": {
          "n": 20,
          "delta_mean": 0.00076,
          "delta_ci_lo": -7e-05,
          "delta_ci_hi": 0.001645,
          "p_value": 0.0804
        },
        "vjepa_2_1_vitg_full_ft_encoder_minus_vjepa_2_1_vitg_surgical_3stage_DI_encoder": {
          "n": 20,
          "delta_mean": 0.001362,
          "delta_ci_lo": 0.000543,
          "delta_ci_hi": 0.002136,
          "p_value": 0.0008
        },
        "vjepa_2_1_vitg_full_ft_encoder_minus_vjepa_2_1_vitg_surgical_3stage_DI_intervene_encoder": {
          "n": 20,
          "delta_mean": -0.002216,
          "delta_ci_lo": -0.003345,
          "delta_ci_hi": -0.001219,
          "p_value": 0.0
        },
        "vjepa_2_1_vitg_full_ft_encoder_minus_vjepa_2_1_vitg_surgical_autorgn_encoder": {
          "n": 20,
          "delta_mean": -0.00013,
          "delta_ci_lo": -0.000849,
          "delta_ci_hi": 0.000544,
          "p_value": 0.7242
        },
        "vjepa_2_1_vitg_full_ft_encoder_minus_vjepa_2_1_vitg_surgical_intervene_wiseft_f30_encoder": {
          "n": 20,
          "delta_mean": -0.001533,
          "delta_ci_lo": -0.002693,
          "delta_ci_hi": -0.000597,
          "p_value": 0.0016
        },
        "vjepa_2_1_vitg_full_ft_encoder_minus_vjepa_2_1_vitg_surgical_intervene_wiseft_f50_encoder": {
          "n": 20,
          "delta_mean": -0.00074,
          "delta_ci_lo": -0.001827,
          "delta_ci_hi": 0.000151,
          "p_value": 0.1356
        },
        "vjepa_2_1_vitg_full_ft_encoder_minus_vjepa_2_1_vitg_surgical_intervene_wiseft_f70_encoder": {
          "n": 20,
          "delta_mean": 0.000484,
          "delta_ci_lo": -0.000362,
          "delta_ci_hi": 0.00143,
          "p_value": 0.2866
        },
        "vjepa_2_1_vitg_lpft_encoder_minus_vjepa_2_1_vitg_peft_dora_encoder": {
          "n": 20,
          "delta_mean": 0.000731,
          "delta_ci_lo": 0.000279,
          "delta_ci_hi": 0.001046,
          "p_value": 0.0004
        },
        "vjepa_2_1_vitg_lpft_encoder_minus_vjepa_2_1_vitg_peft_lora_encoder": {
          "n": 20,
          "delta_mean": 0.000752,
          "delta_ci_lo": 0.000277,
          "delta_ci_hi": 0.001114,
          "p_value": 0.0012
        },
        "vjepa_2_1_vitg_lpft_encoder_minus_vjepa_2_1_vitg_pretrain_encoder": {
          "n": 20,
          "delta_mean": -0.001365,
          "delta_ci_lo": -0.001869,
          "delta_ci_hi": -0.001009,
          "p_value": 0.0
        },
        "vjepa_2_1_vitg_lpft_encoder_minus_vjepa_2_1_vitg_surgery_raw_encoder": {
          "n": 20,
          "delta_mean": -0.000848,
          "delta_ci_lo": -0.001346,
          "delta_ci_hi": -0.000302,
          "p_value": 0.0026
        },
        "vjepa_2_1_vitg_lpft_encoder_minus_vjepa_2_1_vitg_surgical_3stage_DI_diheavy_encoder": {
          "n": 20,
          "delta_mean": 0.000252,
          "delta_ci_lo": -0.000267,
          "delta_ci_hi": 0.000801,
          "p_value": 0.3478
        },
        "vjepa_2_1_vitg_lpft_encoder_minus_vjepa_2_1_vitg_surgical_3stage_DI_encoder": {
          "n": 20,
          "delta_mean": 0.000853,
          "delta_ci_lo": 0.000531,
          "delta_ci_hi": 0.001259,
          "p_value": 0.0
        },
        "vjepa_2_1_vitg_lpft_encoder_minus_vjepa_2_1_vitg_surgical_3stage_DI_intervene_encoder": {
          "n": 20,
          "delta_mean": -0.002724,
          "delta_ci_lo": -0.003474,
          "delta_ci_hi": -0.002092,
          "p_value": 0.0
        },
        "vjepa_2_1_vitg_lpft_encoder_minus_vjepa_2_1_vitg_surgical_autorgn_encoder": {
          "n": 20,
          "delta_mean": -0.000638,
          "delta_ci_lo": -0.001167,
          "delta_ci_hi": -0.000217,
          "p_value": 0.0038
        },
        "vjepa_2_1_vitg_lpft_encoder_minus_vjepa_2_1_vitg_surgical_intervene_wiseft_f30_encoder": {
          "n": 20,
          "delta_mean": -0.002041,
          "delta_ci_lo": -0.002849,
          "delta_ci_hi": -0.001439,
          "p_value": 0.0
        },
        "vjepa_2_1_vitg_lpft_encoder_minus_vjepa_2_1_vitg_surgical_intervene_wiseft_f50_encoder": {
          "n": 20,
          "delta_mean": -0.001248,
          "delta_ci_lo": -0.002013,
          "delta_ci_hi": -0.000681,
          "p_value": 0.0
        },
        "vjepa_2_1_vitg_lpft_encoder_minus_vjepa_2_1_vitg_surgical_intervene_wiseft_f70_encoder": {
          "n": 20,
          "delta_mean": -2.4e-05,
          "delta_ci_lo": -0.00063,
          "delta_ci_hi": 0.000703,
          "p_value": 0.936
        },
        "vjepa_2_1_vitg_peft_dora_encoder_minus_vjepa_2_1_vitg_peft_lora_encoder": {
          "n": 20,
          "delta_mean": 2.1e-05,
          "delta_ci_lo": -8.3e-05,
          "delta_ci_hi": 0.000168,
          "p_value": 0.759
        },
        "vjepa_2_1_vitg_peft_dora_encoder_minus_vjepa_2_1_vitg_pretrain_encoder": {
          "n": 20,
          "delta_mean": -0.002096,
          "delta_ci_lo": -0.002564,
          "delta_ci_hi": -0.001642,
          "p_value": 0.0
        },
        "vjepa_2_1_vitg_peft_dora_encoder_minus_vjepa_2_1_vitg_surgery_raw_encoder": {
          "n": 20,
          "delta_mean": -0.001579,
          "delta_ci_lo": -0.001972,
          "delta_ci_hi": -0.000977,
          "p_value": 0.0
        },
        "vjepa_2_1_vitg_peft_dora_encoder_minus_vjepa_2_1_vitg_surgical_3stage_DI_diheavy_encoder": {
          "n": 20,
          "delta_mean": -0.000479,
          "delta_ci_lo": -0.000837,
          "delta_ci_hi": -2.7e-05,
          "p_value": 0.0246
        },
        "vjepa_2_1_vitg_peft_dora_encoder_minus_vjepa_2_1_vitg_surgical_3stage_DI_encoder": {
          "n": 20,
          "delta_mean": 0.000122,
          "delta_ci_lo": -0.000265,
          "delta_ci_hi": 0.000557,
          "p_value": 0.5738
        },
        "vjepa_2_1_vitg_peft_dora_encoder_minus_vjepa_2_1_vitg_surgical_3stage_DI_intervene_encoder": {
          "n": 20,
          "delta_mean": -0.003455,
          "delta_ci_lo": -0.004068,
          "delta_ci_hi": -0.002792,
          "p_value": 0.0
        },
        "vjepa_2_1_vitg_peft_dora_encoder_minus_vjepa_2_1_vitg_surgical_autorgn_encoder": {
          "n": 20,
          "delta_mean": -0.001369,
          "delta_ci_lo": -0.001644,
          "delta_ci_hi": -0.001085,
          "p_value": 0.0
        },
        "vjepa_2_1_vitg_peft_dora_encoder_minus_vjepa_2_1_vitg_surgical_intervene_wiseft_f30_encoder": {
          "n": 20,
          "delta_mean": -0.002772,
          "delta_ci_lo": -0.003317,
          "delta_ci_hi": -0.002278,
          "p_value": 0.0
        },
        "vjepa_2_1_vitg_peft_dora_encoder_minus_vjepa_2_1_vitg_surgical_intervene_wiseft_f50_encoder": {
          "n": 20,
          "delta_mean": -0.001979,
          "delta_ci_lo": -0.002513,
          "delta_ci_hi": -0.00153,
          "p_value": 0.0
        },
        "vjepa_2_1_vitg_peft_dora_encoder_minus_vjepa_2_1_vitg_surgical_intervene_wiseft_f70_encoder": {
          "n": 20,
          "delta_mean": -0.000755,
          "delta_ci_lo": -0.00119,
          "delta_ci_hi": -0.000238,
          "p_value": 0.0044
        },
        "vjepa_2_1_vitg_peft_lora_encoder_minus_vjepa_2_1_vitg_pretrain_encoder": {
          "n": 20,
          "delta_mean": -0.002117,
          "delta_ci_lo": -0.002619,
          "delta_ci_hi": -0.00167,
          "p_value": 0.0
        },
        "vjepa_2_1_vitg_peft_lora_encoder_minus_vjepa_2_1_vitg_surgery_raw_encoder": {
          "n": 20,
          "delta_mean": -0.0016,
          "delta_ci_lo": -0.001997,
          "delta_ci_hi": -0.001092,
          "p_value": 0.0
        },
        "vjepa_2_1_vitg_peft_lora_encoder_minus_vjepa_2_1_vitg_surgical_3stage_DI_diheavy_encoder": {
          "n": 20,
          "delta_mean": -0.0005,
          "delta_ci_lo": -0.000848,
          "delta_ci_hi": -0.00013,
          "p_value": 0.0072
        },
        "vjepa_2_1_vitg_peft_lora_encoder_minus_vjepa_2_1_vitg_surgical_3stage_DI_encoder": {
          "n": 20,
          "delta_mean": 0.000101,
          "delta_ci_lo": -0.000278,
          "delta_ci_hi": 0.000465,
          "p_value": 0.5996
        },
        "vjepa_2_1_vitg_peft_lora_encoder_minus_vjepa_2_1_vitg_surgical_3stage_DI_intervene_encoder": {
          "n": 20,
          "delta_mean": -0.003476,
          "delta_ci_lo": -0.004088,
          "delta_ci_hi": -0.002893,
          "p_value": 0.0
        },
        "vjepa_2_1_vitg_peft_lora_encoder_minus_vjepa_2_1_vitg_surgical_autorgn_encoder": {
          "n": 20,
          "delta_mean": -0.00139,
          "delta_ci_lo": -0.001685,
          "delta_ci_hi": -0.001083,
          "p_value": 0.0
        },
        "vjepa_2_1_vitg_peft_lora_encoder_minus_vjepa_2_1_vitg_surgical_intervene_wiseft_f30_encoder": {
          "n": 20,
          "delta_mean": -0.002793,
          "delta_ci_lo": -0.003356,
          "delta_ci_hi": -0.002386,
          "p_value": 0.0
        },
        "vjepa_2_1_vitg_peft_lora_encoder_minus_vjepa_2_1_vitg_surgical_intervene_wiseft_f50_encoder": {
          "n": 20,
          "delta_mean": -0.002,
          "delta_ci_lo": -0.002578,
          "delta_ci_hi": -0.001624,
          "p_value": 0.0
        },
        "vjepa_2_1_vitg_peft_lora_encoder_minus_vjepa_2_1_vitg_surgical_intervene_wiseft_f70_encoder": {
          "n": 20,
          "delta_mean": -0.000777,
          "delta_ci_lo": -0.00124,
          "delta_ci_hi": -0.000324,
          "p_value": 0.0006
        },
        "vjepa_2_1_vitg_pretrain_encoder_minus_vjepa_2_1_vitg_surgery_raw_encoder": {
          "n": 20,
          "delta_mean": 0.000517,
          "delta_ci_lo": 0.000153,
          "delta_ci_hi": 0.001002,
          "p_value": 0.007
        },
        "vjepa_2_1_vitg_pretrain_encoder_minus_vjepa_2_1_vitg_surgical_3stage_DI_diheavy_encoder": {
          "n": 20,
          "delta_mean": 0.001617,
          "delta_ci_lo": 0.001056,
          "delta_ci_hi": 0.002372,
          "p_value": 0.0
        },
        "vjepa_2_1_vitg_pretrain_encoder_minus_vjepa_2_1_vitg_surgical_3stage_DI_encoder": {
          "n": 20,
          "delta_mean": 0.002219,
          "delta_ci_lo": 0.001742,
          "delta_ci_hi": 0.0028,
          "p_value": 0.0
        },
        "vjepa_2_1_vitg_pretrain_encoder_minus_vjepa_2_1_vitg_surgical_3stage_DI_intervene_encoder": {
          "n": 20,
          "delta_mean": -0.001359,
          "delta_ci_lo": -0.001828,
          "delta_ci_hi": -0.000901,
          "p_value": 0.0
        },
        "vjepa_2_1_vitg_pretrain_encoder_minus_vjepa_2_1_vitg_surgical_autorgn_encoder": {
          "n": 20,
          "delta_mean": 0.000727,
          "delta_ci_lo": 0.000238,
          "delta_ci_hi": 0.001211,
          "p_value": 0.004
        },
        "vjepa_2_1_vitg_pretrain_encoder_minus_vjepa_2_1_vitg_surgical_intervene_wiseft_f30_encoder": {
          "n": 20,
          "delta_mean": -0.000676,
          "delta_ci_lo": -0.001178,
          "delta_ci_hi": -9.6e-05,
          "p_value": 0.0158
        },
        "vjepa_2_1_vitg_pretrain_encoder_minus_vjepa_2_1_vitg_surgical_intervene_wiseft_f50_encoder": {
          "n": 20,
          "delta_mean": 0.000117,
          "delta_ci_lo": -0.000381,
          "delta_ci_hi": 0.000799,
          "p_value": 0.6944
        },
        "vjepa_2_1_vitg_pretrain_encoder_minus_vjepa_2_1_vitg_surgical_intervene_wiseft_f70_encoder": {
          "n": 20,
          "delta_mean": 0.001341,
          "delta_ci_lo": 0.000743,
          "delta_ci_hi": 0.002299,
          "p_value": 0.0
        },
        "vjepa_2_1_vitg_surgery_raw_encoder_minus_vjepa_2_1_vitg_surgical_3stage_DI_diheavy_encoder": {
          "n": 20,
          "delta_mean": 0.0011,
          "delta_ci_lo": 0.000687,
          "delta_ci_hi": 0.001641,
          "p_value": 0.0
        },
        "vjepa_2_1_vitg_surgery_raw_encoder_minus_vjepa_2_1_vitg_surgical_3stage_DI_encoder": {
          "n": 20,
          "delta_mean": 0.001701,
          "delta_ci_lo": 0.001233,
          "delta_ci_hi": 0.00216,
          "p_value": 0.0
        },
        "vjepa_2_1_vitg_surgery_raw_encoder_minus_vjepa_2_1_vitg_surgical_3stage_DI_intervene_encoder": {
          "n": 20,
          "delta_mean": -0.001876,
          "delta_ci_lo": -0.002427,
          "delta_ci_hi": -0.001521,
          "p_value": 0.0
        },
        "vjepa_2_1_vitg_surgery_raw_encoder_minus_vjepa_2_1_vitg_surgical_autorgn_encoder": {
          "n": 20,
          "delta_mean": 0.00021,
          "delta_ci_lo": -0.000358,
          "delta_ci_hi": 0.00062,
          "p_value": 0.3882
        },
        "vjepa_2_1_vitg_surgery_raw_encoder_minus_vjepa_2_1_vitg_surgical_intervene_wiseft_f30_encoder": {
          "n": 20,
          "delta_mean": -0.001193,
          "delta_ci_lo": -0.001642,
          "delta_ci_hi": -0.000814,
          "p_value": 0.0
        },
        "vjepa_2_1_vitg_surgery_raw_encoder_minus_vjepa_2_1_vitg_surgical_intervene_wiseft_f50_encoder": {
          "n": 20,
          "delta_mean": -0.0004,
          "delta_ci_lo": -0.000806,
          "delta_ci_hi": 5.2e-05,
          "p_value": 0.0742
        },
        "vjepa_2_1_vitg_surgery_raw_encoder_minus_vjepa_2_1_vitg_surgical_intervene_wiseft_f70_encoder": {
          "n": 20,
          "delta_mean": 0.000823,
          "delta_ci_lo": 0.00034,
          "delta_ci_hi": 0.001482,
          "p_value": 0.0016
        },
        "vjepa_2_1_vitg_surgical_3stage_DI_diheavy_encoder_minus_vjepa_2_1_vitg_surgical_3stage_DI_encoder": {
          "n": 20,
          "delta_mean": 0.000602,
          "delta_ci_lo": 0.000302,
          "delta_ci_hi": 0.000921,
          "p_value": 0.0002
        },
        "vjepa_2_1_vitg_surgical_3stage_DI_diheavy_encoder_minus_vjepa_2_1_vitg_surgical_3stage_DI_intervene_encoder": {
          "n": 20,
          "delta_mean": -0.002976,
          "delta_ci_lo": -0.003708,
          "delta_ci_hi": -0.002415,
          "p_value": 0.0
        },
        "vjepa_2_1_vitg_surgical_3stage_DI_diheavy_encoder_minus_vjepa_2_1_vitg_surgical_autorgn_encoder": {
          "n": 20,
          "delta_mean": -0.00089,
          "delta_ci_lo": -0.001333,
          "delta_ci_hi": -0.000392,
          "p_value": 0.0002
        },
        "vjepa_2_1_vitg_surgical_3stage_DI_diheavy_encoder_minus_vjepa_2_1_vitg_surgical_intervene_wiseft_f30_encoder": {
          "n": 20,
          "delta_mean": -0.002293,
          "delta_ci_lo": -0.002898,
          "delta_ci_hi": -0.001889,
          "p_value": 0.0
        },
        "vjepa_2_1_vitg_surgical_3stage_DI_diheavy_encoder_minus_vjepa_2_1_vitg_surgical_intervene_wiseft_f50_encoder": {
          "n": 20,
          "delta_mean": -0.0015,
          "delta_ci_lo": -0.002043,
          "delta_ci_hi": -0.001114,
          "p_value": 0.0
        },
        "vjepa_2_1_vitg_surgical_3stage_DI_diheavy_encoder_minus_vjepa_2_1_vitg_surgical_intervene_wiseft_f70_encoder": {
          "n": 20,
          "delta_mean": -0.000276,
          "delta_ci_lo": -0.000654,
          "delta_ci_hi": 0.00014,
          "p_value": 0.1924
        },
        "vjepa_2_1_vitg_surgical_3stage_DI_encoder_minus_vjepa_2_1_vitg_surgical_3stage_DI_intervene_encoder": {
          "n": 20,
          "delta_mean": -0.003577,
          "delta_ci_lo": -0.004234,
          "delta_ci_hi": -0.003029,
          "p_value": 0.0
        },
        "vjepa_2_1_vitg_surgical_3stage_DI_encoder_minus_vjepa_2_1_vitg_surgical_autorgn_encoder": {
          "n": 20,
          "delta_mean": -0.001491,
          "delta_ci_lo": -0.001967,
          "delta_ci_hi": -0.000973,
          "p_value": 0.0
        },
        "vjepa_2_1_vitg_surgical_3stage_DI_encoder_minus_vjepa_2_1_vitg_surgical_intervene_wiseft_f30_encoder": {
          "n": 20,
          "delta_mean": -0.002894,
          "delta_ci_lo": -0.003566,
          "delta_ci_hi": -0.002444,
          "p_value": 0.0
        },
        "vjepa_2_1_vitg_surgical_3stage_DI_encoder_minus_vjepa_2_1_vitg_surgical_intervene_wiseft_f50_encoder": {
          "n": 20,
          "delta_mean": -0.002102,
          "delta_ci_lo": -0.002763,
          "delta_ci_hi": -0.001685,
          "p_value": 0.0
        },
        "vjepa_2_1_vitg_surgical_3stage_DI_encoder_minus_vjepa_2_1_vitg_surgical_intervene_wiseft_f70_encoder": {
          "n": 20,
          "delta_mean": -0.000878,
          "delta_ci_lo": -0.00139,
          "delta_ci_hi": -0.000319,
          "p_value": 0.0012
        },
        "vjepa_2_1_vitg_surgical_3stage_DI_intervene_encoder_minus_vjepa_2_1_vitg_surgical_autorgn_encoder": {
          "n": 20,
          "delta_mean": 0.002086,
          "delta_ci_lo": 0.001467,
          "delta_ci_hi": 0.002623,
          "p_value": 0.0
        },
        "vjepa_2_1_vitg_surgical_3stage_DI_intervene_encoder_minus_vjepa_2_1_vitg_surgical_intervene_wiseft_f30_encoder": {
          "n": 20,
          "delta_mean": 0.000683,
          "delta_ci_lo": 0.000384,
          "delta_ci_hi": 0.001084,
          "p_value": 0.0
        },
        "vjepa_2_1_vitg_surgical_3stage_DI_intervene_encoder_minus_vjepa_2_1_vitg_surgical_intervene_wiseft_f50_encoder": {
          "n": 20,
          "delta_mean": 0.001476,
          "delta_ci_lo": 0.001058,
          "delta_ci_hi": 0.002052,
          "p_value": 0.0
        },
        "vjepa_2_1_vitg_surgical_3stage_DI_intervene_encoder_minus_vjepa_2_1_vitg_surgical_intervene_wiseft_f70_encoder": {
          "n": 20,
          "delta_mean": 0.0027,
          "delta_ci_lo": 0.002018,
          "delta_ci_hi": 0.003606,
          "p_value": 0.0
        },
        "vjepa_2_1_vitg_surgical_autorgn_encoder_minus_vjepa_2_1_vitg_surgical_intervene_wiseft_f30_encoder": {
          "n": 20,
          "delta_mean": -0.001403,
          "delta_ci_lo": -0.001905,
          "delta_ci_hi": -0.000943,
          "p_value": 0.0
        },
        "vjepa_2_1_vitg_surgical_autorgn_encoder_minus_vjepa_2_1_vitg_surgical_intervene_wiseft_f50_encoder": {
          "n": 20,
          "delta_mean": -0.00061,
          "delta_ci_lo": -0.0011,
          "delta_ci_hi": -0.000151,
          "p_value": 0.012
        },
        "vjepa_2_1_vitg_surgical_autorgn_encoder_minus_vjepa_2_1_vitg_surgical_intervene_wiseft_f70_encoder": {
          "n": 20,
          "delta_mean": 0.000614,
          "delta_ci_lo": 0.000134,
          "delta_ci_hi": 0.001218,
          "p_value": 0.015
        },
        "vjepa_2_1_vitg_surgical_intervene_wiseft_f30_encoder_minus_vjepa_2_1_vitg_surgical_intervene_wiseft_f50_encoder": {
          "n": 20,
          "delta_mean": 0.000793,
          "delta_ci_lo": 0.000599,
          "delta_ci_hi": 0.001019,
          "p_value": 0.0
        },
        "vjepa_2_1_vitg_surgical_intervene_wiseft_f30_encoder_minus_vjepa_2_1_vitg_surgical_intervene_wiseft_f70_encoder": {
          "n": 20,
          "delta_mean": 0.002017,
          "delta_ci_lo": 0.001577,
          "delta_ci_hi": 0.002611,
          "p_value": 0.0
        },
        "vjepa_2_1_vitg_surgical_intervene_wiseft_f50_encoder_minus_vjepa_2_1_vitg_surgical_intervene_wiseft_f70_encoder": {
          "n": 20,
          "delta_mean": 0.001224,
          "delta_ci_lo": 0.000898,
          "delta_ci_hi": 0.00164,
          "p_value": 0.0
        }
      },
      "lower_is_better": true
    },
    "order": {
      "by_variant": {
        "vjepa_2_1_vitg_frozen": {
          "variant": "vjepa_2_1_vitg_frozen",
          "metric": "order",
          "n_test": 20,
          "mean": 0.022114,
          "std": 0.036009,
          "ci": {
            "mean": 0.022114,
            "ci_lo": 0.004785,
            "ci_hi": 0.03692,
            "ci_half": 0.016068
          },
          "lower_is_better": null,
          "interpretation": "shuffled\u2212ordered \u0394L1; sign = order reliance",
          "num_frames": 16,
          "encoder_ckpt": "checkpoints/vjepa2_1_vitg_384.pt"
        },
        "vjepa_2_1_vitg_full_ft_encoder": {
          "variant": "vjepa_2_1_vitg_full_ft_encoder",
          "metric": "order",
          "n_test": 20,
          "mean": 0.024751,
          "std": 0.035691,
          "ci": {
            "mean": 0.024751,
            "ci_lo": 0.007135,
            "ci_hi": 0.039156,
            "ci_half": 0.01601
          },
          "lower_is_better": null,
          "interpretation": "shuffled\u2212ordered \u0394L1; sign = order reliance",
          "num_frames": 16,
          "encoder_ckpt": "outputs/sanity/vjepa_2_1_vitg_1B/train/m09f_full_ft_encoder/m09c_ckpt_best.pt"
        },
        "vjepa_2_1_vitg_lpft_encoder": {
          "variant": "vjepa_2_1_vitg_lpft_encoder",
          "metric": "order",
          "n_test": 20,
          "mean": 0.023269,
          "std": 0.036268,
          "ci": {
            "mean": 0.023269,
            "ci_lo": 0.005347,
            "ci_hi": 0.037871,
            "ci_half": 0.016262
          },
          "lower_is_better": null,
          "interpretation": "shuffled\u2212ordered \u0394L1; sign = order reliance",
          "num_frames": 16,
          "encoder_ckpt": "outputs/sanity/vjepa_2_1_vitg_1B/train/m09f_lpft_encoder/m09c_ckpt_best.pt"
        },
        "vjepa_2_1_vitg_peft_dora_encoder": {
          "variant": "vjepa_2_1_vitg_peft_dora_encoder",
          "metric": "order",
          "n_test": 20,
          "mean": 0.023932,
          "std": 0.036545,
          "ci": {
            "mean": 0.023932,
            "ci_lo": 0.005762,
            "ci_hi": 0.03856,
            "ci_half": 0.016399
          },
          "lower_is_better": null,
          "interpretation": "shuffled\u2212ordered \u0394L1; sign = order reliance",
          "num_frames": 16,
          "encoder_ckpt": "outputs/sanity/vjepa_2_1_vitg_1B/train/m09b_peft_dora_encoder/m09c_ckpt_best.pt"
        },
        "vjepa_2_1_vitg_peft_lora_encoder": {
          "variant": "vjepa_2_1_vitg_peft_lora_encoder",
          "metric": "order",
          "n_test": 20,
          "mean": 0.023839,
          "std": 0.036513,
          "ci": {
            "mean": 0.023839,
            "ci_lo": 0.005679,
            "ci_hi": 0.038457,
            "ci_half": 0.016389
          },
          "lower_is_better": null,
          "interpretation": "shuffled\u2212ordered \u0394L1; sign = order reliance",
          "num_frames": 16,
          "encoder_ckpt": "outputs/sanity/vjepa_2_1_vitg_1B/train/m09b_peft_lora_encoder/m09c_ckpt_best.pt"
        },
        "vjepa_2_1_vitg_pretrain_encoder": {
          "variant": "vjepa_2_1_vitg_pretrain_encoder",
          "metric": "order",
          "n_test": 20,
          "mean": 0.022711,
          "std": 0.035276,
          "ci": {
            "mean": 0.022711,
            "ci_lo": 0.005398,
            "ci_hi": 0.036801,
            "ci_half": 0.015701
          },
          "lower_is_better": null,
          "interpretation": "shuffled\u2212ordered \u0394L1; sign = order reliance",
          "num_frames": 16,
          "encoder_ckpt": "outputs/sanity/vjepa_2_1_vitg_1B/train/m09a_pretrain_encoder/m09a_ckpt_best.pt"
        },
        "vjepa_2_1_vitg_surgery_raw_encoder": {
          "variant": "vjepa_2_1_vitg_surgery_raw_encoder",
          "metric": "order",
          "n_test": 20,
          "mean": 0.022442,
          "std": 0.034391,
          "ci": {
            "mean": 0.022442,
            "ci_lo": 0.005383,
            "ci_hi": 0.036259,
            "ci_half": 0.015438
          },
          "lower_is_better": null,
          "interpretation": "shuffled\u2212ordered \u0394L1; sign = order reliance",
          "num_frames": 16,
          "encoder_ckpt": "outputs/sanity/vjepa_2_1_vitg_1B/train/m09c_surgery_raw_encoder/m09c_ckpt_best.pt"
        },
        "vjepa_2_1_vitg_surgical_3stage_DI_diheavy_encoder": {
          "variant": "vjepa_2_1_vitg_surgical_3stage_DI_diheavy_encoder",
          "metric": "order",
          "n_test": 20,
          "mean": 0.023453,
          "std": 0.036421,
          "ci": {
            "mean": 0.023453,
            "ci_lo": 0.005498,
            "ci_hi": 0.038133,
            "ci_half": 0.016317
          },
          "lower_is_better": null,
          "interpretation": "shuffled\u2212ordered \u0394L1; sign = order reliance",
          "num_frames": 16,
          "encoder_ckpt": "outputs/sanity/vjepa_2_1_vitg_1B/train/m09c_surgery_3stage_DI_diheavy_encoder/m09c_ckpt_best.pt"
        },
        "vjepa_2_1_vitg_surgical_3stage_DI_encoder": {
          "variant": "vjepa_2_1_vitg_surgical_3stage_DI_encoder",
          "metric": "order",
          "n_test": 20,
          "mean": 0.023929,
          "std": 0.036565,
          "ci": {
            "mean": 0.023929,
            "ci_lo": 0.00574,
            "ci_hi": 0.038517,
            "ci_half": 0.016388
          },
          "lower_is_better": null,
          "interpretation": "shuffled\u2212ordered \u0394L1; sign = order reliance",
          "num_frames": 16,
          "encoder_ckpt": "outputs/sanity/vjepa_2_1_vitg_1B/train/m09c_surgery_3stage_DI_encoder/m09c_ckpt_best.pt"
        },
        "vjepa_2_1_vitg_surgical_3stage_DI_intervene_encoder": {
          "variant": "vjepa_2_1_vitg_surgical_3stage_DI_intervene_encoder",
          "metric": "order",
          "n_test": 20,
          "mean": 0.023495,
          "std": 0.035651,
          "ci": {
            "mean": 0.023495,
            "ci_lo": 0.005861,
            "ci_hi": 0.037875,
            "ci_half": 0.016007
          },
          "lower_is_better": null,
          "interpretation": "shuffled\u2212ordered \u0394L1; sign = order reliance",
          "num_frames": 16,
          "encoder_ckpt": "outputs/sanity/vjepa_2_1_vitg_1B/train/m09c_surgery_3stage_DI_intervene_encoder/m09c_ckpt_best.pt"
        },
        "vjepa_2_1_vitg_surgical_autorgn_encoder": {
          "variant": "vjepa_2_1_vitg_surgical_autorgn_encoder",
          "metric": "order",
          "n_test": 20,
          "mean": 0.023681,
          "std": 0.036101,
          "ci": {
            "mean": 0.023681,
            "ci_lo": 0.005732,
            "ci_hi": 0.038151,
            "ci_half": 0.01621
          },
          "lower_is_better": null,
          "interpretation": "shuffled\u2212ordered \u0394L1; sign = order reliance",
          "num_frames": 16,
          "encoder_ckpt": "outputs/sanity/vjepa_2_1_vitg_1B/train/m09e_autorgn_encoder/m09c_ckpt_best.pt"
        },
        "vjepa_2_1_vitg_surgical_intervene_wiseft_f30_encoder": {
          "variant": "vjepa_2_1_vitg_surgical_intervene_wiseft_f30_encoder",
          "metric": "order",
          "n_test": 20,
          "mean": 0.023316,
          "std": 0.035358,
          "ci": {
            "mean": 0.023316,
            "ci_lo": 0.005929,
            "ci_hi": 0.037612,
            "ci_half": 0.015842
          },
          "lower_is_better": null,
          "interpretation": "shuffled\u2212ordered \u0394L1; sign = order reliance",
          "num_frames": 16,
          "encoder_ckpt": "outputs/sanity/vjepa_2_1_vitg_1B/train/m09c_surgical_intervene_wiseft_f30_encoder/m09c_ckpt_best.pt"
        },
        "vjepa_2_1_vitg_surgical_intervene_wiseft_f50_encoder": {
          "variant": "vjepa_2_1_vitg_surgical_intervene_wiseft_f50_encoder",
          "metric": "order",
          "n_test": 20,
          "mean": 0.02317,
          "std": 0.035179,
          "ci": {
            "mean": 0.02317,
            "ci_lo": 0.005888,
            "ci_hi": 0.037428,
            "ci_half": 0.01577
          },
          "lower_is_better": null,
          "interpretation": "shuffled\u2212ordered \u0394L1; sign = order reliance",
          "num_frames": 16,
          "encoder_ckpt": "outputs/sanity/vjepa_2_1_vitg_1B/train/m09c_surgical_intervene_wiseft_f50_encoder/m09c_ckpt_best.pt"
        },
        "vjepa_2_1_vitg_surgical_intervene_wiseft_f70_encoder": {
          "variant": "vjepa_2_1_vitg_surgical_intervene_wiseft_f70_encoder",
          "metric": "order",
          "n_test": 20,
          "mean": 0.022786,
          "std": 0.034599,
          "ci": {
            "mean": 0.022786,
            "ci_lo": 0.005801,
            "ci_hi": 0.036856,
            "ci_half": 0.015528
          },
          "lower_is_better": null,
          "interpretation": "shuffled\u2212ordered \u0394L1; sign = order reliance",
          "num_frames": 16,
          "encoder_ckpt": "outputs/sanity/vjepa_2_1_vitg_1B/train/m09c_surgical_intervene_wiseft_f70_encoder/m09c_ckpt_best.pt"
        }
      },
      "pairwise_deltas": {
        "vjepa_2_1_vitg_frozen_minus_vjepa_2_1_vitg_full_ft_encoder": {
          "n": 20,
          "delta_mean": -0.002637,
          "delta_ci_lo": -0.003759,
          "delta_ci_hi": -0.000795,
          "p_value": 0.0008
        },
        "vjepa_2_1_vitg_frozen_minus_vjepa_2_1_vitg_lpft_encoder": {
          "n": 20,
          "delta_mean": -0.001155,
          "delta_ci_lo": -0.001955,
          "delta_ci_hi": 2.9e-05,
          "p_value": 0.0278
        },
        "vjepa_2_1_vitg_frozen_minus_vjepa_2_1_vitg_peft_dora_encoder": {
          "n": 20,
          "delta_mean": -0.001818,
          "delta_ci_lo": -0.003156,
          "delta_ci_hi": 0.000248,
          "p_value": 0.042
        },
        "vjepa_2_1_vitg_frozen_minus_vjepa_2_1_vitg_peft_lora_encoder": {
          "n": 20,
          "delta_mean": -0.001725,
          "delta_ci_lo": -0.003055,
          "delta_ci_hi": 0.000326,
          "p_value": 0.0518
        },
        "vjepa_2_1_vitg_frozen_minus_vjepa_2_1_vitg_pretrain_encoder": {
          "n": 20,
          "delta_mean": -0.000597,
          "delta_ci_lo": -0.001606,
          "delta_ci_hi": 0.00052,
          "p_value": 0.2794
        },
        "vjepa_2_1_vitg_frozen_minus_vjepa_2_1_vitg_surgery_raw_encoder": {
          "n": 20,
          "delta_mean": -0.000328,
          "delta_ci_lo": -0.001392,
          "delta_ci_hi": 0.001548,
          "p_value": 0.6074
        },
        "vjepa_2_1_vitg_frozen_minus_vjepa_2_1_vitg_surgical_3stage_DI_diheavy_encoder": {
          "n": 20,
          "delta_mean": -0.001339,
          "delta_ci_lo": -0.002646,
          "delta_ci_hi": 0.000642,
          "p_value": 0.1152
        },
        "vjepa_2_1_vitg_frozen_minus_vjepa_2_1_vitg_surgical_3stage_DI_encoder": {
          "n": 20,
          "delta_mean": -0.001816,
          "delta_ci_lo": -0.003094,
          "delta_ci_hi": 0.000234,
          "p_value": 0.039
        },
        "vjepa_2_1_vitg_frozen_minus_vjepa_2_1_vitg_surgical_3stage_DI_intervene_encoder": {
          "n": 20,
          "delta_mean": -0.001382,
          "delta_ci_lo": -0.002376,
          "delta_ci_hi": 0.000613,
          "p_value": 0.073
        },
        "vjepa_2_1_vitg_frozen_minus_vjepa_2_1_vitg_surgical_autorgn_encoder": {
          "n": 20,
          "delta_mean": -0.001567,
          "delta_ci_lo": -0.002533,
          "delta_ci_hi": 0.000197,
          "p_value": 0.0302
        },
        "vjepa_2_1_vitg_frozen_minus_vjepa_2_1_vitg_surgical_intervene_wiseft_f30_encoder": {
          "n": 20,
          "delta_mean": -0.001202,
          "delta_ci_lo": -0.001993,
          "delta_ci_hi": 0.000557,
          "p_value": 0.0622
        },
        "vjepa_2_1_vitg_frozen_minus_vjepa_2_1_vitg_surgical_intervene_wiseft_f50_encoder": {
          "n": 20,
          "delta_mean": -0.001056,
          "delta_ci_lo": -0.001737,
          "delta_ci_hi": 0.000509,
          "p_value": 0.0638
        },
        "vjepa_2_1_vitg_frozen_minus_vjepa_2_1_vitg_surgical_intervene_wiseft_f70_encoder": {
          "n": 20,
          "delta_mean": -0.000672,
          "delta_ci_lo": -0.00141,
          "delta_ci_hi": 0.001182,
          "p_value": 0.2484
        },
        "vjepa_2_1_vitg_full_ft_encoder_minus_vjepa_2_1_vitg_lpft_encoder": {
          "n": 20,
          "delta_mean": 0.001482,
          "delta_ci_lo": 0.000269,
          "delta_ci_hi": 0.002504,
          "p_value": 0.0102
        },
        "vjepa_2_1_vitg_full_ft_encoder_minus_vjepa_2_1_vitg_peft_dora_encoder": {
          "n": 20,
          "delta_mean": 0.000819,
          "delta_ci_lo": 0.000153,
          "delta_ci_hi": 0.001526,
          "p_value": 0.0186
        },
        "vjepa_2_1_vitg_full_ft_encoder_minus_vjepa_2_1_vitg_peft_lora_encoder": {
          "n": 20,
          "delta_mean": 0.000912,
          "delta_ci_lo": 0.000225,
          "delta_ci_hi": 0.001602,
          "p_value": 0.0118
        },
        "vjepa_2_1_vitg_full_ft_encoder_minus_vjepa_2_1_vitg_pretrain_encoder": {
          "n": 20,
          "delta_mean": 0.00204,
          "delta_ci_lo": 0.000341,
          "delta_ci_hi": 0.003697,
          "p_value": 0.0162
        },
        "vjepa_2_1_vitg_full_ft_encoder_minus_vjepa_2_1_vitg_surgery_raw_encoder": {
          "n": 20,
          "delta_mean": 0.002308,
          "delta_ci_lo": 0.001343,
          "delta_ci_hi": 0.003381,
          "p_value": 0.0
        },
        "vjepa_2_1_vitg_full_ft_encoder_minus_vjepa_2_1_vitg_surgical_3stage_DI_diheavy_encoder": {
          "n": 20,
          "delta_mean": 0.001298,
          "delta_ci_lo": 0.000595,
          "delta_ci_hi": 0.002074,
          "p_value": 0.0008
        },
        "vjepa_2_1_vitg_full_ft_encoder_minus_vjepa_2_1_vitg_surgical_3stage_DI_encoder": {
          "n": 20,
          "delta_mean": 0.000821,
          "delta_ci_lo": -4e-05,
          "delta_ci_hi": 0.001624,
          "p_value": 0.0582
        },
        "vjepa_2_1_vitg_full_ft_encoder_minus_vjepa_2_1_vitg_surgical_3stage_DI_intervene_encoder": {
          "n": 20,
          "delta_mean": 0.001255,
          "delta_ci_lo": 0.000469,
          "delta_ci_hi": 0.00204,
          "p_value": 0.002
        },
        "vjepa_2_1_vitg_full_ft_encoder_minus_vjepa_2_1_vitg_surgical_autorgn_encoder": {
          "n": 20,
          "delta_mean": 0.00107,
          "delta_ci_lo": 0.000389,
          "delta_ci_hi": 0.001653,
          "p_value": 0.001
        },
        "vjepa_2_1_vitg_full_ft_encoder_minus_vjepa_2_1_vitg_surgical_intervene_wiseft_f30_encoder": {
          "n": 20,
          "delta_mean": 0.001434,
          "delta_ci_lo": 0.00078,
          "delta_ci_hi": 0.002112,
          "p_value": 0.0002
        },
        "vjepa_2_1_vitg_full_ft_encoder_minus_vjepa_2_1_vitg_surgical_intervene_wiseft_f50_encoder": {
          "n": 20,
          "delta_mean": 0.001581,
          "delta_ci_lo": 0.00083,
          "delta_ci_hi": 0.002375,
          "p_value": 0.0
        },
        "vjepa_2_1_vitg_full_ft_encoder_minus_vjepa_2_1_vitg_surgical_intervene_wiseft_f70_encoder": {
          "n": 20,
          "delta_mean": 0.001965,
          "delta_ci_lo": 0.001019,
          "delta_ci_hi": 0.002794,
          "p_value": 0.0
        },
        "vjepa_2_1_vitg_lpft_encoder_minus_vjepa_2_1_vitg_peft_dora_encoder": {
          "n": 20,
          "delta_mean": -0.000663,
          "delta_ci_lo": -0.001699,
          "delta_ci_hi": 0.000523,
          "p_value": 0.242
        },
        "vjepa_2_1_vitg_lpft_encoder_minus_vjepa_2_1_vitg_peft_lora_encoder": {
          "n": 20,
          "delta_mean": -0.00057,
          "delta_ci_lo": -0.001589,
          "delta_ci_hi": 0.000607,
          "p_value": 0.3092
        },
        "vjepa_2_1_vitg_lpft_encoder_minus_vjepa_2_1_vitg_pretrain_encoder": {
          "n": 20,
          "delta_mean": 0.000558,
          "delta_ci_lo": -0.000322,
          "delta_ci_hi": 0.001416,
          "p_value": 0.2006
        },
        "vjepa_2_1_vitg_lpft_encoder_minus_vjepa_2_1_vitg_surgery_raw_encoder": {
          "n": 20,
          "delta_mean": 0.000827,
          "delta_ci_lo": -0.000305,
          "delta_ci_hi": 0.001854,
          "p_value": 0.1356
        },
        "vjepa_2_1_vitg_lpft_encoder_minus_vjepa_2_1_vitg_surgical_3stage_DI_diheavy_encoder": {
          "n": 20,
          "delta_mean": -0.000184,
          "delta_ci_lo": -0.001228,
          "delta_ci_hi": 0.001017,
          "p_value": 0.725
        },
        "vjepa_2_1_vitg_lpft_encoder_minus_vjepa_2_1_vitg_surgical_3stage_DI_encoder": {
          "n": 20,
          "delta_mean": -0.00066,
          "delta_ci_lo": -0.001569,
          "delta_ci_hi": 0.000378,
          "p_value": 0.188
        },
        "vjepa_2_1_vitg_lpft_encoder_minus_vjepa_2_1_vitg_surgical_3stage_DI_intervene_encoder": {
          "n": 20,
          "delta_mean": -0.000226,
          "delta_ci_lo": -0.000961,
          "delta_ci_hi": 0.000643,
          "p_value": 0.5644
        },
        "vjepa_2_1_vitg_lpft_encoder_minus_vjepa_2_1_vitg_surgical_autorgn_encoder": {
          "n": 20,
          "delta_mean": -0.000412,
          "delta_ci_lo": -0.001124,
          "delta_ci_hi": 0.000313,
          "p_value": 0.259
        },
        "vjepa_2_1_vitg_lpft_encoder_minus_vjepa_2_1_vitg_surgical_intervene_wiseft_f30_encoder": {
          "n": 20,
          "delta_mean": -4.7e-05,
          "delta_ci_lo": -0.000818,
          "delta_ci_hi": 0.000777,
          "p_value": 0.896
        },
        "vjepa_2_1_vitg_lpft_encoder_minus_vjepa_2_1_vitg_surgical_intervene_wiseft_f50_encoder": {
          "n": 20,
          "delta_mean": 9.9e-05,
          "delta_ci_lo": -0.000733,
          "delta_ci_hi": 0.001018,
          "p_value": 0.8296
        },
        "vjepa_2_1_vitg_lpft_encoder_minus_vjepa_2_1_vitg_surgical_intervene_wiseft_f70_encoder": {
          "n": 20,
          "delta_mean": 0.000483,
          "delta_ci_lo": -0.000625,
          "delta_ci_hi": 0.001554,
          "p_value": 0.3814
        },
        "vjepa_2_1_vitg_peft_dora_encoder_minus_vjepa_2_1_vitg_peft_lora_encoder": {
          "n": 20,
          "delta_mean": 9.3e-05,
          "delta_ci_lo": 4e-05,
          "delta_ci_hi": 0.000144,
          "p_value": 0.0004
        },
        "vjepa_2_1_vitg_peft_dora_encoder_minus_vjepa_2_1_vitg_pretrain_encoder": {
          "n": 20,
          "delta_mean": 0.001221,
          "delta_ci_lo": -0.000629,
          "delta_ci_hi": 0.002981,
          "p_value": 0.1904
        },
        "vjepa_2_1_vitg_peft_dora_encoder_minus_vjepa_2_1_vitg_surgery_raw_encoder": {
          "n": 20,
          "delta_mean": 0.001489,
          "delta_ci_lo": 0.000127,
          "delta_ci_hi": 0.002742,
          "p_value": 0.0294
        },
        "vjepa_2_1_vitg_peft_dora_encoder_minus_vjepa_2_1_vitg_surgical_3stage_DI_diheavy_encoder": {
          "n": 20,
          "delta_mean": 0.000479,
          "delta_ci_lo": 0.000156,
          "delta_ci_hi": 0.000831,
          "p_value": 0.0038
        },
        "vjepa_2_1_vitg_peft_dora_encoder_minus_vjepa_2_1_vitg_surgical_3stage_DI_encoder": {
          "n": 20,
          "delta_mean": 2e-06,
          "delta_ci_lo": -0.000349,
          "delta_ci_hi": 0.000335,
          "p_value": 0.9884
        },
        "vjepa_2_1_vitg_peft_dora_encoder_minus_vjepa_2_1_vitg_surgical_3stage_DI_intervene_encoder": {
          "n": 20,
          "delta_mean": 0.000436,
          "delta_ci_lo": -0.000404,
          "delta_ci_hi": 0.001272,
          "p_value": 0.311
        },
        "vjepa_2_1_vitg_peft_dora_encoder_minus_vjepa_2_1_vitg_surgical_autorgn_encoder": {
          "n": 20,
          "delta_mean": 0.000251,
          "delta_ci_lo": -0.000297,
          "delta_ci_hi": 0.000812,
          "p_value": 0.3692
        },
        "vjepa_2_1_vitg_peft_dora_encoder_minus_vjepa_2_1_vitg_surgical_intervene_wiseft_f30_encoder": {
          "n": 20,
          "delta_mean": 0.000615,
          "delta_ci_lo": -0.000321,
          "delta_ci_hi": 0.001471,
          "p_value": 0.179
        },
        "vjepa_2_1_vitg_peft_dora_encoder_minus_vjepa_2_1_vitg_surgical_intervene_wiseft_f50_encoder": {
          "n": 20,
          "delta_mean": 0.000762,
          "delta_ci_lo": -0.000376,
          "delta_ci_hi": 0.00177,
          "p_value": 0.1636
        },
        "vjepa_2_1_vitg_peft_dora_encoder_minus_vjepa_2_1_vitg_surgical_intervene_wiseft_f70_encoder": {
          "n": 20,
          "delta_mean": 0.001146,
          "delta_ci_lo": -0.000322,
          "delta_ci_hi": 0.002269,
          "p_value": 0.085
        },
        "vjepa_2_1_vitg_peft_lora_encoder_minus_vjepa_2_1_vitg_pretrain_encoder": {
          "n": 20,
          "delta_mean": 0.001128,
          "delta_ci_lo": -0.000727,
          "delta_ci_hi": 0.002865,
          "p_value": 0.2214
        },
        "vjepa_2_1_vitg_peft_lora_encoder_minus_vjepa_2_1_vitg_surgery_raw_encoder": {
          "n": 20,
          "delta_mean": 0.001397,
          "delta_ci_lo": 1.8e-05,
          "delta_ci_hi": 0.002638,
          "p_value": 0.0398
        },
        "vjepa_2_1_vitg_peft_lora_encoder_minus_vjepa_2_1_vitg_surgical_3stage_DI_diheavy_encoder": {
          "n": 20,
          "delta_mean": 0.000386,
          "delta_ci_lo": 7.1e-05,
          "delta_ci_hi": 0.000744,
          "p_value": 0.0204
        },
        "vjepa_2_1_vitg_peft_lora_encoder_minus_vjepa_2_1_vitg_surgical_3stage_DI_encoder": {
          "n": 20,
          "delta_mean": -9.1e-05,
          "delta_ci_lo": -0.000449,
          "delta_ci_hi": 0.000245,
          "p_value": 0.6116
        },
        "vjepa_2_1_vitg_peft_lora_encoder_minus_vjepa_2_1_vitg_surgical_3stage_DI_intervene_encoder": {
          "n": 20,
          "delta_mean": 0.000343,
          "delta_ci_lo": -0.000501,
          "delta_ci_hi": 0.001178,
          "p_value": 0.4218
        },
        "vjepa_2_1_vitg_peft_lora_encoder_minus_vjepa_2_1_vitg_surgical_autorgn_encoder": {
          "n": 20,
          "delta_mean": 0.000158,
          "delta_ci_lo": -0.000385,
          "delta_ci_hi": 0.000697,
          "p_value": 0.5666
        },
        "vjepa_2_1_vitg_peft_lora_encoder_minus_vjepa_2_1_vitg_surgical_intervene_wiseft_f30_encoder": {
          "n": 20,
          "delta_mean": 0.000523,
          "delta_ci_lo": -0.000393,
          "delta_ci_hi": 0.001387,
          "p_value": 0.25
        },
        "vjepa_2_1_vitg_peft_lora_encoder_minus_vjepa_2_1_vitg_surgical_intervene_wiseft_f50_encoder": {
          "n": 20,
          "delta_mean": 0.000669,
          "delta_ci_lo": -0.000449,
          "delta_ci_hi": 0.001686,
          "p_value": 0.2162
        },
        "vjepa_2_1_vitg_peft_lora_encoder_minus_vjepa_2_1_vitg_surgical_intervene_wiseft_f70_encoder": {
          "n": 20,
          "delta_mean": 0.001053,
          "delta_ci_lo": -0.00038,
          "delta_ci_hi": 0.002183,
          "p_value": 0.1056
        },
        "vjepa_2_1_vitg_pretrain_encoder_minus_vjepa_2_1_vitg_surgery_raw_encoder": {
          "n": 20,
          "delta_mean": 0.000269,
          "delta_ci_lo": -0.000745,
          "delta_ci_hi": 0.001471,
          "p_value": 0.6488
        },
        "vjepa_2_1_vitg_pretrain_encoder_minus_vjepa_2_1_vitg_surgical_3stage_DI_diheavy_encoder": {
          "n": 20,
          "delta_mean": -0.000742,
          "delta_ci_lo": -0.002504,
          "delta_ci_hi": 0.001031,
          "p_value": 0.4142
        },
        "vjepa_2_1_vitg_pretrain_encoder_minus_vjepa_2_1_vitg_surgical_3stage_DI_encoder": {
          "n": 20,
          "delta_mean": -0.001218,
          "delta_ci_lo": -0.002881,
          "delta_ci_hi": 0.000497,
          "p_value": 0.1614
        },
        "vjepa_2_1_vitg_pretrain_encoder_minus_vjepa_2_1_vitg_surgical_3stage_DI_intervene_encoder": {
          "n": 20,
          "delta_mean": -0.000785,
          "delta_ci_lo": -0.001919,
          "delta_ci_hi": 0.000584,
          "p_value": 0.223
        },
        "vjepa_2_1_vitg_pretrain_encoder_minus_vjepa_2_1_vitg_surgical_autorgn_encoder": {
          "n": 20,
          "delta_mean": -0.00097,
          "delta_ci_lo": -0.002318,
          "delta_ci_hi": 0.000457,
          "p_value": 0.1708
        },
        "vjepa_2_1_vitg_pretrain_encoder_minus_vjepa_2_1_vitg_surgical_intervene_wiseft_f30_encoder": {
          "n": 20,
          "delta_mean": -0.000605,
          "delta_ci_lo": -0.001774,
          "delta_ci_hi": 0.000632,
          "p_value": 0.334
        },
        "vjepa_2_1_vitg_pretrain_encoder_minus_vjepa_2_1_vitg_surgical_intervene_wiseft_f50_encoder": {
          "n": 20,
          "delta_mean": -0.000459,
          "delta_ci_lo": -0.001623,
          "delta_ci_hi": 0.000747,
          "p_value": 0.4498
        },
        "vjepa_2_1_vitg_pretrain_encoder_minus_vjepa_2_1_vitg_surgical_intervene_wiseft_f70_encoder": {
          "n": 20,
          "delta_mean": -7.5e-05,
          "delta_ci_lo": -0.001344,
          "delta_ci_hi": 0.001274,
          "p_value": 0.9082
        },
        "vjepa_2_1_vitg_surgery_raw_encoder_minus_vjepa_2_1_vitg_surgical_3stage_DI_diheavy_encoder": {
          "n": 20,
          "delta_mean": -0.00101,
          "delta_ci_lo": -0.002284,
          "delta_ci_hi": 0.000299,
          "p_value": 0.1258
        },
        "vjepa_2_1_vitg_surgery_raw_encoder_minus_vjepa_2_1_vitg_surgical_3stage_DI_encoder": {
          "n": 20,
          "delta_mean": -0.001487,
          "delta_ci_lo": -0.002729,
          "delta_ci_hi": -0.000131,
          "p_value": 0.0278
        },
        "vjepa_2_1_vitg_surgery_raw_encoder_minus_vjepa_2_1_vitg_surgical_3stage_DI_intervene_encoder": {
          "n": 20,
          "delta_mean": -0.001053,
          "delta_ci_lo": -0.001738,
          "delta_ci_hi": -0.000391,
          "p_value": 0.0018
        },
        "vjepa_2_1_vitg_surgery_raw_encoder_minus_vjepa_2_1_vitg_surgical_autorgn_encoder": {
          "n": 20,
          "delta_mean": -0.001238,
          "delta_ci_lo": -0.00213,
          "delta_ci_hi": -0.000193,
          "p_value": 0.0156
        },
        "vjepa_2_1_vitg_surgery_raw_encoder_minus_vjepa_2_1_vitg_surgical_intervene_wiseft_f30_encoder": {
          "n": 20,
          "delta_mean": -0.000874,
          "delta_ci_lo": -0.001539,
          "delta_ci_hi": -0.000236,
          "p_value": 0.0064
        },
        "vjepa_2_1_vitg_surgery_raw_encoder_minus_vjepa_2_1_vitg_surgical_intervene_wiseft_f50_encoder": {
          "n": 20,
          "delta_mean": -0.000727,
          "delta_ci_lo": -0.001438,
          "delta_ci_hi": -4e-05,
          "p_value": 0.0394
        },
        "vjepa_2_1_vitg_surgery_raw_encoder_minus_vjepa_2_1_vitg_surgical_intervene_wiseft_f70_encoder": {
          "n": 20,
          "delta_mean": -0.000343,
          "delta_ci_lo": -0.001118,
          "delta_ci_hi": 0.000391,
          "p_value": 0.3792
        },
        "vjepa_2_1_vitg_surgical_3stage_DI_diheavy_encoder_minus_vjepa_2_1_vitg_surgical_3stage_DI_encoder": {
          "n": 20,
          "delta_mean": -0.000477,
          "delta_ci_lo": -0.000877,
          "delta_ci_hi": -0.000113,
          "p_value": 0.0122
        },
        "vjepa_2_1_vitg_surgical_3stage_DI_diheavy_encoder_minus_vjepa_2_1_vitg_surgical_3stage_DI_intervene_encoder": {
          "n": 20,
          "delta_mean": -4.3e-05,
          "delta_ci_lo": -0.000841,
          "delta_ci_hi": 0.000773,
          "p_value": 0.9342
        },
        "vjepa_2_1_vitg_surgical_3stage_DI_diheavy_encoder_minus_vjepa_2_1_vitg_surgical_autorgn_encoder": {
          "n": 20,
          "delta_mean": -0.000228,
          "delta_ci_lo": -0.000875,
          "delta_ci_hi": 0.000456,
          "p_value": 0.5082
        },
        "vjepa_2_1_vitg_surgical_3stage_DI_diheavy_encoder_minus_vjepa_2_1_vitg_surgical_intervene_wiseft_f30_encoder": {
          "n": 20,
          "delta_mean": 0.000136,
          "delta_ci_lo": -0.000718,
          "delta_ci_hi": 0.000961,
          "p_value": 0.74
        },
        "vjepa_2_1_vitg_surgical_3stage_DI_diheavy_encoder_minus_vjepa_2_1_vitg_surgical_intervene_wiseft_f50_encoder": {
          "n": 20,
          "delta_mean": 0.000283,
          "delta_ci_lo": -0.000778,
          "delta_ci_hi": 0.001247,
          "p_value": 0.578
        },
        "vjepa_2_1_vitg_surgical_3stage_DI_diheavy_encoder_minus_vjepa_2_1_vitg_surgical_intervene_wiseft_f70_encoder": {
          "n": 20,
          "delta_mean": 0.000667,
          "delta_ci_lo": -0.000681,
          "delta_ci_hi": 0.001738,
          "p_value": 0.2724
        },
        "vjepa_2_1_vitg_surgical_3stage_DI_encoder_minus_vjepa_2_1_vitg_surgical_3stage_DI_intervene_encoder": {
          "n": 20,
          "delta_mean": 0.000434,
          "delta_ci_lo": -0.000347,
          "delta_ci_hi": 0.001214,
          "p_value": 0.2848
        },
        "vjepa_2_1_vitg_surgical_3stage_DI_encoder_minus_vjepa_2_1_vitg_surgical_autorgn_encoder": {
          "n": 20,
          "delta_mean": 0.000249,
          "delta_ci_lo": -0.000296,
          "delta_ci_hi": 0.000854,
          "p_value": 0.3938
        },
        "vjepa_2_1_vitg_surgical_3stage_DI_encoder_minus_vjepa_2_1_vitg_surgical_intervene_wiseft_f30_encoder": {
          "n": 20,
          "delta_mean": 0.000613,
          "delta_ci_lo": -0.000265,
          "delta_ci_hi": 0.001455,
          "p_value": 0.1628
        },
        "vjepa_2_1_vitg_surgical_3stage_DI_encoder_minus_vjepa_2_1_vitg_surgical_intervene_wiseft_f50_encoder": {
          "n": 20,
          "delta_mean": 0.00076,
          "delta_ci_lo": -0.000336,
          "delta_ci_hi": 0.001758,
          "p_value": 0.1526
        },
        "vjepa_2_1_vitg_surgical_3stage_DI_encoder_minus_vjepa_2_1_vitg_surgical_intervene_wiseft_f70_encoder": {
          "n": 20,
          "delta_mean": 0.001144,
          "delta_ci_lo": -0.000254,
          "delta_ci_hi": 0.002248,
          "p_value": 0.0772
        },
        "vjepa_2_1_vitg_surgical_3stage_DI_intervene_encoder_minus_vjepa_2_1_vitg_surgical_autorgn_encoder": {
          "n": 20,
          "delta_mean": -0.000185,
          "delta_ci_lo": -0.000765,
          "delta_ci_hi": 0.000466,
          "p_value": 0.5394
        },
        "vjepa_2_1_vitg_surgical_3stage_DI_intervene_encoder_minus_vjepa_2_1_vitg_surgical_intervene_wiseft_f30_encoder": {
          "n": 20,
          "delta_mean": 0.000179,
          "delta_ci_lo": -0.00021,
          "delta_ci_hi": 0.000545,
          "p_value": 0.3544
        },
        "vjepa_2_1_vitg_surgical_3stage_DI_intervene_encoder_minus_vjepa_2_1_vitg_surgical_intervene_wiseft_f50_encoder": {
          "n": 20,
          "delta_mean": 0.000326,
          "delta_ci_lo": -0.000325,
          "delta_ci_hi": 0.000879,
          "p_value": 0.2956
        },
        "vjepa_2_1_vitg_surgical_3stage_DI_intervene_encoder_minus_vjepa_2_1_vitg_surgical_intervene_wiseft_f70_encoder": {
          "n": 20,
          "delta_mean": 0.00071,
          "delta_ci_lo": -0.000287,
          "delta_ci_hi": 0.001434,
          "p_value": 0.1168
        },
        "vjepa_2_1_vitg_surgical_autorgn_encoder_minus_vjepa_2_1_vitg_surgical_intervene_wiseft_f30_encoder": {
          "n": 20,
          "delta_mean": 0.000365,
          "delta_ci_lo": -0.000301,
          "delta_ci_hi": 0.000928,
          "p_value": 0.2448
        },
        "vjepa_2_1_vitg_surgical_autorgn_encoder_minus_vjepa_2_1_vitg_surgical_intervene_wiseft_f50_encoder": {
          "n": 20,
          "delta_mean": 0.000511,
          "delta_ci_lo": -0.000332,
          "delta_ci_hi": 0.001222,
          "p_value": 0.1938
        },
        "vjepa_2_1_vitg_surgical_autorgn_encoder_minus_vjepa_2_1_vitg_surgical_intervene_wiseft_f70_encoder": {
          "n": 20,
          "delta_mean": 0.000895,
          "delta_ci_lo": -0.000286,
          "delta_ci_hi": 0.001705,
          "p_value": 0.0824
        },
        "vjepa_2_1_vitg_surgical_intervene_wiseft_f30_encoder_minus_vjepa_2_1_vitg_surgical_intervene_wiseft_f50_encoder": {
          "n": 20,
          "delta_mean": 0.000147,
          "delta_ci_lo": -0.000152,
          "delta_ci_hi": 0.000383,
          "p_value": 0.289
        },
        "vjepa_2_1_vitg_surgical_intervene_wiseft_f30_encoder_minus_vjepa_2_1_vitg_surgical_intervene_wiseft_f70_encoder": {
          "n": 20,
          "delta_mean": 0.00053,
          "delta_ci_lo": -0.000131,
          "delta_ci_hi": 0.000954,
          "p_value": 0.0628
        },
        "vjepa_2_1_vitg_surgical_intervene_wiseft_f50_encoder_minus_vjepa_2_1_vitg_surgical_intervene_wiseft_f70_encoder": {
          "n": 20,
          "delta_mean": 0.000384,
          "delta_ci_lo": -2.7e-05,
          "delta_ci_hi": 0.000681,
          "p_value": 0.0374
        }
      },
      "lower_is_better": null
    }
  }
}

═══ 12:25:54 · STAGE 9c · encoder_temporal paired_per_variant (CPU) ═══
/workspace/factorjepa/venv_walkindia/lib/python3.12/site-packages/scipy/stats/_resampling.py:156: RuntimeWarning: invalid value encountered in scalar divide
  a_hat = 1/6 * sum(nums) / sum(dens)**(3/2)
/workspace/factorjepa/venv_walkindia/lib/python3.12/site-packages/scipy/_lib/_util.py:307: DegenerateDataWarning: The BCa confidence interval cannot be calculated. This problem is known to occur when the distribution is degenerate or the statistic is np.min.
  return fun(*args, **kwargs)
{
  "metrics": {
    "aot": {
      "by_variant": {
        "vjepa_2_1_vitg_frozen": {
          "variant": "vjepa_2_1_vitg_frozen",
          "metric": "aot",
          "n_test": 20,
          "k_per_clip": 2,
          "mean": 0.975,
          "std": 0.108972,
          "ci": {
            "mean": 0.975,
            "ci_lo": 0.875,
            "ci_hi": 1.0,
            "ci_half": 0.0625
          },
          "lower_is_better": false,
          "interpretation": "Arrow-of-Time binary acc; higher = encoder preserves temporal direction",
          "num_frames": 16,
          "tubelet_size": 2,
          "encoder_ckpt": "checkpoints/vjepa2_1_vitg_384.pt",
          "head_lr": 0.001,
          "head_epochs": 20,
          "head_weight_decay": 0.0001,
          "head_batch_size": 64
        },
        "vjepa_2_1_vitg_full_ft_encoder": {
          "variant": "vjepa_2_1_vitg_full_ft_encoder",
          "metric": "aot",
          "n_test": 20,
          "k_per_clip": 2,
          "mean": 0.95,
          "std": 0.15,
          "ci": {
            "mean": 0.95,
            "ci_lo": 0.85,
            "ci_hi": 1.0,
            "ci_half": 0.075
          },
          "lower_is_better": false,
          "interpretation": "Arrow-of-Time binary acc; higher = encoder preserves temporal direction",
          "num_frames": 16,
          "tubelet_size": 2,
          "encoder_ckpt": "outputs/sanity/vjepa_2_1_vitg_1B/train/m09f_full_ft_encoder/student_encoder.pt",
          "head_lr": 0.001,
          "head_epochs": 20,
          "head_weight_decay": 0.0001,
          "head_batch_size": 64
        },
        "vjepa_2_1_vitg_lpft_encoder": {
          "variant": "vjepa_2_1_vitg_lpft_encoder",
          "metric": "aot",
          "n_test": 20,
          "k_per_clip": 2,
          "mean": 0.95,
          "std": 0.15,
          "ci": {
            "mean": 0.95,
            "ci_lo": 0.85,
            "ci_hi": 1.0,
            "ci_half": 0.075
          },
          "lower_is_better": false,
          "interpretation": "Arrow-of-Time binary acc; higher = encoder preserves temporal direction",
          "num_frames": 16,
          "tubelet_size": 2,
          "encoder_ckpt": "outputs/sanity/vjepa_2_1_vitg_1B/train/m09f_lpft_encoder/student_encoder.pt",
          "head_lr": 0.001,
          "head_epochs": 20,
          "head_weight_decay": 0.0001,
          "head_batch_size": 64
        },
        "vjepa_2_1_vitg_peft_dora_encoder": {
          "variant": "vjepa_2_1_vitg_peft_dora_encoder",
          "metric": "aot",
          "n_test": 20,
          "k_per_clip": 2,
          "mean": 0.95,
          "std": 0.15,
          "ci": {
            "mean": 0.95,
            "ci_lo": 0.85,
            "ci_hi": 1.0,
            "ci_half": 0.075
          },
          "lower_is_better": false,
          "interpretation": "Arrow-of-Time binary acc; higher = encoder preserves temporal direction",
          "num_frames": 16,
          "tubelet_size": 2,
          "encoder_ckpt": "outputs/sanity/vjepa_2_1_vitg_1B/train/m09b_peft_dora_encoder/student_encoder.pt",
          "head_lr": 0.001,
          "head_epochs": 20,
          "head_weight_decay": 0.0001,
          "head_batch_size": 64
        },
        "vjepa_2_1_vitg_peft_lora_encoder": {
          "variant": "vjepa_2_1_vitg_peft_lora_encoder",
          "metric": "aot",
          "n_test": 20,
          "k_per_clip": 2,
          "mean": 0.95,
          "std": 0.15,
          "ci": {
            "mean": 0.95,
            "ci_lo": 0.85,
            "ci_hi": 1.0,
            "ci_half": 0.075
          },
          "lower_is_better": false,
          "interpretation": "Arrow-of-Time binary acc; higher = encoder preserves temporal direction",
          "num_frames": 16,
          "tubelet_size": 2,
          "encoder_ckpt": "outputs/sanity/vjepa_2_1_vitg_1B/train/m09b_peft_lora_encoder/student_encoder.pt",
          "head_lr": 0.001,
          "head_epochs": 20,
          "head_weight_decay": 0.0001,
          "head_batch_size": 64
        },
        "vjepa_2_1_vitg_pretrain_encoder": {
          "variant": "vjepa_2_1_vitg_pretrain_encoder",
          "metric": "aot",
          "n_test": 20,
          "k_per_clip": 2,
          "mean": 0.95,
          "std": 0.15,
          "ci": {
            "mean": 0.95,
            "ci_lo": 0.85,
            "ci_hi": 1.0,
            "ci_half": 0.075
          },
          "lower_is_better": false,
          "interpretation": "Arrow-of-Time binary acc; higher = encoder preserves temporal direction",
          "num_frames": 16,
          "tubelet_size": 2,
          "encoder_ckpt": "outputs/sanity/vjepa_2_1_vitg_1B/train/m09a_pretrain_encoder/student_encoder.pt",
          "head_lr": 0.001,
          "head_epochs": 20,
          "head_weight_decay": 0.0001,
          "head_batch_size": 64
        },
        "vjepa_2_1_vitg_surgery_raw_encoder": {
          "variant": "vjepa_2_1_vitg_surgery_raw_encoder",
          "metric": "aot",
          "n_test": 20,
          "k_per_clip": 2,
          "mean": 0.95,
          "std": 0.15,
          "ci": {
            "mean": 0.95,
            "ci_lo": 0.85,
            "ci_hi": 1.0,
            "ci_half": 0.075
          },
          "lower_is_better": false,
          "interpretation": "Arrow-of-Time binary acc; higher = encoder preserves temporal direction",
          "num_frames": 16,
          "tubelet_size": 2,
          "encoder_ckpt": "outputs/sanity/vjepa_2_1_vitg_1B/train/m09c_surgery_raw_encoder/student_encoder.pt",
          "head_lr": 0.001,
          "head_epochs": 20,
          "head_weight_decay": 0.0001,
          "head_batch_size": 64
        },
        "vjepa_2_1_vitg_surgical_3stage_DI_diheavy_encoder": {
          "variant": "vjepa_2_1_vitg_surgical_3stage_DI_diheavy_encoder",
          "metric": "aot",
          "n_test": 20,
          "k_per_clip": 2,
          "mean": 0.95,
          "std": 0.15,
          "ci": {
            "mean": 0.95,
            "ci_lo": 0.85,
            "ci_hi": 1.0,
            "ci_half": 0.075
          },
          "lower_is_better": false,
          "interpretation": "Arrow-of-Time binary acc; higher = encoder preserves temporal direction",
          "num_frames": 16,
          "tubelet_size": 2,
          "encoder_ckpt": "outputs/sanity/vjepa_2_1_vitg_1B/train/m09c_surgery_3stage_DI_diheavy_encoder/student_encoder.pt",
          "head_lr": 0.001,
          "head_epochs": 20,
          "head_weight_decay": 0.0001,
          "head_batch_size": 64
        },
        "vjepa_2_1_vitg_surgical_3stage_DI_encoder": {
          "variant": "vjepa_2_1_vitg_surgical_3stage_DI_encoder",
          "metric": "aot",
          "n_test": 20,
          "k_per_clip": 2,
          "mean": 0.95,
          "std": 0.15,
          "ci": {
            "mean": 0.95,
            "ci_lo": 0.85,
            "ci_hi": 1.0,
            "ci_half": 0.075
          },
          "lower_is_better": false,
          "interpretation": "Arrow-of-Time binary acc; higher = encoder preserves temporal direction",
          "num_frames": 16,
          "tubelet_size": 2,
          "encoder_ckpt": "outputs/sanity/vjepa_2_1_vitg_1B/train/m09c_surgery_3stage_DI_encoder/student_encoder.pt",
          "head_lr": 0.001,
          "head_epochs": 20,
          "head_weight_decay": 0.0001,
          "head_batch_size": 64
        },
        "vjepa_2_1_vitg_surgical_3stage_DI_intervene_encoder": {
          "variant": "vjepa_2_1_vitg_surgical_3stage_DI_intervene_encoder",
          "metric": "aot",
          "n_test": 20,
          "k_per_clip": 2,
          "mean": 0.95,
          "std": 0.15,
          "ci": {
            "mean": 0.95,
            "ci_lo": 0.85,
            "ci_hi": 1.0,
            "ci_half": 0.075
          },
          "lower_is_better": false,
          "interpretation": "Arrow-of-Time binary acc; higher = encoder preserves temporal direction",
          "num_frames": 16,
          "tubelet_size": 2,
          "encoder_ckpt": "outputs/sanity/vjepa_2_1_vitg_1B/train/m09c_surgery_3stage_DI_intervene_encoder/student_encoder.pt",
          "head_lr": 0.001,
          "head_epochs": 20,
          "head_weight_decay": 0.0001,
          "head_batch_size": 64
        },
        "vjepa_2_1_vitg_surgical_autorgn_encoder": {
          "variant": "vjepa_2_1_vitg_surgical_autorgn_encoder",
          "metric": "aot",
          "n_test": 20,
          "k_per_clip": 2,
          "mean": 0.95,
          "std": 0.15,
          "ci": {
            "mean": 0.95,
            "ci_lo": 0.85,
            "ci_hi": 1.0,
            "ci_half": 0.075
          },
          "lower_is_better": false,
          "interpretation": "Arrow-of-Time binary acc; higher = encoder preserves temporal direction",
          "num_frames": 16,
          "tubelet_size": 2,
          "encoder_ckpt": "outputs/sanity/vjepa_2_1_vitg_1B/train/m09e_autorgn_encoder/student_encoder.pt",
          "head_lr": 0.001,
          "head_epochs": 20,
          "head_weight_decay": 0.0001,
          "head_batch_size": 64
        },
        "vjepa_2_1_vitg_surgical_intervene_wiseft_f30_encoder": {
          "variant": "vjepa_2_1_vitg_surgical_intervene_wiseft_f30_encoder",
          "metric": "aot",
          "n_test": 20,
          "k_per_clip": 2,
          "mean": 0.95,
          "std": 0.15,
          "ci": {
            "mean": 0.95,
            "ci_lo": 0.85,
            "ci_hi": 1.0,
            "ci_half": 0.075
          },
          "lower_is_better": false,
          "interpretation": "Arrow-of-Time binary acc; higher = encoder preserves temporal direction",
          "num_frames": 16,
          "tubelet_size": 2,
          "encoder_ckpt": "outputs/sanity/vjepa_2_1_vitg_1B/train/m09c_surgical_intervene_wiseft_f30_encoder/student_encoder.pt",
          "head_lr": 0.001,
          "head_epochs": 20,
          "head_weight_decay": 0.0001,
          "head_batch_size": 64
        },
        "vjepa_2_1_vitg_surgical_intervene_wiseft_f50_encoder": {
          "variant": "vjepa_2_1_vitg_surgical_intervene_wiseft_f50_encoder",
          "metric": "aot",
          "n_test": 20,
          "k_per_clip": 2,
          "mean": 0.975,
          "std": 0.108972,
          "ci": {
            "mean": 0.975,
            "ci_lo": 0.875,
            "ci_hi": 1.0,
            "ci_half": 0.0625
          },
          "lower_is_better": false,
          "interpretation": "Arrow-of-Time binary acc; higher = encoder preserves temporal direction",
          "num_frames": 16,
          "tubelet_size": 2,
          "encoder_ckpt": "outputs/sanity/vjepa_2_1_vitg_1B/train/m09c_surgical_intervene_wiseft_f50_encoder/student_encoder.pt",
          "head_lr": 0.001,
          "head_epochs": 20,
          "head_weight_decay": 0.0001,
          "head_batch_size": 64
        },
        "vjepa_2_1_vitg_surgical_intervene_wiseft_f70_encoder": {
          "variant": "vjepa_2_1_vitg_surgical_intervene_wiseft_f70_encoder",
          "metric": "aot",
          "n_test": 20,
          "k_per_clip": 2,
          "mean": 0.95,
          "std": 0.15,
          "ci": {
            "mean": 0.95,
            "ci_lo": 0.85,
            "ci_hi": 1.0,
            "ci_half": 0.075
          },
          "lower_is_better": false,
          "interpretation": "Arrow-of-Time binary acc; higher = encoder preserves temporal direction",
          "num_frames": 16,
          "tubelet_size": 2,
          "encoder_ckpt": "outputs/sanity/vjepa_2_1_vitg_1B/train/m09c_surgical_intervene_wiseft_f70_encoder/student_encoder.pt",
          "head_lr": 0.001,
          "head_epochs": 20,
          "head_weight_decay": 0.0001,
          "head_batch_size": 64
        }
      },
      "pairwise_deltas": {
        "vjepa_2_1_vitg_frozen_minus_vjepa_2_1_vitg_full_ft_encoder": {
          "n": 20,
          "delta_mean": 0.025,
          "delta_ci_lo": 0.0,
          "delta_ci_hi": 0.125,
          "p_value": 0.7164
        },
        "vjepa_2_1_vitg_frozen_minus_vjepa_2_1_vitg_lpft_encoder": {
          "n": 20,
          "delta_mean": 0.025,
          "delta_ci_lo": 0.0,
          "delta_ci_hi": 0.125,
          "p_value": 0.7164
        },
        "vjepa_2_1_vitg_frozen_minus_vjepa_2_1_vitg_peft_dora_encoder": {
          "n": 20,
          "delta_mean": 0.025,
          "delta_ci_lo": 0.0,
          "delta_ci_hi": 0.125,
          "p_value": 0.7164
        },
        "vjepa_2_1_vitg_frozen_minus_vjepa_2_1_vitg_peft_lora_encoder": {
          "n": 20,
          "delta_mean": 0.025,
          "delta_ci_lo": 0.0,
          "delta_ci_hi": 0.125,
          "p_value": 0.7164
        },
        "vjepa_2_1_vitg_frozen_minus_vjepa_2_1_vitg_pretrain_encoder": {
          "n": 20,
          "delta_mean": 0.025,
          "delta_ci_lo": 0.0,
          "delta_ci_hi": 0.125,
          "p_value": 0.7164
        },
        "vjepa_2_1_vitg_frozen_minus_vjepa_2_1_vitg_surgery_raw_encoder": {
          "n": 20,
          "delta_mean": 0.025,
          "delta_ci_lo": 0.0,
          "delta_ci_hi": 0.125,
          "p_value": 0.7164
        },
        "vjepa_2_1_vitg_frozen_minus_vjepa_2_1_vitg_surgical_3stage_DI_diheavy_encoder": {
          "n": 20,
          "delta_mean": 0.025,
          "delta_ci_lo": 0.0,
          "delta_ci_hi": 0.125,
          "p_value": 0.7164
        },
        "vjepa_2_1_vitg_frozen_minus_vjepa_2_1_vitg_surgical_3stage_DI_encoder": {
          "n": 20,
          "delta_mean": 0.025,
          "delta_ci_lo": 0.0,
          "delta_ci_hi": 0.125,
          "p_value": 0.7164
        },
        "vjepa_2_1_vitg_frozen_minus_vjepa_2_1_vitg_surgical_3stage_DI_intervene_encoder": {
          "n": 20,
          "delta_mean": 0.025,
          "delta_ci_lo": 0.0,
          "delta_ci_hi": 0.125,
          "p_value": 0.7164
        },
        "vjepa_2_1_vitg_frozen_minus_vjepa_2_1_vitg_surgical_autorgn_encoder": {
          "n": 20,
          "delta_mean": 0.025,
          "delta_ci_lo": 0.0,
          "delta_ci_hi": 0.125,
          "p_value": 0.7164
        },
        "vjepa_2_1_vitg_frozen_minus_vjepa_2_1_vitg_surgical_intervene_wiseft_f30_encoder": {
          "n": 20,
          "delta_mean": 0.025,
          "delta_ci_lo": 0.0,
          "delta_ci_hi": 0.125,
          "p_value": 0.7164
        },
        "vjepa_2_1_vitg_frozen_minus_vjepa_2_1_vitg_surgical_intervene_wiseft_f50_encoder": {
          "n": 20,
          "delta_mean": 0.0,
          "delta_ci_lo": NaN,
          "delta_ci_hi": NaN,
          "p_value": 1.0
        },
        "vjepa_2_1_vitg_frozen_minus_vjepa_2_1_vitg_surgical_intervene_wiseft_f70_encoder": {
          "n": 20,
          "delta_mean": 0.025,
          "delta_ci_lo": 0.0,
          "delta_ci_hi": 0.125,
          "p_value": 0.7164
        },
        "vjepa_2_1_vitg_full_ft_encoder_minus_vjepa_2_1_vitg_lpft_encoder": {
          "n": 20,
          "delta_mean": 0.0,
          "delta_ci_lo": NaN,
          "delta_ci_hi": NaN,
          "p_value": 1.0
        },
        "vjepa_2_1_vitg_full_ft_encoder_minus_vjepa_2_1_vitg_peft_dora_encoder": {
          "n": 20,
          "delta_mean": 0.0,
          "delta_ci_lo": NaN,
          "delta_ci_hi": NaN,
          "p_value": 1.0
        },
        "vjepa_2_1_vitg_full_ft_encoder_minus_vjepa_2_1_vitg_peft_lora_encoder": {
          "n": 20,
          "delta_mean": 0.0,
          "delta_ci_lo": NaN,
          "delta_ci_hi": NaN,
          "p_value": 1.0
        },
        "vjepa_2_1_vitg_full_ft_encoder_minus_vjepa_2_1_vitg_pretrain_encoder": {
          "n": 20,
          "delta_mean": 0.0,
          "delta_ci_lo": NaN,
          "delta_ci_hi": NaN,
          "p_value": 1.0
        },
        "vjepa_2_1_vitg_full_ft_encoder_minus_vjepa_2_1_vitg_surgery_raw_encoder": {
          "n": 20,
          "delta_mean": 0.0,
          "delta_ci_lo": NaN,
          "delta_ci_hi": NaN,
          "p_value": 1.0
        },
        "vjepa_2_1_vitg_full_ft_encoder_minus_vjepa_2_1_vitg_surgical_3stage_DI_diheavy_encoder": {
          "n": 20,
          "delta_mean": 0.0,
          "delta_ci_lo": NaN,
          "delta_ci_hi": NaN,
          "p_value": 1.0
        },
        "vjepa_2_1_vitg_full_ft_encoder_minus_vjepa_2_1_vitg_surgical_3stage_DI_encoder": {
          "n": 20,
          "delta_mean": 0.0,
          "delta_ci_lo": NaN,
          "delta_ci_hi": NaN,
          "p_value": 1.0
        },
        "vjepa_2_1_vitg_full_ft_encoder_minus_vjepa_2_1_vitg_surgical_3stage_DI_intervene_encoder": {
          "n": 20,
          "delta_mean": 0.0,
          "delta_ci_lo": NaN,
          "delta_ci_hi": NaN,
          "p_value": 1.0
        },
        "vjepa_2_1_vitg_full_ft_encoder_minus_vjepa_2_1_vitg_surgical_autorgn_encoder": {
          "n": 20,
          "delta_mean": 0.0,
          "delta_ci_lo": NaN,
          "delta_ci_hi": NaN,
          "p_value": 1.0
        },
        "vjepa_2_1_vitg_full_ft_encoder_minus_vjepa_2_1_vitg_surgical_intervene_wiseft_f30_encoder": {
          "n": 20,
          "delta_mean": 0.0,
          "delta_ci_lo": NaN,
          "delta_ci_hi": NaN,
          "p_value": 1.0
        },
        "vjepa_2_1_vitg_full_ft_encoder_minus_vjepa_2_1_vitg_surgical_intervene_wiseft_f50_encoder": {
          "n": 20,
          "delta_mean": -0.025,
          "delta_ci_lo": -0.125,
          "delta_ci_hi": 0.0,
          "p_value": 0.7164
        },
        "vjepa_2_1_vitg_full_ft_encoder_minus_vjepa_2_1_vitg_surgical_intervene_wiseft_f70_encoder": {
          "n": 20,
          "delta_mean": 0.0,
          "delta_ci_lo": NaN,
          "delta_ci_hi": NaN,
          "p_value": 1.0
        },
        "vjepa_2_1_vitg_lpft_encoder_minus_vjepa_2_1_vitg_peft_dora_encoder": {
          "n": 20,
          "delta_mean": 0.0,
          "delta_ci_lo": NaN,
          "delta_ci_hi": NaN,
          "p_value": 1.0
        },
        "vjepa_2_1_vitg_lpft_encoder_minus_vjepa_2_1_vitg_peft_lora_encoder": {
          "n": 20,
          "delta_mean": 0.0,
          "delta_ci_lo": NaN,
          "delta_ci_hi": NaN,
          "p_value": 1.0
        },
        "vjepa_2_1_vitg_lpft_encoder_minus_vjepa_2_1_vitg_pretrain_encoder": {
          "n": 20,
          "delta_mean": 0.0,
          "delta_ci_lo": NaN,
          "delta_ci_hi": NaN,
          "p_value": 1.0
        },
        "vjepa_2_1_vitg_lpft_encoder_minus_vjepa_2_1_vitg_surgery_raw_encoder": {
          "n": 20,
          "delta_mean": 0.0,
          "delta_ci_lo": NaN,
          "delta_ci_hi": NaN,
          "p_value": 1.0
        },
        "vjepa_2_1_vitg_lpft_encoder_minus_vjepa_2_1_vitg_surgical_3stage_DI_diheavy_encoder": {
          "n": 20,
          "delta_mean": 0.0,
          "delta_ci_lo": NaN,
          "delta_ci_hi": NaN,
          "p_value": 1.0
        },
        "vjepa_2_1_vitg_lpft_encoder_minus_vjepa_2_1_vitg_surgical_3stage_DI_encoder": {
          "n": 20,
          "delta_mean": 0.0,
          "delta_ci_lo": NaN,
          "delta_ci_hi": NaN,
          "p_value": 1.0
        },
        "vjepa_2_1_vitg_lpft_encoder_minus_vjepa_2_1_vitg_surgical_3stage_DI_intervene_encoder": {
          "n": 20,
          "delta_mean": 0.0,
          "delta_ci_lo": NaN,
          "delta_ci_hi": NaN,
          "p_value": 1.0
        },
        "vjepa_2_1_vitg_lpft_encoder_minus_vjepa_2_1_vitg_surgical_autorgn_encoder": {
          "n": 20,
          "delta_mean": 0.0,
          "delta_ci_lo": NaN,
          "delta_ci_hi": NaN,
          "p_value": 1.0
        },
        "vjepa_2_1_vitg_lpft_encoder_minus_vjepa_2_1_vitg_surgical_intervene_wiseft_f30_encoder": {
          "n": 20,
          "delta_mean": 0.0,
          "delta_ci_lo": NaN,
          "delta_ci_hi": NaN,
          "p_value": 1.0
        },
        "vjepa_2_1_vitg_lpft_encoder_minus_vjepa_2_1_vitg_surgical_intervene_wiseft_f50_encoder": {
          "n": 20,
          "delta_mean": -0.025,
          "delta_ci_lo": -0.125,
          "delta_ci_hi": 0.0,
          "p_value": 0.7164
        },
        "vjepa_2_1_vitg_lpft_encoder_minus_vjepa_2_1_vitg_surgical_intervene_wiseft_f70_encoder": {
          "n": 20,
          "delta_mean": 0.0,
          "delta_ci_lo": NaN,
          "delta_ci_hi": NaN,
          "p_value": 1.0
        },
        "vjepa_2_1_vitg_peft_dora_encoder_minus_vjepa_2_1_vitg_peft_lora_encoder": {
          "n": 20,
          "delta_mean": 0.0,
          "delta_ci_lo": NaN,
          "delta_ci_hi": NaN,
          "p_value": 1.0
        },
        "vjepa_2_1_vitg_peft_dora_encoder_minus_vjepa_2_1_vitg_pretrain_encoder": {
          "n": 20,
          "delta_mean": 0.0,
          "delta_ci_lo": NaN,
          "delta_ci_hi": NaN,
          "p_value": 1.0
        },
        "vjepa_2_1_vitg_peft_dora_encoder_minus_vjepa_2_1_vitg_surgery_raw_encoder": {
          "n": 20,
          "delta_mean": 0.0,
          "delta_ci_lo": NaN,
          "delta_ci_hi": NaN,
          "p_value": 1.0
        },
        "vjepa_2_1_vitg_peft_dora_encoder_minus_vjepa_2_1_vitg_surgical_3stage_DI_diheavy_encoder": {
          "n": 20,
          "delta_mean": 0.0,
          "delta_ci_lo": NaN,
          "delta_ci_hi": NaN,
          "p_value": 1.0
        },
        "vjepa_2_1_vitg_peft_dora_encoder_minus_vjepa_2_1_vitg_surgical_3stage_DI_encoder": {
          "n": 20,
          "delta_mean": 0.0,
          "delta_ci_lo": NaN,
          "delta_ci_hi": NaN,
          "p_value": 1.0
        },
        "vjepa_2_1_vitg_peft_dora_encoder_minus_vjepa_2_1_vitg_surgical_3stage_DI_intervene_encoder": {
          "n": 20,
          "delta_mean": 0.0,
          "delta_ci_lo": NaN,
          "delta_ci_hi": NaN,
          "p_value": 1.0
        },
        "vjepa_2_1_vitg_peft_dora_encoder_minus_vjepa_2_1_vitg_surgical_autorgn_encoder": {
          "n": 20,
          "delta_mean": 0.0,
          "delta_ci_lo": NaN,
          "delta_ci_hi": NaN,
          "p_value": 1.0
        },
        "vjepa_2_1_vitg_peft_dora_encoder_minus_vjepa_2_1_vitg_surgical_intervene_wiseft_f30_encoder": {
          "n": 20,
          "delta_mean": 0.0,
          "delta_ci_lo": NaN,
          "delta_ci_hi": NaN,
          "p_value": 1.0
        },
        "vjepa_2_1_vitg_peft_dora_encoder_minus_vjepa_2_1_vitg_surgical_intervene_wiseft_f50_encoder": {
          "n": 20,
          "delta_mean": -0.025,
          "delta_ci_lo": -0.125,
          "delta_ci_hi": 0.0,
          "p_value": 0.7164
        },
        "vjepa_2_1_vitg_peft_dora_encoder_minus_vjepa_2_1_vitg_surgical_intervene_wiseft_f70_encoder": {
          "n": 20,
          "delta_mean": 0.0,
          "delta_ci_lo": NaN,
          "delta_ci_hi": NaN,
          "p_value": 1.0
        },
        "vjepa_2_1_vitg_peft_lora_encoder_minus_vjepa_2_1_vitg_pretrain_encoder": {
          "n": 20,
          "delta_mean": 0.0,
          "delta_ci_lo": NaN,
          "delta_ci_hi": NaN,
          "p_value": 1.0
        },
        "vjepa_2_1_vitg_peft_lora_encoder_minus_vjepa_2_1_vitg_surgery_raw_encoder": {
          "n": 20,
          "delta_mean": 0.0,
          "delta_ci_lo": NaN,
          "delta_ci_hi": NaN,
          "p_value": 1.0
        },
        "vjepa_2_1_vitg_peft_lora_encoder_minus_vjepa_2_1_vitg_surgical_3stage_DI_diheavy_encoder": {
          "n": 20,
          "delta_mean": 0.0,
          "delta_ci_lo": NaN,
          "delta_ci_hi": NaN,
          "p_value": 1.0
        },
        "vjepa_2_1_vitg_peft_lora_encoder_minus_vjepa_2_1_vitg_surgical_3stage_DI_encoder": {
          "n": 20,
          "delta_mean": 0.0,
          "delta_ci_lo": NaN,
          "delta_ci_hi": NaN,
          "p_value": 1.0
        },
        "vjepa_2_1_vitg_peft_lora_encoder_minus_vjepa_2_1_vitg_surgical_3stage_DI_intervene_encoder": {
          "n": 20,
          "delta_mean": 0.0,
          "delta_ci_lo": NaN,
          "delta_ci_hi": NaN,
          "p_value": 1.0
        },
        "vjepa_2_1_vitg_peft_lora_encoder_minus_vjepa_2_1_vitg_surgical_autorgn_encoder": {
          "n": 20,
          "delta_mean": 0.0,
          "delta_ci_lo": NaN,
          "delta_ci_hi": NaN,
          "p_value": 1.0
        },
        "vjepa_2_1_vitg_peft_lora_encoder_minus_vjepa_2_1_vitg_surgical_intervene_wiseft_f30_encoder": {
          "n": 20,
          "delta_mean": 0.0,
          "delta_ci_lo": NaN,
          "delta_ci_hi": NaN,
          "p_value": 1.0
        },
        "vjepa_2_1_vitg_peft_lora_encoder_minus_vjepa_2_1_vitg_surgical_intervene_wiseft_f50_encoder": {
          "n": 20,
          "delta_mean": -0.025,
          "delta_ci_lo": -0.125,
          "delta_ci_hi": 0.0,
          "p_value": 0.7164
        },
        "vjepa_2_1_vitg_peft_lora_encoder_minus_vjepa_2_1_vitg_surgical_intervene_wiseft_f70_encoder": {
          "n": 20,
          "delta_mean": 0.0,
          "delta_ci_lo": NaN,
          "delta_ci_hi": NaN,
          "p_value": 1.0
        },
        "vjepa_2_1_vitg_pretrain_encoder_minus_vjepa_2_1_vitg_surgery_raw_encoder": {
          "n": 20,
          "delta_mean": 0.0,
          "delta_ci_lo": NaN,
          "delta_ci_hi": NaN,
          "p_value": 1.0
        },
        "vjepa_2_1_vitg_pretrain_encoder_minus_vjepa_2_1_vitg_surgical_3stage_DI_diheavy_encoder": {
          "n": 20,
          "delta_mean": 0.0,
          "delta_ci_lo": NaN,
          "delta_ci_hi": NaN,
          "p_value": 1.0
        },
        "vjepa_2_1_vitg_pretrain_encoder_minus_vjepa_2_1_vitg_surgical_3stage_DI_encoder": {
          "n": 20,
          "delta_mean": 0.0,
          "delta_ci_lo": NaN,
          "delta_ci_hi": NaN,
          "p_value": 1.0
        },
        "vjepa_2_1_vitg_pretrain_encoder_minus_vjepa_2_1_vitg_surgical_3stage_DI_intervene_encoder": {
          "n": 20,
          "delta_mean": 0.0,
          "delta_ci_lo": NaN,
          "delta_ci_hi": NaN,
          "p_value": 1.0
        },
        "vjepa_2_1_vitg_pretrain_encoder_minus_vjepa_2_1_vitg_surgical_autorgn_encoder": {
          "n": 20,
          "delta_mean": 0.0,
          "delta_ci_lo": NaN,
          "delta_ci_hi": NaN,
          "p_value": 1.0
        },
        "vjepa_2_1_vitg_pretrain_encoder_minus_vjepa_2_1_vitg_surgical_intervene_wiseft_f30_encoder": {
          "n": 20,
          "delta_mean": 0.0,
          "delta_ci_lo": NaN,
          "delta_ci_hi": NaN,
          "p_value": 1.0
        },
        "vjepa_2_1_vitg_pretrain_encoder_minus_vjepa_2_1_vitg_surgical_intervene_wiseft_f50_encoder": {
          "n": 20,
          "delta_mean": -0.025,
          "delta_ci_lo": -0.125,
          "delta_ci_hi": 0.0,
          "p_value": 0.7164
        },
        "vjepa_2_1_vitg_pretrain_encoder_minus_vjepa_2_1_vitg_surgical_intervene_wiseft_f70_encoder": {
          "n": 20,
          "delta_mean": 0.0,
          "delta_ci_lo": NaN,
          "delta_ci_hi": NaN,
          "p_value": 1.0
        },
        "vjepa_2_1_vitg_surgery_raw_encoder_minus_vjepa_2_1_vitg_surgical_3stage_DI_diheavy_encoder": {
          "n": 20,
          "delta_mean": 0.0,
          "delta_ci_lo": NaN,
          "delta_ci_hi": NaN,
          "p_value": 1.0
        },
        "vjepa_2_1_vitg_surgery_raw_encoder_minus_vjepa_2_1_vitg_surgical_3stage_DI_encoder": {
          "n": 20,
          "delta_mean": 0.0,
          "delta_ci_lo": NaN,
          "delta_ci_hi": NaN,
          "p_value": 1.0
        },
        "vjepa_2_1_vitg_surgery_raw_encoder_minus_vjepa_2_1_vitg_surgical_3stage_DI_intervene_encoder": {
          "n": 20,
          "delta_mean": 0.0,
          "delta_ci_lo": NaN,
          "delta_ci_hi": NaN,
          "p_value": 1.0
        },
        "vjepa_2_1_vitg_surgery_raw_encoder_minus_vjepa_2_1_vitg_surgical_autorgn_encoder": {
          "n": 20,
          "delta_mean": 0.0,
          "delta_ci_lo": NaN,
          "delta_ci_hi": NaN,
          "p_value": 1.0
        },
        "vjepa_2_1_vitg_surgery_raw_encoder_minus_vjepa_2_1_vitg_surgical_intervene_wiseft_f30_encoder": {
          "n": 20,
          "delta_mean": 0.0,
          "delta_ci_lo": NaN,
          "delta_ci_hi": NaN,
          "p_value": 1.0
        },
        "vjepa_2_1_vitg_surgery_raw_encoder_minus_vjepa_2_1_vitg_surgical_intervene_wiseft_f50_encoder": {
          "n": 20,
          "delta_mean": -0.025,
          "delta_ci_lo": -0.125,
          "delta_ci_hi": 0.0,
          "p_value": 0.7164
        },
        "vjepa_2_1_vitg_surgery_raw_encoder_minus_vjepa_2_1_vitg_surgical_intervene_wiseft_f70_encoder": {
          "n": 20,
          "delta_mean": 0.0,
          "delta_ci_lo": NaN,
          "delta_ci_hi": NaN,
          "p_value": 1.0
        },
        "vjepa_2_1_vitg_surgical_3stage_DI_diheavy_encoder_minus_vjepa_2_1_vitg_surgical_3stage_DI_encoder": {
          "n": 20,
          "delta_mean": 0.0,
          "delta_ci_lo": NaN,
          "delta_ci_hi": NaN,
          "p_value": 1.0
        },
        "vjepa_2_1_vitg_surgical_3stage_DI_diheavy_encoder_minus_vjepa_2_1_vitg_surgical_3stage_DI_intervene_encoder": {
          "n": 20,
          "delta_mean": 0.0,
          "delta_ci_lo": NaN,
          "delta_ci_hi": NaN,
          "p_value": 1.0
        },
        "vjepa_2_1_vitg_surgical_3stage_DI_diheavy_encoder_minus_vjepa_2_1_vitg_surgical_autorgn_encoder": {
          "n": 20,
          "delta_mean": 0.0,
          "delta_ci_lo": NaN,
          "delta_ci_hi": NaN,
          "p_value": 1.0
        },
        "vjepa_2_1_vitg_surgical_3stage_DI_diheavy_encoder_minus_vjepa_2_1_vitg_surgical_intervene_wiseft_f30_encoder": {
          "n": 20,
          "delta_mean": 0.0,
          "delta_ci_lo": NaN,
          "delta_ci_hi": NaN,
          "p_value": 1.0
        },
        "vjepa_2_1_vitg_surgical_3stage_DI_diheavy_encoder_minus_vjepa_2_1_vitg_surgical_intervene_wiseft_f50_encoder": {
          "n": 20,
          "delta_mean": -0.025,
          "delta_ci_lo": -0.125,
          "delta_ci_hi": 0.0,
          "p_value": 0.7164
        },
        "vjepa_2_1_vitg_surgical_3stage_DI_diheavy_encoder_minus_vjepa_2_1_vitg_surgical_intervene_wiseft_f70_encoder": {
          "n": 20,
          "delta_mean": 0.0,
          "delta_ci_lo": NaN,
          "delta_ci_hi": NaN,
          "p_value": 1.0
        },
        "vjepa_2_1_vitg_surgical_3stage_DI_encoder_minus_vjepa_2_1_vitg_surgical_3stage_DI_intervene_encoder": {
          "n": 20,
          "delta_mean": 0.0,
          "delta_ci_lo": NaN,
          "delta_ci_hi": NaN,
          "p_value": 1.0
        },
        "vjepa_2_1_vitg_surgical_3stage_DI_encoder_minus_vjepa_2_1_vitg_surgical_autorgn_encoder": {
          "n": 20,
          "delta_mean": 0.0,
          "delta_ci_lo": NaN,
          "delta_ci_hi": NaN,
          "p_value": 1.0
        },
        "vjepa_2_1_vitg_surgical_3stage_DI_encoder_minus_vjepa_2_1_vitg_surgical_intervene_wiseft_f30_encoder": {
          "n": 20,
          "delta_mean": 0.0,
          "delta_ci_lo": NaN,
          "delta_ci_hi": NaN,
          "p_value": 1.0
        },
        "vjepa_2_1_vitg_surgical_3stage_DI_encoder_minus_vjepa_2_1_vitg_surgical_intervene_wiseft_f50_encoder": {
          "n": 20,
          "delta_mean": -0.025,
          "delta_ci_lo": -0.125,
          "delta_ci_hi": 0.0,
          "p_value": 0.7164
        },
        "vjepa_2_1_vitg_surgical_3stage_DI_encoder_minus_vjepa_2_1_vitg_surgical_intervene_wiseft_f70_encoder": {
          "n": 20,
          "delta_mean": 0.0,
          "delta_ci_lo": NaN,
          "delta_ci_hi": NaN,
          "p_value": 1.0
        },
        "vjepa_2_1_vitg_surgical_3stage_DI_intervene_encoder_minus_vjepa_2_1_vitg_surgical_autorgn_encoder": {
          "n": 20,
          "delta_mean": 0.0,
          "delta_ci_lo": NaN,
          "delta_ci_hi": NaN,
          "p_value": 1.0
        },
        "vjepa_2_1_vitg_surgical_3stage_DI_intervene_encoder_minus_vjepa_2_1_vitg_surgical_intervene_wiseft_f30_encoder": {
          "n": 20,
          "delta_mean": 0.0,
          "delta_ci_lo": NaN,
          "delta_ci_hi": NaN,
          "p_value": 1.0
        },
        "vjepa_2_1_vitg_surgical_3stage_DI_intervene_encoder_minus_vjepa_2_1_vitg_surgical_intervene_wiseft_f50_encoder": {
          "n": 20,
          "delta_mean": -0.025,
          "delta_ci_lo": -0.125,
          "delta_ci_hi": 0.0,
          "p_value": 0.7164
        },
        "vjepa_2_1_vitg_surgical_3stage_DI_intervene_encoder_minus_vjepa_2_1_vitg_surgical_intervene_wiseft_f70_encoder": {
          "n": 20,
          "delta_mean": 0.0,
          "delta_ci_lo": NaN,
          "delta_ci_hi": NaN,
          "p_value": 1.0
        },
        "vjepa_2_1_vitg_surgical_autorgn_encoder_minus_vjepa_2_1_vitg_surgical_intervene_wiseft_f30_encoder": {
          "n": 20,
          "delta_mean": 0.0,
          "delta_ci_lo": NaN,
          "delta_ci_hi": NaN,
          "p_value": 1.0
        },
        "vjepa_2_1_vitg_surgical_autorgn_encoder_minus_vjepa_2_1_vitg_surgical_intervene_wiseft_f50_encoder": {
          "n": 20,
          "delta_mean": -0.025,
          "delta_ci_lo": -0.125,
          "delta_ci_hi": 0.0,
          "p_value": 0.7164
        },
        "vjepa_2_1_vitg_surgical_autorgn_encoder_minus_vjepa_2_1_vitg_surgical_intervene_wiseft_f70_encoder": {
          "n": 20,
          "delta_mean": 0.0,
          "delta_ci_lo": NaN,
          "delta_ci_hi": NaN,
          "p_value": 1.0
        },
        "vjepa_2_1_vitg_surgical_intervene_wiseft_f30_encoder_minus_vjepa_2_1_vitg_surgical_intervene_wiseft_f50_encoder": {
          "n": 20,
          "delta_mean": -0.025,
          "delta_ci_lo": -0.125,
          "delta_ci_hi": 0.0,
          "p_value": 0.7164
        },
        "vjepa_2_1_vitg_surgical_intervene_wiseft_f30_encoder_minus_vjepa_2_1_vitg_surgical_intervene_wiseft_f70_encoder": {
          "n": 20,
          "delta_mean": 0.0,
          "delta_ci_lo": NaN,
          "delta_ci_hi": NaN,
          "p_value": 1.0
        },
        "vjepa_2_1_vitg_surgical_intervene_wiseft_f50_encoder_minus_vjepa_2_1_vitg_surgical_intervene_wiseft_f70_encoder": {
          "n": 20,
          "delta_mean": 0.025,
          "delta_ci_lo": 0.0,
          "delta_ci_hi": 0.125,
          "p_value": 0.7164
        }
      },
      "lower_is_better": false
    },
    "tov": {
      "by_variant": {
        "vjepa_2_1_vitg_frozen": {
          "variant": "vjepa_2_1_vitg_frozen",
          "metric": "tov",
          "n_test": 20,
          "k_per_clip": 4,
          "mean": 0.7625,
          "std": 0.167239,
          "ci": {
            "mean": 0.7625,
            "ci_lo": 0.6875,
            "ci_hi": 0.8375,
            "ci_half": 0.075
          },
          "lower_is_better": false,
          "interpretation": "TOV/VCOP top-1 over n_permutations; higher = encoder retains frame order",
          "num_frames": 16,
          "tubelet_size": 2,
          "encoder_ckpt": "checkpoints/vjepa2_1_vitg_384.pt",
          "head_lr": 0.001,
          "head_epochs": 20,
          "head_weight_decay": 0.0001,
          "head_batch_size": 64,
          "n_permutations": 4
        },
        "vjepa_2_1_vitg_full_ft_encoder": {
          "variant": "vjepa_2_1_vitg_full_ft_encoder",
          "metric": "tov",
          "n_test": 20,
          "k_per_clip": 4,
          "mean": 0.7375,
          "std": 0.147373,
          "ci": {
            "mean": 0.7375,
            "ci_lo": 0.675,
            "ci_hi": 0.8,
            "ci_half": 0.0625
          },
          "lower_is_better": false,
          "interpretation": "TOV/VCOP top-1 over n_permutations; higher = encoder retains frame order",
          "num_frames": 16,
          "tubelet_size": 2,
          "encoder_ckpt": "outputs/sanity/vjepa_2_1_vitg_1B/train/m09f_full_ft_encoder/student_encoder.pt",
          "head_lr": 0.001,
          "head_epochs": 20,
          "head_weight_decay": 0.0001,
          "head_batch_size": 64,
          "n_permutations": 4
        },
        "vjepa_2_1_vitg_lpft_encoder": {
          "variant": "vjepa_2_1_vitg_lpft_encoder",
          "metric": "tov",
          "n_test": 20,
          "k_per_clip": 4,
          "mean": 0.75,
          "std": 0.158114,
          "ci": {
            "mean": 0.75,
            "ci_lo": 0.6875,
            "ci_hi": 0.825,
            "ci_half": 0.06875
          },
          "lower_is_better": false,
          "interpretation": "TOV/VCOP top-1 over n_permutations; higher = encoder retains frame order",
          "num_frames": 16,
          "tubelet_size": 2,
          "encoder_ckpt": "outputs/sanity/vjepa_2_1_vitg_1B/train/m09f_lpft_encoder/student_encoder.pt",
          "head_lr": 0.001,
          "head_epochs": 20,
          "head_weight_decay": 0.0001,
          "head_batch_size": 64,
          "n_permutations": 4
        },
        "vjepa_2_1_vitg_peft_dora_encoder": {
          "variant": "vjepa_2_1_vitg_peft_dora_encoder",
          "metric": "tov",
          "n_test": 20,
          "k_per_clip": 4,
          "mean": 0.75,
          "std": 0.158114,
          "ci": {
            "mean": 0.75,
            "ci_lo": 0.6875,
            "ci_hi": 0.825,
            "ci_half": 0.06875
          },
          "lower_is_better": false,
          "interpretation": "TOV/VCOP top-1 over n_permutations; higher = encoder retains frame order",
          "num_frames": 16,
          "tubelet_size": 2,
          "encoder_ckpt": "outputs/sanity/vjepa_2_1_vitg_1B/train/m09b_peft_dora_encoder/student_encoder.pt",
          "head_lr": 0.001,
          "head_epochs": 20,
          "head_weight_decay": 0.0001,
          "head_batch_size": 64,
          "n_permutations": 4
        },
        "vjepa_2_1_vitg_peft_lora_encoder": {
          "variant": "vjepa_2_1_vitg_peft_lora_encoder",
          "metric": "tov",
          "n_test": 20,
          "k_per_clip": 4,
          "mean": 0.75,
          "std": 0.158114,
          "ci": {
            "mean": 0.75,
            "ci_lo": 0.6875,
            "ci_hi": 0.825,
            "ci_half": 0.06875
          },
          "lower_is_better": false,
          "interpretation": "TOV/VCOP top-1 over n_permutations; higher = encoder retains frame order",
          "num_frames": 16,
          "tubelet_size": 2,
          "encoder_ckpt": "outputs/sanity/vjepa_2_1_vitg_1B/train/m09b_peft_lora_encoder/student_encoder.pt",
          "head_lr": 0.001,
          "head_epochs": 20,
          "head_weight_decay": 0.0001,
          "head_batch_size": 64,
          "n_permutations": 4
        },
        "vjepa_2_1_vitg_pretrain_encoder": {
          "variant": "vjepa_2_1_vitg_pretrain_encoder",
          "metric": "tov",
          "n_test": 20,
          "k_per_clip": 4,
          "mean": 0.7625,
          "std": 0.167239,
          "ci": {
            "mean": 0.7625,
            "ci_lo": 0.6875,
            "ci_hi": 0.8375,
            "ci_half": 0.075
          },
          "lower_is_better": false,
          "interpretation": "TOV/VCOP top-1 over n_permutations; higher = encoder retains frame order",
          "num_frames": 16,
          "tubelet_size": 2,
          "encoder_ckpt": "outputs/sanity/vjepa_2_1_vitg_1B/train/m09a_pretrain_encoder/student_encoder.pt",
          "head_lr": 0.001,
          "head_epochs": 20,
          "head_weight_decay": 0.0001,
          "head_batch_size": 64,
          "n_permutations": 4
        },
        "vjepa_2_1_vitg_surgery_raw_encoder": {
          "variant": "vjepa_2_1_vitg_surgery_raw_encoder",
          "metric": "tov",
          "n_test": 20,
          "k_per_clip": 4,
          "mean": 0.7625,
          "std": 0.147373,
          "ci": {
            "mean": 0.7625,
            "ci_lo": 0.7,
            "ci_hi": 0.825,
            "ci_half": 0.0625
          },
          "lower_is_better": false,
          "interpretation": "TOV/VCOP top-1 over n_permutations; higher = encoder retains frame order",
          "num_frames": 16,
          "tubelet_size": 2,
          "encoder_ckpt": "outputs/sanity/vjepa_2_1_vitg_1B/train/m09c_surgery_raw_encoder/student_encoder.pt",
          "head_lr": 0.001,
          "head_epochs": 20,
          "head_weight_decay": 0.0001,
          "head_batch_size": 64,
          "n_permutations": 4
        },
        "vjepa_2_1_vitg_surgical_3stage_DI_diheavy_encoder": {
          "variant": "vjepa_2_1_vitg_surgical_3stage_DI_diheavy_encoder",
          "metric": "tov",
          "n_test": 20,
          "k_per_clip": 4,
          "mean": 0.7375,
          "std": 0.147373,
          "ci": {
            "mean": 0.7375,
            "ci_lo": 0.675,
            "ci_hi": 0.8,
            "ci_half": 0.0625
          },
          "lower_is_better": false,
          "interpretation": "TOV/VCOP top-1 over n_permutations; higher = encoder retains frame order",
          "num_frames": 16,
          "tubelet_size": 2,
          "encoder_ckpt": "outputs/sanity/vjepa_2_1_vitg_1B/train/m09c_surgery_3stage_DI_diheavy_encoder/student_encoder.pt",
          "head_lr": 0.001,
          "head_epochs": 20,
          "head_weight_decay": 0.0001,
          "head_batch_size": 64,
          "n_permutations": 4
        },
        "vjepa_2_1_vitg_surgical_3stage_DI_encoder": {
          "variant": "vjepa_2_1_vitg_surgical_3stage_DI_encoder",
          "metric": "tov",
          "n_test": 20,
          "k_per_clip": 4,
          "mean": 0.725,
          "std": 0.134629,
          "ci": {
            "mean": 0.725,
            "ci_lo": 0.6625,
            "ci_hi": 0.7875,
            "ci_half": 0.0625
          },
          "lower_is_better": false,
          "interpretation": "TOV/VCOP top-1 over n_permutations; higher = encoder retains frame order",
          "num_frames": 16,
          "tubelet_size": 2,
          "encoder_ckpt": "outputs/sanity/vjepa_2_1_vitg_1B/train/m09c_surgery_3stage_DI_encoder/student_encoder.pt",
          "head_lr": 0.001,
          "head_epochs": 20,
          "head_weight_decay": 0.0001,
          "head_batch_size": 64,
          "n_permutations": 4
        },
        "vjepa_2_1_vitg_surgical_3stage_DI_intervene_encoder": {
          "variant": "vjepa_2_1_vitg_surgical_3stage_DI_intervene_encoder",
          "metric": "tov",
          "n_test": 20,
          "k_per_clip": 4,
          "mean": 0.75,
          "std": 0.136931,
          "ci": {
            "mean": 0.75,
            "ci_lo": 0.6875,
            "ci_hi": 0.8125,
            "ci_half": 0.0625
          },
          "lower_is_better": false,
          "interpretation": "TOV/VCOP top-1 over n_permutations; higher = encoder retains frame order",
          "num_frames": 16,
          "tubelet_size": 2,
          "encoder_ckpt": "outputs/sanity/vjepa_2_1_vitg_1B/train/m09c_surgery_3stage_DI_intervene_encoder/student_encoder.pt",
          "head_lr": 0.001,
          "head_epochs": 20,
          "head_weight_decay": 0.0001,
          "head_batch_size": 64,
          "n_permutations": 4
        },
        "vjepa_2_1_vitg_surgical_autorgn_encoder": {
          "variant": "vjepa_2_1_vitg_surgical_autorgn_encoder",
          "metric": "tov",
          "n_test": 20,
          "k_per_clip": 4,
          "mean": 0.7625,
          "std": 0.147373,
          "ci": {
            "mean": 0.7625,
            "ci_lo": 0.7,
            "ci_hi": 0.825,
            "ci_half": 0.0625
          },
          "lower_is_better": false,
          "interpretation": "TOV/VCOP top-1 over n_permutations; higher = encoder retains frame order",
          "num_frames": 16,
          "tubelet_size": 2,
          "encoder_ckpt": "outputs/sanity/vjepa_2_1_vitg_1B/train/m09e_autorgn_encoder/student_encoder.pt",
          "head_lr": 0.001,
          "head_epochs": 20,
          "head_weight_decay": 0.0001,
          "head_batch_size": 64,
          "n_permutations": 4
        },
        "vjepa_2_1_vitg_surgical_intervene_wiseft_f30_encoder": {
          "variant": "vjepa_2_1_vitg_surgical_intervene_wiseft_f30_encoder",
          "metric": "tov",
          "n_test": 20,
          "k_per_clip": 4,
          "mean": 0.7625,
          "std": 0.167239,
          "ci": {
            "mean": 0.7625,
            "ci_lo": 0.6875,
            "ci_hi": 0.8375,
            "ci_half": 0.075
          },
          "lower_is_better": false,
          "interpretation": "TOV/VCOP top-1 over n_permutations; higher = encoder retains frame order",
          "num_frames": 16,
          "tubelet_size": 2,
          "encoder_ckpt": "outputs/sanity/vjepa_2_1_vitg_1B/train/m09c_surgical_intervene_wiseft_f30_encoder/student_encoder.pt",
          "head_lr": 0.001,
          "head_epochs": 20,
          "head_weight_decay": 0.0001,
          "head_batch_size": 64,
          "n_permutations": 4
        },
        "vjepa_2_1_vitg_surgical_intervene_wiseft_f50_encoder": {
          "variant": "vjepa_2_1_vitg_surgical_intervene_wiseft_f50_encoder",
          "metric": "tov",
          "n_test": 20,
          "k_per_clip": 4,
          "mean": 0.7625,
          "std": 0.167239,
          "ci": {
            "mean": 0.7625,
            "ci_lo": 0.6875,
            "ci_hi": 0.8375,
            "ci_half": 0.075
          },
          "lower_is_better": false,
          "interpretation": "TOV/VCOP top-1 over n_permutations; higher = encoder retains frame order",
          "num_frames": 16,
          "tubelet_size": 2,
          "encoder_ckpt": "outputs/sanity/vjepa_2_1_vitg_1B/train/m09c_surgical_intervene_wiseft_f50_encoder/student_encoder.pt",
          "head_lr": 0.001,
          "head_epochs": 20,
          "head_weight_decay": 0.0001,
          "head_batch_size": 64,
          "n_permutations": 4
        },
        "vjepa_2_1_vitg_surgical_intervene_wiseft_f70_encoder": {
          "variant": "vjepa_2_1_vitg_surgical_intervene_wiseft_f70_encoder",
          "metric": "tov",
          "n_test": 20,
          "k_per_clip": 4,
          "mean": 0.7375,
          "std": 0.147373,
          "ci": {
            "mean": 0.7375,
            "ci_lo": 0.675,
            "ci_hi": 0.8,
            "ci_half": 0.0625
          },
          "lower_is_better": false,
          "interpretation": "TOV/VCOP top-1 over n_permutations; higher = encoder retains frame order",
          "num_frames": 16,
          "tubelet_size": 2,
          "encoder_ckpt": "outputs/sanity/vjepa_2_1_vitg_1B/train/m09c_surgical_intervene_wiseft_f70_encoder/student_encoder.pt",
          "head_lr": 0.001,
          "head_epochs": 20,
          "head_weight_decay": 0.0001,
          "head_batch_size": 64,
          "n_permutations": 4
        }
      },
      "pairwise_deltas": {
        "vjepa_2_1_vitg_frozen_minus_vjepa_2_1_vitg_full_ft_encoder": {
          "n": 20,
          "delta_mean": 0.025,
          "delta_ci_lo": -0.0125,
          "delta_ci_hi": 0.075,
          "p_value": 0.4326
        },
        "vjepa_2_1_vitg_frozen_minus_vjepa_2_1_vitg_lpft_encoder": {
          "n": 20,
          "delta_mean": 0.0125,
          "delta_ci_lo": 0.0,
          "delta_ci_hi": 0.0625,
          "p_value": 0.7124
        },
        "vjepa_2_1_vitg_frozen_minus_vjepa_2_1_vitg_peft_dora_encoder": {
          "n": 20,
          "delta_mean": 0.0125,
          "delta_ci_lo": 0.0,
          "delta_ci_hi": 0.0625,
          "p_value": 0.7124
        },
        "vjepa_2_1_vitg_frozen_minus_vjepa_2_1_vitg_peft_lora_encoder": {
          "n": 20,
          "delta_mean": 0.0125,
          "delta_ci_lo": 0.0,
          "delta_ci_hi": 0.0625,
          "p_value": 0.7124
        },
        "vjepa_2_1_vitg_frozen_minus_vjepa_2_1_vitg_pretrain_encoder": {
          "n": 20,
          "delta_mean": 0.0,
          "delta_ci_lo": NaN,
          "delta_ci_hi": NaN,
          "p_value": 1.0
        },
        "vjepa_2_1_vitg_frozen_minus_vjepa_2_1_vitg_surgery_raw_encoder": {
          "n": 20,
          "delta_mean": 0.0,
          "delta_ci_lo": -0.0375,
          "delta_ci_hi": 0.0375,
          "p_value": 1.0
        },
        "vjepa_2_1_vitg_frozen_minus_vjepa_2_1_vitg_surgical_3stage_DI_diheavy_encoder": {
          "n": 20,
          "delta_mean": 0.025,
          "delta_ci_lo": 0.0,
          "delta_ci_hi": 0.075,
          "p_value": 0.2374
        },
        "vjepa_2_1_vitg_frozen_minus_vjepa_2_1_vitg_surgical_3stage_DI_encoder": {
          "n": 20,
          "delta_mean": 0.0375,
          "delta_ci_lo": 0.0125,
          "delta_ci_hi": 0.0875,
          "p_value": 0.0762
        },
        "vjepa_2_1_vitg_frozen_minus_vjepa_2_1_vitg_surgical_3stage_DI_intervene_encoder": {
          "n": 20,
          "delta_mean": 0.0125,
          "delta_ci_lo": -0.025,
          "delta_ci_hi": 0.0625,
          "p_value": 0.7696
        },
        "vjepa_2_1_vitg_frozen_minus_vjepa_2_1_vitg_surgical_autorgn_encoder": {
          "n": 20,
          "delta_mean": 0.0,
          "delta_ci_lo": -0.0375,
          "delta_ci_hi": 0.0375,
          "p_value": 1.0
        },
        "vjepa_2_1_vitg_frozen_minus_vjepa_2_1_vitg_surgical_intervene_wiseft_f30_encoder": {
          "n": 20,
          "delta_mean": 0.0,
          "delta_ci_lo": NaN,
          "delta_ci_hi": NaN,
          "p_value": 1.0
        },
        "vjepa_2_1_vitg_frozen_minus_vjepa_2_1_vitg_surgical_intervene_wiseft_f50_encoder": {
          "n": 20,
          "delta_mean": 0.0,
          "delta_ci_lo": NaN,
          "delta_ci_hi": NaN,
          "p_value": 1.0
        },
        "vjepa_2_1_vitg_frozen_minus_vjepa_2_1_vitg_surgical_intervene_wiseft_f70_encoder": {
          "n": 20,
          "delta_mean": 0.025,
          "delta_ci_lo": 0.0,
          "delta_ci_hi": 0.075,
          "p_value": 0.2404
        },
        "vjepa_2_1_vitg_full_ft_encoder_minus_vjepa_2_1_vitg_lpft_encoder": {
          "n": 20,
          "delta_mean": -0.0125,
          "delta_ci_lo": -0.0625,
          "delta_ci_hi": 0.0375,
          "p_value": 0.8228
        },
        "vjepa_2_1_vitg_full_ft_encoder_minus_vjepa_2_1_vitg_peft_dora_encoder": {
          "n": 20,
          "delta_mean": -0.0125,
          "delta_ci_lo": -0.0625,
          "delta_ci_hi": 0.0375,
          "p_value": 0.8228
        },
        "vjepa_2_1_vitg_full_ft_encoder_minus_vjepa_2_1_vitg_peft_lora_encoder": {
          "n": 20,
          "delta_mean": -0.0125,
          "delta_ci_lo": -0.0625,
          "delta_ci_hi": 0.0375,
          "p_value": 0.8228
        },
        "vjepa_2_1_vitg_full_ft_encoder_minus_vjepa_2_1_vitg_pretrain_encoder": {
          "n": 20,
          "delta_mean": -0.025,
          "delta_ci_lo": -0.075,
          "delta_ci_hi": 0.0125,
          "p_value": 0.4326
        },
        "vjepa_2_1_vitg_full_ft_encoder_minus_vjepa_2_1_vitg_surgery_raw_encoder": {
          "n": 20,
          "delta_mean": -0.025,
          "delta_ci_lo": -0.075,
          "delta_ci_hi": 0.0125,
          "p_value": 0.4442
        },
        "vjepa_2_1_vitg_full_ft_encoder_minus_vjepa_2_1_vitg_surgical_3stage_DI_diheavy_encoder": {
          "n": 20,
          "delta_mean": 0.0,
          "delta_ci_lo": -0.05,
          "delta_ci_hi": 0.05,
          "p_value": 1.0
        },
        "vjepa_2_1_vitg_full_ft_encoder_minus_vjepa_2_1_vitg_surgical_3stage_DI_encoder": {
          "n": 20,
          "delta_mean": 0.0125,
          "delta_ci_lo": -0.025,
          "delta_ci_hi": 0.0625,
          "p_value": 0.7716
        },
        "vjepa_2_1_vitg_full_ft_encoder_minus_vjepa_2_1_vitg_surgical_3stage_DI_intervene_encoder": {
          "n": 20,
          "delta_mean": -0.0125,
          "delta_ci_lo": -0.0625,
          "delta_ci_hi": 0.025,
          "p_value": 0.7868
        },
        "vjepa_2_1_vitg_full_ft_encoder_minus_vjepa_2_1_vitg_surgical_autorgn_encoder": {
          "n": 20,
          "delta_mean": -0.025,
          "delta_ci_lo": -0.075,
          "delta_ci_hi": 0.0125,
          "p_value": 0.4442
        },
        "vjepa_2_1_vitg_full_ft_encoder_minus_vjepa_2_1_vitg_surgical_intervene_wiseft_f30_encoder": {
          "n": 20,
          "delta_mean": -0.025,
          "delta_ci_lo": -0.075,
          "delta_ci_hi": 0.0125,
          "p_value": 0.4326
        },
        "vjepa_2_1_vitg_full_ft_encoder_minus_vjepa_2_1_vitg_surgical_intervene_wiseft_f50_encoder": {
          "n": 20,
          "delta_mean": -0.025,
          "delta_ci_lo": -0.075,
          "delta_ci_hi": 0.0125,
          "p_value": 0.4326
        },
        "vjepa_2_1_vitg_full_ft_encoder_minus_vjepa_2_1_vitg_surgical_intervene_wiseft_f70_encoder": {
          "n": 20,
          "delta_mean": 0.0,
          "delta_ci_lo": -0.05,
          "delta_ci_hi": 0.05,
          "p_value": 1.0
        },
        "vjepa_2_1_vitg_lpft_encoder_minus_vjepa_2_1_vitg_peft_dora_encoder": {
          "n": 20,
          "delta_mean": 0.0,
          "delta_ci_lo": NaN,
          "delta_ci_hi": NaN,
          "p_value": 1.0
        },
        "vjepa_2_1_vitg_lpft_encoder_minus_vjepa_2_1_vitg_peft_lora_encoder": {
          "n": 20,
          "delta_mean": 0.0,
          "delta_ci_lo": NaN,
          "delta_ci_hi": NaN,
          "p_value": 1.0
        },
        "vjepa_2_1_vitg_lpft_encoder_minus_vjepa_2_1_vitg_pretrain_encoder": {
          "n": 20,
          "delta_mean": -0.0125,
          "delta_ci_lo": -0.0625,
          "delta_ci_hi": 0.0,
          "p_value": 0.7124
        },
        "vjepa_2_1_vitg_lpft_encoder_minus_vjepa_2_1_vitg_surgery_raw_encoder": {
          "n": 20,
          "delta_mean": -0.0125,
          "delta_ci_lo": -0.0625,
          "delta_ci_hi": 0.0,
          "p_value": 0.7146
        },
        "vjepa_2_1_vitg_lpft_encoder_minus_vjepa_2_1_vitg_surgical_3stage_DI_diheavy_encoder": {
          "n": 20,
          "delta_mean": 0.0125,
          "delta_ci_lo": 0.0,
          "delta_ci_hi": 0.0625,
          "p_value": 0.7164
        },
        "vjepa_2_1_vitg_lpft_encoder_minus_vjepa_2_1_vitg_surgical_3stage_DI_encoder": {
          "n": 20,
          "delta_mean": 0.025,
          "delta_ci_lo": 0.0,
          "delta_ci_hi": 0.075,
          "p_value": 0.243
        },
        "vjepa_2_1_vitg_lpft_encoder_minus_vjepa_2_1_vitg_surgical_3stage_DI_intervene_encoder": {
          "n": 20,
          "delta_mean": 0.0,
          "delta_ci_lo": -0.0375,
          "delta_ci_hi": 0.0375,
          "p_value": 1.0
        },
        "vjepa_2_1_vitg_lpft_encoder_minus_vjepa_2_1_vitg_surgical_autorgn_encoder": {
          "n": 20,
          "delta_mean": -0.0125,
          "delta_ci_lo": -0.0625,
          "delta_ci_hi": 0.0,
          "p_value": 0.7146
        },
        "vjepa_2_1_vitg_lpft_encoder_minus_vjepa_2_1_vitg_surgical_intervene_wiseft_f30_encoder": {
          "n": 20,
          "delta_mean": -0.0125,
          "delta_ci_lo": -0.0625,
          "delta_ci_hi": 0.0,
          "p_value": 0.7124
        },
        "vjepa_2_1_vitg_lpft_encoder_minus_vjepa_2_1_vitg_surgical_intervene_wiseft_f50_encoder": {
          "n": 20,
          "delta_mean": -0.0125,
          "delta_ci_lo": -0.0625,
          "delta_ci_hi": 0.0,
          "p_value": 0.7124
        },
        "vjepa_2_1_vitg_lpft_encoder_minus_vjepa_2_1_vitg_surgical_intervene_wiseft_f70_encoder": {
          "n": 20,
          "delta_mean": 0.0125,
          "delta_ci_lo": 0.0,
          "delta_ci_hi": 0.0625,
          "p_value": 0.727
        },
        "vjepa_2_1_vitg_peft_dora_encoder_minus_vjepa_2_1_vitg_peft_lora_encoder": {
          "n": 20,
          "delta_mean": 0.0,
          "delta_ci_lo": NaN,
          "delta_ci_hi": NaN,
          "p_value": 1.0
        },
        "vjepa_2_1_vitg_peft_dora_encoder_minus_vjepa_2_1_vitg_pretrain_encoder": {
          "n": 20,
          "delta_mean": -0.0125,
          "delta_ci_lo": -0.0625,
          "delta_ci_hi": 0.0,
          "p_value": 0.7124
        },
        "vjepa_2_1_vitg_peft_dora_encoder_minus_vjepa_2_1_vitg_surgery_raw_encoder": {
          "n": 20,
          "delta_mean": -0.0125,
          "delta_ci_lo": -0.0625,
          "delta_ci_hi": 0.0,
          "p_value": 0.7146
        },
        "vjepa_2_1_vitg_peft_dora_encoder_minus_vjepa_2_1_vitg_surgical_3stage_DI_diheavy_encoder": {
          "n": 20,
          "delta_mean": 0.0125,
          "delta_ci_lo": 0.0,
          "delta_ci_hi": 0.0625,
          "p_value": 0.7164
        },
        "vjepa_2_1_vitg_peft_dora_encoder_minus_vjepa_2_1_vitg_surgical_3stage_DI_encoder": {
          "n": 20,
          "delta_mean": 0.025,
          "delta_ci_lo": 0.0,
          "delta_ci_hi": 0.075,
          "p_value": 0.243
        },
        "vjepa_2_1_vitg_peft_dora_encoder_minus_vjepa_2_1_vitg_surgical_3stage_DI_intervene_encoder": {
          "n": 20,
          "delta_mean": 0.0,
          "delta_ci_lo": -0.0375,
          "delta_ci_hi": 0.0375,
          "p_value": 1.0
        },
        "vjepa_2_1_vitg_peft_dora_encoder_minus_vjepa_2_1_vitg_surgical_autorgn_encoder": {
          "n": 20,
          "delta_mean": -0.0125,
          "delta_ci_lo": -0.0625,
          "delta_ci_hi": 0.0,
          "p_value": 0.7146
        },
        "vjepa_2_1_vitg_peft_dora_encoder_minus_vjepa_2_1_vitg_surgical_intervene_wiseft_f30_encoder": {
          "n": 20,
          "delta_mean": -0.0125,
          "delta_ci_lo": -0.0625,
          "delta_ci_hi": 0.0,
          "p_value": 0.7124
        },
        "vjepa_2_1_vitg_peft_dora_encoder_minus_vjepa_2_1_vitg_surgical_intervene_wiseft_f50_encoder": {
          "n": 20,
          "delta_mean": -0.0125,
          "delta_ci_lo": -0.0625,
          "delta_ci_hi": 0.0,
          "p_value": 0.7124
        },
        "vjepa_2_1_vitg_peft_dora_encoder_minus_vjepa_2_1_vitg_surgical_intervene_wiseft_f70_encoder": {
          "n": 20,
          "delta_mean": 0.0125,
          "delta_ci_lo": 0.0,
          "delta_ci_hi": 0.0625,
          "p_value": 0.727
        },
        "vjepa_2_1_vitg_peft_lora_encoder_minus_vjepa_2_1_vitg_pretrain_encoder": {
          "n": 20,
          "delta_mean": -0.0125,
          "delta_ci_lo": -0.0625,
          "delta_ci_hi": 0.0,
          "p_value": 0.7124
        },
        "vjepa_2_1_vitg_peft_lora_encoder_minus_vjepa_2_1_vitg_surgery_raw_encoder": {
          "n": 20,
          "delta_mean": -0.0125,
          "delta_ci_lo": -0.0625,
          "delta_ci_hi": 0.0,
          "p_value": 0.7146
        },
        "vjepa_2_1_vitg_peft_lora_encoder_minus_vjepa_2_1_vitg_surgical_3stage_DI_diheavy_encoder": {
          "n": 20,
          "delta_mean": 0.0125,
          "delta_ci_lo": 0.0,
          "delta_ci_hi": 0.0625,
          "p_value": 0.7164
        },
        "vjepa_2_1_vitg_peft_lora_encoder_minus_vjepa_2_1_vitg_surgical_3stage_DI_encoder": {
          "n": 20,
          "delta_mean": 0.025,
          "delta_ci_lo": 0.0,
          "delta_ci_hi": 0.075,
          "p_value": 0.243
        },
        "vjepa_2_1_vitg_peft_lora_encoder_minus_vjepa_2_1_vitg_surgical_3stage_DI_intervene_encoder": {
          "n": 20,
          "delta_mean": 0.0,
          "delta_ci_lo": -0.0375,
          "delta_ci_hi": 0.0375,
          "p_value": 1.0
        },
        "vjepa_2_1_vitg_peft_lora_encoder_minus_vjepa_2_1_vitg_surgical_autorgn_encoder": {
          "n": 20,
          "delta_mean": -0.0125,
          "delta_ci_lo": -0.0625,
          "delta_ci_hi": 0.0,
          "p_value": 0.7146
        },
        "vjepa_2_1_vitg_peft_lora_encoder_minus_vjepa_2_1_vitg_surgical_intervene_wiseft_f30_encoder": {
          "n": 20,
          "delta_mean": -0.0125,
          "delta_ci_lo": -0.0625,
          "delta_ci_hi": 0.0,
          "p_value": 0.7124
        },
        "vjepa_2_1_vitg_peft_lora_encoder_minus_vjepa_2_1_vitg_surgical_intervene_wiseft_f50_encoder": {
          "n": 20,
          "delta_mean": -0.0125,
          "delta_ci_lo": -0.0625,
          "delta_ci_hi": 0.0,
          "p_value": 0.7124
        },
        "vjepa_2_1_vitg_peft_lora_encoder_minus_vjepa_2_1_vitg_surgical_intervene_wiseft_f70_encoder": {
          "n": 20,
          "delta_mean": 0.0125,
          "delta_ci_lo": 0.0,
          "delta_ci_hi": 0.0625,
          "p_value": 0.727
        },
        "vjepa_2_1_vitg_pretrain_encoder_minus_vjepa_2_1_vitg_surgery_raw_encoder": {
          "n": 20,
          "delta_mean": 0.0,
          "delta_ci_lo": -0.0375,
          "delta_ci_hi": 0.0375,
          "p_value": 1.0
        },
        "vjepa_2_1_vitg_pretrain_encoder_minus_vjepa_2_1_vitg_surgical_3stage_DI_diheavy_encoder": {
          "n": 20,
          "delta_mean": 0.025,
          "delta_ci_lo": 0.0,
          "delta_ci_hi": 0.075,
          "p_value": 0.2374
        },
        "vjepa_2_1_vitg_pretrain_encoder_minus_vjepa_2_1_vitg_surgical_3stage_DI_encoder": {
          "n": 20,
          "delta_mean": 0.0375,
          "delta_ci_lo": 0.0125,
          "delta_ci_hi": 0.0875,
          "p_value": 0.0762
        },
        "vjepa_2_1_vitg_pretrain_encoder_minus_vjepa_2_1_vitg_surgical_3stage_DI_intervene_encoder": {
          "n": 20,
          "delta_mean": 0.0125,
          "delta_ci_lo": -0.025,
          "delta_ci_hi": 0.0625,
          "p_value": 0.7696
        },
        "vjepa_2_1_vitg_pretrain_encoder_minus_vjepa_2_1_vitg_surgical_autorgn_encoder": {
          "n": 20,
          "delta_mean": 0.0,
          "delta_ci_lo": -0.0375,
          "delta_ci_hi": 0.0375,
          "p_value": 1.0
        },
        "vjepa_2_1_vitg_pretrain_encoder_minus_vjepa_2_1_vitg_surgical_intervene_wiseft_f30_encoder": {
          "n": 20,
          "delta_mean": 0.0,
          "delta_ci_lo": NaN,
          "delta_ci_hi": NaN,
          "p_value": 1.0
        },
        "vjepa_2_1_vitg_pretrain_encoder_minus_vjepa_2_1_vitg_surgical_intervene_wiseft_f50_encoder": {
          "n": 20,
          "delta_mean": 0.0,
          "delta_ci_lo": NaN,
          "delta_ci_hi": NaN,
          "p_value": 1.0
        },
        "vjepa_2_1_vitg_pretrain_encoder_minus_vjepa_2_1_vitg_surgical_intervene_wiseft_f70_encoder": {
          "n": 20,
          "delta_mean": 0.025,
          "delta_ci_lo": 0.0,
          "delta_ci_hi": 0.075,
          "p_value": 0.2404
        },
        "vjepa_2_1_vitg_surgery_raw_encoder_minus_vjepa_2_1_vitg_surgical_3stage_DI_diheavy_encoder": {
          "n": 20,
          "delta_mean": 0.025,
          "delta_ci_lo": 0.0,
          "delta_ci_hi": 0.075,
          "p_value": 0.244
        },
        "vjepa_2_1_vitg_surgery_raw_encoder_minus_vjepa_2_1_vitg_surgical_3stage_DI_encoder": {
          "n": 20,
          "delta_mean": 0.0375,
          "delta_ci_lo": 0.0125,
          "delta_ci_hi": 0.1,
          "p_value": 0.0786
        },
        "vjepa_2_1_vitg_surgery_raw_encoder_minus_vjepa_2_1_vitg_surgical_3stage_DI_intervene_encoder": {
          "n": 20,
          "delta_mean": 0.0125,
          "delta_ci_lo": 0.0,
          "delta_ci_hi": 0.0625,
          "p_value": 0.7164
        },
        "vjepa_2_1_vitg_surgery_raw_encoder_minus_vjepa_2_1_vitg_surgical_autorgn_encoder": {
          "n": 20,
          "delta_mean": 0.0,
          "delta_ci_lo": NaN,
          "delta_ci_hi": NaN,
          "p_value": 1.0
        },
        "vjepa_2_1_vitg_surgery_raw_encoder_minus_vjepa_2_1_vitg_surgical_intervene_wiseft_f30_encoder": {
          "n": 20,
          "delta_mean": 0.0,
          "delta_ci_lo": -0.0375,
          "delta_ci_hi": 0.0375,
          "p_value": 1.0
        },
        "vjepa_2_1_vitg_surgery_raw_encoder_minus_vjepa_2_1_vitg_surgical_intervene_wiseft_f50_encoder": {
          "n": 20,
          "delta_mean": 0.0,
          "delta_ci_lo": -0.0375,
          "delta_ci_hi": 0.0375,
          "p_value": 1.0
        },
        "vjepa_2_1_vitg_surgery_raw_encoder_minus_vjepa_2_1_vitg_surgical_intervene_wiseft_f70_encoder": {
          "n": 20,
          "delta_mean": 0.025,
          "delta_ci_lo": 0.0,
          "delta_ci_hi": 0.0875,
          "p_value": 0.2452
        },
        "vjepa_2_1_vitg_surgical_3stage_DI_diheavy_encoder_minus_vjepa_2_1_vitg_surgical_3stage_DI_encoder": {
          "n": 20,
          "delta_mean": 0.0125,
          "delta_ci_lo": 0.0,
          "delta_ci_hi": 0.0625,
          "p_value": 0.727
        },
        "vjepa_2_1_vitg_surgical_3stage_DI_diheavy_encoder_minus_vjepa_2_1_vitg_surgical_3stage_DI_intervene_encoder": {
          "n": 20,
          "delta_mean": -0.0125,
          "delta_ci_lo": -0.0625,
          "delta_ci_hi": 0.0,
          "p_value": 0.7146
        },
        "vjepa_2_1_vitg_surgical_3stage_DI_diheavy_encoder_minus_vjepa_2_1_vitg_surgical_autorgn_encoder": {
          "n": 20,
          "delta_mean": -0.025,
          "delta_ci_lo": -0.075,
          "delta_ci_hi": 0.0,
          "p_value": 0.244
        },
        "vjepa_2_1_vitg_surgical_3stage_DI_diheavy_encoder_minus_vjepa_2_1_vitg_surgical_intervene_wiseft_f30_encoder": {
          "n": 20,
          "delta_mean": -0.025,
          "delta_ci_lo": -0.075,
          "delta_ci_hi": 0.0,
          "p_value": 0.2374
        },
        "vjepa_2_1_vitg_surgical_3stage_DI_diheavy_encoder_minus_vjepa_2_1_vitg_surgical_intervene_wiseft_f50_encoder": {
          "n": 20,
          "delta_mean": -0.025,
          "delta_ci_lo": -0.075,
          "delta_ci_hi": 0.0,
          "p_value": 0.2374
        },
        "vjepa_2_1_vitg_surgical_3stage_DI_diheavy_encoder_minus_vjepa_2_1_vitg_surgical_intervene_wiseft_f70_encoder": {
          "n": 20,
          "delta_mean": 0.0,
          "delta_ci_lo": -0.0375,
          "delta_ci_hi": 0.0375,
          "p_value": 1.0
        },
        "vjepa_2_1_vitg_surgical_3stage_DI_encoder_minus_vjepa_2_1_vitg_surgical_3stage_DI_intervene_encoder": {
          "n": 20,
          "delta_mean": -0.025,
          "delta_ci_lo": -0.0875,
          "delta_ci_hi": 0.0,
          "p_value": 0.2452
        },
        "vjepa_2_1_vitg_surgical_3stage_DI_encoder_minus_vjepa_2_1_vitg_surgical_autorgn_encoder": {
          "n": 20,
          "delta_mean": -0.0375,
          "delta_ci_lo": -0.1,
          "delta_ci_hi": -0.0125,
          "p_value": 0.0786
        },
        "vjepa_2_1_vitg_surgical_3stage_DI_encoder_minus_vjepa_2_1_vitg_surgical_intervene_wiseft_f30_encoder": {
          "n": 20,
          "delta_mean": -0.0375,
          "delta_ci_lo": -0.0875,
          "delta_ci_hi": -0.0125,
          "p_value": 0.0762
        },
        "vjepa_2_1_vitg_surgical_3stage_DI_encoder_minus_vjepa_2_1_vitg_surgical_intervene_wiseft_f50_encoder": {
          "n": 20,
          "delta_mean": -0.0375,
          "delta_ci_lo": -0.0875,
          "delta_ci_hi": -0.0125,
          "p_value": 0.0762
        },
        "vjepa_2_1_vitg_surgical_3stage_DI_encoder_minus_vjepa_2_1_vitg_surgical_intervene_wiseft_f70_encoder": {
          "n": 20,
          "delta_mean": -0.0125,
          "delta_ci_lo": -0.0625,
          "delta_ci_hi": 0.0,
          "p_value": 0.7164
        },
        "vjepa_2_1_vitg_surgical_3stage_DI_intervene_encoder_minus_vjepa_2_1_vitg_surgical_autorgn_encoder": {
          "n": 20,
          "delta_mean": -0.0125,
          "delta_ci_lo": -0.0625,
          "delta_ci_hi": 0.0,
          "p_value": 0.7164
        },
        "vjepa_2_1_vitg_surgical_3stage_DI_intervene_encoder_minus_vjepa_2_1_vitg_surgical_intervene_wiseft_f30_encoder": {
          "n": 20,
          "delta_mean": -0.0125,
          "delta_ci_lo": -0.0625,
          "delta_ci_hi": 0.025,
          "p_value": 0.7696
        },
        "vjepa_2_1_vitg_surgical_3stage_DI_intervene_encoder_minus_vjepa_2_1_vitg_surgical_intervene_wiseft_f50_encoder": {
          "n": 20,
          "delta_mean": -0.0125,
          "delta_ci_lo": -0.0625,
          "delta_ci_hi": 0.025,
          "p_value": 0.7696
        },
        "vjepa_2_1_vitg_surgical_3stage_DI_intervene_encoder_minus_vjepa_2_1_vitg_surgical_intervene_wiseft_f70_encoder": {
          "n": 20,
          "delta_mean": 0.0125,
          "delta_ci_lo": -0.025,
          "delta_ci_hi": 0.0625,
          "p_value": 0.7958
        },
        "vjepa_2_1_vitg_surgical_autorgn_encoder_minus_vjepa_2_1_vitg_surgical_intervene_wiseft_f30_encoder": {
          "n": 20,
          "delta_mean": 0.0,
          "delta_ci_lo": -0.0375,
          "delta_ci_hi": 0.0375,
          "p_value": 1.0
        },
        "vjepa_2_1_vitg_surgical_autorgn_encoder_minus_vjepa_2_1_vitg_surgical_intervene_wiseft_f50_encoder": {
          "n": 20,
          "delta_mean": 0.0,
          "delta_ci_lo": -0.0375,
          "delta_ci_hi": 0.0375,
          "p_value": 1.0
        },
        "vjepa_2_1_vitg_surgical_autorgn_encoder_minus_vjepa_2_1_vitg_surgical_intervene_wiseft_f70_encoder": {
          "n": 20,
          "delta_mean": 0.025,
          "delta_ci_lo": 0.0,
          "delta_ci_hi": 0.0875,
          "p_value": 0.2452
        },
        "vjepa_2_1_vitg_surgical_intervene_wiseft_f30_encoder_minus_vjepa_2_1_vitg_surgical_intervene_wiseft_f50_encoder": {
          "n": 20,
          "delta_mean": 0.0,
          "delta_ci_lo": NaN,
          "delta_ci_hi": NaN,
          "p_value": 1.0
        },
        "vjepa_2_1_vitg_surgical_intervene_wiseft_f30_encoder_minus_vjepa_2_1_vitg_surgical_intervene_wiseft_f70_encoder": {
          "n": 20,
          "delta_mean": 0.025,
          "delta_ci_lo": 0.0,
          "delta_ci_hi": 0.075,
          "p_value": 0.2404
        },
        "vjepa_2_1_vitg_surgical_intervene_wiseft_f50_encoder_minus_vjepa_2_1_vitg_surgical_intervene_wiseft_f70_encoder": {
          "n": 20,
          "delta_mean": 0.025,
          "delta_ci_lo": 0.0,
          "delta_ci_hi": 0.075,
          "p_value": 0.2404
        }
      },
      "lower_is_better": false
    },
    "pace": {
      "by_variant": {
        "vjepa_2_1_vitg_frozen": {
          "variant": "vjepa_2_1_vitg_frozen",
          "metric": "pace",
          "n_test": 20,
          "k_per_clip": 3,
          "mean": 0.65,
          "std": 0.222985,
          "ci": {
            "mean": 0.65,
            "ci_lo": 0.55,
            "ci_hi": 0.75,
            "ci_half": 0.1
          },
          "lower_is_better": false,
          "interpretation": "Pace top-1 over playback rates; higher = encoder is rate-sensitive",
          "num_frames": 16,
          "tubelet_size": 2,
          "encoder_ckpt": "checkpoints/vjepa2_1_vitg_384.pt",
          "head_lr": 0.001,
          "head_epochs": 20,
          "head_weight_decay": 0.0001,
          "head_batch_size": 64,
          "strides": "1,2,4",
          "source_frames": 64
        },
        "vjepa_2_1_vitg_full_ft_encoder": {
          "variant": "vjepa_2_1_vitg_full_ft_encoder",
          "metric": "pace",
          "n_test": 20,
          "k_per_clip": 3,
          "mean": 0.65,
          "std": 0.246644,
          "ci": {
            "mean": 0.65,
            "ci_lo": 0.55,
            "ci_hi": 0.766667,
            "ci_half": 0.108333
          },
          "lower_is_better": false,
          "interpretation": "Pace top-1 over playback rates; higher = encoder is rate-sensitive",
          "num_frames": 16,
          "tubelet_size": 2,
          "encoder_ckpt": "outputs/sanity/vjepa_2_1_vitg_1B/train/m09f_full_ft_encoder/student_encoder.pt",
          "head_lr": 0.001,
          "head_epochs": 20,
          "head_weight_decay": 0.0001,
          "head_batch_size": 64,
          "strides": "1,2,4",
          "source_frames": 64
        },
        "vjepa_2_1_vitg_lpft_encoder": {
          "variant": "vjepa_2_1_vitg_lpft_encoder",
          "metric": "pace",
          "n_test": 20,
          "k_per_clip": 3,
          "mean": 0.666667,
          "std": 0.235702,
          "ci": {
            "mean": 0.666667,
            "ci_lo": 0.566667,
            "ci_hi": 0.766667,
            "ci_half": 0.1
          },
          "lower_is_better": false,
          "interpretation": "Pace top-1 over playback rates; higher = encoder is rate-sensitive",
          "num_frames": 16,
          "tubelet_size": 2,
          "encoder_ckpt": "outputs/sanity/vjepa_2_1_vitg_1B/train/m09f_lpft_encoder/student_encoder.pt",
          "head_lr": 0.001,
          "head_epochs": 20,
          "head_weight_decay": 0.0001,
          "head_batch_size": 64,
          "strides": "1,2,4",
          "source_frames": 64
        },
        "vjepa_2_1_vitg_peft_dora_encoder": {
          "variant": "vjepa_2_1_vitg_peft_dora_encoder",
          "metric": "pace",
          "n_test": 20,
          "k_per_clip": 3,
          "mean": 0.666667,
          "std": 0.235702,
          "ci": {
            "mean": 0.666667,
            "ci_lo": 0.566667,
            "ci_hi": 0.766667,
            "ci_half": 0.1
          },
          "lower_is_better": false,
          "interpretation": "Pace top-1 over playback rates; higher = encoder is rate-sensitive",
          "num_frames": 16,
          "tubelet_size": 2,
          "encoder_ckpt": "outputs/sanity/vjepa_2_1_vitg_1B/train/m09b_peft_dora_encoder/student_encoder.pt",
          "head_lr": 0.001,
          "head_epochs": 20,
          "head_weight_decay": 0.0001,
          "head_batch_size": 64,
          "strides": "1,2,4",
          "source_frames": 64
        },
        "vjepa_2_1_vitg_peft_lora_encoder": {
          "variant": "vjepa_2_1_vitg_peft_lora_encoder",
          "metric": "pace",
          "n_test": 20,
          "k_per_clip": 3,
          "mean": 0.666667,
          "std": 0.235702,
          "ci": {
            "mean": 0.666667,
            "ci_lo": 0.566667,
            "ci_hi": 0.766667,
            "ci_half": 0.1
          },
          "lower_is_better": false,
          "interpretation": "Pace top-1 over playback rates; higher = encoder is rate-sensitive",
          "num_frames": 16,
          "tubelet_size": 2,
          "encoder_ckpt": "outputs/sanity/vjepa_2_1_vitg_1B/train/m09b_peft_lora_encoder/student_encoder.pt",
          "head_lr": 0.001,
          "head_epochs": 20,
          "head_weight_decay": 0.0001,
          "head_batch_size": 64,
          "strides": "1,2,4",
          "source_frames": 64
        },
        "vjepa_2_1_vitg_pretrain_encoder": {
          "variant": "vjepa_2_1_vitg_pretrain_encoder",
          "metric": "pace",
          "n_test": 20,
          "k_per_clip": 3,
          "mean": 0.65,
          "std": 0.222985,
          "ci": {
            "mean": 0.65,
            "ci_lo": 0.55,
            "ci_hi": 0.75,
            "ci_half": 0.1
          },
          "lower_is_better": false,
          "interpretation": "Pace top-1 over playback rates; higher = encoder is rate-sensitive",
          "num_frames": 16,
          "tubelet_size": 2,
          "encoder_ckpt": "outputs/sanity/vjepa_2_1_vitg_1B/train/m09a_pretrain_encoder/student_encoder.pt",
          "head_lr": 0.001,
          "head_epochs": 20,
          "head_weight_decay": 0.0001,
          "head_batch_size": 64,
          "strides": "1,2,4",
          "source_frames": 64
        },
        "vjepa_2_1_vitg_surgery_raw_encoder": {
          "variant": "vjepa_2_1_vitg_surgery_raw_encoder",
          "metric": "pace",
          "n_test": 20,
          "k_per_clip": 3,
          "mean": 0.683333,
          "std": 0.222985,
          "ci": {
            "mean": 0.683333,
            "ci_lo": 0.583333,
            "ci_hi": 0.783333,
            "ci_half": 0.1
          },
          "lower_is_better": false,
          "interpretation": "Pace top-1 over playback rates; higher = encoder is rate-sensitive",
          "num_frames": 16,
          "tubelet_size": 2,
          "encoder_ckpt": "outputs/sanity/vjepa_2_1_vitg_1B/train/m09c_surgery_raw_encoder/student_encoder.pt",
          "head_lr": 0.001,
          "head_epochs": 20,
          "head_weight_decay": 0.0001,
          "head_batch_size": 64,
          "strides": "1,2,4",
          "source_frames": 64
        },
        "vjepa_2_1_vitg_surgical_3stage_DI_diheavy_encoder": {
          "variant": "vjepa_2_1_vitg_surgical_3stage_DI_diheavy_encoder",
          "metric": "pace",
          "n_test": 20,
          "k_per_clip": 3,
          "mean": 0.683333,
          "std": 0.222985,
          "ci": {
            "mean": 0.683333,
            "ci_lo": 0.583333,
            "ci_hi": 0.783333,
            "ci_half": 0.1
          },
          "lower_is_better": false,
          "interpretation": "Pace top-1 over playback rates; higher = encoder is rate-sensitive",
          "num_frames": 16,
          "tubelet_size": 2,
          "encoder_ckpt": "outputs/sanity/vjepa_2_1_vitg_1B/train/m09c_surgery_3stage_DI_diheavy_encoder/student_encoder.pt",
          "head_lr": 0.001,
          "head_epochs": 20,
          "head_weight_decay": 0.0001,
          "head_batch_size": 64,
          "strides": "1,2,4",
          "source_frames": 64
        },
        "vjepa_2_1_vitg_surgical_3stage_DI_encoder": {
          "variant": "vjepa_2_1_vitg_surgical_3stage_DI_encoder",
          "metric": "pace",
          "n_test": 20,
          "k_per_clip": 3,
          "mean": 0.666667,
          "std": 0.235702,
          "ci": {
            "mean": 0.666667,
            "ci_lo": 0.566667,
            "ci_hi": 0.766667,
            "ci_half": 0.1
          },
          "lower_is_better": false,
          "interpretation": "Pace top-1 over playback rates; higher = encoder is rate-sensitive",
          "num_frames": 16,
          "tubelet_size": 2,
          "encoder_ckpt": "outputs/sanity/vjepa_2_1_vitg_1B/train/m09c_surgery_3stage_DI_encoder/student_encoder.pt",
          "head_lr": 0.001,
          "head_epochs": 20,
          "head_weight_decay": 0.0001,
          "head_batch_size": 64,
          "strides": "1,2,4",
          "source_frames": 64
        },
        "vjepa_2_1_vitg_surgical_3stage_DI_intervene_encoder": {
          "variant": "vjepa_2_1_vitg_surgical_3stage_DI_intervene_encoder",
          "metric": "pace",
          "n_test": 20,
          "k_per_clip": 3,
          "mean": 0.683333,
          "std": 0.222985,
          "ci": {
            "mean": 0.683333,
            "ci_lo": 0.583333,
            "ci_hi": 0.783333,
            "ci_half": 0.1
          },
          "lower_is_better": false,
          "interpretation": "Pace top-1 over playback rates; higher = encoder is rate-sensitive",
          "num_frames": 16,
          "tubelet_size": 2,
          "encoder_ckpt": "outputs/sanity/vjepa_2_1_vitg_1B/train/m09c_surgery_3stage_DI_intervene_encoder/student_encoder.pt",
          "head_lr": 0.001,
          "head_epochs": 20,
          "head_weight_decay": 0.0001,
          "head_batch_size": 64,
          "strides": "1,2,4",
          "source_frames": 64
        },
        "vjepa_2_1_vitg_surgical_autorgn_encoder": {
          "variant": "vjepa_2_1_vitg_surgical_autorgn_encoder",
          "metric": "pace",
          "n_test": 20,
          "k_per_clip": 3,
          "mean": 0.666667,
          "std": 0.235702,
          "ci": {
            "mean": 0.666667,
            "ci_lo": 0.566667,
            "ci_hi": 0.766667,
            "ci_half": 0.1
          },
          "lower_is_better": false,
          "interpretation": "Pace top-1 over playback rates; higher = encoder is rate-sensitive",
          "num_frames": 16,
          "tubelet_size": 2,
          "encoder_ckpt": "outputs/sanity/vjepa_2_1_vitg_1B/train/m09e_autorgn_encoder/student_encoder.pt",
          "head_lr": 0.001,
          "head_epochs": 20,
          "head_weight_decay": 0.0001,
          "head_batch_size": 64,
          "strides": "1,2,4",
          "source_frames": 64
        },
        "vjepa_2_1_vitg_surgical_intervene_wiseft_f30_encoder": {
          "variant": "vjepa_2_1_vitg_surgical_intervene_wiseft_f30_encoder",
          "metric": "pace",
          "n_test": 20,
          "k_per_clip": 3,
          "mean": 0.666667,
          "std": 0.210818,
          "ci": {
            "mean": 0.666667,
            "ci_lo": 0.566667,
            "ci_hi": 0.75,
            "ci_half": 0.091667
          },
          "lower_is_better": false,
          "interpretation": "Pace top-1 over playback rates; higher = encoder is rate-sensitive",
          "num_frames": 16,
          "tubelet_size": 2,
          "encoder_ckpt": "outputs/sanity/vjepa_2_1_vitg_1B/train/m09c_surgical_intervene_wiseft_f30_encoder/student_encoder.pt",
          "head_lr": 0.001,
          "head_epochs": 20,
          "head_weight_decay": 0.0001,
          "head_batch_size": 64,
          "strides": "1,2,4",
          "source_frames": 64
        },
        "vjepa_2_1_vitg_surgical_intervene_wiseft_f50_encoder": {
          "variant": "vjepa_2_1_vitg_surgical_intervene_wiseft_f50_encoder",
          "metric": "pace",
          "n_test": 20,
          "k_per_clip": 3,
          "mean": 0.65,
          "std": 0.222985,
          "ci": {
            "mean": 0.65,
            "ci_lo": 0.55,
            "ci_hi": 0.75,
            "ci_half": 0.1
          },
          "lower_is_better": false,
          "interpretation": "Pace top-1 over playback rates; higher = encoder is rate-sensitive",
          "num_frames": 16,
          "tubelet_size": 2,
          "encoder_ckpt": "outputs/sanity/vjepa_2_1_vitg_1B/train/m09c_surgical_intervene_wiseft_f50_encoder/student_encoder.pt",
          "head_lr": 0.001,
          "head_epochs": 20,
          "head_weight_decay": 0.0001,
          "head_batch_size": 64,
          "strides": "1,2,4",
          "source_frames": 64
        },
        "vjepa_2_1_vitg_surgical_intervene_wiseft_f70_encoder": {
          "variant": "vjepa_2_1_vitg_surgical_intervene_wiseft_f70_encoder",
          "metric": "pace",
          "n_test": 20,
          "k_per_clip": 3,
          "mean": 0.65,
          "std": 0.222985,
          "ci": {
            "mean": 0.65,
            "ci_lo": 0.55,
            "ci_hi": 0.75,
            "ci_half": 0.1
          },
          "lower_is_better": false,
          "interpretation": "Pace top-1 over playback rates; higher = encoder is rate-sensitive",
          "num_frames": 16,
          "tubelet_size": 2,
          "encoder_ckpt": "outputs/sanity/vjepa_2_1_vitg_1B/train/m09c_surgical_intervene_wiseft_f70_encoder/student_encoder.pt",
          "head_lr": 0.001,
          "head_epochs": 20,
          "head_weight_decay": 0.0001,
          "head_batch_size": 64,
          "strides": "1,2,4",
          "source_frames": 64
        }
      },
      "pairwise_deltas": {
        "vjepa_2_1_vitg_frozen_minus_vjepa_2_1_vitg_full_ft_encoder": {
          "n": 20,
          "delta_mean": 0.0,
          "delta_ci_lo": -0.033333,
          "delta_ci_hi": 0.05,
          "p_value": 0.9314
        },
        "vjepa_2_1_vitg_frozen_minus_vjepa_2_1_vitg_lpft_encoder": {
          "n": 20,
          "delta_mean": -0.016667,
          "delta_ci_lo": -0.083333,
          "delta_ci_hi": 0.0,
          "p_value": 0.7216
        },
        "vjepa_2_1_vitg_frozen_minus_vjepa_2_1_vitg_peft_dora_encoder": {
          "n": 20,
          "delta_mean": -0.016667,
          "delta_ci_lo": -0.083333,
          "delta_ci_hi": 0.0,
          "p_value": 0.7216
        },
        "vjepa_2_1_vitg_frozen_minus_vjepa_2_1_vitg_peft_lora_encoder": {
          "n": 20,
          "delta_mean": -0.016667,
          "delta_ci_lo": -0.083333,
          "delta_ci_hi": 0.0,
          "p_value": 0.7216
        },
        "vjepa_2_1_vitg_frozen_minus_vjepa_2_1_vitg_pretrain_encoder": {
          "n": 20,
          "delta_mean": 0.0,
          "delta_ci_lo": NaN,
          "delta_ci_hi": NaN,
          "p_value": 1.0
        },
        "vjepa_2_1_vitg_frozen_minus_vjepa_2_1_vitg_surgery_raw_encoder": {
          "n": 20,
          "delta_mean": -0.033333,
          "delta_ci_lo": -0.1,
          "delta_ci_hi": 0.0,
          "p_value": 0.2502
        },
        "vjepa_2_1_vitg_frozen_minus_vjepa_2_1_vitg_surgical_3stage_DI_diheavy_encoder": {
          "n": 20,
          "delta_mean": -0.033333,
          "delta_ci_lo": -0.1,
          "delta_ci_hi": 0.0,
          "p_value": 0.2502
        },
        "vjepa_2_1_vitg_frozen_minus_vjepa_2_1_vitg_surgical_3stage_DI_encoder": {
          "n": 20,
          "delta_mean": -0.016667,
          "delta_ci_lo": -0.083333,
          "delta_ci_hi": 0.0,
          "p_value": 0.7216
        },
        "vjepa_2_1_vitg_frozen_minus_vjepa_2_1_vitg_surgical_3stage_DI_intervene_encoder": {
          "n": 20,
          "delta_mean": -0.033333,
          "delta_ci_lo": -0.1,
          "delta_ci_hi": 0.0,
          "p_value": 0.2502
        },
        "vjepa_2_1_vitg_frozen_minus_vjepa_2_1_vitg_surgical_autorgn_encoder": {
          "n": 20,
          "delta_mean": -0.016667,
          "delta_ci_lo": -0.083333,
          "delta_ci_hi": 0.0,
          "p_value": 0.7216
        },
        "vjepa_2_1_vitg_frozen_minus_vjepa_2_1_vitg_surgical_intervene_wiseft_f30_encoder": {
          "n": 20,
          "delta_mean": -0.016667,
          "delta_ci_lo": -0.083333,
          "delta_ci_hi": 0.0,
          "p_value": 0.7044
        },
        "vjepa_2_1_vitg_frozen_minus_vjepa_2_1_vitg_surgical_intervene_wiseft_f50_encoder": {
          "n": 20,
          "delta_mean": 0.0,
          "delta_ci_lo": -0.05,
          "delta_ci_hi": 0.05,
          "p_value": 1.0
        },
        "vjepa_2_1_vitg_frozen_minus_vjepa_2_1_vitg_surgical_intervene_wiseft_f70_encoder": {
          "n": 20,
          "delta_mean": 0.0,
          "delta_ci_lo": -0.05,
          "delta_ci_hi": 0.05,
          "p_value": 1.0
        },
        "vjepa_2_1_vitg_full_ft_encoder_minus_vjepa_2_1_vitg_lpft_encoder": {
          "n": 20,
          "delta_mean": -0.016667,
          "delta_ci_lo": -0.083333,
          "delta_ci_hi": 0.0,
          "p_value": 0.7116
        },
        "vjepa_2_1_vitg_full_ft_encoder_minus_vjepa_2_1_vitg_peft_dora_encoder": {
          "n": 20,
          "delta_mean": -0.016667,
          "delta_ci_lo": -0.083333,
          "delta_ci_hi": 0.0,
          "p_value": 0.7116
        },
        "vjepa_2_1_vitg_full_ft_encoder_minus_vjepa_2_1_vitg_peft_lora_encoder": {
          "n": 20,
          "delta_mean": -0.016667,
          "delta_ci_lo": -0.083333,
          "delta_ci_hi": 0.0,
          "p_value": 0.7116
        },
        "vjepa_2_1_vitg_full_ft_encoder_minus_vjepa_2_1_vitg_pretrain_encoder": {
          "n": 20,
          "delta_mean": -0.0,
          "delta_ci_lo": -0.05,
          "delta_ci_hi": 0.033333,
          "p_value": 0.9314
        },
        "vjepa_2_1_vitg_full_ft_encoder_minus_vjepa_2_1_vitg_surgery_raw_encoder": {
          "n": 20,
          "delta_mean": -0.033333,
          "delta_ci_lo": -0.1,
          "delta_ci_hi": 0.0,
          "p_value": 0.2404
        },
        "vjepa_2_1_vitg_full_ft_encoder_minus_vjepa_2_1_vitg_surgical_3stage_DI_diheavy_encoder": {
          "n": 20,
          "delta_mean": -0.033333,
          "delta_ci_lo": -0.1,
          "delta_ci_hi": 0.0,
          "p_value": 0.2404
        },
        "vjepa_2_1_vitg_full_ft_encoder_minus_vjepa_2_1_vitg_surgical_3stage_DI_encoder": {
          "n": 20,
          "delta_mean": -0.016667,
          "delta_ci_lo": -0.083333,
          "delta_ci_hi": 0.0,
          "p_value": 0.7116
        },
        "vjepa_2_1_vitg_full_ft_encoder_minus_vjepa_2_1_vitg_surgical_3stage_DI_intervene_encoder": {
          "n": 20,
          "delta_mean": -0.033333,
          "delta_ci_lo": -0.1,
          "delta_ci_hi": 0.0,
          "p_value": 0.2404
        },
        "vjepa_2_1_vitg_full_ft_encoder_minus_vjepa_2_1_vitg_surgical_autorgn_encoder": {
          "n": 20,
          "delta_mean": -0.016667,
          "delta_ci_lo": -0.083333,
          "delta_ci_hi": 0.0,
          "p_value": 0.7116
        },
        "vjepa_2_1_vitg_full_ft_encoder_minus_vjepa_2_1_vitg_surgical_intervene_wiseft_f30_encoder": {
          "n": 20,
          "delta_mean": -0.016667,
          "delta_ci_lo": -0.083333,
          "delta_ci_hi": 0.033333,
          "p_value": 0.4438
        },
        "vjepa_2_1_vitg_full_ft_encoder_minus_vjepa_2_1_vitg_surgical_intervene_wiseft_f50_encoder": {
          "n": 20,
          "delta_mean": -0.0,
          "delta_ci_lo": -0.05,
          "delta_ci_hi": 0.033333,
          "p_value": 0.9356
        },
        "vjepa_2_1_vitg_full_ft_encoder_minus_vjepa_2_1_vitg_surgical_intervene_wiseft_f70_encoder": {
          "n": 20,
          "delta_mean": -0.0,
          "delta_ci_lo": -0.05,
          "delta_ci_hi": 0.033333,
          "p_value": 0.9356
        },
        "vjepa_2_1_vitg_lpft_encoder_minus_vjepa_2_1_vitg_peft_dora_encoder": {
          "n": 20,
          "delta_mean": 0.0,
          "delta_ci_lo": NaN,
          "delta_ci_hi": NaN,
          "p_value": 1.0
        },
        "vjepa_2_1_vitg_lpft_encoder_minus_vjepa_2_1_vitg_peft_lora_encoder": {
          "n": 20,
          "delta_mean": 0.0,
          "delta_ci_lo": NaN,
          "delta_ci_hi": NaN,
          "p_value": 1.0
        },
        "vjepa_2_1_vitg_lpft_encoder_minus_vjepa_2_1_vitg_pretrain_encoder": {
          "n": 20,
          "delta_mean": 0.016667,
          "delta_ci_lo": 0.0,
          "delta_ci_hi": 0.083333,
          "p_value": 0.7216
        },
        "vjepa_2_1_vitg_lpft_encoder_minus_vjepa_2_1_vitg_surgery_raw_encoder": {
          "n": 20,
          "delta_mean": -0.016667,
          "delta_ci_lo": -0.083333,
          "delta_ci_hi": 0.0,
          "p_value": 0.7044
        },
        "vjepa_2_1_vitg_lpft_encoder_minus_vjepa_2_1_vitg_surgical_3stage_DI_diheavy_encoder": {
          "n": 20,
          "delta_mean": -0.016667,
          "delta_ci_lo": -0.083333,
          "delta_ci_hi": 0.0,
          "p_value": 0.7044
        },
        "vjepa_2_1_vitg_lpft_encoder_minus_vjepa_2_1_vitg_surgical_3stage_DI_encoder": {
          "n": 20,
          "delta_mean": 0.0,
          "delta_ci_lo": NaN,
          "delta_ci_hi": NaN,
          "p_value": 1.0
        },
        "vjepa_2_1_vitg_lpft_encoder_minus_vjepa_2_1_vitg_surgical_3stage_DI_intervene_encoder": {
          "n": 20,
          "delta_mean": -0.016667,
          "delta_ci_lo": -0.083333,
          "delta_ci_hi": 0.0,
          "p_value": 0.7044
        },
        "vjepa_2_1_vitg_lpft_encoder_minus_vjepa_2_1_vitg_surgical_autorgn_encoder": {
          "n": 20,
          "delta_mean": 0.0,
          "delta_ci_lo": NaN,
          "delta_ci_hi": NaN,
          "p_value": 1.0
        },
        "vjepa_2_1_vitg_lpft_encoder_minus_vjepa_2_1_vitg_surgical_intervene_wiseft_f30_encoder": {
          "n": 20,
          "delta_mean": -0.0,
          "delta_ci_lo": -0.05,
          "delta_ci_hi": 0.033333,
          "p_value": 0.9356
        },
        "vjepa_2_1_vitg_lpft_encoder_minus_vjepa_2_1_vitg_surgical_intervene_wiseft_f50_encoder": {
          "n": 20,
          "delta_mean": 0.016667,
          "delta_ci_lo": -0.033333,
          "delta_ci_hi": 0.066667,
          "p_value": 0.7752
        },
        "vjepa_2_1_vitg_lpft_encoder_minus_vjepa_2_1_vitg_surgical_intervene_wiseft_f70_encoder": {
          "n": 20,
          "delta_mean": 0.016667,
          "delta_ci_lo": -0.033333,
          "delta_ci_hi": 0.066667,
          "p_value": 0.7752
        },
        "vjepa_2_1_vitg_peft_dora_encoder_minus_vjepa_2_1_vitg_peft_lora_encoder": {
          "n": 20,
          "delta_mean": 0.0,
          "delta_ci_lo": NaN,
          "delta_ci_hi": NaN,
          "p_value": 1.0
        },
        "vjepa_2_1_vitg_peft_dora_encoder_minus_vjepa_2_1_vitg_pretrain_encoder": {
          "n": 20,
          "delta_mean": 0.016667,
          "delta_ci_lo": 0.0,
          "delta_ci_hi": 0.083333,
          "p_value": 0.7216
        },
        "vjepa_2_1_vitg_peft_dora_encoder_minus_vjepa_2_1_vitg_surgery_raw_encoder": {
          "n": 20,
          "delta_mean": -0.016667,
          "delta_ci_lo": -0.083333,
          "delta_ci_hi": 0.0,
          "p_value": 0.7044
        },
        "vjepa_2_1_vitg_peft_dora_encoder_minus_vjepa_2_1_vitg_surgical_3stage_DI_diheavy_encoder": {
          "n": 20,
          "delta_mean": -0.016667,
          "delta_ci_lo": -0.083333,
          "delta_ci_hi": 0.0,
          "p_value": 0.7044
        },
        "vjepa_2_1_vitg_peft_dora_encoder_minus_vjepa_2_1_vitg_surgical_3stage_DI_encoder": {
          "n": 20,
          "delta_mean": 0.0,
          "delta_ci_lo": NaN,
          "delta_ci_hi": NaN,
          "p_value": 1.0
        },
        "vjepa_2_1_vitg_peft_dora_encoder_minus_vjepa_2_1_vitg_surgical_3stage_DI_intervene_encoder": {
          "n": 20,
          "delta_mean": -0.016667,
          "delta_ci_lo": -0.083333,
          "delta_ci_hi": 0.0,
          "p_value": 0.7044
        },
        "vjepa_2_1_vitg_peft_dora_encoder_minus_vjepa_2_1_vitg_surgical_autorgn_encoder": {
          "n": 20,
          "delta_mean": 0.0,
          "delta_ci_lo": NaN,
          "delta_ci_hi": NaN,
          "p_value": 1.0
        },
        "vjepa_2_1_vitg_peft_dora_encoder_minus_vjepa_2_1_vitg_surgical_intervene_wiseft_f30_encoder": {
          "n": 20,
          "delta_mean": -0.0,
          "delta_ci_lo": -0.05,
          "delta_ci_hi": 0.033333,
          "p_value": 0.9356
        },
        "vjepa_2_1_vitg_peft_dora_encoder_minus_vjepa_2_1_vitg_surgical_intervene_wiseft_f50_encoder": {
          "n": 20,
          "delta_mean": 0.016667,
          "delta_ci_lo": -0.033333,
          "delta_ci_hi": 0.066667,
          "p_value": 0.7752
        },
        "vjepa_2_1_vitg_peft_dora_encoder_minus_vjepa_2_1_vitg_surgical_intervene_wiseft_f70_encoder": {
          "n": 20,
          "delta_mean": 0.016667,
          "delta_ci_lo": -0.033333,
          "delta_ci_hi": 0.066667,
          "p_value": 0.7752
        },
        "vjepa_2_1_vitg_peft_lora_encoder_minus_vjepa_2_1_vitg_pretrain_encoder": {
          "n": 20,
          "delta_mean": 0.016667,
          "delta_ci_lo": 0.0,
          "delta_ci_hi": 0.083333,
          "p_value": 0.7216
        },
        "vjepa_2_1_vitg_peft_lora_encoder_minus_vjepa_2_1_vitg_surgery_raw_encoder": {
          "n": 20,
          "delta_mean": -0.016667,
          "delta_ci_lo": -0.083333,
          "delta_ci_hi": 0.0,
          "p_value": 0.7044
        },
        "vjepa_2_1_vitg_peft_lora_encoder_minus_vjepa_2_1_vitg_surgical_3stage_DI_diheavy_encoder": {
          "n": 20,
          "delta_mean": -0.016667,
          "delta_ci_lo": -0.083333,
          "delta_ci_hi": 0.0,
          "p_value": 0.7044
        },
        "vjepa_2_1_vitg_peft_lora_encoder_minus_vjepa_2_1_vitg_surgical_3stage_DI_encoder": {
          "n": 20,
          "delta_mean": 0.0,
          "delta_ci_lo": NaN,
          "delta_ci_hi": NaN,
          "p_value": 1.0
        },
        "vjepa_2_1_vitg_peft_lora_encoder_minus_vjepa_2_1_vitg_surgical_3stage_DI_intervene_encoder": {
          "n": 20,
          "delta_mean": -0.016667,
          "delta_ci_lo": -0.083333,
          "delta_ci_hi": 0.0,
          "p_value": 0.7044
        },
        "vjepa_2_1_vitg_peft_lora_encoder_minus_vjepa_2_1_vitg_surgical_autorgn_encoder": {
          "n": 20,
          "delta_mean": 0.0,
          "delta_ci_lo": NaN,
          "delta_ci_hi": NaN,
          "p_value": 1.0
        },
        "vjepa_2_1_vitg_peft_lora_encoder_minus_vjepa_2_1_vitg_surgical_intervene_wiseft_f30_encoder": {
          "n": 20,
          "delta_mean": -0.0,
          "delta_ci_lo": -0.05,
          "delta_ci_hi": 0.033333,
          "p_value": 0.9356
        },
        "vjepa_2_1_vitg_peft_lora_encoder_minus_vjepa_2_1_vitg_surgical_intervene_wiseft_f50_encoder": {
          "n": 20,
          "delta_mean": 0.016667,
          "delta_ci_lo": -0.033333,
          "delta_ci_hi": 0.066667,
          "p_value": 0.7752
        },
        "vjepa_2_1_vitg_peft_lora_encoder_minus_vjepa_2_1_vitg_surgical_intervene_wiseft_f70_encoder": {
          "n": 20,
          "delta_mean": 0.016667,
          "delta_ci_lo": -0.033333,
          "delta_ci_hi": 0.066667,
          "p_value": 0.7752
        },
        "vjepa_2_1_vitg_pretrain_encoder_minus_vjepa_2_1_vitg_surgery_raw_encoder": {
          "n": 20,
          "delta_mean": -0.033333,
          "delta_ci_lo": -0.1,
          "delta_ci_hi": 0.0,
          "p_value": 0.2502
        },
        "vjepa_2_1_vitg_pretrain_encoder_minus_vjepa_2_1_vitg_surgical_3stage_DI_diheavy_encoder": {
          "n": 20,
          "delta_mean": -0.033333,
          "delta_ci_lo": -0.1,
          "delta_ci_hi": 0.0,
          "p_value": 0.2502
        },
        "vjepa_2_1_vitg_pretrain_encoder_minus_vjepa_2_1_vitg_surgical_3stage_DI_encoder": {
          "n": 20,
          "delta_mean": -0.016667,
          "delta_ci_lo": -0.083333,
          "delta_ci_hi": 0.0,
          "p_value": 0.7216
        },
        "vjepa_2_1_vitg_pretrain_encoder_minus_vjepa_2_1_vitg_surgical_3stage_DI_intervene_encoder": {
          "n": 20,
          "delta_mean": -0.033333,
          "delta_ci_lo": -0.1,
          "delta_ci_hi": 0.0,
          "p_value": 0.2502
        },
        "vjepa_2_1_vitg_pretrain_encoder_minus_vjepa_2_1_vitg_surgical_autorgn_encoder": {
          "n": 20,
          "delta_mean": -0.016667,
          "delta_ci_lo": -0.083333,
          "delta_ci_hi": 0.0,
          "p_value": 0.7216
        },
        "vjepa_2_1_vitg_pretrain_encoder_minus_vjepa_2_1_vitg_surgical_intervene_wiseft_f30_encoder": {
          "n": 20,
          "delta_mean": -0.016667,
          "delta_ci_lo": -0.083333,
          "delta_ci_hi": 0.0,
          "p_value": 0.7044
        },
        "vjepa_2_1_vitg_pretrain_encoder_minus_vjepa_2_1_vitg_surgical_intervene_wiseft_f50_encoder": {
          "n": 20,
          "delta_mean": 0.0,
          "delta_ci_lo": -0.05,
          "delta_ci_hi": 0.05,
          "p_value": 1.0
        },
        "vjepa_2_1_vitg_pretrain_encoder_minus_vjepa_2_1_vitg_surgical_intervene_wiseft_f70_encoder": {
          "n": 20,
          "delta_mean": 0.0,
          "delta_ci_lo": -0.05,
          "delta_ci_hi": 0.05,
          "p_value": 1.0
        },
        "vjepa_2_1_vitg_surgery_raw_encoder_minus_vjepa_2_1_vitg_surgical_3stage_DI_diheavy_encoder": {
          "n": 20,
          "delta_mean": 0.0,
          "delta_ci_lo": NaN,
          "delta_ci_hi": NaN,
          "p_value": 1.0
        },
        "vjepa_2_1_vitg_surgery_raw_encoder_minus_vjepa_2_1_vitg_surgical_3stage_DI_encoder": {
          "n": 20,
          "delta_mean": 0.016667,
          "delta_ci_lo": 0.0,
          "delta_ci_hi": 0.083333,
          "p_value": 0.7044
        },
        "vjepa_2_1_vitg_surgery_raw_encoder_minus_vjepa_2_1_vitg_surgical_3stage_DI_intervene_encoder": {
          "n": 20,
          "delta_mean": 0.0,
          "delta_ci_lo": NaN,
          "delta_ci_hi": NaN,
          "p_value": 1.0
        },
        "vjepa_2_1_vitg_surgery_raw_encoder_minus_vjepa_2_1_vitg_surgical_autorgn_encoder": {
          "n": 20,
          "delta_mean": 0.016667,
          "delta_ci_lo": 0.0,
          "delta_ci_hi": 0.083333,
          "p_value": 0.7044
        },
        "vjepa_2_1_vitg_surgery_raw_encoder_minus_vjepa_2_1_vitg_surgical_intervene_wiseft_f30_encoder": {
          "n": 20,
          "delta_mean": 0.016667,
          "delta_ci_lo": 0.0,
          "delta_ci_hi": 0.083333,
          "p_value": 0.7216
        },
        "vjepa_2_1_vitg_surgery_raw_encoder_minus_vjepa_2_1_vitg_surgical_intervene_wiseft_f50_encoder": {
          "n": 20,
          "delta_mean": 0.033333,
          "delta_ci_lo": 0.0,
          "delta_ci_hi": 0.1,
          "p_value": 0.241
        },
        "vjepa_2_1_vitg_surgery_raw_encoder_minus_vjepa_2_1_vitg_surgical_intervene_wiseft_f70_encoder": {
          "n": 20,
          "delta_mean": 0.033333,
          "delta_ci_lo": 0.0,
          "delta_ci_hi": 0.1,
          "p_value": 0.241
        },
        "vjepa_2_1_vitg_surgical_3stage_DI_diheavy_encoder_minus_vjepa_2_1_vitg_surgical_3stage_DI_encoder": {
          "n": 20,
          "delta_mean": 0.016667,
          "delta_ci_lo": 0.0,
          "delta_ci_hi": 0.083333,
          "p_value": 0.7044
        },
        "vjepa_2_1_vitg_surgical_3stage_DI_diheavy_encoder_minus_vjepa_2_1_vitg_surgical_3stage_DI_intervene_encoder": {
          "n": 20,
          "delta_mean": 0.0,
          "delta_ci_lo": NaN,
          "delta_ci_hi": NaN,
          "p_value": 1.0
        },
        "vjepa_2_1_vitg_surgical_3stage_DI_diheavy_encoder_minus_vjepa_2_1_vitg_surgical_autorgn_encoder": {
          "n": 20,
          "delta_mean": 0.016667,
          "delta_ci_lo": 0.0,
          "delta_ci_hi": 0.083333,
          "p_value": 0.7044
        },
        "vjepa_2_1_vitg_surgical_3stage_DI_diheavy_encoder_minus_vjepa_2_1_vitg_surgical_intervene_wiseft_f30_encoder": {
          "n": 20,
          "delta_mean": 0.016667,
          "delta_ci_lo": 0.0,
          "delta_ci_hi": 0.083333,
          "p_value": 0.7216
        },
        "vjepa_2_1_vitg_surgical_3stage_DI_diheavy_encoder_minus_vjepa_2_1_vitg_surgical_intervene_wiseft_f50_encoder": {
          "n": 20,
          "delta_mean": 0.033333,
          "delta_ci_lo": 0.0,
          "delta_ci_hi": 0.1,
          "p_value": 0.241
        },
        "vjepa_2_1_vitg_surgical_3stage_DI_diheavy_encoder_minus_vjepa_2_1_vitg_surgical_intervene_wiseft_f70_encoder": {
          "n": 20,
          "delta_mean": 0.033333,
          "delta_ci_lo": 0.0,
          "delta_ci_hi": 0.1,
          "p_value": 0.241
        },
        "vjepa_2_1_vitg_surgical_3stage_DI_encoder_minus_vjepa_2_1_vitg_surgical_3stage_DI_intervene_encoder": {
          "n": 20,
          "delta_mean": -0.016667,
          "delta_ci_lo": -0.083333,
          "delta_ci_hi": 0.0,
          "p_value": 0.7044
        },
        "vjepa_2_1_vitg_surgical_3stage_DI_encoder_minus_vjepa_2_1_vitg_surgical_autorgn_encoder": {
          "n": 20,
          "delta_mean": 0.0,
          "delta_ci_lo": NaN,
          "delta_ci_hi": NaN,
          "p_value": 1.0
        },
        "vjepa_2_1_vitg_surgical_3stage_DI_encoder_minus_vjepa_2_1_vitg_surgical_intervene_wiseft_f30_encoder": {
          "n": 20,
          "delta_mean": -0.0,
          "delta_ci_lo": -0.05,
          "delta_ci_hi": 0.033333,
          "p_value": 0.9356
        },
        "vjepa_2_1_vitg_surgical_3stage_DI_encoder_minus_vjepa_2_1_vitg_surgical_intervene_wiseft_f50_encoder": {
          "n": 20,
          "delta_mean": 0.016667,
          "delta_ci_lo": -0.033333,
          "delta_ci_hi": 0.066667,
          "p_value": 0.7752
        },
        "vjepa_2_1_vitg_surgical_3stage_DI_encoder_minus_vjepa_2_1_vitg_surgical_intervene_wiseft_f70_encoder": {
          "n": 20,
          "delta_mean": 0.016667,
          "delta_ci_lo": -0.033333,
          "delta_ci_hi": 0.066667,
          "p_value": 0.7752
        },
        "vjepa_2_1_vitg_surgical_3stage_DI_intervene_encoder_minus_vjepa_2_1_vitg_surgical_autorgn_encoder": {
          "n": 20,
          "delta_mean": 0.016667,
          "delta_ci_lo": 0.0,
          "delta_ci_hi": 0.083333,
          "p_value": 0.7044
        },
        "vjepa_2_1_vitg_surgical_3stage_DI_intervene_encoder_minus_vjepa_2_1_vitg_surgical_intervene_wiseft_f30_encoder": {
          "n": 20,
          "delta_mean": 0.016667,
          "delta_ci_lo": 0.0,
          "delta_ci_hi": 0.083333,
          "p_value": 0.7216
        },
        "vjepa_2_1_vitg_surgical_3stage_DI_intervene_encoder_minus_vjepa_2_1_vitg_surgical_intervene_wiseft_f50_encoder": {
          "n": 20,
          "delta_mean": 0.033333,
          "delta_ci_lo": 0.0,
          "delta_ci_hi": 0.1,
          "p_value": 0.241
        },
        "vjepa_2_1_vitg_surgical_3stage_DI_intervene_encoder_minus_vjepa_2_1_vitg_surgical_intervene_wiseft_f70_encoder": {
          "n": 20,
          "delta_mean": 0.033333,
          "delta_ci_lo": 0.0,
          "delta_ci_hi": 0.1,
          "p_value": 0.241
        },
        "vjepa_2_1_vitg_surgical_autorgn_encoder_minus_vjepa_2_1_vitg_surgical_intervene_wiseft_f30_encoder": {
          "n": 20,
          "delta_mean": -0.0,
          "delta_ci_lo": -0.05,
          "delta_ci_hi": 0.033333,
          "p_value": 0.9356
        },
        "vjepa_2_1_vitg_surgical_autorgn_encoder_minus_vjepa_2_1_vitg_surgical_intervene_wiseft_f50_encoder": {
          "n": 20,
          "delta_mean": 0.016667,
          "delta_ci_lo": -0.033333,
          "delta_ci_hi": 0.066667,
          "p_value": 0.7752
        },
        "vjepa_2_1_vitg_surgical_autorgn_encoder_minus_vjepa_2_1_vitg_surgical_intervene_wiseft_f70_encoder": {
          "n": 20,
          "delta_mean": 0.016667,
          "delta_ci_lo": -0.033333,
          "delta_ci_hi": 0.066667,
          "p_value": 0.7752
        },
        "vjepa_2_1_vitg_surgical_intervene_wiseft_f30_encoder_minus_vjepa_2_1_vitg_surgical_intervene_wiseft_f50_encoder": {
          "n": 20,
          "delta_mean": 0.016667,
          "delta_ci_lo": 0.0,
          "delta_ci_hi": 0.083333,
          "p_value": 0.7116
        },
        "vjepa_2_1_vitg_surgical_intervene_wiseft_f30_encoder_minus_vjepa_2_1_vitg_surgical_intervene_wiseft_f70_encoder": {
          "n": 20,
          "delta_mean": 0.016667,
          "delta_ci_lo": 0.0,
          "delta_ci_hi": 0.083333,
          "p_value": 0.7116
        },
        "vjepa_2_1_vitg_surgical_intervene_wiseft_f50_encoder_minus_vjepa_2_1_vitg_surgical_intervene_wiseft_f70_encoder": {
          "n": 20,
          "delta_mean": 0.0,
          "delta_ci_lo": NaN,
          "delta_ci_hi": NaN,
          "p_value": 1.0
        }
      },
      "lower_is_better": false
    },
    "tcc": {
      "by_variant": {
        "vjepa_2_1_vitg_frozen": {
          "variant": "vjepa_2_1_vitg_frozen",
          "metric": "tcc",
          "n_test": 15,
          "n_pairs": 21,
          "cycle_back": {
            "mean": 1.93,
            "std": 0.339877,
            "ci": {
              "mean": 1.93,
              "ci_lo": 1.731667,
              "ci_hi": 2.076667,
              "ci_half": 0.1725
            },
            "lower_is_better": true
          },
          "kendalls_tau": {
            "mean": 0.394901,
            "std": 0.270648,
            "ci": {
              "mean": 0.394901,
              "ci_lo": 0.228326,
              "ci_hi": 0.511765,
              "ci_half": 0.141719
            },
            "lower_is_better": false
          },
          "temperature": 0.1,
          "num_frames": 16,
          "tubelet_size": 2,
          "encoder_ckpt": "checkpoints/vjepa2_1_vitg_384.pt"
        },
        "vjepa_2_1_vitg_full_ft_encoder": {
          "variant": "vjepa_2_1_vitg_full_ft_encoder",
          "metric": "tcc",
          "n_test": 15,
          "n_pairs": 21,
          "cycle_back": {
            "mean": 1.886666,
            "std": 0.358686,
            "ci": {
              "mean": 1.886666,
              "ci_lo": 1.688333,
              "ci_hi": 2.045,
              "ci_half": 0.178334
            },
            "lower_is_better": true
          },
          "kendalls_tau": {
            "mean": 0.428232,
            "std": 0.272149,
            "ci": {
              "mean": 0.428232,
              "ci_lo": 0.257808,
              "ci_hi": 0.543182,
              "ci_half": 0.142687
            },
            "lower_is_better": false
          },
          "temperature": 0.1,
          "num_frames": 16,
          "tubelet_size": 2,
          "encoder_ckpt": "outputs/sanity/vjepa_2_1_vitg_1B/train/m09f_full_ft_encoder/student_encoder.pt"
        },
        "vjepa_2_1_vitg_lpft_encoder": {
          "variant": "vjepa_2_1_vitg_lpft_encoder",
          "metric": "tcc",
          "n_test": 15,
          "n_pairs": 21,
          "cycle_back": {
            "mean": 1.91348,
            "std": 0.32854,
            "ci": {
              "mean": 1.91348,
              "ci_lo": 1.723406,
              "ci_hi": 2.05522,
              "ci_half": 0.165907
            },
            "lower_is_better": true
          },
          "kendalls_tau": {
            "mean": 0.419402,
            "std": 0.252359,
            "ci": {
              "mean": 0.419402,
              "ci_lo": 0.265649,
              "ci_hi": 0.529951,
              "ci_half": 0.132151
            },
            "lower_is_better": false
          },
          "temperature": 0.1,
          "num_frames": 16,
          "tubelet_size": 2,
          "encoder_ckpt": "outputs/sanity/vjepa_2_1_vitg_1B/train/m09f_lpft_encoder/student_encoder.pt"
        },
        "vjepa_2_1_vitg_peft_dora_encoder": {
          "variant": "vjepa_2_1_vitg_peft_dora_encoder",
          "metric": "tcc",
          "n_test": 15,
          "n_pairs": 21,
          "cycle_back": {
            "mean": 1.866666,
            "std": 0.304092,
            "ci": {
              "mean": 1.866666,
              "ci_lo": 1.69,
              "ci_hi": 1.998333,
              "ci_half": 0.154166
            },
            "lower_is_better": true
          },
          "kendalls_tau": {
            "mean": 0.413291,
            "std": 0.264511,
            "ci": {
              "mean": 0.413291,
              "ci_lo": 0.249799,
              "ci_hi": 0.527694,
              "ci_half": 0.138947
            },
            "lower_is_better": false
          },
          "temperature": 0.1,
          "num_frames": 16,
          "tubelet_size": 2,
          "encoder_ckpt": "outputs/sanity/vjepa_2_1_vitg_1B/train/m09b_peft_dora_encoder/student_encoder.pt"
        },
        "vjepa_2_1_vitg_peft_lora_encoder": {
          "variant": "vjepa_2_1_vitg_peft_lora_encoder",
          "metric": "tcc",
          "n_test": 15,
          "n_pairs": 21,
          "cycle_back": {
            "mean": 1.866668,
            "std": 0.304092,
            "ci": {
              "mean": 1.866668,
              "ci_lo": 1.691668,
              "ci_hi": 1.998334,
              "ci_half": 0.153333
            },
            "lower_is_better": true
          },
          "kendalls_tau": {
            "mean": 0.413291,
            "std": 0.264511,
            "ci": {
              "mean": 0.413291,
              "ci_lo": 0.249799,
              "ci_hi": 0.527694,
              "ci_half": 0.138947
            },
            "lower_is_better": false
          },
          "temperature": 0.1,
          "num_frames": 16,
          "tubelet_size": 2,
          "encoder_ckpt": "outputs/sanity/vjepa_2_1_vitg_1B/train/m09b_peft_lora_encoder/student_encoder.pt"
        },
        "vjepa_2_1_vitg_pretrain_encoder": {
          "variant": "vjepa_2_1_vitg_pretrain_encoder",
          "metric": "tcc",
          "n_test": 15,
          "n_pairs": 21,
          "cycle_back": {
            "mean": 1.933333,
            "std": 0.346611,
            "ci": {
              "mean": 1.933333,
              "ci_lo": 1.730371,
              "ci_hi": 2.083333,
              "ci_half": 0.176481
            },
            "lower_is_better": true
          },
          "kendalls_tau": {
            "mean": 0.404192,
            "std": 0.27157,
            "ci": {
              "mean": 0.404192,
              "ci_lo": 0.234011,
              "ci_hi": 0.518586,
              "ci_half": 0.142287
            },
            "lower_is_better": false
          },
          "temperature": 0.1,
          "num_frames": 16,
          "tubelet_size": 2,
          "encoder_ckpt": "outputs/sanity/vjepa_2_1_vitg_1B/train/m09a_pretrain_encoder/student_encoder.pt"
        },
        "vjepa_2_1_vitg_surgery_raw_encoder": {
          "variant": "vjepa_2_1_vitg_surgery_raw_encoder",
          "metric": "tcc",
          "n_test": 15,
          "n_pairs": 21,
          "cycle_back": {
            "mean": 1.863655,
            "std": 0.303984,
            "ci": {
              "mean": 1.863655,
              "ci_lo": 1.688477,
              "ci_hi": 1.994997,
              "ci_half": 0.15326
            },
            "lower_is_better": true
          },
          "kendalls_tau": {
            "mean": 0.414499,
            "std": 0.2633,
            "ci": {
              "mean": 0.414499,
              "ci_lo": 0.251631,
              "ci_hi": 0.528226,
              "ci_half": 0.138297
            },
            "lower_is_better": false
          },
          "temperature": 0.1,
          "num_frames": 16,
          "tubelet_size": 2,
          "encoder_ckpt": "outputs/sanity/vjepa_2_1_vitg_1B/train/m09c_surgery_raw_encoder/student_encoder.pt"
        },
        "vjepa_2_1_vitg_surgical_3stage_DI_diheavy_encoder": {
          "variant": "vjepa_2_1_vitg_surgical_3stage_DI_diheavy_encoder",
          "metric": "tcc",
          "n_test": 15,
          "n_pairs": 21,
          "cycle_back": {
            "mean": 1.864801,
            "std": 0.300898,
            "ci": {
              "mean": 1.864801,
              "ci_lo": 1.688276,
              "ci_hi": 1.993325,
              "ci_half": 0.152524
            },
            "lower_is_better": true
          },
          "kendalls_tau": {
            "mean": 0.419402,
            "std": 0.252359,
            "ci": {
              "mean": 0.419402,
              "ci_lo": 0.265649,
              "ci_hi": 0.529951,
              "ci_half": 0.132151
            },
            "lower_is_better": false
          },
          "temperature": 0.1,
          "num_frames": 16,
          "tubelet_size": 2,
          "encoder_ckpt": "outputs/sanity/vjepa_2_1_vitg_1B/train/m09c_surgery_3stage_DI_diheavy_encoder/student_encoder.pt"
        },
        "vjepa_2_1_vitg_surgical_3stage_DI_encoder": {
          "variant": "vjepa_2_1_vitg_surgical_3stage_DI_encoder",
          "metric": "tcc",
          "n_test": 15,
          "n_pairs": 21,
          "cycle_back": {
            "mean": 1.866661,
            "std": 0.305865,
            "ci": {
              "mean": 1.866661,
              "ci_lo": 1.689997,
              "ci_hi": 1.998328,
              "ci_half": 0.154165
            },
            "lower_is_better": true
          },
          "kendalls_tau": {
            "mean": 0.413291,
            "std": 0.264511,
            "ci": {
              "mean": 0.413291,
              "ci_lo": 0.249799,
              "ci_hi": 0.527694,
              "ci_half": 0.138947
            },
            "lower_is_better": false
          },
          "temperature": 0.1,
          "num_frames": 16,
          "tubelet_size": 2,
          "encoder_ckpt": "outputs/sanity/vjepa_2_1_vitg_1B/train/m09c_surgery_3stage_DI_encoder/student_encoder.pt"
        },
        "vjepa_2_1_vitg_surgical_3stage_DI_intervene_encoder": {
          "variant": "vjepa_2_1_vitg_surgical_3stage_DI_intervene_encoder",
          "metric": "tcc",
          "n_test": 15,
          "n_pairs": 21,
          "cycle_back": {
            "mean": 1.876665,
            "std": 0.310701,
            "ci": {
              "mean": 1.876665,
              "ci_lo": 1.699996,
              "ci_hi": 2.011659,
              "ci_half": 0.155832
            },
            "lower_is_better": true
          },
          "kendalls_tau": {
            "mean": 0.413291,
            "std": 0.264511,
            "ci": {
              "mean": 0.413291,
              "ci_lo": 0.249799,
              "ci_hi": 0.527694,
              "ci_half": 0.138947
            },
            "lower_is_better": false
          },
          "temperature": 0.1,
          "num_frames": 16,
          "tubelet_size": 2,
          "encoder_ckpt": "outputs/sanity/vjepa_2_1_vitg_1B/train/m09c_surgery_3stage_DI_intervene_encoder/student_encoder.pt"
        },
        "vjepa_2_1_vitg_surgical_autorgn_encoder": {
          "variant": "vjepa_2_1_vitg_surgical_autorgn_encoder",
          "metric": "tcc",
          "n_test": 15,
          "n_pairs": 21,
          "cycle_back": {
            "mean": 1.903333,
            "std": 0.334398,
            "ci": {
              "mean": 1.903333,
              "ci_lo": 1.713333,
              "ci_hi": 2.05,
              "ci_half": 0.168333
            },
            "lower_is_better": true
          },
          "kendalls_tau": {
            "mean": 0.419402,
            "std": 0.252359,
            "ci": {
              "mean": 0.419402,
              "ci_lo": 0.265649,
              "ci_hi": 0.529951,
              "ci_half": 0.132151
            },
            "lower_is_better": false
          },
          "temperature": 0.1,
          "num_frames": 16,
          "tubelet_size": 2,
          "encoder_ckpt": "outputs/sanity/vjepa_2_1_vitg_1B/train/m09e_autorgn_encoder/student_encoder.pt"
        },
        "vjepa_2_1_vitg_surgical_intervene_wiseft_f30_encoder": {
          "variant": "vjepa_2_1_vitg_surgical_intervene_wiseft_f30_encoder",
          "metric": "tcc",
          "n_test": 15,
          "n_pairs": 21,
          "cycle_back": {
            "mean": 1.913333,
            "std": 0.32849,
            "ci": {
              "mean": 1.913333,
              "ci_lo": 1.723333,
              "ci_hi": 2.055,
              "ci_half": 0.165833
            },
            "lower_is_better": true
          },
          "kendalls_tau": {
            "mean": 0.429618,
            "std": 0.263711,
            "ci": {
              "mean": 0.429618,
              "ci_lo": 0.269281,
              "ci_hi": 0.546089,
              "ci_half": 0.138404
            },
            "lower_is_better": false
          },
          "temperature": 0.1,
          "num_frames": 16,
          "tubelet_size": 2,
          "encoder_ckpt": "outputs/sanity/vjepa_2_1_vitg_1B/train/m09c_surgical_intervene_wiseft_f30_encoder/student_encoder.pt"
        },
        "vjepa_2_1_vitg_surgical_intervene_wiseft_f50_encoder": {
          "variant": "vjepa_2_1_vitg_surgical_intervene_wiseft_f50_encoder",
          "metric": "tcc",
          "n_test": 15,
          "n_pairs": 21,
          "cycle_back": {
            "mean": 1.925694,
            "std": 0.324079,
            "ci": {
              "mean": 1.925694,
              "ci_lo": 1.735694,
              "ci_hi": 2.065207,
              "ci_half": 0.164757
            },
            "lower_is_better": true
          },
          "kendalls_tau": {
            "mean": 0.423637,
            "std": 0.262565,
            "ci": {
              "mean": 0.423637,
              "ci_lo": 0.266051,
              "ci_hi": 0.541568,
              "ci_half": 0.137758
            },
            "lower_is_better": false
          },
          "temperature": 0.1,
          "num_frames": 16,
          "tubelet_size": 2,
          "encoder_ckpt": "outputs/sanity/vjepa_2_1_vitg_1B/train/m09c_surgical_intervene_wiseft_f50_encoder/student_encoder.pt"
        },
        "vjepa_2_1_vitg_surgical_intervene_wiseft_f70_encoder": {
          "variant": "vjepa_2_1_vitg_surgical_intervene_wiseft_f70_encoder",
          "metric": "tcc",
          "n_test": 15,
          "n_pairs": 21,
          "cycle_back": {
            "mean": 1.933333,
            "std": 0.339198,
            "ci": {
              "mean": 1.933333,
              "ci_lo": 1.735,
              "ci_hi": 2.079999,
              "ci_half": 0.1725
            },
            "lower_is_better": true
          },
          "kendalls_tau": {
            "mean": 0.413515,
            "std": 0.271066,
            "ci": {
              "mean": 0.413515,
              "ci_lo": 0.253722,
              "ci_hi": 0.535577,
              "ci_half": 0.140928
            },
            "lower_is_better": false
          },
          "temperature": 0.1,
          "num_frames": 16,
          "tubelet_size": 2,
          "encoder_ckpt": "outputs/sanity/vjepa_2_1_vitg_1B/train/m09c_surgical_intervene_wiseft_f70_encoder/student_encoder.pt"
        }
      },
      "pairwise_deltas": {
        "cycle_back": {
          "vjepa_2_1_vitg_frozen_minus_vjepa_2_1_vitg_full_ft_encoder": {
            "n": 15,
            "delta_mean": 0.043334,
            "delta_ci_lo": 0.008334,
            "delta_ci_hi": 0.100001,
            "p_value": 0.0276
          },
          "vjepa_2_1_vitg_frozen_minus_vjepa_2_1_vitg_lpft_encoder": {
            "n": 15,
            "delta_mean": 0.01652,
            "delta_ci_lo": -0.007113,
            "delta_ci_hi": 0.054707,
            "p_value": 0.2954
          },
          "vjepa_2_1_vitg_frozen_minus_vjepa_2_1_vitg_peft_dora_encoder": {
            "n": 15,
            "delta_mean": 0.063334,
            "delta_ci_lo": 0.008334,
            "delta_ci_hi": 0.155,
            "p_value": 0.044
          },
          "vjepa_2_1_vitg_frozen_minus_vjepa_2_1_vitg_peft_lora_encoder": {
            "n": 15,
            "delta_mean": 0.063333,
            "delta_ci_lo": 0.008333,
            "delta_ci_hi": 0.154997,
            "p_value": 0.044
          },
          "vjepa_2_1_vitg_frozen_minus_vjepa_2_1_vitg_pretrain_encoder": {
            "n": 15,
            "delta_mean": -0.003333,
            "delta_ci_lo": -0.021666,
            "delta_ci_hi": 0.006667,
            "p_value": 0.7382
          },
          "vjepa_2_1_vitg_frozen_minus_vjepa_2_1_vitg_surgery_raw_encoder": {
            "n": 15,
            "delta_mean": 0.066345,
            "delta_ci_lo": 0.012689,
            "delta_ci_hi": 0.156892,
            "p_value": 0.0344
          },
          "vjepa_2_1_vitg_frozen_minus_vjepa_2_1_vitg_surgical_3stage_DI_diheavy_encoder": {
            "n": 15,
            "delta_mean": 0.065199,
            "delta_ci_lo": 0.013338,
            "delta_ci_hi": 0.153717,
            "p_value": 0.0238
          },
          "vjepa_2_1_vitg_frozen_minus_vjepa_2_1_vitg_surgical_3stage_DI_encoder": {
            "n": 15,
            "delta_mean": 0.063339,
            "delta_ci_lo": 0.010006,
            "delta_ci_hi": 0.156669,
            "p_value": 0.0368
          },
          "vjepa_2_1_vitg_frozen_minus_vjepa_2_1_vitg_surgical_3stage_DI_intervene_encoder": {
            "n": 15,
            "delta_mean": 0.053335,
            "delta_ci_lo": -0.001651,
            "delta_ci_hi": 0.148322,
            "p_value": 0.1086
          },
          "vjepa_2_1_vitg_frozen_minus_vjepa_2_1_vitg_surgical_autorgn_encoder": {
            "n": 15,
            "delta_mean": 0.026667,
            "delta_ci_lo": 0.006667,
            "delta_ci_hi": 0.065,
            "p_value": 0.0006
          },
          "vjepa_2_1_vitg_frozen_minus_vjepa_2_1_vitg_surgical_intervene_wiseft_f30_encoder": {
            "n": 15,
            "delta_mean": 0.016667,
            "delta_ci_lo": -0.006666,
            "delta_ci_hi": 0.055,
            "p_value": 0.2518
          },
          "vjepa_2_1_vitg_frozen_minus_vjepa_2_1_vitg_surgical_intervene_wiseft_f50_encoder": {
            "n": 15,
            "delta_mean": 0.004307,
            "delta_ci_lo": -0.030693,
            "delta_ci_hi": 0.043613,
            "p_value": 0.8252
          },
          "vjepa_2_1_vitg_frozen_minus_vjepa_2_1_vitg_surgical_intervene_wiseft_f70_encoder": {
            "n": 15,
            "delta_mean": -0.003333,
            "delta_ci_lo": -0.014999,
            "delta_ci_hi": 0.003335,
            "p_value": 0.6216
          },
          "vjepa_2_1_vitg_full_ft_encoder_minus_vjepa_2_1_vitg_lpft_encoder": {
            "n": 15,
            "delta_mean": -0.026813,
            "delta_ci_lo": -0.085073,
            "delta_ci_hi": 0.008113,
            "p_value": 0.2256
          },
          "vjepa_2_1_vitg_full_ft_encoder_minus_vjepa_2_1_vitg_peft_dora_encoder": {
            "n": 15,
            "delta_mean": 0.02,
            "delta_ci_lo": -0.048333,
            "delta_ci_hi": 0.12,
            "p_value": 0.6574
          },
          "vjepa_2_1_vitg_full_ft_encoder_minus_vjepa_2_1_vitg_peft_lora_encoder": {
            "n": 15,
            "delta_mean": 0.019999,
            "delta_ci_lo": -0.05,
            "delta_ci_hi": 0.119997,
            "p_value": 0.6816
          },
          "vjepa_2_1_vitg_full_ft_encoder_minus_vjepa_2_1_vitg_pretrain_encoder": {
            "n": 15,
            "delta_mean": -0.046667,
            "delta_ci_lo": -0.095771,
            "delta_ci_hi": -0.015,
            "p_value": 0.0006
          },
          "vjepa_2_1_vitg_full_ft_encoder_minus_vjepa_2_1_vitg_surgery_raw_encoder": {
            "n": 15,
            "delta_mean": 0.023011,
            "delta_ci_lo": -0.045319,
            "delta_ci_hi": 0.122847,
            "p_value": 0.6142
          },
          "vjepa_2_1_vitg_full_ft_encoder_minus_vjepa_2_1_vitg_surgical_3stage_DI_diheavy_encoder": {
            "n": 15,
            "delta_mean": 0.021865,
            "delta_ci_lo": -0.04664,
            "delta_ci_hi": 0.118756,
            "p_value": 0.6186
          },
          "vjepa_2_1_vitg_full_ft_encoder_minus_vjepa_2_1_vitg_surgical_3stage_DI_encoder": {
            "n": 15,
            "delta_mean": 0.020005,
            "delta_ci_lo": -0.046664,
            "delta_ci_hi": 0.120691,
            "p_value": 0.6508
          },
          "vjepa_2_1_vitg_full_ft_encoder_minus_vjepa_2_1_vitg_surgical_3stage_DI_intervene_encoder": {
            "n": 15,
            "delta_mean": 0.010001,
            "delta_ci_lo": -0.056663,
            "delta_ci_hi": 0.114984,
            "p_value": 0.8536
          },
          "vjepa_2_1_vitg_full_ft_encoder_minus_vjepa_2_1_vitg_surgical_autorgn_encoder": {
            "n": 15,
            "delta_mean": -0.016667,
            "delta_ci_lo": -0.065001,
            "delta_ci_hi": 0.013333,
            "p_value": 0.3776
          },
          "vjepa_2_1_vitg_full_ft_encoder_minus_vjepa_2_1_vitg_surgical_intervene_wiseft_f30_encoder": {
            "n": 15,
            "delta_mean": -0.026667,
            "delta_ci_lo": -0.085001,
            "delta_ci_hi": 0.008333,
            "p_value": 0.2278
          },
          "vjepa_2_1_vitg_full_ft_encoder_minus_vjepa_2_1_vitg_surgical_intervene_wiseft_f50_encoder": {
            "n": 15,
            "delta_mean": -0.039027,
            "delta_ci_lo": -0.121508,
            "delta_ci_hi": 0.005973,
            "p_value": 0.1826
          },
          "vjepa_2_1_vitg_full_ft_encoder_minus_vjepa_2_1_vitg_surgical_intervene_wiseft_f70_encoder": {
            "n": 15,
            "delta_mean": -0.046667,
            "delta_ci_lo": -0.106667,
            "delta_ci_hi": -0.006666,
            "p_value": 0.045
          },
          "vjepa_2_1_vitg_lpft_encoder_minus_vjepa_2_1_vitg_peft_dora_encoder": {
            "n": 15,
            "delta_mean": 0.046813,
            "delta_ci_lo": -0.003259,
            "delta_ci_hi": 0.148406,
            "p_value": 0.2144
          },
          "vjepa_2_1_vitg_lpft_encoder_minus_vjepa_2_1_vitg_peft_lora_encoder": {
            "n": 15,
            "delta_mean": 0.046812,
            "delta_ci_lo": -0.003187,
            "delta_ci_hi": 0.148403,
            "p_value": 0.218
          },
          "vjepa_2_1_vitg_lpft_encoder_minus_vjepa_2_1_vitg_pretrain_encoder": {
            "n": 15,
            "delta_mean": -0.019854,
            "delta_ci_lo": -0.067898,
            "delta_ci_hi": 0.008333,
            "p_value": 0.2926
          },
          "vjepa_2_1_vitg_lpft_encoder_minus_vjepa_2_1_vitg_surgery_raw_encoder": {
            "n": 15,
            "delta_mean": 0.049824,
            "delta_ci_lo": -0.000175,
            "delta_ci_hi": 0.149999,
            "p_value": 0.1444
          },
          "vjepa_2_1_vitg_lpft_encoder_minus_vjepa_2_1_vitg_surgical_3stage_DI_diheavy_encoder": {
            "n": 15,
            "delta_mean": 0.048679,
            "delta_ci_lo": 0.000224,
            "delta_ci_hi": 0.145723,
            "p_value": 0.0014
          },
          "vjepa_2_1_vitg_lpft_encoder_minus_vjepa_2_1_vitg_surgical_3stage_DI_encoder": {
            "n": 15,
            "delta_mean": 0.046818,
            "delta_ci_lo": -0.003182,
            "delta_ci_hi": 0.148485,
            "p_value": 0.1962
          },
          "vjepa_2_1_vitg_lpft_encoder_minus_vjepa_2_1_vitg_surgical_3stage_DI_intervene_encoder": {
            "n": 15,
            "delta_mean": 0.036814,
            "delta_ci_lo": -0.014846,
            "delta_ci_hi": 0.141724,
            "p_value": 0.2782
          },
          "vjepa_2_1_vitg_lpft_encoder_minus_vjepa_2_1_vitg_surgical_autorgn_encoder": {
            "n": 15,
            "delta_mean": 0.010146,
            "delta_ci_lo": 0.000147,
            "delta_ci_hi": 0.030146,
            "p_value": 0.0196
          },
          "vjepa_2_1_vitg_lpft_encoder_minus_vjepa_2_1_vitg_surgical_intervene_wiseft_f30_encoder": {
            "n": 15,
            "delta_mean": 0.000146,
            "delta_ci_lo": -0.0,
            "delta_ci_hi": 0.00044,
            "p_value": 0.224
          },
          "vjepa_2_1_vitg_lpft_encoder_minus_vjepa_2_1_vitg_surgical_intervene_wiseft_f50_encoder": {
            "n": 15,
            "delta_mean": -0.012214,
            "delta_ci_lo": -0.044367,
            "delta_ci_hi": 0.002786,
            "p_value": 0.256
          },
          "vjepa_2_1_vitg_lpft_encoder_minus_vjepa_2_1_vitg_surgical_intervene_wiseft_f70_encoder": {
            "n": 15,
            "delta_mean": -0.019853,
            "delta_ci_lo": -0.06152,
            "delta_ci_hi": 0.003406,
            "p_value": 0.1894
          },
          "vjepa_2_1_vitg_peft_dora_encoder_minus_vjepa_2_1_vitg_peft_lora_encoder": {
            "n": 15,
            "delta_mean": -1e-06,
            "delta_ci_lo": -3e-06,
            "delta_ci_hi": -0.0,
            "p_value": 0.0188
          },
          "vjepa_2_1_vitg_peft_dora_encoder_minus_vjepa_2_1_vitg_pretrain_encoder": {
            "n": 15,
            "delta_mean": -0.066667,
            "delta_ci_lo": -0.158334,
            "delta_ci_hi": -0.010001,
            "p_value": 0.0416
          },
          "vjepa_2_1_vitg_peft_dora_encoder_minus_vjepa_2_1_vitg_surgery_raw_encoder": {
            "n": 15,
            "delta_mean": 0.003011,
            "delta_ci_lo": 1e-06,
            "delta_ci_hi": 0.00903,
            "p_value": 0.068
          },
          "vjepa_2_1_vitg_peft_dora_encoder_minus_vjepa_2_1_vitg_surgical_3stage_DI_diheavy_encoder": {
            "n": 15,
            "delta_mean": 0.001865,
            "delta_ci_lo": -0.002156,
            "delta_ci_hi": 0.008531,
            "p_value": 0.4368
          },
          "vjepa_2_1_vitg_peft_dora_encoder_minus_vjepa_2_1_vitg_surgical_3stage_DI_encoder": {
            "n": 15,
            "delta_mean": 5e-06,
            "delta_ci_lo": -0.004985,
            "delta_ci_hi": 0.005002,
            "p_value": 0.7118
          },
          "vjepa_2_1_vitg_peft_dora_encoder_minus_vjepa_2_1_vitg_surgical_3stage_DI_intervene_encoder": {
            "n": 15,
            "delta_mean": -0.009999,
            "delta_ci_lo": -0.029984,
            "delta_ci_hi": -9e-06,
            "p_value": 0.0054
          },
          "vjepa_2_1_vitg_peft_dora_encoder_minus_vjepa_2_1_vitg_surgical_autorgn_encoder": {
            "n": 15,
            "delta_mean": -0.036667,
            "delta_ci_lo": -0.140001,
            "delta_ci_hi": 0.014999,
            "p_value": 0.2794
          },
          "vjepa_2_1_vitg_peft_dora_encoder_minus_vjepa_2_1_vitg_surgical_intervene_wiseft_f30_encoder": {
            "n": 15,
            "delta_mean": -0.046667,
            "delta_ci_lo": -0.148333,
            "delta_ci_hi": 0.003333,
            "p_value": 0.2174
          },
          "vjepa_2_1_vitg_peft_dora_encoder_minus_vjepa_2_1_vitg_surgical_intervene_wiseft_f50_encoder": {
            "n": 15,
            "delta_mean": -0.059027,
            "delta_ci_lo": -0.156375,
            "delta_ci_hi": -0.009514,
            "p_value": 0.0468
          },
          "vjepa_2_1_vitg_peft_dora_encoder_minus_vjepa_2_1_vitg_surgical_intervene_wiseft_f70_encoder": {
            "n": 15,
            "delta_mean": -0.066667,
            "delta_ci_lo": -0.158332,
            "delta_ci_hi": -0.011667,
            "p_value": 0.0304
          },
          "vjepa_2_1_vitg_peft_lora_encoder_minus_vjepa_2_1_vitg_pretrain_encoder": {
            "n": 15,
            "delta_mean": -0.066666,
            "delta_ci_lo": -0.158331,
            "delta_ci_hi": -0.01,
            "p_value": 0.0442
          },
          "vjepa_2_1_vitg_peft_lora_encoder_minus_vjepa_2_1_vitg_surgery_raw_encoder": {
            "n": 15,
            "delta_mean": 0.003012,
            "delta_ci_lo": 2e-06,
            "delta_ci_hi": 0.009032,
            "p_value": 0.0044
          },
          "vjepa_2_1_vitg_peft_lora_encoder_minus_vjepa_2_1_vitg_surgical_3stage_DI_diheavy_encoder": {
            "n": 15,
            "delta_mean": 0.001866,
            "delta_ci_lo": -0.002137,
            "delta_ci_hi": 0.008533,
            "p_value": 0.4368
          },
          "vjepa_2_1_vitg_peft_lora_encoder_minus_vjepa_2_1_vitg_surgical_3stage_DI_encoder": {
            "n": 15,
            "delta_mean": 6e-06,
            "delta_ci_lo": -0.004984,
            "delta_ci_hi": 0.005005,
            "p_value": 0.7118
          },
          "vjepa_2_1_vitg_peft_lora_encoder_minus_vjepa_2_1_vitg_surgical_3stage_DI_intervene_encoder": {
            "n": 15,
            "delta_mean": -0.009998,
            "delta_ci_lo": -0.029982,
            "delta_ci_hi": -8e-06,
            "p_value": 0.0054
          },
          "vjepa_2_1_vitg_peft_lora_encoder_minus_vjepa_2_1_vitg_surgical_autorgn_encoder": {
            "n": 15,
            "delta_mean": -0.036666,
            "delta_ci_lo": -0.141664,
            "delta_ci_hi": 0.015,
            "p_value": 0.2982
          },
          "vjepa_2_1_vitg_peft_lora_encoder_minus_vjepa_2_1_vitg_surgical_intervene_wiseft_f30_encoder": {
            "n": 15,
            "delta_mean": -0.046666,
            "delta_ci_lo": -0.14833,
            "delta_ci_hi": 0.003333,
            "p_value": 0.2174
          },
          "vjepa_2_1_vitg_peft_lora_encoder_minus_vjepa_2_1_vitg_surgical_intervene_wiseft_f50_encoder": {
            "n": 15,
            "delta_mean": -0.059026,
            "delta_ci_lo": -0.156473,
            "delta_ci_hi": -0.009513,
            "p_value": 0.0466
          },
          "vjepa_2_1_vitg_peft_lora_encoder_minus_vjepa_2_1_vitg_surgical_intervene_wiseft_f70_encoder": {
            "n": 15,
            "delta_mean": -0.066665,
            "delta_ci_lo": -0.156764,
            "delta_ci_hi": -0.011666,
            "p_value": 0.0338
          },
          "vjepa_2_1_vitg_pretrain_encoder_minus_vjepa_2_1_vitg_surgery_raw_encoder": {
            "n": 15,
            "delta_mean": 0.069678,
            "delta_ci_lo": 0.013166,
            "delta_ci_hi": 0.161338,
            "p_value": 0.0314
          },
          "vjepa_2_1_vitg_pretrain_encoder_minus_vjepa_2_1_vitg_surgical_3stage_DI_diheavy_encoder": {
            "n": 15,
            "delta_mean": 0.068532,
            "delta_ci_lo": 0.013347,
            "delta_ci_hi": 0.157245,
            "p_value": 0.0234
          },
          "vjepa_2_1_vitg_pretrain_encoder_minus_vjepa_2_1_vitg_surgical_3stage_DI_encoder": {
            "n": 15,
            "delta_mean": 0.066672,
            "delta_ci_lo": 0.011672,
            "delta_ci_hi": 0.15779,
            "p_value": 0.0346
          },
          "vjepa_2_1_vitg_pretrain_encoder_minus_vjepa_2_1_vitg_surgical_3stage_DI_intervene_encoder": {
            "n": 15,
            "delta_mean": 0.056668,
            "delta_ci_lo": 0.003331,
            "delta_ci_hi": 0.149996,
            "p_value": 0.0812
          },
          "vjepa_2_1_vitg_pretrain_encoder_minus_vjepa_2_1_vitg_surgical_autorgn_encoder": {
            "n": 15,
            "delta_mean": 0.03,
            "delta_ci_lo": 0.008333,
            "delta_ci_hi": 0.08,
            "p_value": 0.016
          },
          "vjepa_2_1_vitg_pretrain_encoder_minus_vjepa_2_1_vitg_surgical_intervene_wiseft_f30_encoder": {
            "n": 15,
            "delta_mean": 0.02,
            "delta_ci_lo": -0.008333,
            "delta_ci_hi": 0.068333,
            "p_value": 0.3054
          },
          "vjepa_2_1_vitg_pretrain_encoder_minus_vjepa_2_1_vitg_surgical_intervene_wiseft_f50_encoder": {
            "n": 15,
            "delta_mean": 0.00764,
            "delta_ci_lo": -0.032847,
            "delta_ci_hi": 0.05764,
            "p_value": 0.7488
          },
          "vjepa_2_1_vitg_pretrain_encoder_minus_vjepa_2_1_vitg_surgical_intervene_wiseft_f70_encoder": {
            "n": 15,
            "delta_mean": 0.0,
            "delta_ci_lo": -0.018333,
            "delta_ci_hi": 0.023334,
            "p_value": 0.9408
          },
          "vjepa_2_1_vitg_surgery_raw_encoder_minus_vjepa_2_1_vitg_surgical_3stage_DI_diheavy_encoder": {
            "n": 15,
            "delta_mean": -0.001146,
            "delta_ci_lo": -0.005518,
            "delta_ci_hi": 0.004433,
            "p_value": 0.6212
          },
          "vjepa_2_1_vitg_surgery_raw_encoder_minus_vjepa_2_1_vitg_surgical_3stage_DI_encoder": {
            "n": 15,
            "delta_mean": -0.003006,
            "delta_ci_lo": -0.009498,
            "delta_ci_hi": 0.00016,
            "p_value": 0.1688
          },
          "vjepa_2_1_vitg_surgery_raw_encoder_minus_vjepa_2_1_vitg_surgical_3stage_DI_intervene_encoder": {
            "n": 15,
            "delta_mean": -0.01301,
            "delta_ci_lo": -0.036005,
            "delta_ci_hi": -0.001516,
            "p_value": 0.0014
          },
          "vjepa_2_1_vitg_surgery_raw_encoder_minus_vjepa_2_1_vitg_surgical_autorgn_encoder": {
            "n": 15,
            "delta_mean": -0.039678,
            "delta_ci_lo": -0.143172,
            "delta_ci_hi": 0.010646,
            "p_value": 0.2506
          },
          "vjepa_2_1_vitg_surgery_raw_encoder_minus_vjepa_2_1_vitg_surgical_intervene_wiseft_f30_encoder": {
            "n": 15,
            "delta_mean": -0.049678,
            "delta_ci_lo": -0.149999,
            "delta_ci_hi": 0.000322,
            "p_value": 0.1522
          },
          "vjepa_2_1_vitg_surgery_raw_encoder_minus_vjepa_2_1_vitg_surgical_intervene_wiseft_f50_encoder": {
            "n": 15,
            "delta_mean": -0.062038,
            "delta_ci_lo": -0.158081,
            "delta_ci_hi": -0.012687,
            "p_value": 0.0302
          },
          "vjepa_2_1_vitg_surgery_raw_encoder_minus_vjepa_2_1_vitg_surgical_intervene_wiseft_f70_encoder": {
            "n": 15,
            "delta_mean": -0.069678,
            "delta_ci_lo": -0.159676,
            "delta_ci_hi": -0.016181,
            "p_value": 0.0218
          },
          "vjepa_2_1_vitg_surgical_3stage_DI_diheavy_encoder_minus_vjepa_2_1_vitg_surgical_3stage_DI_encoder": {
            "n": 15,
            "delta_mean": -0.00186,
            "delta_ci_lo": -0.009267,
            "delta_ci_hi": 0.004472,
            "p_value": 0.5508
          },
          "vjepa_2_1_vitg_surgical_3stage_DI_diheavy_encoder_minus_vjepa_2_1_vitg_surgical_3stage_DI_intervene_encoder": {
            "n": 15,
            "delta_mean": -0.011864,
            "delta_ci_lo": -0.035912,
            "delta_ci_hi": -0.000205,
            "p_value": 0.1058
          },
          "vjepa_2_1_vitg_surgical_3stage_DI_diheavy_encoder_minus_vjepa_2_1_vitg_surgical_autorgn_encoder": {
            "n": 15,
            "delta_mean": -0.038532,
            "delta_ci_lo": -0.140574,
            "delta_ci_hi": 0.009991,
            "p_value": 0.26
          },
          "vjepa_2_1_vitg_surgical_3stage_DI_diheavy_encoder_minus_vjepa_2_1_vitg_surgical_intervene_wiseft_f30_encoder": {
            "n": 15,
            "delta_mean": -0.048532,
            "delta_ci_lo": -0.145579,
            "delta_ci_hi": -1.3e-05,
            "p_value": 0.0168
          },
          "vjepa_2_1_vitg_surgical_3stage_DI_diheavy_encoder_minus_vjepa_2_1_vitg_surgical_intervene_wiseft_f50_encoder": {
            "n": 15,
            "delta_mean": -0.060892,
            "delta_ci_lo": -0.153908,
            "delta_ci_hi": -0.013554,
            "p_value": 0.0228
          },
          "vjepa_2_1_vitg_surgical_3stage_DI_diheavy_encoder_minus_vjepa_2_1_vitg_surgical_intervene_wiseft_f70_encoder": {
            "n": 15,
            "delta_mean": -0.068532,
            "delta_ci_lo": -0.155924,
            "delta_ci_hi": -0.016675,
            "p_value": 0.014
          },
          "vjepa_2_1_vitg_surgical_3stage_DI_encoder_minus_vjepa_2_1_vitg_surgical_3stage_DI_intervene_encoder": {
            "n": 15,
            "delta_mean": -0.010004,
            "delta_ci_lo": -0.026667,
            "delta_ci_hi": -0.001673,
            "p_value": 0.0054
          },
          "vjepa_2_1_vitg_surgical_3stage_DI_encoder_minus_vjepa_2_1_vitg_surgical_autorgn_encoder": {
            "n": 15,
            "delta_mean": -0.036672,
            "delta_ci_lo": -0.141669,
            "delta_ci_hi": 0.014997,
            "p_value": 0.2672
          },
          "vjepa_2_1_vitg_surgical_3stage_DI_encoder_minus_vjepa_2_1_vitg_surgical_intervene_wiseft_f30_encoder": {
            "n": 15,
            "delta_mean": -0.046672,
            "delta_ci_lo": -0.15,
            "delta_ci_hi": 0.003328,
            "p_value": 0.1942
          },
          "vjepa_2_1_vitg_surgical_3stage_DI_encoder_minus_vjepa_2_1_vitg_surgical_intervene_wiseft_f50_encoder": {
            "n": 15,
            "delta_mean": -0.059032,
            "delta_ci_lo": -0.157847,
            "delta_ci_hi": -0.009032,
            "p_value": 0.0532
          },
          "vjepa_2_1_vitg_surgical_3stage_DI_encoder_minus_vjepa_2_1_vitg_surgical_intervene_wiseft_f70_encoder": {
            "n": 15,
            "delta_mean": -0.066672,
            "delta_ci_lo": -0.15667,
            "delta_ci_hi": -0.013338,
            "p_value": 0.0256
          },
          "vjepa_2_1_vitg_surgical_3stage_DI_intervene_encoder_minus_vjepa_2_1_vitg_surgical_autorgn_encoder": {
            "n": 15,
            "delta_mean": -0.026668,
            "delta_ci_lo": -0.133322,
            "delta_ci_hi": 0.026663,
            "p_value": 0.4868
          },
          "vjepa_2_1_vitg_surgical_3stage_DI_intervene_encoder_minus_vjepa_2_1_vitg_surgical_intervene_wiseft_f30_encoder": {
            "n": 15,
            "delta_mean": -0.036668,
            "delta_ci_lo": -0.141651,
            "delta_ci_hi": 0.014992,
            "p_value": 0.2782
          },
          "vjepa_2_1_vitg_surgical_3stage_DI_intervene_encoder_minus_vjepa_2_1_vitg_surgical_intervene_wiseft_f50_encoder": {
            "n": 15,
            "delta_mean": -0.049028,
            "delta_ci_lo": -0.147831,
            "delta_ci_hi": 0.004789,
            "p_value": 0.156
          },
          "vjepa_2_1_vitg_surgical_3stage_DI_intervene_encoder_minus_vjepa_2_1_vitg_surgical_intervene_wiseft_f70_encoder": {
            "n": 15,
            "delta_mean": -0.056668,
            "delta_ci_lo": -0.149995,
            "delta_ci_hi": -0.001674,
            "p_value": 0.089
          },
          "vjepa_2_1_vitg_surgical_autorgn_encoder_minus_vjepa_2_1_vitg_surgical_intervene_wiseft_f30_encoder": {
            "n": 15,
            "delta_mean": -0.01,
            "delta_ci_lo": -0.03,
            "delta_ci_hi": 0.0,
            "p_value": 0.232
          },
          "vjepa_2_1_vitg_surgical_autorgn_encoder_minus_vjepa_2_1_vitg_surgical_intervene_wiseft_f50_encoder": {
            "n": 15,
            "delta_mean": -0.02236,
            "delta_ci_lo": -0.068413,
            "delta_ci_hi": -0.00236,
            "p_value": 0.085
          },
          "vjepa_2_1_vitg_surgical_autorgn_encoder_minus_vjepa_2_1_vitg_surgical_intervene_wiseft_f70_encoder": {
            "n": 15,
            "delta_mean": -0.03,
            "delta_ci_lo": -0.071666,
            "delta_ci_hi": -0.008333,
            "p_value": 0.0034
          },
          "vjepa_2_1_vitg_surgical_intervene_wiseft_f30_encoder_minus_vjepa_2_1_vitg_surgical_intervene_wiseft_f50_encoder": {
            "n": 15,
            "delta_mean": -0.01236,
            "delta_ci_lo": -0.044513,
            "delta_ci_hi": 0.00264,
            "p_value": 0.2516
          },
          "vjepa_2_1_vitg_surgical_intervene_wiseft_f30_encoder_minus_vjepa_2_1_vitg_surgical_intervene_wiseft_f70_encoder": {
            "n": 15,
            "delta_mean": -0.02,
            "delta_ci_lo": -0.061666,
            "delta_ci_hi": 0.003334,
            "p_value": 0.2006
          },
          "vjepa_2_1_vitg_surgical_intervene_wiseft_f50_encoder_minus_vjepa_2_1_vitg_surgical_intervene_wiseft_f70_encoder": {
            "n": 15,
            "delta_mean": -0.007639,
            "delta_ci_lo": -0.042153,
            "delta_ci_hi": 0.023054,
            "p_value": 0.6556
          }
        },
        "kendalls_tau": {
          "vjepa_2_1_vitg_frozen_minus_vjepa_2_1_vitg_full_ft_encoder": {
            "n": 15,
            "delta_mean": -0.033332,
            "delta_ci_lo": -0.05369,
            "delta_ci_hi": -0.017868,
            "p_value": 0.0
          },
          "vjepa_2_1_vitg_frozen_minus_vjepa_2_1_vitg_lpft_encoder": {
            "n": 15,
            "delta_mean": -0.024501,
            "delta_ci_lo": -0.056455,
            "delta_ci_hi": -0.006919,
            "p_value": 0.0154
          },
          "vjepa_2_1_vitg_frozen_minus_vjepa_2_1_vitg_peft_dora_encoder": {
            "n": 15,
            "delta_mean": -0.01839,
            "delta_ci_lo": -0.04784,
            "delta_ci_hi": -0.001771,
            "p_value": 0.0708
          },
          "vjepa_2_1_vitg_frozen_minus_vjepa_2_1_vitg_peft_lora_encoder": {
            "n": 15,
            "delta_mean": -0.01839,
            "delta_ci_lo": -0.04784,
            "delta_ci_hi": -0.001771,
            "p_value": 0.0708
          },
          "vjepa_2_1_vitg_frozen_minus_vjepa_2_1_vitg_pretrain_encoder": {
            "n": 15,
            "delta_mean": -0.009291,
            "delta_ci_lo": -0.028553,
            "delta_ci_hi": 0.001795,
            "p_value": 0.1884
          },
          "vjepa_2_1_vitg_frozen_minus_vjepa_2_1_vitg_surgery_raw_encoder": {
            "n": 15,
            "delta_mean": -0.019598,
            "delta_ci_lo": -0.048831,
            "delta_ci_hi": -0.002876,
            "p_value": 0.0514
          },
          "vjepa_2_1_vitg_frozen_minus_vjepa_2_1_vitg_surgical_3stage_DI_diheavy_encoder": {
            "n": 15,
            "delta_mean": -0.024501,
            "delta_ci_lo": -0.056455,
            "delta_ci_hi": -0.006919,
            "p_value": 0.0154
          },
          "vjepa_2_1_vitg_frozen_minus_vjepa_2_1_vitg_surgical_3stage_DI_encoder": {
            "n": 15,
            "delta_mean": -0.01839,
            "delta_ci_lo": -0.04784,
            "delta_ci_hi": -0.001771,
            "p_value": 0.0708
          },
          "vjepa_2_1_vitg_frozen_minus_vjepa_2_1_vitg_surgical_3stage_DI_intervene_encoder": {
            "n": 15,
            "delta_mean": -0.01839,
            "delta_ci_lo": -0.04784,
            "delta_ci_hi": -0.001771,
            "p_value": 0.0708
          },
          "vjepa_2_1_vitg_frozen_minus_vjepa_2_1_vitg_surgical_autorgn_encoder": {
            "n": 15,
            "delta_mean": -0.024501,
            "delta_ci_lo": -0.056455,
            "delta_ci_hi": -0.006919,
            "p_value": 0.0154
          },
          "vjepa_2_1_vitg_frozen_minus_vjepa_2_1_vitg_surgical_intervene_wiseft_f30_encoder": {
            "n": 15,
            "delta_mean": -0.034717,
            "delta_ci_lo": -0.061896,
            "delta_ci_hi": -0.013441,
            "p_value": 0.0024
          },
          "vjepa_2_1_vitg_frozen_minus_vjepa_2_1_vitg_surgical_intervene_wiseft_f50_encoder": {
            "n": 15,
            "delta_mean": -0.028736,
            "delta_ci_lo": -0.053024,
            "delta_ci_hi": -0.011529,
            "p_value": 0.0006
          },
          "vjepa_2_1_vitg_frozen_minus_vjepa_2_1_vitg_surgical_intervene_wiseft_f70_encoder": {
            "n": 15,
            "delta_mean": -0.018614,
            "delta_ci_lo": -0.042904,
            "delta_ci_hi": -0.000344,
            "p_value": 0.0726
          },
          "vjepa_2_1_vitg_full_ft_encoder_minus_vjepa_2_1_vitg_lpft_encoder": {
            "n": 15,
            "delta_mean": 0.00883,
            "delta_ci_lo": -0.019009,
            "delta_ci_hi": 0.033456,
            "p_value": 0.501
          },
          "vjepa_2_1_vitg_full_ft_encoder_minus_vjepa_2_1_vitg_peft_dora_encoder": {
            "n": 15,
            "delta_mean": 0.014942,
            "delta_ci_lo": -0.009456,
            "delta_ci_hi": 0.037706,
            "p_value": 0.2092
          },
          "vjepa_2_1_vitg_full_ft_encoder_minus_vjepa_2_1_vitg_peft_lora_encoder": {
            "n": 15,
            "delta_mean": 0.014942,
            "delta_ci_lo": -0.009456,
            "delta_ci_hi": 0.037706,
            "p_value": 0.2092
          },
          "vjepa_2_1_vitg_full_ft_encoder_minus_vjepa_2_1_vitg_pretrain_encoder": {
            "n": 15,
            "delta_mean": 0.024041,
            "delta_ci_lo": 0.007664,
            "delta_ci_hi": 0.048058,
            "p_value": 0.0066
          },
          "vjepa_2_1_vitg_full_ft_encoder_minus_vjepa_2_1_vitg_surgery_raw_encoder": {
            "n": 15,
            "delta_mean": 0.013733,
            "delta_ci_lo": -0.010418,
            "delta_ci_hi": 0.036672,
            "p_value": 0.2454
          },
          "vjepa_2_1_vitg_full_ft_encoder_minus_vjepa_2_1_vitg_surgical_3stage_DI_diheavy_encoder": {
            "n": 15,
            "delta_mean": 0.00883,
            "delta_ci_lo": -0.019009,
            "delta_ci_hi": 0.033456,
            "p_value": 0.501
          },
          "vjepa_2_1_vitg_full_ft_encoder_minus_vjepa_2_1_vitg_surgical_3stage_DI_encoder": {
            "n": 15,
            "delta_mean": 0.014942,
            "delta_ci_lo": -0.009456,
            "delta_ci_hi": 0.037706,
            "p_value": 0.2092
          },
          "vjepa_2_1_vitg_full_ft_encoder_minus_vjepa_2_1_vitg_surgical_3stage_DI_intervene_encoder": {
            "n": 15,
            "delta_mean": 0.014942,
            "delta_ci_lo": -0.009456,
            "delta_ci_hi": 0.037706,
            "p_value": 0.2092
          },
          "vjepa_2_1_vitg_full_ft_encoder_minus_vjepa_2_1_vitg_surgical_autorgn_encoder": {
            "n": 15,
            "delta_mean": 0.00883,
            "delta_ci_lo": -0.019009,
            "delta_ci_hi": 0.033456,
            "p_value": 0.501
          },
          "vjepa_2_1_vitg_full_ft_encoder_minus_vjepa_2_1_vitg_surgical_intervene_wiseft_f30_encoder": {
            "n": 15,
            "delta_mean": -0.001386,
            "delta_ci_lo": -0.02376,
            "delta_ci_hi": 0.017987,
            "p_value": 0.909
          },
          "vjepa_2_1_vitg_full_ft_encoder_minus_vjepa_2_1_vitg_surgical_intervene_wiseft_f50_encoder": {
            "n": 15,
            "delta_mean": 0.004595,
            "delta_ci_lo": -0.015002,
            "delta_ci_hi": 0.025285,
            "p_value": 0.669
          },
          "vjepa_2_1_vitg_full_ft_encoder_minus_vjepa_2_1_vitg_surgical_intervene_wiseft_f70_encoder": {
            "n": 15,
            "delta_mean": 0.014717,
            "delta_ci_lo": -0.004153,
            "delta_ci_hi": 0.038051,
            "p_value": 0.1572
          },
          "vjepa_2_1_vitg_lpft_encoder_minus_vjepa_2_1_vitg_peft_dora_encoder": {
            "n": 15,
            "delta_mean": 0.006111,
            "delta_ci_lo": 0.0,
            "delta_ci_hi": 0.018334,
            "p_value": 0.2282
          },
          "vjepa_2_1_vitg_lpft_encoder_minus_vjepa_2_1_vitg_peft_lora_encoder": {
            "n": 15,
            "delta_mean": 0.006111,
            "delta_ci_lo": 0.0,
            "delta_ci_hi": 0.018334,
            "p_value": 0.2282
          },
          "vjepa_2_1_vitg_lpft_encoder_minus_vjepa_2_1_vitg_pretrain_encoder": {
            "n": 15,
            "delta_mean": 0.01521,
            "delta_ci_lo": 0.00365,
            "delta_ci_hi": 0.044601,
            "p_value": 0.0172
          },
          "vjepa_2_1_vitg_lpft_encoder_minus_vjepa_2_1_vitg_surgery_raw_encoder": {
            "n": 15,
            "delta_mean": 0.004903,
            "delta_ci_lo": -0.000604,
            "delta_ci_hi": 0.016521,
            "p_value": 0.2294
          },
          "vjepa_2_1_vitg_lpft_encoder_minus_vjepa_2_1_vitg_surgical_3stage_DI_diheavy_encoder": {
            "n": 15,
            "delta_mean": 0.0,
            "delta_ci_lo": NaN,
            "delta_ci_hi": NaN,
            "p_value": 1.0
          },
          "vjepa_2_1_vitg_lpft_encoder_minus_vjepa_2_1_vitg_surgical_3stage_DI_encoder": {
            "n": 15,
            "delta_mean": 0.006111,
            "delta_ci_lo": 0.0,
            "delta_ci_hi": 0.018334,
            "p_value": 0.2282
          },
          "vjepa_2_1_vitg_lpft_encoder_minus_vjepa_2_1_vitg_surgical_3stage_DI_intervene_encoder": {
            "n": 15,
            "delta_mean": 0.006111,
            "delta_ci_lo": 0.0,
            "delta_ci_hi": 0.018334,
            "p_value": 0.2282
          },
          "vjepa_2_1_vitg_lpft_encoder_minus_vjepa_2_1_vitg_surgical_autorgn_encoder": {
            "n": 15,
            "delta_mean": 0.0,
            "delta_ci_lo": NaN,
            "delta_ci_hi": NaN,
            "p_value": 1.0
          },
          "vjepa_2_1_vitg_lpft_encoder_minus_vjepa_2_1_vitg_surgical_intervene_wiseft_f30_encoder": {
            "n": 15,
            "delta_mean": -0.010216,
            "delta_ci_lo": -0.033618,
            "delta_ci_hi": 0.001188,
            "p_value": 0.2442
          },
          "vjepa_2_1_vitg_lpft_encoder_minus_vjepa_2_1_vitg_surgical_intervene_wiseft_f50_encoder": {
            "n": 15,
            "delta_mean": -0.004235,
            "delta_ci_lo": -0.026225,
            "delta_ci_hi": 0.013744,
            "p_value": 0.6908
          },
          "vjepa_2_1_vitg_lpft_encoder_minus_vjepa_2_1_vitg_surgical_intervene_wiseft_f70_encoder": {
            "n": 15,
            "delta_mean": 0.005887,
            "delta_ci_lo": -0.019876,
            "delta_ci_hi": 0.026618,
            "p_value": 0.6058
          },
          "vjepa_2_1_vitg_peft_dora_encoder_minus_vjepa_2_1_vitg_peft_lora_encoder": {
            "n": 15,
            "delta_mean": 0.0,
            "delta_ci_lo": NaN,
            "delta_ci_hi": NaN,
            "p_value": 1.0
          },
          "vjepa_2_1_vitg_peft_dora_encoder_minus_vjepa_2_1_vitg_pretrain_encoder": {
            "n": 15,
            "delta_mean": 0.009099,
            "delta_ci_lo": -0.000589,
            "delta_ci_hi": 0.027493,
            "p_value": 0.1874
          },
          "vjepa_2_1_vitg_peft_dora_encoder_minus_vjepa_2_1_vitg_surgery_raw_encoder": {
            "n": 15,
            "delta_mean": -0.001208,
            "delta_ci_lo": -0.003625,
            "delta_ci_hi": 0.0,
            "p_value": 0.2374
          },
          "vjepa_2_1_vitg_peft_dora_encoder_minus_vjepa_2_1_vitg_surgical_3stage_DI_diheavy_encoder": {
            "n": 15,
            "delta_mean": -0.006111,
            "delta_ci_lo": -0.018334,
            "delta_ci_hi": 0.0,
            "p_value": 0.2282
          },
          "vjepa_2_1_vitg_peft_dora_encoder_minus_vjepa_2_1_vitg_surgical_3stage_DI_encoder": {
            "n": 15,
            "delta_mean": 0.0,
            "delta_ci_lo": NaN,
            "delta_ci_hi": NaN,
            "p_value": 1.0
          },
          "vjepa_2_1_vitg_peft_dora_encoder_minus_vjepa_2_1_vitg_surgical_3stage_DI_intervene_encoder": {
            "n": 15,
            "delta_mean": 0.0,
            "delta_ci_lo": NaN,
            "delta_ci_hi": NaN,
            "p_value": 1.0
          },
          "vjepa_2_1_vitg_peft_dora_encoder_minus_vjepa_2_1_vitg_surgical_autorgn_encoder": {
            "n": 15,
            "delta_mean": -0.006111,
            "delta_ci_lo": -0.018334,
            "delta_ci_hi": 0.0,
            "p_value": 0.2282
          },
          "vjepa_2_1_vitg_peft_dora_encoder_minus_vjepa_2_1_vitg_surgical_intervene_wiseft_f30_encoder": {
            "n": 15,
            "delta_mean": -0.016327,
            "delta_ci_lo": -0.037268,
            "delta_ci_hi": -0.004329,
            "p_value": 0.0158
          },
          "vjepa_2_1_vitg_peft_dora_encoder_minus_vjepa_2_1_vitg_surgical_intervene_wiseft_f50_encoder": {
            "n": 15,
            "delta_mean": -0.010346,
            "delta_ci_lo": -0.031287,
            "delta_ci_hi": 0.010055,
            "p_value": 0.317
          },
          "vjepa_2_1_vitg_peft_dora_encoder_minus_vjepa_2_1_vitg_surgical_intervene_wiseft_f70_encoder": {
            "n": 15,
            "delta_mean": -0.000225,
            "delta_ci_lo": -0.024835,
            "delta_ci_hi": 0.022085,
            "p_value": 0.9922
          },
          "vjepa_2_1_vitg_peft_lora_encoder_minus_vjepa_2_1_vitg_pretrain_encoder": {
            "n": 15,
            "delta_mean": 0.009099,
            "delta_ci_lo": -0.000589,
            "delta_ci_hi": 0.027493,
            "p_value": 0.1874
          },
          "vjepa_2_1_vitg_peft_lora_encoder_minus_vjepa_2_1_vitg_surgery_raw_encoder": {
            "n": 15,
            "delta_mean": -0.001208,
            "delta_ci_lo": -0.003625,
            "delta_ci_hi": 0.0,
            "p_value": 0.2374
          },
          "vjepa_2_1_vitg_peft_lora_encoder_minus_vjepa_2_1_vitg_surgical_3stage_DI_diheavy_encoder": {
            "n": 15,
            "delta_mean": -0.006111,
            "delta_ci_lo": -0.018334,
            "delta_ci_hi": 0.0,
            "p_value": 0.2282
          },
          "vjepa_2_1_vitg_peft_lora_encoder_minus_vjepa_2_1_vitg_surgical_3stage_DI_encoder": {
            "n": 15,
            "delta_mean": 0.0,
            "delta_ci_lo": NaN,
            "delta_ci_hi": NaN,
            "p_value": 1.0
          },
          "vjepa_2_1_vitg_peft_lora_encoder_minus_vjepa_2_1_vitg_surgical_3stage_DI_intervene_encoder": {
            "n": 15,
            "delta_mean": 0.0,
            "delta_ci_lo": NaN,
            "delta_ci_hi": NaN,
            "p_value": 1.0
          },
          "vjepa_2_1_vitg_peft_lora_encoder_minus_vjepa_2_1_vitg_surgical_autorgn_encoder": {
            "n": 15,
            "delta_mean": -0.006111,
            "delta_ci_lo": -0.018334,
            "delta_ci_hi": 0.0,
            "p_value": 0.2282
          },
          "vjepa_2_1_vitg_peft_lora_encoder_minus_vjepa_2_1_vitg_surgical_intervene_wiseft_f30_encoder": {
            "n": 15,
            "delta_mean": -0.016327,
            "delta_ci_lo": -0.037268,
            "delta_ci_hi": -0.004329,
            "p_value": 0.0158
          },
          "vjepa_2_1_vitg_peft_lora_encoder_minus_vjepa_2_1_vitg_surgical_intervene_wiseft_f50_encoder": {
            "n": 15,
            "delta_mean": -0.010346,
            "delta_ci_lo": -0.031287,
            "delta_ci_hi": 0.010055,
            "p_value": 0.317
          },
          "vjepa_2_1_vitg_peft_lora_encoder_minus_vjepa_2_1_vitg_surgical_intervene_wiseft_f70_encoder": {
            "n": 15,
            "delta_mean": -0.000225,
            "delta_ci_lo": -0.024835,
            "delta_ci_hi": 0.022085,
            "p_value": 0.9922
          },
          "vjepa_2_1_vitg_pretrain_encoder_minus_vjepa_2_1_vitg_surgery_raw_encoder": {
            "n": 15,
            "delta_mean": -0.010307,
            "delta_ci_lo": -0.029014,
            "delta_ci_hi": -0.000898,
            "p_value": 0.0824
          },
          "vjepa_2_1_vitg_pretrain_encoder_minus_vjepa_2_1_vitg_surgical_3stage_DI_diheavy_encoder": {
            "n": 15,
            "delta_mean": -0.01521,
            "delta_ci_lo": -0.044601,
            "delta_ci_hi": -0.00365,
            "p_value": 0.0172
          },
          "vjepa_2_1_vitg_pretrain_encoder_minus_vjepa_2_1_vitg_surgical_3stage_DI_encoder": {
            "n": 15,
            "delta_mean": -0.009099,
            "delta_ci_lo": -0.027493,
            "delta_ci_hi": 0.000589,
            "p_value": 0.1874
          },
          "vjepa_2_1_vitg_pretrain_encoder_minus_vjepa_2_1_vitg_surgical_3stage_DI_intervene_encoder": {
            "n": 15,
            "delta_mean": -0.009099,
            "delta_ci_lo": -0.027493,
            "delta_ci_hi": 0.000589,
            "p_value": 0.1874
          },
          "vjepa_2_1_vitg_pretrain_encoder_minus_vjepa_2_1_vitg_surgical_autorgn_encoder": {
            "n": 15,
            "delta_mean": -0.01521,
            "delta_ci_lo": -0.044601,
            "delta_ci_hi": -0.00365,
            "p_value": 0.0172
          },
          "vjepa_2_1_vitg_pretrain_encoder_minus_vjepa_2_1_vitg_surgical_intervene_wiseft_f30_encoder": {
            "n": 15,
            "delta_mean": -0.025426,
            "delta_ci_lo": -0.04973,
            "delta_ci_hi": -0.009015,
            "p_value": 0.002
          },
          "vjepa_2_1_vitg_pretrain_encoder_minus_vjepa_2_1_vitg_surgical_intervene_wiseft_f50_encoder": {
            "n": 15,
            "delta_mean": -0.019445,
            "delta_ci_lo": -0.043998,
            "delta_ci_hi": 0.0014,
            "p_value": 0.0858
          },
          "vjepa_2_1_vitg_pretrain_encoder_minus_vjepa_2_1_vitg_surgical_intervene_wiseft_f70_encoder": {
            "n": 15,
            "delta_mean": -0.009323,
            "delta_ci_lo": -0.033553,
            "delta_ci_hi": 0.014168,
            "p_value": 0.463
          },
          "vjepa_2_1_vitg_surgery_raw_encoder_minus_vjepa_2_1_vitg_surgical_3stage_DI_diheavy_encoder": {
            "n": 15,
            "delta_mean": -0.004903,
            "delta_ci_lo": -0.016521,
            "delta_ci_hi": 0.000604,
            "p_value": 0.2294
          },
          "vjepa_2_1_vitg_surgery_raw_encoder_minus_vjepa_2_1_vitg_surgical_3stage_DI_encoder": {
            "n": 15,
            "delta_mean": 0.001208,
            "delta_ci_lo": 0.0,
            "delta_ci_hi": 0.003625,
            "p_value": 0.2374
          },
          "vjepa_2_1_vitg_surgery_raw_encoder_minus_vjepa_2_1_vitg_surgical_3stage_DI_intervene_encoder": {
            "n": 15,
            "delta_mean": 0.001208,
            "delta_ci_lo": 0.0,
            "delta_ci_hi": 0.003625,
            "p_value": 0.2374
          },
          "vjepa_2_1_vitg_surgery_raw_encoder_minus_vjepa_2_1_vitg_surgical_autorgn_encoder": {
            "n": 15,
            "delta_mean": -0.004903,
            "delta_ci_lo": -0.016521,
            "delta_ci_hi": 0.000604,
            "p_value": 0.2294
          },
          "vjepa_2_1_vitg_surgery_raw_encoder_minus_vjepa_2_1_vitg_surgical_intervene_wiseft_f30_encoder": {
            "n": 15,
            "delta_mean": -0.015119,
            "delta_ci_lo": -0.036525,
            "delta_ci_hi": -0.003305,
            "p_value": 0.0212
          },
          "vjepa_2_1_vitg_surgery_raw_encoder_minus_vjepa_2_1_vitg_surgical_intervene_wiseft_f50_encoder": {
            "n": 15,
            "delta_mean": -0.009138,
            "delta_ci_lo": -0.030309,
            "delta_ci_hi": 0.012073,
            "p_value": 0.3916
          },
          "vjepa_2_1_vitg_surgery_raw_encoder_minus_vjepa_2_1_vitg_surgical_intervene_wiseft_f70_encoder": {
            "n": 15,
            "delta_mean": 0.000984,
            "delta_ci_lo": -0.023673,
            "delta_ci_hi": 0.023902,
            "p_value": 0.93
          },
          "vjepa_2_1_vitg_surgical_3stage_DI_diheavy_encoder_minus_vjepa_2_1_vitg_surgical_3stage_DI_encoder": {
            "n": 15,
            "delta_mean": 0.006111,
            "delta_ci_lo": 0.0,
            "delta_ci_hi": 0.018334,
            "p_value": 0.2282
          },
          "vjepa_2_1_vitg_surgical_3stage_DI_diheavy_encoder_minus_vjepa_2_1_vitg_surgical_3stage_DI_intervene_encoder": {
            "n": 15,
            "delta_mean": 0.006111,
            "delta_ci_lo": 0.0,
            "delta_ci_hi": 0.018334,
            "p_value": 0.2282
          },
          "vjepa_2_1_vitg_surgical_3stage_DI_diheavy_encoder_minus_vjepa_2_1_vitg_surgical_autorgn_encoder": {
            "n": 15,
            "delta_mean": 0.0,
            "delta_ci_lo": NaN,
            "delta_ci_hi": NaN,
            "p_value": 1.0
          },
          "vjepa_2_1_vitg_surgical_3stage_DI_diheavy_encoder_minus_vjepa_2_1_vitg_surgical_intervene_wiseft_f30_encoder": {
            "n": 15,
            "delta_mean": -0.010216,
            "delta_ci_lo": -0.033618,
            "delta_ci_hi": 0.001188,
            "p_value": 0.2442
          },
          "vjepa_2_1_vitg_surgical_3stage_DI_diheavy_encoder_minus_vjepa_2_1_vitg_surgical_intervene_wiseft_f50_encoder": {
            "n": 15,
            "delta_mean": -0.004235,
            "delta_ci_lo": -0.026225,
            "delta_ci_hi": 0.013744,
            "p_value": 0.6908
          },
          "vjepa_2_1_vitg_surgical_3stage_DI_diheavy_encoder_minus_vjepa_2_1_vitg_surgical_intervene_wiseft_f70_encoder": {
            "n": 15,
            "delta_mean": 0.005887,
            "delta_ci_lo": -0.019876,
            "delta_ci_hi": 0.026618,
            "p_value": 0.6058
          },
          "vjepa_2_1_vitg_surgical_3stage_DI_encoder_minus_vjepa_2_1_vitg_surgical_3stage_DI_intervene_encoder": {
            "n": 15,
            "delta_mean": 0.0,
            "delta_ci_lo": NaN,
            "delta_ci_hi": NaN,
            "p_value": 1.0
          },
          "vjepa_2_1_vitg_surgical_3stage_DI_encoder_minus_vjepa_2_1_vitg_surgical_autorgn_encoder": {
            "n": 15,
            "delta_mean": -0.006111,
            "delta_ci_lo": -0.018334,
            "delta_ci_hi": 0.0,
            "p_value": 0.2282
          },
          "vjepa_2_1_vitg_surgical_3stage_DI_encoder_minus_vjepa_2_1_vitg_surgical_intervene_wiseft_f30_encoder": {
            "n": 15,
            "delta_mean": -0.016327,
            "delta_ci_lo": -0.037268,
            "delta_ci_hi": -0.004329,
            "p_value": 0.0158
          },
          "vjepa_2_1_vitg_surgical_3stage_DI_encoder_minus_vjepa_2_1_vitg_surgical_intervene_wiseft_f50_encoder": {
            "n": 15,
            "delta_mean": -0.010346,
            "delta_ci_lo": -0.031287,
            "delta_ci_hi": 0.010055,
            "p_value": 0.317
          },
          "vjepa_2_1_vitg_surgical_3stage_DI_encoder_minus_vjepa_2_1_vitg_surgical_intervene_wiseft_f70_encoder": {
            "n": 15,
            "delta_mean": -0.000225,
            "delta_ci_lo": -0.024835,
            "delta_ci_hi": 0.022085,
            "p_value": 0.9922
          },
          "vjepa_2_1_vitg_surgical_3stage_DI_intervene_encoder_minus_vjepa_2_1_vitg_surgical_autorgn_encoder": {
            "n": 15,
            "delta_mean": -0.006111,
            "delta_ci_lo": -0.018334,
            "delta_ci_hi": 0.0,
            "p_value": 0.2282
          },
          "vjepa_2_1_vitg_surgical_3stage_DI_intervene_encoder_minus_vjepa_2_1_vitg_surgical_intervene_wiseft_f30_encoder": {
            "n": 15,
            "delta_mean": -0.016327,
            "delta_ci_lo": -0.037268,
            "delta_ci_hi": -0.004329,
            "p_value": 0.0158
          },
          "vjepa_2_1_vitg_surgical_3stage_DI_intervene_encoder_minus_vjepa_2_1_vitg_surgical_intervene_wiseft_f50_encoder": {
            "n": 15,
            "delta_mean": -0.010346,
            "delta_ci_lo": -0.031287,
            "delta_ci_hi": 0.010055,
            "p_value": 0.317
          },
          "vjepa_2_1_vitg_surgical_3stage_DI_intervene_encoder_minus_vjepa_2_1_vitg_surgical_intervene_wiseft_f70_encoder": {
            "n": 15,
            "delta_mean": -0.000225,
            "delta_ci_lo": -0.024835,
            "delta_ci_hi": 0.022085,
            "p_value": 0.9922
          },
          "vjepa_2_1_vitg_surgical_autorgn_encoder_minus_vjepa_2_1_vitg_surgical_intervene_wiseft_f30_encoder": {
            "n": 15,
            "delta_mean": -0.010216,
            "delta_ci_lo": -0.033618,
            "delta_ci_hi": 0.001188,
            "p_value": 0.2442
          },
          "vjepa_2_1_vitg_surgical_autorgn_encoder_minus_vjepa_2_1_vitg_surgical_intervene_wiseft_f50_encoder": {
            "n": 15,
            "delta_mean": -0.004235,
            "delta_ci_lo": -0.026225,
            "delta_ci_hi": 0.013744,
            "p_value": 0.6908
          },
          "vjepa_2_1_vitg_surgical_autorgn_encoder_minus_vjepa_2_1_vitg_surgical_intervene_wiseft_f70_encoder": {
            "n": 15,
            "delta_mean": 0.005887,
            "delta_ci_lo": -0.019876,
            "delta_ci_hi": 0.026618,
            "p_value": 0.6058
          },
          "vjepa_2_1_vitg_surgical_intervene_wiseft_f30_encoder_minus_vjepa_2_1_vitg_surgical_intervene_wiseft_f50_encoder": {
            "n": 15,
            "delta_mean": 0.005981,
            "delta_ci_lo": -0.001893,
            "delta_ci_hi": 0.023622,
            "p_value": 0.3486
          },
          "vjepa_2_1_vitg_surgical_intervene_wiseft_f30_encoder_minus_vjepa_2_1_vitg_surgical_intervene_wiseft_f70_encoder": {
            "n": 15,
            "delta_mean": 0.016103,
            "delta_ci_lo": 0.002456,
            "delta_ci_hi": 0.032253,
            "p_value": 0.0272
          },
          "vjepa_2_1_vitg_surgical_intervene_wiseft_f50_encoder_minus_vjepa_2_1_vitg_surgical_intervene_wiseft_f70_encoder": {
            "n": 15,
            "delta_mean": 0.010122,
            "delta_ci_lo": 0.002183,
            "delta_ci_hi": 0.024488,
            "p_value": 0.0294
          }
        }
      }
    }
  }
}

═══ 12:25:58 · STAGE 10 · m13 eval plot — 14 bars + HERO (CPU, ~5s) ═══
m13_eval_plot:   0%|          | 0/15 [00:00<?, ?panel/s]  Saved: outputs/sanity/vjepa_2_1_vitg_1B/eval/eval_10k/probe_plot/eval/head/probe_action_acc_compare.png + .pdf
  Saved: outputs/sanity/vjepa_2_1_vitg_1B/eval/eval_10k/probe_plot/eval/head/probe_motion_cos_compare.png + .pdf
  Saved: outputs/sanity/vjepa_2_1_vitg_1B/eval/eval_10k/probe_plot/eval/head/m13_taxonomy_f1_compare.png + .pdf
  Saved: outputs/sanity/vjepa_2_1_vitg_1B/eval/eval_10k/probe_plot/eval/head/probe_future_mse_compare.png + .pdf
  Saved: outputs/sanity/vjepa_2_1_vitg_1B/eval/eval_10k/probe_plot/eval/predictor/m13_rollout_compare.png + .pdf
  Saved: outputs/sanity/vjepa_2_1_vitg_1B/eval/eval_10k/probe_plot/eval/predictor/m13_causal_compare.png + .pdf
  Saved: outputs/sanity/vjepa_2_1_vitg_1B/eval/eval_10k/probe_plot/eval/predictor/m13_tdist_compare.png + .pdf
  Saved: outputs/sanity/vjepa_2_1_vitg_1B/eval/eval_10k/probe_plot/eval/predictor/m13_teacher_free_compare.png + .pdf
  Saved: outputs/sanity/vjepa_2_1_vitg_1B/eval/eval_10k/probe_plot/eval/predictor/m13_maskratio_compare.png + .pdf
  [skip] order: signed (no better/worse direction) — diagnostic only, kept in CSV not plotted
  Saved: outputs/sanity/vjepa_2_1_vitg_1B/eval/eval_10k/probe_plot/eval/encoder/m13_aot_compare.png + .pdf
  Saved: outputs/sanity/vjepa_2_1_vitg_1B/eval/eval_10k/probe_plot/eval/encoder/m13_tov_compare.png + .pdf
  Saved: outputs/sanity/vjepa_2_1_vitg_1B/eval/eval_10k/probe_plot/eval/encoder/m13_pace_compare.png + .pdf
  Saved: outputs/sanity/vjepa_2_1_vitg_1B/eval/eval_10k/probe_plot/eval/encoder/m13_tcc_tau_compare.png + .pdf
  Saved: outputs/sanity/vjepa_2_1_vitg_1B/eval/eval_10k/probe_plot/eval/encoder/m13_tcc_cycle_compare.png + .pdf
m13_eval_plot: 100%|██████████| 15/15 [00:09<00:00,  1.56panel/s]m13_eval_plot: 100%|██████████| 15/15 [00:09<00:00,  1.56panel/s]
  14/15 bar panels written (14 plotted): ['action_top1', 'aot', 'causal', 'future_mse', 'maskratio', 'motion_cos', 'pace', 'rollout', 'taxonomy_f1', 'tcc_cycle', 'tcc_tau', 'tdist', 'teacher_free', 'tov']  ·  signed (CSV-only, not plotted): ['order']
  [per-backbone] vjepa_2_1_vitg → eval/vjepa_2_1_vitg/  (14 arms vs g-frozen)
  Saved: outputs/sanity/vjepa_2_1_vitg_1B/eval/eval_10k/probe_plot/eval/vjepa_2_1_vitg/m13_hero_table.png + .pdf
  [hero-table] m13_hero_table.{png,pdf,csv} — 13 metric rows drawn (+signed 'order' in CSV only) × 15 cols (transposed) · WINNER col = champion duel (ties shown)
  Saved: outputs/sanity/vjepa_2_1_vitg_1B/eval/eval_10k/probe_plot/eval/vjepa_2_1_vitg/m13_hero_raw_values.png + .pdf
  [hero-heatmap] m13_hero_raw_values.{png,pdf} — 14 rows (frozen + 13 arms) × 13 (raw value CI)
  Saved: outputs/sanity/vjepa_2_1_vitg_1B/eval/eval_10k/probe_plot/eval/vjepa_2_1_vitg/m13_scoreboard_surgery_vs_pretrain.png + .pdf
  [scoreboard] m13_scoreboard_surgery_vs_pretrain — surgery 6 pretrain 0 tie 7
  Saved: outputs/sanity/vjepa_2_1_vitg_1B/eval/eval_10k/probe_plot/eval/vjepa_2_1_vitg/m13_grouped_winner_surgery_vs_pretrain.png + .pdf
  [grouped] m13_grouped_winner_surgery_vs_pretrain — surgery 6 pretrain 0 tie 7
  Saved: outputs/sanity/vjepa_2_1_vitg_1B/eval/eval_10k/probe_plot/eval/vjepa_2_1_vitg/m13_paired_forest_surgery_vs_pretrain.png + .pdf
  [forest] m13_paired_forest_surgery_vs_pretrain.{png,pdf} — 13 metrics · surgery 6 pretrain 0 tie 7
  [stack] m13_hero_raw_values.{png,pdf} — vertical append of 1 LABELLED backbone panels (vjepa_2_1_vitg) · NO averaging
  Saved: outputs/sanity/vjepa_2_1_vitg_1B/eval/eval_10k/probe_plot/eval/m13_paired_diff_heatmap.png + .pdf
  [paired-heatmap] m13_paired_diff_heatmap.{png,pdf} — 13 metrics × 1 backbones
  Plots written to: outputs/sanity/vjepa_2_1_vitg_1B/eval/eval_10k/probe_plot/eval

═══ 12:26:23 · DONE · total wall = 0 min ═══
Artifacts:
  🔥 P1 GATE     outputs/sanity/vjepa_2_1_vitg_1B/eval/eval_10k/probe_action/probe_paired_delta.json
  motion_cos     outputs/sanity/vjepa_2_1_vitg_1B/eval/eval_10k/probe_motion_cos/probe_motion_cos_paired.json
  future_mse     outputs/sanity/vjepa_2_1_vitg_1B/eval/eval_10k/probe_future_mse/probe_future_mse_per_variant.json
  enc_temporal   outputs/sanity/vjepa_2_1_vitg_1B/eval/eval_10k/encoder_temporal/encoder_temporal_per_variant.json (aot/tov/pace/tcc)
  taxonomy lbls  outputs/sanity/vjepa_2_1_vitg_1B/eval/eval_10k/probe_taxonomy/taxonomy_labels.json (consumed by run_train.sh multi-task path)
  plots          outputs/sanity/vjepa_2_1_vitg_1B/eval/eval_10k/probe_plot/eval/{probe_action_loss,probe_action_acc,probe_action_acc_compare,probe_motion_cos_compare,probe_future_mse_compare}.{png,pdf}
Per-encoder probe ckpts:
  outputs/sanity/vjepa_2_1_vitg_1B/eval/eval_10k/probe_action/vjepa_2_1_vitg_frozen/probe.pt
  outputs/sanity/vjepa_2_1_vitg_1B/eval/eval_10k/probe_action/vjepa_2_1_vitg_pretrain_encoder/probe.pt
  outputs/sanity/vjepa_2_1_vitg_1B/eval/eval_10k/probe_action/vjepa_2_1_vitg_surgical_3stage_DI_encoder/probe.pt
  outputs/sanity/vjepa_2_1_vitg_1B/eval/eval_10k/probe_action/vjepa_2_1_vitg_surgical_autorgn_encoder/probe.pt
  outputs/sanity/vjepa_2_1_vitg_1B/eval/eval_10k/probe_action/vjepa_2_1_vitg_surgery_raw_encoder/probe.pt
  outputs/sanity/vjepa_2_1_vitg_1B/eval/eval_10k/probe_action/vjepa_2_1_vitg_full_ft_encoder/probe.pt
  outputs/sanity/vjepa_2_1_vitg_1B/eval/eval_10k/probe_action/vjepa_2_1_vitg_lpft_encoder/probe.pt
  outputs/sanity/vjepa_2_1_vitg_1B/eval/eval_10k/probe_action/vjepa_2_1_vitg_peft_lora_encoder/probe.pt
  outputs/sanity/vjepa_2_1_vitg_1B/eval/eval_10k/probe_action/vjepa_2_1_vitg_peft_dora_encoder/probe.pt
  outputs/sanity/vjepa_2_1_vitg_1B/eval/eval_10k/probe_action/vjepa_2_1_vitg_surgical_3stage_DI_diheavy_encoder/probe.pt
  outputs/sanity/vjepa_2_1_vitg_1B/eval/eval_10k/probe_action/vjepa_2_1_vitg_surgical_3stage_DI_intervene_encoder/probe.pt
  outputs/sanity/vjepa_2_1_vitg_1B/eval/eval_10k/probe_action/vjepa_2_1_vitg_surgical_intervene_wiseft_f30_encoder/probe.pt
  outputs/sanity/vjepa_2_1_vitg_1B/eval/eval_10k/probe_action/vjepa_2_1_vitg_surgical_intervene_wiseft_f50_encoder/probe.pt
  outputs/sanity/vjepa_2_1_vitg_1B/eval/eval_10k/probe_action/vjepa_2_1_vitg_surgical_intervene_wiseft_f70_encoder/probe.pt
