  [encoders] source = --encoders CLI flag
  ✓ eval frame cache:     data/eval_10k_local/m12_frame_cache (min free 80 GB)

═══ 01:33:27 · PRE-FLIGHT ═══
-rw-rw-r-- 1 root root 29G Jun 23 10:34 checkpoints/vjepa2_1_vitG_384.pt
✓ ckpt present
  ✓ mode:                 POC
  ✓ eval_subset:          data/eval_10k_local/eval_10k.json
  ✓ local_data:           data/eval_10k_local
  ✓ encoder_ckpt:         checkpoints/vjepa2_1_vitG_384.pt  (29G)
  ✓ motion_features:      data/eval_10k_local/m04d_motion_features/motion_features.npy  (836K)
  ✓ min_clips_per_class:  100
  ✓ min_per_split:        5
  ✓ encoders:             vjepa_2_1_vitg_frozen vjepa_2_1_vitg_pretrain_encoder vjepa_2_1_vitg_surgical_3stage_DI_encoder vjepa_2_1_vitg_surgical_noDI_encoder vjepa_2_1_vitg_surgical_3stage_DI_head vjepa_2_1_vitg_surgical_noDI_head vjepa_2_1_vitg_surgical_autorgn_encoder vjepa_2_1_vitg_surgery_raw_encoder vjepa_2_1_vitg_full_ft_encoder vjepa_2_1_vitg_lpft_encoder vjepa_2_1_vitg_peft_lora_encoder vjepa_2_1_vitg_peft_dora_encoder vjepa_2_1_vitg_cassle_encoder vjepa_2_1_vitg_ewc_encoder vjepa_2_1_vitg_surgical_3stage_DI_replay25_encoder vjepa_2_1_vitg_surgical_3stage_DI_diheavy_encoder vjepa_2_1_vitg_surgical_3stage_DI_tccaux_encoder vjepa_2_1_vitg_surgical_3stage_DI_intervene_encoder vjepa_2_1_vitg_surgical_3stage_DI_wiseft_encoder vjepa_2_1_vitg_surgical_intervene_wiseft_f30_encoder vjepa_2_1_vitg_surgical_intervene_wiseft_f50_encoder vjepa_2_1_vitg_surgical_intervene_wiseft_f70_encoder
  ✓ skip_stages:          2,3,11,5,6,8,8b,8c
  ✓ cache_policy:         1
  ✓ eval_prefix:          outputs/poc/vjepa_2_1_vitg_1B/eval/eval_10k  (corpus=eval_10k · backbone=vjepa_2_1_vitg)
  ✓ train_root:           outputs/poc/vjepa_2_1_vitg_1B/train

──────────────────────────────────────────────
run_probe cache-policy gather (UPFRONT — one prompt per module)
──────────────────────────────────────────────
  probe_action: cache at outputs/poc/vjepa_2_1_vitg_1B/eval/eval_10k/probe_action/action_labels.json → policy=1 (CACHE_POLICY_ALL)
  probe_cos: cache at outputs/poc/vjepa_2_1_vitg_1B/eval/eval_10k/probe_motion_cos/probe_motion_cos_paired.json → policy=1 (CACHE_POLICY_ALL)
  probe_mse: cache at outputs/poc/vjepa_2_1_vitg_1B/eval/eval_10k/probe_future_mse/probe_future_mse_per_variant.json → policy=1 (CACHE_POLICY_ALL)
  → ACTION=1  COS=1  MSE=1

──────────────────────────────────────────────
P2/P3 trainer-output pre-flight
──────────────────────────────────────────────
  ✓ vjepa_2_1_vitg_frozen: external/HF frozen (no trainer needed)
  ✓ vjepa_2_1_vitg_pretrain_encoder: outputs/poc/vjepa_2_1_vitg_1B/train/m09a_pretrain_encoder/student_encoder.pt
  ✓ vjepa_2_1_vitg_surgical_3stage_DI_encoder: outputs/poc/vjepa_2_1_vitg_1B/train/m09c_surgery_3stage_DI_encoder/student_encoder.pt
  ⚠️  vjepa_2_1_vitg_surgical_noDI_encoder: outputs/poc/vjepa_2_1_vitg_1B/train/m09c_surgery_noDI_encoder/student_encoder.pt not found — train via:
       BACKBONE=vjepa_2_1_vitg ./scripts/run_train.sh surgery_noDI_encoder --POC
  → dropping vjepa_2_1_vitg_surgical_noDI_encoder from this run; pipeline continues with remaining encoders
  ⚠️  vjepa_2_1_vitg_surgical_3stage_DI_head: outputs/poc/vjepa_2_1_vitg_1B/train/m09c_surgery_3stage_DI_head/student_encoder.pt not found — train via:
       BACKBONE=vjepa_2_1_vitg ./scripts/run_train.sh surgery_3stage_DI_head --POC
  → dropping vjepa_2_1_vitg_surgical_3stage_DI_head from this run; pipeline continues with remaining encoders
  ⚠️  vjepa_2_1_vitg_surgical_noDI_head: outputs/poc/vjepa_2_1_vitg_1B/train/m09c_surgery_noDI_head/student_encoder.pt not found — train via:
       BACKBONE=vjepa_2_1_vitg ./scripts/run_train.sh surgery_noDI_head --POC
  → dropping vjepa_2_1_vitg_surgical_noDI_head from this run; pipeline continues with remaining encoders
  ✓ vjepa_2_1_vitg_surgical_autorgn_encoder: outputs/poc/vjepa_2_1_vitg_1B/train/m09e_autorgn_encoder/student_encoder.pt
  ✓ vjepa_2_1_vitg_surgery_raw_encoder: outputs/poc/vjepa_2_1_vitg_1B/train/m09c_surgery_raw_encoder/student_encoder.pt
  ✓ vjepa_2_1_vitg_full_ft_encoder: outputs/poc/vjepa_2_1_vitg_1B/train/m09f_full_ft_encoder/student_encoder.pt
  ✓ vjepa_2_1_vitg_lpft_encoder: outputs/poc/vjepa_2_1_vitg_1B/train/m09f_lpft_encoder/student_encoder.pt
  ✓ vjepa_2_1_vitg_peft_lora_encoder: outputs/poc/vjepa_2_1_vitg_1B/train/m09b_peft_lora_encoder/student_encoder.pt
  ✓ vjepa_2_1_vitg_peft_dora_encoder: outputs/poc/vjepa_2_1_vitg_1B/train/m09b_peft_dora_encoder/student_encoder.pt
  ⚠️  vjepa_2_1_vitg_cassle_encoder: outputs/poc/vjepa_2_1_vitg_1B/train/m09d_cassle_encoder/student_encoder.pt not found — train via:
       BACKBONE=vjepa_2_1_vitg ./scripts/run_train.sh cassle_encoder --POC
  → dropping vjepa_2_1_vitg_cassle_encoder from this run; pipeline continues with remaining encoders
  ⚠️  vjepa_2_1_vitg_ewc_encoder: outputs/poc/vjepa_2_1_vitg_1B/train/m09d_ewc_encoder/student_encoder.pt not found — train via:
       BACKBONE=vjepa_2_1_vitg ./scripts/run_train.sh ewc_encoder --POC
  → dropping vjepa_2_1_vitg_ewc_encoder from this run; pipeline continues with remaining encoders
  ⚠️  vjepa_2_1_vitg_surgical_3stage_DI_replay25_encoder: outputs/poc/vjepa_2_1_vitg_1B/train/m09c_surgery_3stage_DI_replay25_encoder/student_encoder.pt not found — train via:
       BACKBONE=vjepa_2_1_vitg ./scripts/run_train.sh surgery_3stage_DI_replay25_encoder --POC
  → dropping vjepa_2_1_vitg_surgical_3stage_DI_replay25_encoder from this run; pipeline continues with remaining encoders
  ✓ vjepa_2_1_vitg_surgical_3stage_DI_diheavy_encoder: outputs/poc/vjepa_2_1_vitg_1B/train/m09c_surgery_3stage_DI_diheavy_encoder/student_encoder.pt
  ⚠️  vjepa_2_1_vitg_surgical_3stage_DI_tccaux_encoder: outputs/poc/vjepa_2_1_vitg_1B/train/m09c_surgery_3stage_DI_tccaux_encoder/student_encoder.pt not found — train via:
       BACKBONE=vjepa_2_1_vitg ./scripts/run_train.sh surgery_3stage_DI_tccaux_encoder --POC
  → dropping vjepa_2_1_vitg_surgical_3stage_DI_tccaux_encoder from this run; pipeline continues with remaining encoders
  ✓ vjepa_2_1_vitg_surgical_3stage_DI_intervene_encoder: outputs/poc/vjepa_2_1_vitg_1B/train/m09c_surgery_3stage_DI_intervene_encoder/student_encoder.pt
  ⚠️  vjepa_2_1_vitg_surgical_3stage_DI_wiseft_encoder: outputs/poc/vjepa_2_1_vitg_1B/train/m09c_surgical_3stage_DI_wiseft_encoder/student_encoder.pt not found — train via:
       BACKBONE=vjepa_2_1_vitg ./scripts/run_train.sh surgical_3stage_DI_wiseft_encoder --POC
  → dropping vjepa_2_1_vitg_surgical_3stage_DI_wiseft_encoder from this run; pipeline continues with remaining encoders
  ✓ vjepa_2_1_vitg_surgical_intervene_wiseft_f30_encoder: outputs/poc/vjepa_2_1_vitg_1B/train/m09c_surgical_intervene_wiseft_f30_encoder/student_encoder.pt
  ✓ vjepa_2_1_vitg_surgical_intervene_wiseft_f50_encoder: outputs/poc/vjepa_2_1_vitg_1B/train/m09c_surgical_intervene_wiseft_f50_encoder/student_encoder.pt
  ✓ vjepa_2_1_vitg_surgical_intervene_wiseft_f70_encoder: outputs/poc/vjepa_2_1_vitg_1B/train/m09c_surgical_intervene_wiseft_f70_encoder/student_encoder.pt
  → final ENCODERS: vjepa_2_1_vitg_frozen vjepa_2_1_vitg_pretrain_encoder vjepa_2_1_vitg_surgical_3stage_DI_encoder vjepa_2_1_vitg_surgical_autorgn_encoder vjepa_2_1_vitg_surgery_raw_encoder vjepa_2_1_vitg_full_ft_encoder vjepa_2_1_vitg_lpft_encoder vjepa_2_1_vitg_peft_lora_encoder vjepa_2_1_vitg_peft_dora_encoder vjepa_2_1_vitg_surgical_3stage_DI_diheavy_encoder vjepa_2_1_vitg_surgical_3stage_DI_intervene_encoder vjepa_2_1_vitg_surgical_intervene_wiseft_f30_encoder vjepa_2_1_vitg_surgical_intervene_wiseft_f50_encoder vjepa_2_1_vitg_surgical_intervene_wiseft_f70_encoder

──────────────────────────────────────────────
Stage 8 predictor-ckpt pre-flight
──────────────────────────────────────────────
  ✓ vjepa_2_1_vitg_frozen: checkpoints/vjepa2_1_vitg_384.pt
  ✓ vjepa_2_1_vitg_pretrain_encoder: outputs/poc/vjepa_2_1_vitg_1B/train/m09a_pretrain_encoder/m09a_ckpt_best.pt
  ✓ vjepa_2_1_vitg_surgical_3stage_DI_encoder: outputs/poc/vjepa_2_1_vitg_1B/train/m09c_surgery_3stage_DI_encoder/m09c_ckpt_best.pt
  ✓ vjepa_2_1_vitg_surgical_autorgn_encoder: outputs/poc/vjepa_2_1_vitg_1B/train/m09e_autorgn_encoder/m09c_ckpt_best.pt
  ✓ vjepa_2_1_vitg_surgery_raw_encoder: outputs/poc/vjepa_2_1_vitg_1B/train/m09c_surgery_raw_encoder/m09c_ckpt_best.pt
  ✓ vjepa_2_1_vitg_full_ft_encoder: outputs/poc/vjepa_2_1_vitg_1B/train/m09f_full_ft_encoder/m09c_ckpt_best.pt
  ✓ vjepa_2_1_vitg_lpft_encoder: outputs/poc/vjepa_2_1_vitg_1B/train/m09f_lpft_encoder/m09c_ckpt_best.pt
  ✓ vjepa_2_1_vitg_peft_lora_encoder: outputs/poc/vjepa_2_1_vitg_1B/train/m09b_peft_lora_encoder/m09c_ckpt_best.pt
  ✓ vjepa_2_1_vitg_peft_dora_encoder: outputs/poc/vjepa_2_1_vitg_1B/train/m09b_peft_dora_encoder/m09c_ckpt_best.pt
  ✓ vjepa_2_1_vitg_surgical_3stage_DI_diheavy_encoder: outputs/poc/vjepa_2_1_vitg_1B/train/m09c_surgery_3stage_DI_diheavy_encoder/m09c_ckpt_best.pt
  ✓ vjepa_2_1_vitg_surgical_3stage_DI_intervene_encoder: outputs/poc/vjepa_2_1_vitg_1B/train/m09c_surgery_3stage_DI_intervene_encoder/m09c_ckpt_best.pt
  ✓ vjepa_2_1_vitg_surgical_intervene_wiseft_f30_encoder: outputs/poc/vjepa_2_1_vitg_1B/train/m09c_surgical_intervene_wiseft_f30_encoder/m09c_ckpt_best.pt
  ✓ vjepa_2_1_vitg_surgical_intervene_wiseft_f50_encoder: outputs/poc/vjepa_2_1_vitg_1B/train/m09c_surgical_intervene_wiseft_f50_encoder/m09c_ckpt_best.pt
  ✓ vjepa_2_1_vitg_surgical_intervene_wiseft_f70_encoder: outputs/poc/vjepa_2_1_vitg_1B/train/m09c_surgical_intervene_wiseft_f70_encoder/m09c_ckpt_best.pt
  → Stage 8 ENCODERS: vjepa_2_1_vitg_frozen vjepa_2_1_vitg_pretrain_encoder vjepa_2_1_vitg_surgical_3stage_DI_encoder vjepa_2_1_vitg_surgical_autorgn_encoder vjepa_2_1_vitg_surgery_raw_encoder vjepa_2_1_vitg_full_ft_encoder vjepa_2_1_vitg_lpft_encoder vjepa_2_1_vitg_peft_lora_encoder vjepa_2_1_vitg_peft_dora_encoder vjepa_2_1_vitg_surgical_3stage_DI_diheavy_encoder vjepa_2_1_vitg_surgical_3stage_DI_intervene_encoder vjepa_2_1_vitg_surgical_intervene_wiseft_f30_encoder vjepa_2_1_vitg_surgical_intervene_wiseft_f50_encoder vjepa_2_1_vitg_surgical_intervene_wiseft_f70_encoder

──────────────────────────────────────────────
motion_aux_head pre-flight (head-vs-encoder paired-Δ readiness)
──────────────────────────────────────────────
  ✓ vjepa_2_1_vitg_frozen: external frozen (no head — encoder-only path)
  ✓ vjepa_2_1_vitg_pretrain_encoder: outputs/poc/vjepa_2_1_vitg_1B/train/m09a_pretrain_encoder/motion_aux_head.pt
  ✓ vjepa_2_1_vitg_surgical_3stage_DI_encoder: outputs/poc/vjepa_2_1_vitg_1B/train/m09c_surgery_3stage_DI_encoder/motion_aux_head.pt
  ✓ vjepa_2_1_vitg_surgical_autorgn_encoder: outputs/poc/vjepa_2_1_vitg_1B/train/m09e_autorgn_encoder/motion_aux_head.pt
  ✓ vjepa_2_1_vitg_surgery_raw_encoder: outputs/poc/vjepa_2_1_vitg_1B/train/m09c_surgery_raw_encoder/motion_aux_head.pt
  ✓ vjepa_2_1_vitg_full_ft_encoder: outputs/poc/vjepa_2_1_vitg_1B/train/m09f_full_ft_encoder/motion_aux_head.pt
  ✓ vjepa_2_1_vitg_lpft_encoder: outputs/poc/vjepa_2_1_vitg_1B/train/m09f_lpft_encoder/motion_aux_head.pt
  ✓ vjepa_2_1_vitg_peft_lora_encoder: outputs/poc/vjepa_2_1_vitg_1B/train/m09b_peft_lora_encoder/motion_aux_head.pt
  ✓ vjepa_2_1_vitg_peft_dora_encoder: outputs/poc/vjepa_2_1_vitg_1B/train/m09b_peft_dora_encoder/motion_aux_head.pt
  ✓ vjepa_2_1_vitg_surgical_3stage_DI_diheavy_encoder: outputs/poc/vjepa_2_1_vitg_1B/train/m09c_surgery_3stage_DI_diheavy_encoder/motion_aux_head.pt
  ✓ vjepa_2_1_vitg_surgical_3stage_DI_intervene_encoder: outputs/poc/vjepa_2_1_vitg_1B/train/m09c_surgery_3stage_DI_intervene_encoder/motion_aux_head.pt
  ✓ vjepa_2_1_vitg_surgical_intervene_wiseft_f30_encoder: outputs/poc/vjepa_2_1_vitg_1B/train/m09c_surgical_intervene_wiseft_f30_encoder/motion_aux_head.pt
  ✓ vjepa_2_1_vitg_surgical_intervene_wiseft_f50_encoder: outputs/poc/vjepa_2_1_vitg_1B/train/m09c_surgical_intervene_wiseft_f50_encoder/motion_aux_head.pt
  ✓ vjepa_2_1_vitg_surgical_intervene_wiseft_f70_encoder: outputs/poc/vjepa_2_1_vitg_1B/train/m09c_surgical_intervene_wiseft_f70_encoder/motion_aux_head.pt
  → head-augmented eval ENCODERS: vjepa_2_1_vitg_pretrain_encoder vjepa_2_1_vitg_surgical_3stage_DI_encoder vjepa_2_1_vitg_surgical_autorgn_encoder vjepa_2_1_vitg_surgery_raw_encoder vjepa_2_1_vitg_full_ft_encoder vjepa_2_1_vitg_lpft_encoder vjepa_2_1_vitg_peft_lora_encoder vjepa_2_1_vitg_peft_dora_encoder vjepa_2_1_vitg_surgical_3stage_DI_diheavy_encoder vjepa_2_1_vitg_surgical_3stage_DI_intervene_encoder vjepa_2_1_vitg_surgical_intervene_wiseft_f30_encoder vjepa_2_1_vitg_surgical_intervene_wiseft_f50_encoder vjepa_2_1_vitg_surgical_intervene_wiseft_f70_encoder
  → final ENCODERS after head preflight: vjepa_2_1_vitg_frozen vjepa_2_1_vitg_pretrain_encoder vjepa_2_1_vitg_surgical_3stage_DI_encoder vjepa_2_1_vitg_surgical_autorgn_encoder vjepa_2_1_vitg_surgery_raw_encoder vjepa_2_1_vitg_full_ft_encoder vjepa_2_1_vitg_lpft_encoder vjepa_2_1_vitg_peft_lora_encoder vjepa_2_1_vitg_peft_dora_encoder vjepa_2_1_vitg_surgical_3stage_DI_diheavy_encoder vjepa_2_1_vitg_surgical_3stage_DI_intervene_encoder vjepa_2_1_vitg_surgical_intervene_wiseft_f30_encoder vjepa_2_1_vitg_surgical_intervene_wiseft_f50_encoder vjepa_2_1_vitg_surgical_intervene_wiseft_f70_encoder

──────────────────────────────────────────────
Pre-eval pretrain_encoder-cleanup (drop _latest.pt resume anchors)
──────────────────────────────────────────────

═══ 01:33:33 · STAGE 1 · action_probe + taxonomy labels (CPU, ~1-2 min) ═══
  [keep] outputs/poc/vjepa_2_1_vitg_1B/eval/eval_10k/probe_action/action_labels.json present — skipping (--cache-policy 2 to redo)
  [keep] outputs/poc/vjepa_2_1_vitg_1B/eval/eval_10k/probe_taxonomy/taxonomy_labels.json present — skipping (--cache-policy 2 to redo)

═══ 01:33:34 · STAGE 4 · action_probe paired_delta (🔥 P1 GATE — CPU, ~5 min, BCa 10K) ═══
Encoders found: ['vjepa_2_1_vitg_frozen', 'vjepa_2_1_vitg_full_ft_encoder', 'vjepa_2_1_vitg_pretrain_encoder', 'vjepa_2_1_vitg_surgery_raw_encoder', 'vjepa_2_1_vitg_surgical_3stage_DI_encoder', 'vjepa_2_1_vitg_surgical_autorgn_encoder']
{
  "metric": "top1_accuracy",
  "by_encoder": {
    "vjepa_2_1_vitg_frozen": {
      "acc_pct": 42.4658,
      "n": 1825,
      "top1_ci": {
        "mean": 0.424658,
        "ci_lo": 0.402192,
        "ci_hi": 0.447671,
        "ci_half": 0.02274
      }
    },
    "vjepa_2_1_vitg_full_ft_encoder": {
      "acc_pct": 50.9041,
      "n": 1825,
      "top1_ci": {
        "mean": 0.509041,
        "ci_lo": 0.486027,
        "ci_hi": 0.532055,
        "ci_half": 0.023014
      }
    },
    "vjepa_2_1_vitg_pretrain_encoder": {
      "acc_pct": 49.3151,
      "n": 1825,
      "top1_ci": {
        "mean": 0.493151,
        "ci_lo": 0.470685,
        "ci_hi": 0.516712,
        "ci_half": 0.023014
      }
    },
    "vjepa_2_1_vitg_surgery_raw_encoder": {
      "acc_pct": 48.0,
      "n": 1825,
      "top1_ci": {
        "mean": 0.48,
        "ci_lo": 0.456986,
        "ci_hi": 0.502466,
        "ci_half": 0.02274
      }
    },
    "vjepa_2_1_vitg_surgical_3stage_DI_encoder": {
      "acc_pct": 47.6712,
      "n": 1825,
      "top1_ci": {
        "mean": 0.476712,
        "ci_lo": 0.453699,
        "ci_hi": 0.499178,
        "ci_half": 0.02274
      }
    },
    "vjepa_2_1_vitg_surgical_autorgn_encoder": {
      "acc_pct": 49.6986,
      "n": 1825,
      "top1_ci": {
        "mean": 0.496986,
        "ci_lo": 0.473973,
        "ci_hi": 0.519452,
        "ci_half": 0.02274
      }
    }
  },
  "pairwise_deltas": {
    "vjepa_2_1_vitg_frozen_minus_vjepa_2_1_vitg_full_ft_encoder": {
      "n_shared": 1825,
      "delta_pp": -8.4384,
      "ci_lo_pp": -10.6849,
      "ci_hi_pp": -6.3562,
      "ci_half_pp": 2.1644,
      "p_value": 0.0,
      "gate_pass": false,
      "interpretation": "vjepa_2_1_vitg_frozen - vjepa_2_1_vitg_full_ft_encoder > 0 means vjepa_2_1_vitg_frozen more accurate than vjepa_2_1_vitg_full_ft_encoder"
    },
    "vjepa_2_1_vitg_frozen_minus_vjepa_2_1_vitg_pretrain_encoder": {
      "n_shared": 1825,
      "delta_pp": -6.8493,
      "ci_lo_pp": -9.0959,
      "ci_hi_pp": -4.6027,
      "ci_half_pp": 2.2466,
      "p_value": 0.0,
      "gate_pass": false,
      "interpretation": "vjepa_2_1_vitg_frozen - vjepa_2_1_vitg_pretrain_encoder > 0 means vjepa_2_1_vitg_frozen more accurate than vjepa_2_1_vitg_pretrain_encoder"
    },
    "vjepa_2_1_vitg_frozen_minus_vjepa_2_1_vitg_surgery_raw_encoder": {
      "n_shared": 1825,
      "delta_pp": -5.5342,
      "ci_lo_pp": -7.7808,
      "ci_hi_pp": -3.3425,
      "ci_half_pp": 2.2192,
      "p_value": 0.0,
      "gate_pass": false,
      "interpretation": "vjepa_2_1_vitg_frozen - vjepa_2_1_vitg_surgery_raw_encoder > 0 means vjepa_2_1_vitg_frozen more accurate than vjepa_2_1_vitg_surgery_raw_encoder"
    },
    "vjepa_2_1_vitg_frozen_minus_vjepa_2_1_vitg_surgical_3stage_DI_encoder": {
      "n_shared": 1825,
      "delta_pp": -5.2055,
      "ci_lo_pp": -7.4521,
      "ci_hi_pp": -3.0324,
      "ci_half_pp": 2.2098,
      "p_value": 0.0,
      "gate_pass": false,
      "interpretation": "vjepa_2_1_vitg_frozen - vjepa_2_1_vitg_surgical_3stage_DI_encoder > 0 means vjepa_2_1_vitg_frozen more accurate than vjepa_2_1_vitg_surgical_3stage_DI_encoder"
    },
    "vjepa_2_1_vitg_frozen_minus_vjepa_2_1_vitg_surgical_autorgn_encoder": {
      "n_shared": 1825,
      "delta_pp": -7.2329,
      "ci_lo_pp": -9.4247,
      "ci_hi_pp": -5.1507,
      "ci_half_pp": 2.137,
      "p_value": 0.0,
      "gate_pass": false,
      "interpretation": "vjepa_2_1_vitg_frozen - vjepa_2_1_vitg_surgical_autorgn_encoder > 0 means vjepa_2_1_vitg_frozen more accurate than vjepa_2_1_vitg_surgical_autorgn_encoder"
    },
    "vjepa_2_1_vitg_full_ft_encoder_minus_vjepa_2_1_vitg_pretrain_encoder": {
      "n_shared": 1825,
      "delta_pp": 1.589,
      "ci_lo_pp": -0.1644,
      "ci_hi_pp": 3.3425,
      "ci_half_pp": 1.7534,
      "p_value": 0.0888,
      "gate_pass": false,
      "interpretation": "vjepa_2_1_vitg_full_ft_encoder - vjepa_2_1_vitg_pretrain_encoder > 0 means vjepa_2_1_vitg_full_ft_encoder more accurate than vjepa_2_1_vitg_pretrain_encoder"
    },
    "vjepa_2_1_vitg_full_ft_encoder_minus_vjepa_2_1_vitg_surgery_raw_encoder": {
      "n_shared": 1825,
      "delta_pp": 2.9041,
      "ci_lo_pp": 0.9315,
      "ci_hi_pp": 4.8219,
      "ci_half_pp": 1.9452,
      "p_value": 0.0032,
      "gate_pass": true,
      "interpretation": "vjepa_2_1_vitg_full_ft_encoder - vjepa_2_1_vitg_surgery_raw_encoder > 0 means vjepa_2_1_vitg_full_ft_encoder more accurate than vjepa_2_1_vitg_surgery_raw_encoder"
    },
    "vjepa_2_1_vitg_full_ft_encoder_minus_vjepa_2_1_vitg_surgical_3stage_DI_encoder": {
      "n_shared": 1825,
      "delta_pp": 3.2329,
      "ci_lo_pp": 1.2336,
      "ci_hi_pp": 5.2055,
      "ci_half_pp": 1.986,
      "p_value": 0.0014,
      "gate_pass": true,
      "interpretation": "vjepa_2_1_vitg_full_ft_encoder - vjepa_2_1_vitg_surgical_3stage_DI_encoder > 0 means vjepa_2_1_vitg_full_ft_encoder more accurate than vjepa_2_1_vitg_surgical_3stage_DI_encoder"
    },
    "vjepa_2_1_vitg_full_ft_encoder_minus_vjepa_2_1_vitg_surgical_autorgn_encoder": {
      "n_shared": 1825,
      "delta_pp": 1.2055,
      "ci_lo_pp": -0.6575,
      "ci_hi_pp": 3.0685,
      "ci_half_pp": 1.863,
      "p_value": 0.2232,
      "gate_pass": false,
      "interpretation": "vjepa_2_1_vitg_full_ft_encoder - vjepa_2_1_vitg_surgical_autorgn_encoder > 0 means vjepa_2_1_vitg_full_ft_encoder more accurate than vjepa_2_1_vitg_surgical_autorgn_encoder"
    },
    "vjepa_2_1_vitg_pretrain_encoder_minus_vjepa_2_1_vitg_surgery_raw_encoder": {
      "n_shared": 1825,
      "delta_pp": 1.3151,
      "ci_lo_pp": -0.7123,
      "ci_hi_pp": 3.3425,
      "ci_half_pp": 2.0274,
      "p_value": 0.198,
      "gate_pass": false,
      "interpretation": "vjepa_2_1_vitg_pretrain_encoder - vjepa_2_1_vitg_surgery_raw_encoder > 0 means vjepa_2_1_vitg_pretrain_encoder more accurate than vjepa_2_1_vitg_surgery_raw_encoder"
    },
    "vjepa_2_1_vitg_pretrain_encoder_minus_vjepa_2_1_vitg_surgical_3stage_DI_encoder": {
      "n_shared": 1825,
      "delta_pp": 1.6438,
      "ci_lo_pp": -0.274,
      "ci_hi_pp": 3.6164,
      "ci_half_pp": 1.9452,
      "p_value": 0.1038,
      "gate_pass": false,
      "interpretation": "vjepa_2_1_vitg_pretrain_encoder - vjepa_2_1_vitg_surgical_3stage_DI_encoder > 0 means vjepa_2_1_vitg_pretrain_encoder more accurate than vjepa_2_1_vitg_surgical_3stage_DI_encoder"
    },
    "vjepa_2_1_vitg_pretrain_encoder_minus_vjepa_2_1_vitg_surgical_autorgn_encoder": {
      "n_shared": 1825,
      "delta_pp": -0.3836,
      "ci_lo_pp": -2.3562,
      "ci_hi_pp": 1.589,
      "ci_half_pp": 1.9726,
      "p_value": 0.729,
      "gate_pass": false,
      "interpretation": "vjepa_2_1_vitg_pretrain_encoder - vjepa_2_1_vitg_surgical_autorgn_encoder > 0 means vjepa_2_1_vitg_pretrain_encoder more accurate than vjepa_2_1_vitg_surgical_autorgn_encoder"
    },
    "vjepa_2_1_vitg_surgery_raw_encoder_minus_vjepa_2_1_vitg_surgical_3stage_DI_encoder": {
      "n_shared": 1825,
      "delta_pp": 0.3288,
      "ci_lo_pp": -1.4247,
      "ci_hi_pp": 2.137,
      "ci_half_pp": 1.7808,
      "p_value": 0.7584,
      "gate_pass": false,
      "interpretation": "vjepa_2_1_vitg_surgery_raw_encoder - vjepa_2_1_vitg_surgical_3stage_DI_encoder > 0 means vjepa_2_1_vitg_surgery_raw_encoder more accurate than vjepa_2_1_vitg_surgical_3stage_DI_encoder"
    },
    "vjepa_2_1_vitg_surgery_raw_encoder_minus_vjepa_2_1_vitg_surgical_autorgn_encoder": {
      "n_shared": 1825,
      "delta_pp": -1.6986,
      "ci_lo_pp": -3.7808,
      "ci_hi_pp": 0.3362,
      "ci_half_pp": 2.0585,
      "p_value": 0.1108,
      "gate_pass": false,
      "interpretation": "vjepa_2_1_vitg_surgery_raw_encoder - vjepa_2_1_vitg_surgical_autorgn_encoder > 0 means vjepa_2_1_vitg_surgery_raw_encoder more accurate than vjepa_2_1_vitg_surgical_autorgn_encoder"
    },
    "vjepa_2_1_vitg_surgical_3stage_DI_encoder_minus_vjepa_2_1_vitg_surgical_autorgn_encoder": {
      "n_shared": 1825,
      "delta_pp": -2.0274,
      "ci_lo_pp": -4.0,
      "ci_hi_pp": -0.1096,
      "ci_half_pp": 1.9452,
      "p_value": 0.0472,
      "gate_pass": false,
      "interpretation": "vjepa_2_1_vitg_surgical_3stage_DI_encoder - vjepa_2_1_vitg_surgical_autorgn_encoder > 0 means vjepa_2_1_vitg_surgical_3stage_DI_encoder more accurate than vjepa_2_1_vitg_surgical_autorgn_encoder"
    }
  },
  "iter14_paper_deltas": {
    "delta_1_pretrain_vs_frozen": {
      "skipped": true,
      "reason": "missing encoder(s): a=vjepa_2_1_pretrain_encoder (present=False), b=vjepa_2_1_frozen (present=False)",
      "interpretation": "\u03941: pretrain > frozen (continual SSL beats frozen baseline)"
    },
    "delta_2_surgical_vs_pretrain": {
      "skipped": true,
      "reason": "missing encoder(s): a=vjepa_2_1_surgical_3stage_DI_encoder (present=False), b=vjepa_2_1_pretrain_encoder (present=False)",
      "interpretation": "\u03942: surgery > pretrain (factor patching adds value)"
    },
    "delta_3_surgical_vs_pretrain_2X": {
      "skipped": true,
      "reason": "missing encoder(s): a=vjepa_2_1_surgical_3stage_DI_encoder (present=False), b=vjepa_2_1_pretrain_2X_encoder (present=False)",
      "interpretation": "\u03943: surgery > pretrain_2X (CAUSAL \u2014 gain is factor patching, not extra steps)"
    },
    "delta_4_pretrain_vs_pretrain_head": {
      "skipped": true,
      "reason": "missing encoder(s): a=vjepa_2_1_pretrain_encoder (present=False), b=vjepa_2_1_pretrain_head (present=False)",
      "interpretation": "\u03944: pretrain > pretrain_head (does encoder-update add value beyond a trained head?)"
    },
    "delta_5_surgical_vs_surgical_head": {
      "skipped": true,
      "reason": "missing encoder(s): a=vjepa_2_1_surgical_3stage_DI_encoder (present=False), b=vjepa_2_1_surgical_3stage_DI_head (present=False)",
      "interpretation": "\u03945: surgery > surgery_head (KEY iter15 paper claim \u2014 if |\u03945|<0.01, head-only WINS)"
    },
    "delta_6_surgical_head_vs_pretrain_head": {
      "skipped": true,
      "reason": "missing encoder(s): a=vjepa_2_1_surgical_3stage_DI_head (present=False), b=vjepa_2_1_pretrain_head (present=False)",
      "interpretation": "\u03946: surgery_head > pretrain_head (factor data helps even when encoder is frozen)"
    },
    "delta_7_DI_head_vs_noDI_head": {
      "skipped": true,
      "reason": "missing encoder(s): a=vjepa_2_1_surgical_3stage_DI_head (present=False), b=vjepa_2_1_surgical_noDI_head (present=False)",
      "interpretation": "\u03947: 3stage_DI_head > noDI_head (D_I tubes carry signal beyond D_L+D_A)"
    }
  }
}

═══ 01:33:46 · STAGE 12 · probe_taxonomy paired_delta (CPU, 16 dims × encoders, BCa 10K each) ═══
Encoders found: ['vjepa_2_1_vitg_frozen', 'vjepa_2_1_vitg_pretrain_encoder', 'vjepa_2_1_vitg_surgery_raw_encoder', 'vjepa_2_1_vitg_surgical_3stage_DI_encoder', 'vjepa_2_1_vitg_surgical_autorgn_encoder']
Wrote: outputs/poc/vjepa_2_1_vitg_1B/eval/eval_10k/probe_taxonomy/per_dim_acc.json  (15 dims compared)

═══ 01:34:12 · STAGE 13 · probe_taxonomy plot (CPU, ~5s) ═══
  Saved: outputs/poc/vjepa_2_1_vitg_1B/eval/eval_10k/probe_taxonomy/probe_taxonomy_per_dim.png + .pdf

═══ 01:34:17 · STAGE 7 · motion_cos paired_delta (CPU) ═══
Encoders found: ['vjepa_2_1_vitg_frozen', 'vjepa_2_1_vitg_pretrain_encoder', 'vjepa_2_1_vitg_surgery_raw_encoder', 'vjepa_2_1_vitg_surgical_3stage_DI_encoder', 'vjepa_2_1_vitg_surgical_autorgn_encoder']
{
  "metric": "intra_minus_inter_cosine",
  "by_encoder": {
    "vjepa_2_1_vitg_frozen": {
      "score_mean": 0.007001,
      "n": 1825,
      "score_ci": {
        "mean": 0.007001,
        "ci_lo": 0.006288,
        "ci_hi": 0.007665,
        "ci_half": 0.000688
      }
    },
    "vjepa_2_1_vitg_pretrain_encoder": {
      "score_mean": 0.054412,
      "n": 1825,
      "score_ci": {
        "mean": 0.054412,
        "ci_lo": 0.05261,
        "ci_hi": 0.056303,
        "ci_half": 0.001846
      }
    },
    "vjepa_2_1_vitg_surgery_raw_encoder": {
      "score_mean": 0.059692,
      "n": 1825,
      "score_ci": {
        "mean": 0.059692,
        "ci_lo": 0.057803,
        "ci_hi": 0.061677,
        "ci_half": 0.001937
      }
    },
    "vjepa_2_1_vitg_surgical_3stage_DI_encoder": {
      "score_mean": 0.047308,
      "n": 1825,
      "score_ci": {
        "mean": 0.047308,
        "ci_lo": 0.04563,
        "ci_hi": 0.04906,
        "ci_half": 0.001715
      }
    },
    "vjepa_2_1_vitg_surgical_autorgn_encoder": {
      "score_mean": 0.080098,
      "n": 1825,
      "score_ci": {
        "mean": 0.080098,
        "ci_lo": 0.07759,
        "ci_hi": 0.082753,
        "ci_half": 0.002581
      }
    }
  },
  "pairwise_deltas": {
    "vjepa_2_1_vitg_frozen_minus_vjepa_2_1_vitg_pretrain_encoder": {
      "n_shared": 1825,
      "delta_mean": -0.047411,
      "delta_ci_lo": -0.049036,
      "delta_ci_hi": -0.045815,
      "delta_ci_half": 0.00161,
      "p_value": 0.0,
      "gate_pass": false,
      "interpretation": "vjepa_2_1_vitg_frozen - vjepa_2_1_vitg_pretrain_encoder > 0 means vjepa_2_1_vitg_frozen has stronger intra-class motion clustering than vjepa_2_1_vitg_pretrain_encoder"
    },
    "vjepa_2_1_vitg_frozen_minus_vjepa_2_1_vitg_surgery_raw_encoder": {
      "n_shared": 1825,
      "delta_mean": -0.052691,
      "delta_ci_lo": -0.054397,
      "delta_ci_hi": -0.050964,
      "delta_ci_half": 0.001716,
      "p_value": 0.0,
      "gate_pass": false,
      "interpretation": "vjepa_2_1_vitg_frozen - vjepa_2_1_vitg_surgery_raw_encoder > 0 means vjepa_2_1_vitg_frozen has stronger intra-class motion clustering than vjepa_2_1_vitg_surgery_raw_encoder"
    },
    "vjepa_2_1_vitg_frozen_minus_vjepa_2_1_vitg_surgical_3stage_DI_encoder": {
      "n_shared": 1825,
      "delta_mean": -0.040307,
      "delta_ci_lo": -0.041805,
      "delta_ci_hi": -0.038855,
      "delta_ci_half": 0.001475,
      "p_value": 0.0,
      "gate_pass": false,
      "interpretation": "vjepa_2_1_vitg_frozen - vjepa_2_1_vitg_surgical_3stage_DI_encoder > 0 means vjepa_2_1_vitg_frozen has stronger intra-class motion clustering than vjepa_2_1_vitg_surgical_3stage_DI_encoder"
    },
    "vjepa_2_1_vitg_frozen_minus_vjepa_2_1_vitg_surgical_autorgn_encoder": {
      "n_shared": 1825,
      "delta_mean": -0.073096,
      "delta_ci_lo": -0.075483,
      "delta_ci_hi": -0.070682,
      "delta_ci_half": 0.002401,
      "p_value": 0.0,
      "gate_pass": false,
      "interpretation": "vjepa_2_1_vitg_frozen - vjepa_2_1_vitg_surgical_autorgn_encoder > 0 means vjepa_2_1_vitg_frozen has stronger intra-class motion clustering than vjepa_2_1_vitg_surgical_autorgn_encoder"
    },
    "vjepa_2_1_vitg_pretrain_encoder_minus_vjepa_2_1_vitg_surgery_raw_encoder": {
      "n_shared": 1825,
      "delta_mean": -0.00528,
      "delta_ci_lo": -0.005914,
      "delta_ci_hi": -0.004688,
      "delta_ci_half": 0.000613,
      "p_value": 0.0,
      "gate_pass": false,
      "interpretation": "vjepa_2_1_vitg_pretrain_encoder - vjepa_2_1_vitg_surgery_raw_encoder > 0 means vjepa_2_1_vitg_pretrain_encoder has stronger intra-class motion clustering than vjepa_2_1_vitg_surgery_raw_encoder"
    },
    "vjepa_2_1_vitg_pretrain_encoder_minus_vjepa_2_1_vitg_surgical_3stage_DI_encoder": {
      "n_shared": 1825,
      "delta_mean": 0.007104,
      "delta_ci_lo": 0.006497,
      "delta_ci_hi": 0.007675,
      "delta_ci_half": 0.000589,
      "p_value": 0.0,
      "gate_pass": true,
      "interpretation": "vjepa_2_1_vitg_pretrain_encoder - vjepa_2_1_vitg_surgical_3stage_DI_encoder > 0 means vjepa_2_1_vitg_pretrain_encoder has stronger intra-class motion clustering than vjepa_2_1_vitg_surgical_3stage_DI_encoder"
    },
    "vjepa_2_1_vitg_pretrain_encoder_minus_vjepa_2_1_vitg_surgical_autorgn_encoder": {
      "n_shared": 1825,
      "delta_mean": -0.025686,
      "delta_ci_lo": -0.026779,
      "delta_ci_hi": -0.024573,
      "delta_ci_half": 0.001103,
      "p_value": 0.0,
      "gate_pass": false,
      "interpretation": "vjepa_2_1_vitg_pretrain_encoder - vjepa_2_1_vitg_surgical_autorgn_encoder > 0 means vjepa_2_1_vitg_pretrain_encoder has stronger intra-class motion clustering than vjepa_2_1_vitg_surgical_autorgn_encoder"
    },
    "vjepa_2_1_vitg_surgery_raw_encoder_minus_vjepa_2_1_vitg_surgical_3stage_DI_encoder": {
      "n_shared": 1825,
      "delta_mean": 0.012384,
      "delta_ci_lo": 0.011949,
      "delta_ci_hi": 0.012803,
      "delta_ci_half": 0.000427,
      "p_value": 0.0,
      "gate_pass": true,
      "interpretation": "vjepa_2_1_vitg_surgery_raw_encoder - vjepa_2_1_vitg_surgical_3stage_DI_encoder > 0 means vjepa_2_1_vitg_surgery_raw_encoder has stronger intra-class motion clustering than vjepa_2_1_vitg_surgical_3stage_DI_encoder"
    },
    "vjepa_2_1_vitg_surgery_raw_encoder_minus_vjepa_2_1_vitg_surgical_autorgn_encoder": {
      "n_shared": 1825,
      "delta_mean": -0.020406,
      "delta_ci_lo": -0.021409,
      "delta_ci_hi": -0.019395,
      "delta_ci_half": 0.001007,
      "p_value": 0.0,
      "gate_pass": false,
      "interpretation": "vjepa_2_1_vitg_surgery_raw_encoder - vjepa_2_1_vitg_surgical_autorgn_encoder > 0 means vjepa_2_1_vitg_surgery_raw_encoder has stronger intra-class motion clustering than vjepa_2_1_vitg_surgical_autorgn_encoder"
    },
    "vjepa_2_1_vitg_surgical_3stage_DI_encoder_minus_vjepa_2_1_vitg_surgical_autorgn_encoder": {
      "n_shared": 1825,
      "delta_mean": -0.03279,
      "delta_ci_lo": -0.033962,
      "delta_ci_hi": -0.031583,
      "delta_ci_half": 0.00119,
      "p_value": 0.0,
      "gate_pass": false,
      "interpretation": "vjepa_2_1_vitg_surgical_3stage_DI_encoder - vjepa_2_1_vitg_surgical_autorgn_encoder > 0 means vjepa_2_1_vitg_surgical_3stage_DI_encoder has stronger intra-class motion clustering than vjepa_2_1_vitg_surgical_autorgn_encoder"
    }
  }
}

═══ 01:34:22 · STAGE 9 · future_mse paired_per_variant (CPU) ═══
Variants found: ['vjepa_2_1_vitg_frozen', 'vjepa_2_1_vitg_pretrain_encoder', 'vjepa_2_1_vitg_surgical_3stage_DI_encoder', 'vjepa_2_1_vitg_surgical_autorgn_encoder', 'vjepa_2_1_vitg_surgery_raw_encoder']
  [m12d_future_mse] vjepa_2_1_vitg_frozen vs vjepa_2_1_vitg_pretrain_encoder keys disagree by 0.0% — re-aligned to 1825 shared clips (under 5% threshold)
  [m12d_future_mse] vjepa_2_1_vitg_frozen vs vjepa_2_1_vitg_surgical_3stage_DI_encoder keys disagree by 0.0% — re-aligned to 1825 shared clips (under 5% threshold)
  [m12d_future_mse] vjepa_2_1_vitg_frozen vs vjepa_2_1_vitg_surgical_autorgn_encoder keys disagree by 0.0% — re-aligned to 1825 shared clips (under 5% threshold)
  [m12d_future_mse] vjepa_2_1_vitg_frozen vs vjepa_2_1_vitg_surgery_raw_encoder keys disagree by 0.0% — re-aligned to 1825 shared clips (under 5% threshold)
  [m12d_future_mse] vjepa_2_1_vitg_pretrain_encoder vs vjepa_2_1_vitg_surgical_3stage_DI_encoder keys disagree by 0.0% — re-aligned to 1825 shared clips (under 5% threshold)
  [m12d_future_mse] vjepa_2_1_vitg_pretrain_encoder vs vjepa_2_1_vitg_surgical_autorgn_encoder keys disagree by 0.0% — re-aligned to 1825 shared clips (under 5% threshold)
  [m12d_future_mse] vjepa_2_1_vitg_pretrain_encoder vs vjepa_2_1_vitg_surgery_raw_encoder keys disagree by 0.0% — re-aligned to 1825 shared clips (under 5% threshold)
  [m12d_future_mse] vjepa_2_1_vitg_surgical_3stage_DI_encoder vs vjepa_2_1_vitg_surgical_autorgn_encoder keys disagree by 0.0% — re-aligned to 1825 shared clips (under 5% threshold)
  [m12d_future_mse] vjepa_2_1_vitg_surgical_3stage_DI_encoder vs vjepa_2_1_vitg_surgery_raw_encoder keys disagree by 0.0% — re-aligned to 1825 shared clips (under 5% threshold)
  [m12d_future_mse] vjepa_2_1_vitg_surgical_autorgn_encoder vs vjepa_2_1_vitg_surgery_raw_encoder keys disagree by 0.0% — re-aligned to 1825 shared clips (under 5% threshold)
{
  "metric": "future_frame_l1_loss",
  "by_variant": {
    "vjepa_2_1_frozen": null,
    "vjepa_2_1_pretrain_encoder": null,
    "vjepa_2_1_pretrain_2X_encoder": null,
    "vjepa_2_1_surgical_3stage_DI_encoder": null,
    "vjepa_2_1_surgical_3stage_DI_replay25_encoder": null,
    "vjepa_2_1_surgical_3stage_DI_diheavy_encoder": null,
    "vjepa_2_1_surgical_3stage_DI_tccaux_encoder": null,
    "vjepa_2_1_surgical_3stage_DI_intervene_encoder": null,
    "vjepa_2_1_surgical_3stage_DI_wiseft_encoder": null,
    "vjepa_2_1_surgical_intervene_wiseft_f30_encoder": null,
    "vjepa_2_1_surgical_intervene_wiseft_f50_encoder": null,
    "vjepa_2_1_surgical_intervene_wiseft_f70_encoder": null,
    "vjepa_2_1_surgical_noDI_encoder": null,
    "vjepa_2_1_surgical_autorgn_encoder": null,
    "vjepa_2_1_surgery_raw_encoder": null,
    "vjepa_2_1_full_ft_encoder": null,
    "vjepa_2_1_lpft_encoder": null,
    "vjepa_2_1_peft_lora_encoder": null,
    "vjepa_2_1_peft_dora_encoder": null,
    "vjepa_2_1_cassle_encoder": null,
    "vjepa_2_1_ewc_encoder": null,
    "vjepa_2_1_pretrain_head": null,
    "vjepa_2_1_surgical_3stage_DI_head": null,
    "vjepa_2_1_surgical_noDI_head": null,
    "vjepa_2_0_vitg_frozen": null,
    "vjepa_1_vitL_frozen": null,
    "vjepa_1_vitH_frozen": null,
    "vjepa_2_1_vitg_frozen": {
      "mse_mean": 0.636863,
      "mse_std": 0.027133,
      "mse_ci": {
        "mean": 0.636863,
        "ci_lo": 0.635591,
        "ci_hi": 0.638082,
        "ci_half": 0.001246
      },
      "n": 1825
    },
    "vjepa_2_1_vitL_frozen": null,
    "vjepa_2_vitL_256_frozen": null,
    "vjepa_2_1_vitg_pretrain_encoder": {
      "mse_mean": 0.607266,
      "mse_std": 0.025955,
      "mse_ci": {
        "mean": 0.607266,
        "ci_lo": 0.606055,
        "ci_hi": 0.608424,
        "ci_half": 0.001185
      },
      "n": 1825
    },
    "vjepa_2_1_vitg_pretrain_2X_encoder": null,
    "vjepa_2_1_vitg_pretrain_head": null,
    "vjepa_2_1_vitg_surgical_3stage_DI_encoder": {
      "mse_mean": 0.59138,
      "mse_std": 0.028096,
      "mse_ci": {
        "mean": 0.59138,
        "ci_lo": 0.59009,
        "ci_hi": 0.592656,
        "ci_half": 0.001283
      },
      "n": 1825
    },
    "vjepa_2_1_vitg_surgical_noDI_encoder": null,
    "vjepa_2_1_vitg_surgical_3stage_DI_head": null,
    "vjepa_2_1_vitg_surgical_noDI_head": null,
    "vjepa_2_1_vitg_surgical_autorgn_encoder": {
      "mse_mean": 0.611286,
      "mse_std": 0.025979,
      "mse_ci": {
        "mean": 0.611286,
        "ci_lo": 0.610113,
        "ci_hi": 0.612455,
        "ci_half": 0.001171
      },
      "n": 1825
    },
    "vjepa_2_1_vitg_surgery_raw_encoder": {
      "mse_mean": 0.587182,
      "mse_std": 0.028484,
      "mse_ci": {
        "mean": 0.587182,
        "ci_lo": 0.585803,
        "ci_hi": 0.588466,
        "ci_half": 0.001331
      },
      "n": 1825
    },
    "vjepa_2_1_vitg_full_ft_encoder": null,
    "vjepa_2_1_vitg_lpft_encoder": null,
    "vjepa_2_1_vitg_peft_lora_encoder": null,
    "vjepa_2_1_vitg_peft_dora_encoder": null,
    "vjepa_2_1_vitg_surgical_3stage_DI_diheavy_encoder": null,
    "vjepa_2_1_vitg_surgical_3stage_DI_intervene_encoder": null,
    "vjepa_2_1_vitg_surgical_intervene_wiseft_f30_encoder": null,
    "vjepa_2_1_vitg_surgical_intervene_wiseft_f50_encoder": null,
    "vjepa_2_1_vitg_surgical_intervene_wiseft_f70_encoder": null,
    "vjepa_2_0_vitg_pretrain_encoder": null,
    "vjepa_2_0_vitg_pretrain_2X_encoder": null,
    "vjepa_2_0_vitg_pretrain_head": null,
    "vjepa_2_0_vitg_surgical_3stage_DI_encoder": null,
    "vjepa_2_0_vitg_surgical_noDI_encoder": null,
    "vjepa_2_0_vitg_surgical_3stage_DI_head": null,
    "vjepa_2_0_vitg_surgical_noDI_head": null,
    "dinov2": "n/a \u2014 no future-frame predictor"
  },
  "pairwise_deltas": {
    "vjepa_2_1_vitg_frozen_minus_vjepa_2_1_vitg_pretrain_encoder": {
      "n": 1825,
      "delta_mean": 0.029597,
      "delta_ci_lo": 0.028753,
      "delta_ci_hi": 0.030393,
      "delta_ci_half": 0.00082,
      "p_value": 0.0,
      "interpretation": "vjepa_2_1_vitg_frozen - vjepa_2_1_vitg_pretrain_encoder > 0 means vjepa_2_1_vitg_frozen has HIGHER MSE (worse future-frame prediction) than vjepa_2_1_vitg_pretrain_encoder; lower MSE = better."
    },
    "vjepa_2_1_vitg_frozen_minus_vjepa_2_1_vitg_surgical_3stage_DI_encoder": {
      "n": 1825,
      "delta_mean": 0.045482,
      "delta_ci_lo": 0.044664,
      "delta_ci_hi": 0.046257,
      "delta_ci_half": 0.000797,
      "p_value": 0.0,
      "interpretation": "vjepa_2_1_vitg_frozen - vjepa_2_1_vitg_surgical_3stage_DI_encoder > 0 means vjepa_2_1_vitg_frozen has HIGHER MSE (worse future-frame prediction) than vjepa_2_1_vitg_surgical_3stage_DI_encoder; lower MSE = better."
    },
    "vjepa_2_1_vitg_frozen_minus_vjepa_2_1_vitg_surgical_autorgn_encoder": {
      "n": 1825,
      "delta_mean": 0.025577,
      "delta_ci_lo": 0.024734,
      "delta_ci_hi": 0.026395,
      "delta_ci_half": 0.000831,
      "p_value": 0.0,
      "interpretation": "vjepa_2_1_vitg_frozen - vjepa_2_1_vitg_surgical_autorgn_encoder > 0 means vjepa_2_1_vitg_frozen has HIGHER MSE (worse future-frame prediction) than vjepa_2_1_vitg_surgical_autorgn_encoder; lower MSE = better."
    },
    "vjepa_2_1_vitg_frozen_minus_vjepa_2_1_vitg_surgery_raw_encoder": {
      "n": 1825,
      "delta_mean": 0.04968,
      "delta_ci_lo": 0.048929,
      "delta_ci_hi": 0.050454,
      "delta_ci_half": 0.000763,
      "p_value": 0.0,
      "interpretation": "vjepa_2_1_vitg_frozen - vjepa_2_1_vitg_surgery_raw_encoder > 0 means vjepa_2_1_vitg_frozen has HIGHER MSE (worse future-frame prediction) than vjepa_2_1_vitg_surgery_raw_encoder; lower MSE = better."
    },
    "vjepa_2_1_vitg_pretrain_encoder_minus_vjepa_2_1_vitg_surgical_3stage_DI_encoder": {
      "n": 1825,
      "delta_mean": 0.015885,
      "delta_ci_lo": 0.015118,
      "delta_ci_hi": 0.016652,
      "delta_ci_half": 0.000767,
      "p_value": 0.0,
      "interpretation": "vjepa_2_1_vitg_pretrain_encoder - vjepa_2_1_vitg_surgical_3stage_DI_encoder > 0 means vjepa_2_1_vitg_pretrain_encoder has HIGHER MSE (worse future-frame prediction) than vjepa_2_1_vitg_surgical_3stage_DI_encoder; lower MSE = better."
    },
    "vjepa_2_1_vitg_pretrain_encoder_minus_vjepa_2_1_vitg_surgical_autorgn_encoder": {
      "n": 1825,
      "delta_mean": -0.00402,
      "delta_ci_lo": -0.00473,
      "delta_ci_hi": -0.003288,
      "delta_ci_half": 0.000721,
      "p_value": 0.0,
      "interpretation": "vjepa_2_1_vitg_pretrain_encoder - vjepa_2_1_vitg_surgical_autorgn_encoder > 0 means vjepa_2_1_vitg_pretrain_encoder has HIGHER MSE (worse future-frame prediction) than vjepa_2_1_vitg_surgical_autorgn_encoder; lower MSE = better."
    },
    "vjepa_2_1_vitg_pretrain_encoder_minus_vjepa_2_1_vitg_surgery_raw_encoder": {
      "n": 1825,
      "delta_mean": 0.020083,
      "delta_ci_lo": 0.019325,
      "delta_ci_hi": 0.02083,
      "delta_ci_half": 0.000753,
      "p_value": 0.0,
      "interpretation": "vjepa_2_1_vitg_pretrain_encoder - vjepa_2_1_vitg_surgery_raw_encoder > 0 means vjepa_2_1_vitg_pretrain_encoder has HIGHER MSE (worse future-frame prediction) than vjepa_2_1_vitg_surgery_raw_encoder; lower MSE = better."
    },
    "vjepa_2_1_vitg_surgical_3stage_DI_encoder_minus_vjepa_2_1_vitg_surgical_autorgn_encoder": {
      "n": 1825,
      "delta_mean": -0.019905,
      "delta_ci_lo": -0.0207,
      "delta_ci_hi": -0.019138,
      "delta_ci_half": 0.000781,
      "p_value": 0.0,
      "interpretation": "vjepa_2_1_vitg_surgical_3stage_DI_encoder - vjepa_2_1_vitg_surgical_autorgn_encoder > 0 means vjepa_2_1_vitg_surgical_3stage_DI_encoder has HIGHER MSE (worse future-frame prediction) than vjepa_2_1_vitg_surgical_autorgn_encoder; lower MSE = better."
    },
    "vjepa_2_1_vitg_surgical_3stage_DI_encoder_minus_vjepa_2_1_vitg_surgery_raw_encoder": {
      "n": 1825,
      "delta_mean": 0.004198,
      "delta_ci_lo": 0.003492,
      "delta_ci_hi": 0.004903,
      "delta_ci_half": 0.000706,
      "p_value": 0.0,
      "interpretation": "vjepa_2_1_vitg_surgical_3stage_DI_encoder - vjepa_2_1_vitg_surgery_raw_encoder > 0 means vjepa_2_1_vitg_surgical_3stage_DI_encoder has HIGHER MSE (worse future-frame prediction) than vjepa_2_1_vitg_surgery_raw_encoder; lower MSE = better."
    },
    "vjepa_2_1_vitg_surgical_autorgn_encoder_minus_vjepa_2_1_vitg_surgery_raw_encoder": {
      "n": 1825,
      "delta_mean": 0.024103,
      "delta_ci_lo": 0.023324,
      "delta_ci_hi": 0.024876,
      "delta_ci_half": 0.000776,
      "p_value": 0.0,
      "interpretation": "vjepa_2_1_vitg_surgical_autorgn_encoder - vjepa_2_1_vitg_surgery_raw_encoder > 0 means vjepa_2_1_vitg_surgical_autorgn_encoder has HIGHER MSE (worse future-frame prediction) than vjepa_2_1_vitg_surgery_raw_encoder; lower MSE = better."
    }
  }
}

═══ 01:34:28 · STAGE 9b · predictor_temporal paired_per_variant (CPU) ═══
{
  "metrics": {
    "rollout": {
      "by_variant": {
        "vjepa_2_1_vitg_frozen": {
          "variant": "vjepa_2_1_vitg_frozen",
          "metric": "rollout",
          "n_test": 1825,
          "mean": 0.007262,
          "std": 0.00511,
          "ci": {
            "mean": 0.007262,
            "ci_lo": 0.007027,
            "ci_hi": 0.007502,
            "ci_half": 0.000237
          },
          "lower_is_better": true,
          "interpretation": "free-run drift slope; lower = stabler dynamics",
          "num_frames": 16,
          "encoder_ckpt": "checkpoints/vjepa2_1_vitg_384.pt"
        },
        "vjepa_2_1_vitg_full_ft_encoder": {
          "variant": "vjepa_2_1_vitg_full_ft_encoder",
          "metric": "rollout",
          "n_test": 1825,
          "mean": 0.00591,
          "std": 0.005653,
          "ci": {
            "mean": 0.00591,
            "ci_lo": 0.005659,
            "ci_hi": 0.006174,
            "ci_half": 0.000257
          },
          "lower_is_better": true,
          "interpretation": "free-run drift slope; lower = stabler dynamics",
          "num_frames": 16,
          "encoder_ckpt": "outputs/poc/vjepa_2_1_vitg_1B/train/m09f_full_ft_encoder/m09c_ckpt_best.pt"
        },
        "vjepa_2_1_vitg_pretrain_encoder": {
          "variant": "vjepa_2_1_vitg_pretrain_encoder",
          "metric": "rollout",
          "n_test": 1825,
          "mean": 0.005962,
          "std": 0.005282,
          "ci": {
            "mean": 0.005962,
            "ci_lo": 0.005729,
            "ci_hi": 0.006214,
            "ci_half": 0.000243
          },
          "lower_is_better": true,
          "interpretation": "free-run drift slope; lower = stabler dynamics",
          "num_frames": 16,
          "encoder_ckpt": "outputs/poc/vjepa_2_1_vitg_1B/train/m09a_pretrain_encoder/m09a_ckpt_best.pt"
        },
        "vjepa_2_1_vitg_surgery_raw_encoder": {
          "variant": "vjepa_2_1_vitg_surgery_raw_encoder",
          "metric": "rollout",
          "n_test": 1825,
          "mean": 0.005486,
          "std": 0.005836,
          "ci": {
            "mean": 0.005486,
            "ci_lo": 0.005218,
            "ci_hi": 0.005746,
            "ci_half": 0.000264
          },
          "lower_is_better": true,
          "interpretation": "free-run drift slope; lower = stabler dynamics",
          "num_frames": 16,
          "encoder_ckpt": "outputs/poc/vjepa_2_1_vitg_1B/train/m09c_surgery_raw_encoder/m09c_ckpt_best.pt"
        },
        "vjepa_2_1_vitg_surgical_3stage_DI_encoder": {
          "variant": "vjepa_2_1_vitg_surgical_3stage_DI_encoder",
          "metric": "rollout",
          "n_test": 1825,
          "mean": 0.006428,
          "std": 0.005828,
          "ci": {
            "mean": 0.006428,
            "ci_lo": 0.00616,
            "ci_hi": 0.006705,
            "ci_half": 0.000272
          },
          "lower_is_better": true,
          "interpretation": "free-run drift slope; lower = stabler dynamics",
          "num_frames": 16,
          "encoder_ckpt": "outputs/poc/vjepa_2_1_vitg_1B/train/m09c_surgery_3stage_DI_encoder/m09c_ckpt_best.pt"
        },
        "vjepa_2_1_vitg_surgical_autorgn_encoder": {
          "variant": "vjepa_2_1_vitg_surgical_autorgn_encoder",
          "metric": "rollout",
          "n_test": 1825,
          "mean": 0.005648,
          "std": 0.005834,
          "ci": {
            "mean": 0.005648,
            "ci_lo": 0.00538,
            "ci_hi": 0.005912,
            "ci_half": 0.000266
          },
          "lower_is_better": true,
          "interpretation": "free-run drift slope; lower = stabler dynamics",
          "num_frames": 16,
          "encoder_ckpt": "outputs/poc/vjepa_2_1_vitg_1B/train/m09e_autorgn_encoder/m09c_ckpt_best.pt"
        }
      },
      "pairwise_deltas": {
        "vjepa_2_1_vitg_frozen_minus_vjepa_2_1_vitg_full_ft_encoder": {
          "n": 1825,
          "delta_mean": 0.001352,
          "delta_ci_lo": 0.001212,
          "delta_ci_hi": 0.001492,
          "p_value": 0.0
        },
        "vjepa_2_1_vitg_frozen_minus_vjepa_2_1_vitg_pretrain_encoder": {
          "n": 1825,
          "delta_mean": 0.0013,
          "delta_ci_lo": 0.001192,
          "delta_ci_hi": 0.001411,
          "p_value": 0.0
        },
        "vjepa_2_1_vitg_frozen_minus_vjepa_2_1_vitg_surgery_raw_encoder": {
          "n": 1825,
          "delta_mean": 0.001776,
          "delta_ci_lo": 0.001658,
          "delta_ci_hi": 0.001893,
          "p_value": 0.0
        },
        "vjepa_2_1_vitg_frozen_minus_vjepa_2_1_vitg_surgical_3stage_DI_encoder": {
          "n": 1825,
          "delta_mean": 0.000834,
          "delta_ci_lo": 0.000734,
          "delta_ci_hi": 0.000937,
          "p_value": 0.0
        },
        "vjepa_2_1_vitg_frozen_minus_vjepa_2_1_vitg_surgical_autorgn_encoder": {
          "n": 1825,
          "delta_mean": 0.001614,
          "delta_ci_lo": 0.001489,
          "delta_ci_hi": 0.001744,
          "p_value": 0.0
        },
        "vjepa_2_1_vitg_full_ft_encoder_minus_vjepa_2_1_vitg_pretrain_encoder": {
          "n": 1825,
          "delta_mean": -5.2e-05,
          "delta_ci_lo": -0.00014,
          "delta_ci_hi": 3.6e-05,
          "p_value": 0.2486
        },
        "vjepa_2_1_vitg_full_ft_encoder_minus_vjepa_2_1_vitg_surgery_raw_encoder": {
          "n": 1825,
          "delta_mean": 0.000424,
          "delta_ci_lo": 0.000355,
          "delta_ci_hi": 0.000491,
          "p_value": 0.0
        },
        "vjepa_2_1_vitg_full_ft_encoder_minus_vjepa_2_1_vitg_surgical_3stage_DI_encoder": {
          "n": 1825,
          "delta_mean": -0.000517,
          "delta_ci_lo": -0.000618,
          "delta_ci_hi": -0.00042,
          "p_value": 0.0
        },
        "vjepa_2_1_vitg_full_ft_encoder_minus_vjepa_2_1_vitg_surgical_autorgn_encoder": {
          "n": 1825,
          "delta_mean": 0.000263,
          "delta_ci_lo": 0.000208,
          "delta_ci_hi": 0.000317,
          "p_value": 0.0
        },
        "vjepa_2_1_vitg_pretrain_encoder_minus_vjepa_2_1_vitg_surgery_raw_encoder": {
          "n": 1825,
          "delta_mean": 0.000476,
          "delta_ci_lo": 0.000398,
          "delta_ci_hi": 0.00055,
          "p_value": 0.0
        },
        "vjepa_2_1_vitg_pretrain_encoder_minus_vjepa_2_1_vitg_surgical_3stage_DI_encoder": {
          "n": 1825,
          "delta_mean": -0.000465,
          "delta_ci_lo": -0.000556,
          "delta_ci_hi": -0.000376,
          "p_value": 0.0
        },
        "vjepa_2_1_vitg_pretrain_encoder_minus_vjepa_2_1_vitg_surgical_autorgn_encoder": {
          "n": 1825,
          "delta_mean": 0.000315,
          "delta_ci_lo": 0.000238,
          "delta_ci_hi": 0.00039,
          "p_value": 0.0
        },
        "vjepa_2_1_vitg_surgery_raw_encoder_minus_vjepa_2_1_vitg_surgical_3stage_DI_encoder": {
          "n": 1825,
          "delta_mean": -0.000941,
          "delta_ci_lo": -0.001011,
          "delta_ci_hi": -0.000874,
          "p_value": 0.0
        },
        "vjepa_2_1_vitg_surgery_raw_encoder_minus_vjepa_2_1_vitg_surgical_autorgn_encoder": {
          "n": 1825,
          "delta_mean": -0.000161,
          "delta_ci_lo": -0.000217,
          "delta_ci_hi": -0.000106,
          "p_value": 0.0
        },
        "vjepa_2_1_vitg_surgical_3stage_DI_encoder_minus_vjepa_2_1_vitg_surgical_autorgn_encoder": {
          "n": 1825,
          "delta_mean": 0.00078,
          "delta_ci_lo": 0.000703,
          "delta_ci_hi": 0.000858,
          "p_value": 0.0
        }
      },
      "lower_is_better": true
    },
    "causal": {
      "by_variant": {
        "vjepa_2_1_vitg_frozen": {
          "variant": "vjepa_2_1_vitg_frozen",
          "metric": "causal",
          "n_test": 1825,
          "mean": 0.655149,
          "std": 0.034144,
          "ci": {
            "mean": 0.655148,
            "ci_lo": 0.653607,
            "ci_hi": 0.656744,
            "ci_half": 0.001569
          },
          "lower_is_better": true,
          "interpretation": "causal future-block L1; lower = better",
          "num_frames": 16,
          "encoder_ckpt": "checkpoints/vjepa2_1_vitg_384.pt"
        },
        "vjepa_2_1_vitg_full_ft_encoder": {
          "variant": "vjepa_2_1_vitg_full_ft_encoder",
          "metric": "causal",
          "n_test": 1825,
          "mean": 0.648499,
          "std": 0.035527,
          "ci": {
            "mean": 0.648499,
            "ci_lo": 0.646868,
            "ci_hi": 0.6501,
            "ci_half": 0.001616
          },
          "lower_is_better": true,
          "interpretation": "causal future-block L1; lower = better",
          "num_frames": 16,
          "encoder_ckpt": "outputs/poc/vjepa_2_1_vitg_1B/train/m09f_full_ft_encoder/m09c_ckpt_best.pt"
        },
        "vjepa_2_1_vitg_pretrain_encoder": {
          "variant": "vjepa_2_1_vitg_pretrain_encoder",
          "metric": "causal",
          "n_test": 1825,
          "mean": 0.628011,
          "std": 0.03381,
          "ci": {
            "mean": 0.628011,
            "ci_lo": 0.626471,
            "ci_hi": 0.629533,
            "ci_half": 0.001531
          },
          "lower_is_better": true,
          "interpretation": "causal future-block L1; lower = better",
          "num_frames": 16,
          "encoder_ckpt": "outputs/poc/vjepa_2_1_vitg_1B/train/m09a_pretrain_encoder/m09a_ckpt_best.pt"
        },
        "vjepa_2_1_vitg_surgery_raw_encoder": {
          "variant": "vjepa_2_1_vitg_surgery_raw_encoder",
          "metric": "causal",
          "n_test": 1825,
          "mean": 0.610569,
          "std": 0.037634,
          "ci": {
            "mean": 0.610569,
            "ci_lo": 0.608809,
            "ci_hi": 0.612283,
            "ci_half": 0.001737
          },
          "lower_is_better": true,
          "interpretation": "causal future-block L1; lower = better",
          "num_frames": 16,
          "encoder_ckpt": "outputs/poc/vjepa_2_1_vitg_1B/train/m09c_surgery_raw_encoder/m09c_ckpt_best.pt"
        },
        "vjepa_2_1_vitg_surgical_3stage_DI_encoder": {
          "variant": "vjepa_2_1_vitg_surgical_3stage_DI_encoder",
          "metric": "causal",
          "n_test": 1825,
          "mean": 0.615382,
          "std": 0.037381,
          "ci": {
            "mean": 0.615382,
            "ci_lo": 0.613685,
            "ci_hi": 0.617059,
            "ci_half": 0.001687
          },
          "lower_is_better": true,
          "interpretation": "causal future-block L1; lower = better",
          "num_frames": 16,
          "encoder_ckpt": "outputs/poc/vjepa_2_1_vitg_1B/train/m09c_surgery_3stage_DI_encoder/m09c_ckpt_best.pt"
        },
        "vjepa_2_1_vitg_surgical_autorgn_encoder": {
          "variant": "vjepa_2_1_vitg_surgical_autorgn_encoder",
          "metric": "causal",
          "n_test": 1825,
          "mean": 0.633226,
          "std": 0.036256,
          "ci": {
            "mean": 0.633226,
            "ci_lo": 0.631535,
            "ci_hi": 0.634867,
            "ci_half": 0.001666
          },
          "lower_is_better": true,
          "interpretation": "causal future-block L1; lower = better",
          "num_frames": 16,
          "encoder_ckpt": "outputs/poc/vjepa_2_1_vitg_1B/train/m09e_autorgn_encoder/m09c_ckpt_best.pt"
        }
      },
      "pairwise_deltas": {
        "vjepa_2_1_vitg_frozen_minus_vjepa_2_1_vitg_full_ft_encoder": {
          "n": 1825,
          "delta_mean": 0.006649,
          "delta_ci_lo": 0.006083,
          "delta_ci_hi": 0.007205,
          "p_value": 0.0
        },
        "vjepa_2_1_vitg_frozen_minus_vjepa_2_1_vitg_pretrain_encoder": {
          "n": 1825,
          "delta_mean": 0.027137,
          "delta_ci_lo": 0.026661,
          "delta_ci_hi": 0.027586,
          "p_value": 0.0
        },
        "vjepa_2_1_vitg_frozen_minus_vjepa_2_1_vitg_surgery_raw_encoder": {
          "n": 1825,
          "delta_mean": 0.04458,
          "delta_ci_lo": 0.044159,
          "delta_ci_hi": 0.044986,
          "p_value": 0.0
        },
        "vjepa_2_1_vitg_frozen_minus_vjepa_2_1_vitg_surgical_3stage_DI_encoder": {
          "n": 1825,
          "delta_mean": 0.039766,
          "delta_ci_lo": 0.03936,
          "delta_ci_hi": 0.040166,
          "p_value": 0.0
        },
        "vjepa_2_1_vitg_frozen_minus_vjepa_2_1_vitg_surgical_autorgn_encoder": {
          "n": 1825,
          "delta_mean": 0.021923,
          "delta_ci_lo": 0.021406,
          "delta_ci_hi": 0.022407,
          "p_value": 0.0
        },
        "vjepa_2_1_vitg_full_ft_encoder_minus_vjepa_2_1_vitg_pretrain_encoder": {
          "n": 1825,
          "delta_mean": 0.020488,
          "delta_ci_lo": 0.020058,
          "delta_ci_hi": 0.020906,
          "p_value": 0.0
        },
        "vjepa_2_1_vitg_full_ft_encoder_minus_vjepa_2_1_vitg_surgery_raw_encoder": {
          "n": 1825,
          "delta_mean": 0.03793,
          "delta_ci_lo": 0.037531,
          "delta_ci_hi": 0.038313,
          "p_value": 0.0
        },
        "vjepa_2_1_vitg_full_ft_encoder_minus_vjepa_2_1_vitg_surgical_3stage_DI_encoder": {
          "n": 1825,
          "delta_mean": 0.033117,
          "delta_ci_lo": 0.032668,
          "delta_ci_hi": 0.033551,
          "p_value": 0.0
        },
        "vjepa_2_1_vitg_full_ft_encoder_minus_vjepa_2_1_vitg_surgical_autorgn_encoder": {
          "n": 1825,
          "delta_mean": 0.015273,
          "delta_ci_lo": 0.015022,
          "delta_ci_hi": 0.015515,
          "p_value": 0.0
        },
        "vjepa_2_1_vitg_pretrain_encoder_minus_vjepa_2_1_vitg_surgery_raw_encoder": {
          "n": 1825,
          "delta_mean": 0.017442,
          "delta_ci_lo": 0.01703,
          "delta_ci_hi": 0.017863,
          "p_value": 0.0
        },
        "vjepa_2_1_vitg_pretrain_encoder_minus_vjepa_2_1_vitg_surgical_3stage_DI_encoder": {
          "n": 1825,
          "delta_mean": 0.012629,
          "delta_ci_lo": 0.012208,
          "delta_ci_hi": 0.013068,
          "p_value": 0.0
        },
        "vjepa_2_1_vitg_pretrain_encoder_minus_vjepa_2_1_vitg_surgical_autorgn_encoder": {
          "n": 1825,
          "delta_mean": -0.005215,
          "delta_ci_lo": -0.005564,
          "delta_ci_hi": -0.004872,
          "p_value": 0.0
        },
        "vjepa_2_1_vitg_surgery_raw_encoder_minus_vjepa_2_1_vitg_surgical_3stage_DI_encoder": {
          "n": 1825,
          "delta_mean": -0.004814,
          "delta_ci_lo": -0.004943,
          "delta_ci_hi": -0.004682,
          "p_value": 0.0
        },
        "vjepa_2_1_vitg_surgery_raw_encoder_minus_vjepa_2_1_vitg_surgical_autorgn_encoder": {
          "n": 1825,
          "delta_mean": -0.022657,
          "delta_ci_lo": -0.022939,
          "delta_ci_hi": -0.022384,
          "p_value": 0.0
        },
        "vjepa_2_1_vitg_surgical_3stage_DI_encoder_minus_vjepa_2_1_vitg_surgical_autorgn_encoder": {
          "n": 1825,
          "delta_mean": -0.017843,
          "delta_ci_lo": -0.018156,
          "delta_ci_hi": -0.017547,
          "p_value": 0.0
        }
      },
      "lower_is_better": true
    },
    "tdist": {
      "by_variant": {
        "vjepa_2_1_vitg_frozen": {
          "variant": "vjepa_2_1_vitg_frozen",
          "metric": "tdist",
          "n_test": 1825,
          "mean": 0.007439,
          "std": 0.00817,
          "ci": {
            "mean": 0.007439,
            "ci_lo": 0.00708,
            "ci_hi": 0.007823,
            "ci_half": 0.000372
          },
          "lower_is_better": true,
          "interpretation": "L1-vs-\u0394t slope; lower = slower decay w/ distance",
          "num_frames": 16,
          "encoder_ckpt": "checkpoints/vjepa2_1_vitg_384.pt"
        },
        "vjepa_2_1_vitg_full_ft_encoder": {
          "variant": "vjepa_2_1_vitg_full_ft_encoder",
          "metric": "tdist",
          "n_test": 1825,
          "mean": 0.009572,
          "std": 0.008605,
          "ci": {
            "mean": 0.009572,
            "ci_lo": 0.009178,
            "ci_hi": 0.009986,
            "ci_half": 0.000404
          },
          "lower_is_better": true,
          "interpretation": "L1-vs-\u0394t slope; lower = slower decay w/ distance",
          "num_frames": 16,
          "encoder_ckpt": "outputs/poc/vjepa_2_1_vitg_1B/train/m09f_full_ft_encoder/m09c_ckpt_best.pt"
        },
        "vjepa_2_1_vitg_pretrain_encoder": {
          "variant": "vjepa_2_1_vitg_pretrain_encoder",
          "metric": "tdist",
          "n_test": 1825,
          "mean": 0.008349,
          "std": 0.007732,
          "ci": {
            "mean": 0.008349,
            "ci_lo": 0.008009,
            "ci_hi": 0.008717,
            "ci_half": 0.000354
          },
          "lower_is_better": true,
          "interpretation": "L1-vs-\u0394t slope; lower = slower decay w/ distance",
          "num_frames": 16,
          "encoder_ckpt": "outputs/poc/vjepa_2_1_vitg_1B/train/m09a_pretrain_encoder/m09a_ckpt_best.pt"
        },
        "vjepa_2_1_vitg_surgery_raw_encoder": {
          "variant": "vjepa_2_1_vitg_surgery_raw_encoder",
          "metric": "tdist",
          "n_test": 1825,
          "mean": 0.009312,
          "std": 0.008634,
          "ci": {
            "mean": 0.009312,
            "ci_lo": 0.00892,
            "ci_hi": 0.00971,
            "ci_half": 0.000395
          },
          "lower_is_better": true,
          "interpretation": "L1-vs-\u0394t slope; lower = slower decay w/ distance",
          "num_frames": 16,
          "encoder_ckpt": "outputs/poc/vjepa_2_1_vitg_1B/train/m09c_surgery_raw_encoder/m09c_ckpt_best.pt"
        },
        "vjepa_2_1_vitg_surgical_3stage_DI_encoder": {
          "variant": "vjepa_2_1_vitg_surgical_3stage_DI_encoder",
          "metric": "tdist",
          "n_test": 1825,
          "mean": 0.009138,
          "std": 0.008565,
          "ci": {
            "mean": 0.009138,
            "ci_lo": 0.008743,
            "ci_hi": 0.009535,
            "ci_half": 0.000396
          },
          "lower_is_better": true,
          "interpretation": "L1-vs-\u0394t slope; lower = slower decay w/ distance",
          "num_frames": 16,
          "encoder_ckpt": "outputs/poc/vjepa_2_1_vitg_1B/train/m09c_surgery_3stage_DI_encoder/m09c_ckpt_best.pt"
        },
        "vjepa_2_1_vitg_surgical_autorgn_encoder": {
          "variant": "vjepa_2_1_vitg_surgical_autorgn_encoder",
          "metric": "tdist",
          "n_test": 1825,
          "mean": 0.009246,
          "std": 0.008336,
          "ci": {
            "mean": 0.009246,
            "ci_lo": 0.00887,
            "ci_hi": 0.009641,
            "ci_half": 0.000385
          },
          "lower_is_better": true,
          "interpretation": "L1-vs-\u0394t slope; lower = slower decay w/ distance",
          "num_frames": 16,
          "encoder_ckpt": "outputs/poc/vjepa_2_1_vitg_1B/train/m09e_autorgn_encoder/m09c_ckpt_best.pt"
        }
      },
      "pairwise_deltas": {
        "vjepa_2_1_vitg_frozen_minus_vjepa_2_1_vitg_full_ft_encoder": {
          "n": 1825,
          "delta_mean": -0.002132,
          "delta_ci_lo": -0.002336,
          "delta_ci_hi": -0.001944,
          "p_value": 0.0
        },
        "vjepa_2_1_vitg_frozen_minus_vjepa_2_1_vitg_pretrain_encoder": {
          "n": 1825,
          "delta_mean": -0.000909,
          "delta_ci_lo": -0.00103,
          "delta_ci_hi": -0.00079,
          "p_value": 0.0
        },
        "vjepa_2_1_vitg_frozen_minus_vjepa_2_1_vitg_surgery_raw_encoder": {
          "n": 1825,
          "delta_mean": -0.001873,
          "delta_ci_lo": -0.002013,
          "delta_ci_hi": -0.001743,
          "p_value": 0.0
        },
        "vjepa_2_1_vitg_frozen_minus_vjepa_2_1_vitg_surgical_3stage_DI_encoder": {
          "n": 1825,
          "delta_mean": -0.001698,
          "delta_ci_lo": -0.00182,
          "delta_ci_hi": -0.001582,
          "p_value": 0.0
        },
        "vjepa_2_1_vitg_frozen_minus_vjepa_2_1_vitg_surgical_autorgn_encoder": {
          "n": 1825,
          "delta_mean": -0.001806,
          "delta_ci_lo": -0.001971,
          "delta_ci_hi": -0.001648,
          "p_value": 0.0
        },
        "vjepa_2_1_vitg_full_ft_encoder_minus_vjepa_2_1_vitg_pretrain_encoder": {
          "n": 1825,
          "delta_mean": 0.001223,
          "delta_ci_lo": 0.001097,
          "delta_ci_hi": 0.001359,
          "p_value": 0.0
        },
        "vjepa_2_1_vitg_full_ft_encoder_minus_vjepa_2_1_vitg_surgery_raw_encoder": {
          "n": 1825,
          "delta_mean": 0.000259,
          "delta_ci_lo": 0.000155,
          "delta_ci_hi": 0.000363,
          "p_value": 0.0
        },
        "vjepa_2_1_vitg_full_ft_encoder_minus_vjepa_2_1_vitg_surgical_3stage_DI_encoder": {
          "n": 1825,
          "delta_mean": 0.000434,
          "delta_ci_lo": 0.000315,
          "delta_ci_hi": 0.000552,
          "p_value": 0.0
        },
        "vjepa_2_1_vitg_full_ft_encoder_minus_vjepa_2_1_vitg_surgical_autorgn_encoder": {
          "n": 1825,
          "delta_mean": 0.000326,
          "delta_ci_lo": 0.000257,
          "delta_ci_hi": 0.000398,
          "p_value": 0.0
        },
        "vjepa_2_1_vitg_pretrain_encoder_minus_vjepa_2_1_vitg_surgery_raw_encoder": {
          "n": 1825,
          "delta_mean": -0.000964,
          "delta_ci_lo": -0.001045,
          "delta_ci_hi": -0.00089,
          "p_value": 0.0
        },
        "vjepa_2_1_vitg_pretrain_encoder_minus_vjepa_2_1_vitg_surgical_3stage_DI_encoder": {
          "n": 1825,
          "delta_mean": -0.000789,
          "delta_ci_lo": -0.000867,
          "delta_ci_hi": -0.000716,
          "p_value": 0.0
        },
        "vjepa_2_1_vitg_pretrain_encoder_minus_vjepa_2_1_vitg_surgical_autorgn_encoder": {
          "n": 1825,
          "delta_mean": -0.000897,
          "delta_ci_lo": -0.000991,
          "delta_ci_hi": -0.00081,
          "p_value": 0.0
        },
        "vjepa_2_1_vitg_surgery_raw_encoder_minus_vjepa_2_1_vitg_surgical_3stage_DI_encoder": {
          "n": 1825,
          "delta_mean": 0.000175,
          "delta_ci_lo": 0.000133,
          "delta_ci_hi": 0.000217,
          "p_value": 0.0
        },
        "vjepa_2_1_vitg_surgery_raw_encoder_minus_vjepa_2_1_vitg_surgical_autorgn_encoder": {
          "n": 1825,
          "delta_mean": 6.7e-05,
          "delta_ci_lo": 3e-06,
          "delta_ci_hi": 0.000134,
          "p_value": 0.0438
        },
        "vjepa_2_1_vitg_surgical_3stage_DI_encoder_minus_vjepa_2_1_vitg_surgical_autorgn_encoder": {
          "n": 1825,
          "delta_mean": -0.000108,
          "delta_ci_lo": -0.000185,
          "delta_ci_hi": -2.9e-05,
          "p_value": 0.0066
        }
      },
      "lower_is_better": true
    },
    "teacher_free": {
      "by_variant": {
        "vjepa_2_1_vitg_frozen": {
          "variant": "vjepa_2_1_vitg_frozen",
          "metric": "teacher_free",
          "n_test": 1825,
          "mean": 0.043995,
          "std": 0.011122,
          "ci": {
            "mean": 0.043995,
            "ci_lo": 0.043485,
            "ci_hi": 0.044511,
            "ci_half": 0.000513
          },
          "lower_is_better": true,
          "interpretation": "free\u2212teacher gap; lower = less exposure bias",
          "num_frames": 16,
          "encoder_ckpt": "checkpoints/vjepa2_1_vitg_384.pt"
        },
        "vjepa_2_1_vitg_full_ft_encoder": {
          "variant": "vjepa_2_1_vitg_full_ft_encoder",
          "metric": "teacher_free",
          "n_test": 1825,
          "mean": 0.03936,
          "std": 0.013451,
          "ci": {
            "mean": 0.03936,
            "ci_lo": 0.038746,
            "ci_hi": 0.03999,
            "ci_half": 0.000622
          },
          "lower_is_better": true,
          "interpretation": "free\u2212teacher gap; lower = less exposure bias",
          "num_frames": 16,
          "encoder_ckpt": "outputs/poc/vjepa_2_1_vitg_1B/train/m09f_full_ft_encoder/m09c_ckpt_best.pt"
        },
        "vjepa_2_1_vitg_pretrain_encoder": {
          "variant": "vjepa_2_1_vitg_pretrain_encoder",
          "metric": "teacher_free",
          "n_test": 1825,
          "mean": 0.037375,
          "std": 0.012105,
          "ci": {
            "mean": 0.037375,
            "ci_lo": 0.036824,
            "ci_hi": 0.037942,
            "ci_half": 0.000559
          },
          "lower_is_better": true,
          "interpretation": "free\u2212teacher gap; lower = less exposure bias",
          "num_frames": 16,
          "encoder_ckpt": "outputs/poc/vjepa_2_1_vitg_1B/train/m09a_pretrain_encoder/m09a_ckpt_best.pt"
        },
        "vjepa_2_1_vitg_surgery_raw_encoder": {
          "variant": "vjepa_2_1_vitg_surgery_raw_encoder",
          "metric": "teacher_free",
          "n_test": 1825,
          "mean": 0.035267,
          "std": 0.014317,
          "ci": {
            "mean": 0.035267,
            "ci_lo": 0.034626,
            "ci_hi": 0.035943,
            "ci_half": 0.000658
          },
          "lower_is_better": true,
          "interpretation": "free\u2212teacher gap; lower = less exposure bias",
          "num_frames": 16,
          "encoder_ckpt": "outputs/poc/vjepa_2_1_vitg_1B/train/m09c_surgery_raw_encoder/m09c_ckpt_best.pt"
        },
        "vjepa_2_1_vitg_surgical_3stage_DI_encoder": {
          "variant": "vjepa_2_1_vitg_surgical_3stage_DI_encoder",
          "metric": "teacher_free",
          "n_test": 1825,
          "mean": 0.038154,
          "std": 0.013944,
          "ci": {
            "mean": 0.038154,
            "ci_lo": 0.037542,
            "ci_hi": 0.038825,
            "ci_half": 0.000642
          },
          "lower_is_better": true,
          "interpretation": "free\u2212teacher gap; lower = less exposure bias",
          "num_frames": 16,
          "encoder_ckpt": "outputs/poc/vjepa_2_1_vitg_1B/train/m09c_surgery_3stage_DI_encoder/m09c_ckpt_best.pt"
        },
        "vjepa_2_1_vitg_surgical_autorgn_encoder": {
          "variant": "vjepa_2_1_vitg_surgical_autorgn_encoder",
          "metric": "teacher_free",
          "n_test": 1825,
          "mean": 0.038864,
          "std": 0.013711,
          "ci": {
            "mean": 0.038864,
            "ci_lo": 0.038227,
            "ci_hi": 0.039496,
            "ci_half": 0.000634
          },
          "lower_is_better": true,
          "interpretation": "free\u2212teacher gap; lower = less exposure bias",
          "num_frames": 16,
          "encoder_ckpt": "outputs/poc/vjepa_2_1_vitg_1B/train/m09e_autorgn_encoder/m09c_ckpt_best.pt"
        }
      },
      "pairwise_deltas": {
        "vjepa_2_1_vitg_frozen_minus_vjepa_2_1_vitg_full_ft_encoder": {
          "n": 1825,
          "delta_mean": 0.004635,
          "delta_ci_lo": 0.004285,
          "delta_ci_hi": 0.004997,
          "p_value": 0.0
        },
        "vjepa_2_1_vitg_frozen_minus_vjepa_2_1_vitg_pretrain_encoder": {
          "n": 1825,
          "delta_mean": 0.00662,
          "delta_ci_lo": 0.006296,
          "delta_ci_hi": 0.006961,
          "p_value": 0.0
        },
        "vjepa_2_1_vitg_frozen_minus_vjepa_2_1_vitg_surgery_raw_encoder": {
          "n": 1825,
          "delta_mean": 0.008728,
          "delta_ci_lo": 0.008381,
          "delta_ci_hi": 0.009078,
          "p_value": 0.0
        },
        "vjepa_2_1_vitg_frozen_minus_vjepa_2_1_vitg_surgical_3stage_DI_encoder": {
          "n": 1825,
          "delta_mean": 0.005842,
          "delta_ci_lo": 0.005528,
          "delta_ci_hi": 0.006166,
          "p_value": 0.0
        },
        "vjepa_2_1_vitg_frozen_minus_vjepa_2_1_vitg_surgical_autorgn_encoder": {
          "n": 1825,
          "delta_mean": 0.005132,
          "delta_ci_lo": 0.004778,
          "delta_ci_hi": 0.005484,
          "p_value": 0.0
        },
        "vjepa_2_1_vitg_full_ft_encoder_minus_vjepa_2_1_vitg_pretrain_encoder": {
          "n": 1825,
          "delta_mean": 0.001985,
          "delta_ci_lo": 0.001694,
          "delta_ci_hi": 0.002276,
          "p_value": 0.0
        },
        "vjepa_2_1_vitg_full_ft_encoder_minus_vjepa_2_1_vitg_surgery_raw_encoder": {
          "n": 1825,
          "delta_mean": 0.004093,
          "delta_ci_lo": 0.003884,
          "delta_ci_hi": 0.004303,
          "p_value": 0.0
        },
        "vjepa_2_1_vitg_full_ft_encoder_minus_vjepa_2_1_vitg_surgical_3stage_DI_encoder": {
          "n": 1825,
          "delta_mean": 0.001207,
          "delta_ci_lo": 0.000908,
          "delta_ci_hi": 0.001499,
          "p_value": 0.0
        },
        "vjepa_2_1_vitg_full_ft_encoder_minus_vjepa_2_1_vitg_surgical_autorgn_encoder": {
          "n": 1825,
          "delta_mean": 0.000497,
          "delta_ci_lo": 0.000341,
          "delta_ci_hi": 0.000647,
          "p_value": 0.0
        },
        "vjepa_2_1_vitg_pretrain_encoder_minus_vjepa_2_1_vitg_surgery_raw_encoder": {
          "n": 1825,
          "delta_mean": 0.002108,
          "delta_ci_lo": 0.001797,
          "delta_ci_hi": 0.002401,
          "p_value": 0.0
        },
        "vjepa_2_1_vitg_pretrain_encoder_minus_vjepa_2_1_vitg_surgical_3stage_DI_encoder": {
          "n": 1825,
          "delta_mean": -0.000778,
          "delta_ci_lo": -0.001136,
          "delta_ci_hi": -0.000447,
          "p_value": 0.0
        },
        "vjepa_2_1_vitg_pretrain_encoder_minus_vjepa_2_1_vitg_surgical_autorgn_encoder": {
          "n": 1825,
          "delta_mean": -0.001488,
          "delta_ci_lo": -0.001756,
          "delta_ci_hi": -0.001227,
          "p_value": 0.0
        },
        "vjepa_2_1_vitg_surgery_raw_encoder_minus_vjepa_2_1_vitg_surgical_3stage_DI_encoder": {
          "n": 1825,
          "delta_mean": -0.002887,
          "delta_ci_lo": -0.003137,
          "delta_ci_hi": -0.002654,
          "p_value": 0.0
        },
        "vjepa_2_1_vitg_surgery_raw_encoder_minus_vjepa_2_1_vitg_surgical_autorgn_encoder": {
          "n": 1825,
          "delta_mean": -0.003597,
          "delta_ci_lo": -0.003791,
          "delta_ci_hi": -0.003394,
          "p_value": 0.0
        },
        "vjepa_2_1_vitg_surgical_3stage_DI_encoder_minus_vjepa_2_1_vitg_surgical_autorgn_encoder": {
          "n": 1825,
          "delta_mean": -0.00071,
          "delta_ci_lo": -0.000954,
          "delta_ci_hi": -0.000444,
          "p_value": 0.0
        }
      },
      "lower_is_better": true
    },
    "maskratio": {
      "by_variant": {
        "vjepa_2_1_vitg_frozen": {
          "variant": "vjepa_2_1_vitg_frozen",
          "metric": "maskratio",
          "n_test": 1825,
          "mean": 0.06511,
          "std": 0.014649,
          "ci": {
            "mean": 0.06511,
            "ci_lo": 0.064457,
            "ci_hi": 0.065764,
            "ci_half": 0.000654
          },
          "lower_is_better": true,
          "interpretation": "L1-vs-maskratio slope; lower = graceful degrade",
          "num_frames": 16,
          "encoder_ckpt": "checkpoints/vjepa2_1_vitg_384.pt"
        },
        "vjepa_2_1_vitg_full_ft_encoder": {
          "variant": "vjepa_2_1_vitg_full_ft_encoder",
          "metric": "maskratio",
          "n_test": 1825,
          "mean": 0.057238,
          "std": 0.01376,
          "ci": {
            "mean": 0.057238,
            "ci_lo": 0.056603,
            "ci_hi": 0.057857,
            "ci_half": 0.000627
          },
          "lower_is_better": true,
          "interpretation": "L1-vs-maskratio slope; lower = graceful degrade",
          "num_frames": 16,
          "encoder_ckpt": "outputs/poc/vjepa_2_1_vitg_1B/train/m09f_full_ft_encoder/m09c_ckpt_best.pt"
        },
        "vjepa_2_1_vitg_pretrain_encoder": {
          "variant": "vjepa_2_1_vitg_pretrain_encoder",
          "metric": "maskratio",
          "n_test": 1825,
          "mean": 0.0586,
          "std": 0.013443,
          "ci": {
            "mean": 0.0586,
            "ci_lo": 0.057976,
            "ci_hi": 0.059217,
            "ci_half": 0.000621
          },
          "lower_is_better": true,
          "interpretation": "L1-vs-maskratio slope; lower = graceful degrade",
          "num_frames": 16,
          "encoder_ckpt": "outputs/poc/vjepa_2_1_vitg_1B/train/m09a_pretrain_encoder/m09a_ckpt_best.pt"
        },
        "vjepa_2_1_vitg_surgery_raw_encoder": {
          "variant": "vjepa_2_1_vitg_surgery_raw_encoder",
          "metric": "maskratio",
          "n_test": 1825,
          "mean": 0.052793,
          "std": 0.013477,
          "ci": {
            "mean": 0.052793,
            "ci_lo": 0.052173,
            "ci_hi": 0.053397,
            "ci_half": 0.000612
          },
          "lower_is_better": true,
          "interpretation": "L1-vs-maskratio slope; lower = graceful degrade",
          "num_frames": 16,
          "encoder_ckpt": "outputs/poc/vjepa_2_1_vitg_1B/train/m09c_surgery_raw_encoder/m09c_ckpt_best.pt"
        },
        "vjepa_2_1_vitg_surgical_3stage_DI_encoder": {
          "variant": "vjepa_2_1_vitg_surgical_3stage_DI_encoder",
          "metric": "maskratio",
          "n_test": 1825,
          "mean": 0.054027,
          "std": 0.013155,
          "ci": {
            "mean": 0.054027,
            "ci_lo": 0.05344,
            "ci_hi": 0.054634,
            "ci_half": 0.000597
          },
          "lower_is_better": true,
          "interpretation": "L1-vs-maskratio slope; lower = graceful degrade",
          "num_frames": 16,
          "encoder_ckpt": "outputs/poc/vjepa_2_1_vitg_1B/train/m09c_surgery_3stage_DI_encoder/m09c_ckpt_best.pt"
        },
        "vjepa_2_1_vitg_surgical_autorgn_encoder": {
          "variant": "vjepa_2_1_vitg_surgical_autorgn_encoder",
          "metric": "maskratio",
          "n_test": 1825,
          "mean": 0.06247,
          "std": 0.015484,
          "ci": {
            "mean": 0.06247,
            "ci_lo": 0.061746,
            "ci_hi": 0.063171,
            "ci_half": 0.000713
          },
          "lower_is_better": true,
          "interpretation": "L1-vs-maskratio slope; lower = graceful degrade",
          "num_frames": 16,
          "encoder_ckpt": "outputs/poc/vjepa_2_1_vitg_1B/train/m09e_autorgn_encoder/m09c_ckpt_best.pt"
        }
      },
      "pairwise_deltas": {
        "vjepa_2_1_vitg_frozen_minus_vjepa_2_1_vitg_full_ft_encoder": {
          "n": 1825,
          "delta_mean": 0.007872,
          "delta_ci_lo": 0.007558,
          "delta_ci_hi": 0.008211,
          "p_value": 0.0
        },
        "vjepa_2_1_vitg_frozen_minus_vjepa_2_1_vitg_pretrain_encoder": {
          "n": 1825,
          "delta_mean": 0.00651,
          "delta_ci_lo": 0.006269,
          "delta_ci_hi": 0.006765,
          "p_value": 0.0
        },
        "vjepa_2_1_vitg_frozen_minus_vjepa_2_1_vitg_surgery_raw_encoder": {
          "n": 1825,
          "delta_mean": 0.012317,
          "delta_ci_lo": 0.012047,
          "delta_ci_hi": 0.012609,
          "p_value": 0.0
        },
        "vjepa_2_1_vitg_frozen_minus_vjepa_2_1_vitg_surgical_3stage_DI_encoder": {
          "n": 1825,
          "delta_mean": 0.011083,
          "delta_ci_lo": 0.010844,
          "delta_ci_hi": 0.011349,
          "p_value": 0.0
        },
        "vjepa_2_1_vitg_frozen_minus_vjepa_2_1_vitg_surgical_autorgn_encoder": {
          "n": 1825,
          "delta_mean": 0.00264,
          "delta_ci_lo": 0.00238,
          "delta_ci_hi": 0.002909,
          "p_value": 0.0
        },
        "vjepa_2_1_vitg_full_ft_encoder_minus_vjepa_2_1_vitg_pretrain_encoder": {
          "n": 1825,
          "delta_mean": -0.001362,
          "delta_ci_lo": -0.001561,
          "delta_ci_hi": -0.001171,
          "p_value": 0.0
        },
        "vjepa_2_1_vitg_full_ft_encoder_minus_vjepa_2_1_vitg_surgery_raw_encoder": {
          "n": 1825,
          "delta_mean": 0.004446,
          "delta_ci_lo": 0.004233,
          "delta_ci_hi": 0.004652,
          "p_value": 0.0
        },
        "vjepa_2_1_vitg_full_ft_encoder_minus_vjepa_2_1_vitg_surgical_3stage_DI_encoder": {
          "n": 1825,
          "delta_mean": 0.003211,
          "delta_ci_lo": 0.003014,
          "delta_ci_hi": 0.003403,
          "p_value": 0.0
        },
        "vjepa_2_1_vitg_full_ft_encoder_minus_vjepa_2_1_vitg_surgical_autorgn_encoder": {
          "n": 1825,
          "delta_mean": -0.005232,
          "delta_ci_lo": -0.00543,
          "delta_ci_hi": -0.005042,
          "p_value": 0.0
        },
        "vjepa_2_1_vitg_pretrain_encoder_minus_vjepa_2_1_vitg_surgery_raw_encoder": {
          "n": 1825,
          "delta_mean": 0.005807,
          "delta_ci_lo": 0.00569,
          "delta_ci_hi": 0.005925,
          "p_value": 0.0
        },
        "vjepa_2_1_vitg_pretrain_encoder_minus_vjepa_2_1_vitg_surgical_3stage_DI_encoder": {
          "n": 1825,
          "delta_mean": 0.004573,
          "delta_ci_lo": 0.004479,
          "delta_ci_hi": 0.00467,
          "p_value": 0.0
        },
        "vjepa_2_1_vitg_pretrain_encoder_minus_vjepa_2_1_vitg_surgical_autorgn_encoder": {
          "n": 1825,
          "delta_mean": -0.00387,
          "delta_ci_lo": -0.004039,
          "delta_ci_hi": -0.003705,
          "p_value": 0.0
        },
        "vjepa_2_1_vitg_surgery_raw_encoder_minus_vjepa_2_1_vitg_surgical_3stage_DI_encoder": {
          "n": 1825,
          "delta_mean": -0.001234,
          "delta_ci_lo": -0.001327,
          "delta_ci_hi": -0.001146,
          "p_value": 0.0
        },
        "vjepa_2_1_vitg_surgery_raw_encoder_minus_vjepa_2_1_vitg_surgical_autorgn_encoder": {
          "n": 1825,
          "delta_mean": -0.009677,
          "delta_ci_lo": -0.009883,
          "delta_ci_hi": -0.009478,
          "p_value": 0.0
        },
        "vjepa_2_1_vitg_surgical_3stage_DI_encoder_minus_vjepa_2_1_vitg_surgical_autorgn_encoder": {
          "n": 1825,
          "delta_mean": -0.008443,
          "delta_ci_lo": -0.008625,
          "delta_ci_hi": -0.00827,
          "p_value": 0.0
        }
      },
      "lower_is_better": true
    },
    "order": {
      "by_variant": {
        "vjepa_2_1_vitg_frozen": {
          "variant": "vjepa_2_1_vitg_frozen",
          "metric": "order",
          "n_test": 1825,
          "mean": 0.022689,
          "std": 0.032714,
          "ci": {
            "mean": 0.022689,
            "ci_lo": 0.021195,
            "ci_hi": 0.024144,
            "ci_half": 0.001474
          },
          "lower_is_better": null,
          "interpretation": "shuffled\u2212ordered \u0394L1; sign = order reliance",
          "num_frames": 16,
          "encoder_ckpt": "checkpoints/vjepa2_1_vitg_384.pt"
        },
        "vjepa_2_1_vitg_full_ft_encoder": {
          "variant": "vjepa_2_1_vitg_full_ft_encoder",
          "metric": "order",
          "n_test": 1825,
          "mean": 0.025201,
          "std": 0.031234,
          "ci": {
            "mean": 0.025201,
            "ci_lo": 0.023777,
            "ci_hi": 0.026647,
            "ci_half": 0.001435
          },
          "lower_is_better": null,
          "interpretation": "shuffled\u2212ordered \u0394L1; sign = order reliance",
          "num_frames": 16,
          "encoder_ckpt": "outputs/poc/vjepa_2_1_vitg_1B/train/m09f_full_ft_encoder/m09c_ckpt_best.pt"
        },
        "vjepa_2_1_vitg_pretrain_encoder": {
          "variant": "vjepa_2_1_vitg_pretrain_encoder",
          "metric": "order",
          "n_test": 1825,
          "mean": 0.024419,
          "std": 0.031206,
          "ci": {
            "mean": 0.024419,
            "ci_lo": 0.022988,
            "ci_hi": 0.025855,
            "ci_half": 0.001434
          },
          "lower_is_better": null,
          "interpretation": "shuffled\u2212ordered \u0394L1; sign = order reliance",
          "num_frames": 16,
          "encoder_ckpt": "outputs/poc/vjepa_2_1_vitg_1B/train/m09a_pretrain_encoder/m09a_ckpt_best.pt"
        },
        "vjepa_2_1_vitg_surgery_raw_encoder": {
          "variant": "vjepa_2_1_vitg_surgery_raw_encoder",
          "metric": "order",
          "n_test": 1825,
          "mean": 0.02638,
          "std": 0.033596,
          "ci": {
            "mean": 0.02638,
            "ci_lo": 0.024786,
            "ci_hi": 0.027913,
            "ci_half": 0.001564
          },
          "lower_is_better": null,
          "interpretation": "shuffled\u2212ordered \u0394L1; sign = order reliance",
          "num_frames": 16,
          "encoder_ckpt": "outputs/poc/vjepa_2_1_vitg_1B/train/m09c_surgery_raw_encoder/m09c_ckpt_best.pt"
        },
        "vjepa_2_1_vitg_surgical_3stage_DI_encoder": {
          "variant": "vjepa_2_1_vitg_surgical_3stage_DI_encoder",
          "metric": "order",
          "n_test": 1825,
          "mean": 0.025683,
          "std": 0.033435,
          "ci": {
            "mean": 0.025683,
            "ci_lo": 0.024141,
            "ci_hi": 0.027215,
            "ci_half": 0.001537
          },
          "lower_is_better": null,
          "interpretation": "shuffled\u2212ordered \u0394L1; sign = order reliance",
          "num_frames": 16,
          "encoder_ckpt": "outputs/poc/vjepa_2_1_vitg_1B/train/m09c_surgery_3stage_DI_encoder/m09c_ckpt_best.pt"
        },
        "vjepa_2_1_vitg_surgical_autorgn_encoder": {
          "variant": "vjepa_2_1_vitg_surgical_autorgn_encoder",
          "metric": "order",
          "n_test": 1825,
          "mean": 0.025961,
          "std": 0.032582,
          "ci": {
            "mean": 0.025961,
            "ci_lo": 0.024432,
            "ci_hi": 0.027446,
            "ci_half": 0.001507
          },
          "lower_is_better": null,
          "interpretation": "shuffled\u2212ordered \u0394L1; sign = order reliance",
          "num_frames": 16,
          "encoder_ckpt": "outputs/poc/vjepa_2_1_vitg_1B/train/m09e_autorgn_encoder/m09c_ckpt_best.pt"
        }
      },
      "pairwise_deltas": {
        "vjepa_2_1_vitg_frozen_minus_vjepa_2_1_vitg_full_ft_encoder": {
          "n": 1825,
          "delta_mean": -0.002511,
          "delta_ci_lo": -0.003013,
          "delta_ci_hi": -0.002001,
          "p_value": 0.0
        },
        "vjepa_2_1_vitg_frozen_minus_vjepa_2_1_vitg_pretrain_encoder": {
          "n": 1825,
          "delta_mean": -0.001729,
          "delta_ci_lo": -0.002103,
          "delta_ci_hi": -0.001338,
          "p_value": 0.0
        },
        "vjepa_2_1_vitg_frozen_minus_vjepa_2_1_vitg_surgery_raw_encoder": {
          "n": 1825,
          "delta_mean": -0.003691,
          "delta_ci_lo": -0.004055,
          "delta_ci_hi": -0.003311,
          "p_value": 0.0
        },
        "vjepa_2_1_vitg_frozen_minus_vjepa_2_1_vitg_surgical_3stage_DI_encoder": {
          "n": 1825,
          "delta_mean": -0.002994,
          "delta_ci_lo": -0.003336,
          "delta_ci_hi": -0.002644,
          "p_value": 0.0
        },
        "vjepa_2_1_vitg_frozen_minus_vjepa_2_1_vitg_surgical_autorgn_encoder": {
          "n": 1825,
          "delta_mean": -0.003272,
          "delta_ci_lo": -0.003728,
          "delta_ci_hi": -0.002792,
          "p_value": 0.0
        },
        "vjepa_2_1_vitg_full_ft_encoder_minus_vjepa_2_1_vitg_pretrain_encoder": {
          "n": 1825,
          "delta_mean": 0.000782,
          "delta_ci_lo": 0.000457,
          "delta_ci_hi": 0.001085,
          "p_value": 0.0
        },
        "vjepa_2_1_vitg_full_ft_encoder_minus_vjepa_2_1_vitg_surgery_raw_encoder": {
          "n": 1825,
          "delta_mean": -0.00118,
          "delta_ci_lo": -0.001502,
          "delta_ci_hi": -0.000858,
          "p_value": 0.0
        },
        "vjepa_2_1_vitg_full_ft_encoder_minus_vjepa_2_1_vitg_surgical_3stage_DI_encoder": {
          "n": 1825,
          "delta_mean": -0.000482,
          "delta_ci_lo": -0.000837,
          "delta_ci_hi": -0.00012,
          "p_value": 0.008
        },
        "vjepa_2_1_vitg_full_ft_encoder_minus_vjepa_2_1_vitg_surgical_autorgn_encoder": {
          "n": 1825,
          "delta_mean": -0.00076,
          "delta_ci_lo": -0.000997,
          "delta_ci_hi": -0.000518,
          "p_value": 0.0
        },
        "vjepa_2_1_vitg_pretrain_encoder_minus_vjepa_2_1_vitg_surgery_raw_encoder": {
          "n": 1825,
          "delta_mean": -0.001962,
          "delta_ci_lo": -0.002197,
          "delta_ci_hi": -0.001711,
          "p_value": 0.0
        },
        "vjepa_2_1_vitg_pretrain_encoder_minus_vjepa_2_1_vitg_surgical_3stage_DI_encoder": {
          "n": 1825,
          "delta_mean": -0.001264,
          "delta_ci_lo": -0.001524,
          "delta_ci_hi": -0.001005,
          "p_value": 0.0
        },
        "vjepa_2_1_vitg_pretrain_encoder_minus_vjepa_2_1_vitg_surgical_autorgn_encoder": {
          "n": 1825,
          "delta_mean": -0.001542,
          "delta_ci_lo": -0.001781,
          "delta_ci_hi": -0.001289,
          "p_value": 0.0
        },
        "vjepa_2_1_vitg_surgery_raw_encoder_minus_vjepa_2_1_vitg_surgical_3stage_DI_encoder": {
          "n": 1825,
          "delta_mean": 0.000697,
          "delta_ci_lo": 0.000542,
          "delta_ci_hi": 0.000853,
          "p_value": 0.0
        },
        "vjepa_2_1_vitg_surgery_raw_encoder_minus_vjepa_2_1_vitg_surgical_autorgn_encoder": {
          "n": 1825,
          "delta_mean": 0.000419,
          "delta_ci_lo": 0.000178,
          "delta_ci_hi": 0.000676,
          "p_value": 0.0002
        },
        "vjepa_2_1_vitg_surgical_3stage_DI_encoder_minus_vjepa_2_1_vitg_surgical_autorgn_encoder": {
          "n": 1825,
          "delta_mean": -0.000278,
          "delta_ci_lo": -0.000544,
          "delta_ci_hi": -2e-06,
          "p_value": 0.0454
        }
      },
      "lower_is_better": null
    }
  }
}

═══ 01:34:40 · STAGE 9c · encoder_temporal paired_per_variant (CPU) ═══
{
  "metrics": {
    "aot": {
      "by_variant": {
        "vjepa_2_1_vitg_frozen": {
          "variant": "vjepa_2_1_vitg_frozen",
          "metric": "aot",
          "n_test": 1825,
          "k_per_clip": 2,
          "mean": 0.964931,
          "std": 0.13499,
          "ci": {
            "mean": 0.964932,
            "ci_lo": 0.958356,
            "ci_hi": 0.970685,
            "ci_half": 0.006164
          },
          "lower_is_better": false,
          "interpretation": "Arrow-of-Time binary acc; higher = encoder preserves temporal direction",
          "num_frames": 16,
          "tubelet_size": 2,
          "encoder_ckpt": "checkpoints/vjepa2_1_vitg_384.pt",
          "head_lr": 0.001,
          "head_epochs": 20,
          "head_weight_decay": 0.0001,
          "head_batch_size": 64
        },
        "vjepa_2_1_vitg_pretrain_encoder": {
          "variant": "vjepa_2_1_vitg_pretrain_encoder",
          "metric": "aot",
          "n_test": 1825,
          "k_per_clip": 2,
          "mean": 0.950137,
          "std": 0.159558,
          "ci": {
            "mean": 0.950137,
            "ci_lo": 0.942466,
            "ci_hi": 0.95726,
            "ci_half": 0.007397
          },
          "lower_is_better": false,
          "interpretation": "Arrow-of-Time binary acc; higher = encoder preserves temporal direction",
          "num_frames": 16,
          "tubelet_size": 2,
          "encoder_ckpt": "outputs/poc/vjepa_2_1_vitg_1B/train/m09a_pretrain_encoder/student_encoder.pt",
          "head_lr": 0.001,
          "head_epochs": 20,
          "head_weight_decay": 0.0001,
          "head_batch_size": 64
        },
        "vjepa_2_1_vitg_surgery_raw_encoder": {
          "variant": "vjepa_2_1_vitg_surgery_raw_encoder",
          "metric": "aot",
          "n_test": 1825,
          "k_per_clip": 2,
          "mean": 0.952877,
          "std": 0.156935,
          "ci": {
            "mean": 0.952877,
            "ci_lo": 0.944932,
            "ci_hi": 0.959452,
            "ci_half": 0.00726
          },
          "lower_is_better": false,
          "interpretation": "Arrow-of-Time binary acc; higher = encoder preserves temporal direction",
          "num_frames": 16,
          "tubelet_size": 2,
          "encoder_ckpt": "outputs/poc/vjepa_2_1_vitg_1B/train/m09c_surgery_raw_encoder/student_encoder.pt",
          "head_lr": 0.001,
          "head_epochs": 20,
          "head_weight_decay": 0.0001,
          "head_batch_size": 64
        },
        "vjepa_2_1_vitg_surgical_3stage_DI_encoder": {
          "variant": "vjepa_2_1_vitg_surgical_3stage_DI_encoder",
          "metric": "aot",
          "n_test": 1825,
          "k_per_clip": 2,
          "mean": 0.939726,
          "std": 0.170205,
          "ci": {
            "mean": 0.939726,
            "ci_lo": 0.931507,
            "ci_hi": 0.947123,
            "ci_half": 0.007808
          },
          "lower_is_better": false,
          "interpretation": "Arrow-of-Time binary acc; higher = encoder preserves temporal direction",
          "num_frames": 16,
          "tubelet_size": 2,
          "encoder_ckpt": "outputs/poc/vjepa_2_1_vitg_1B/train/m09c_surgery_3stage_DI_encoder/student_encoder.pt",
          "head_lr": 0.001,
          "head_epochs": 20,
          "head_weight_decay": 0.0001,
          "head_batch_size": 64
        },
        "vjepa_2_1_vitg_surgical_autorgn_encoder": {
          "variant": "vjepa_2_1_vitg_surgical_autorgn_encoder",
          "metric": "aot",
          "n_test": 1825,
          "k_per_clip": 2,
          "mean": 0.945753,
          "std": 0.164907,
          "ci": {
            "mean": 0.945753,
            "ci_lo": 0.937534,
            "ci_hi": 0.952877,
            "ci_half": 0.007671
          },
          "lower_is_better": false,
          "interpretation": "Arrow-of-Time binary acc; higher = encoder preserves temporal direction",
          "num_frames": 16,
          "tubelet_size": 2,
          "encoder_ckpt": "outputs/poc/vjepa_2_1_vitg_1B/train/m09e_autorgn_encoder/student_encoder.pt",
          "head_lr": 0.001,
          "head_epochs": 20,
          "head_weight_decay": 0.0001,
          "head_batch_size": 64
        }
      },
      "pairwise_deltas": {
        "vjepa_2_1_vitg_frozen_minus_vjepa_2_1_vitg_pretrain_encoder": {
          "n": 1825,
          "delta_mean": 0.014795,
          "delta_ci_lo": 0.009041,
          "delta_ci_hi": 0.020822,
          "p_value": 0.0
        },
        "vjepa_2_1_vitg_frozen_minus_vjepa_2_1_vitg_surgery_raw_encoder": {
          "n": 1825,
          "delta_mean": 0.012055,
          "delta_ci_lo": 0.007123,
          "delta_ci_hi": 0.017534,
          "p_value": 0.0
        },
        "vjepa_2_1_vitg_frozen_minus_vjepa_2_1_vitg_surgical_3stage_DI_encoder": {
          "n": 1825,
          "delta_mean": 0.025205,
          "delta_ci_lo": 0.018889,
          "delta_ci_hi": 0.031781,
          "p_value": 0.0
        },
        "vjepa_2_1_vitg_frozen_minus_vjepa_2_1_vitg_surgical_autorgn_encoder": {
          "n": 1825,
          "delta_mean": 0.019178,
          "delta_ci_lo": 0.013151,
          "delta_ci_hi": 0.025479,
          "p_value": 0.0
        },
        "vjepa_2_1_vitg_pretrain_encoder_minus_vjepa_2_1_vitg_surgery_raw_encoder": {
          "n": 1825,
          "delta_mean": -0.00274,
          "delta_ci_lo": -0.008493,
          "delta_ci_hi": 0.00274,
          "p_value": 0.3532
        },
        "vjepa_2_1_vitg_pretrain_encoder_minus_vjepa_2_1_vitg_surgical_3stage_DI_encoder": {
          "n": 1825,
          "delta_mean": 0.010411,
          "delta_ci_lo": 0.004932,
          "delta_ci_hi": 0.016164,
          "p_value": 0.0004
        },
        "vjepa_2_1_vitg_pretrain_encoder_minus_vjepa_2_1_vitg_surgical_autorgn_encoder": {
          "n": 1825,
          "delta_mean": 0.004384,
          "delta_ci_lo": -0.001096,
          "delta_ci_hi": 0.010137,
          "p_value": 0.1368
        },
        "vjepa_2_1_vitg_surgery_raw_encoder_minus_vjepa_2_1_vitg_surgical_3stage_DI_encoder": {
          "n": 1825,
          "delta_mean": 0.013151,
          "delta_ci_lo": 0.007397,
          "delta_ci_hi": 0.019178,
          "p_value": 0.0
        },
        "vjepa_2_1_vitg_surgery_raw_encoder_minus_vjepa_2_1_vitg_surgical_autorgn_encoder": {
          "n": 1825,
          "delta_mean": 0.007123,
          "delta_ci_lo": 0.00137,
          "delta_ci_hi": 0.012877,
          "p_value": 0.017
        },
        "vjepa_2_1_vitg_surgical_3stage_DI_encoder_minus_vjepa_2_1_vitg_surgical_autorgn_encoder": {
          "n": 1825,
          "delta_mean": -0.006027,
          "delta_ci_lo": -0.012603,
          "delta_ci_hi": 0.000548,
          "p_value": 0.0788
        }
      },
      "lower_is_better": false
    },
    "tov": {
      "by_variant": {
        "vjepa_2_1_vitg_frozen": {
          "variant": "vjepa_2_1_vitg_frozen",
          "metric": "tov",
          "n_test": 1825,
          "k_per_clip": 4,
          "mean": 0.922603,
          "std": 0.147825,
          "ci": {
            "mean": 0.922603,
            "ci_lo": 0.915616,
            "ci_hi": 0.929041,
            "ci_half": 0.006712
          },
          "lower_is_better": false,
          "interpretation": "TOV/VCOP top-1 over n_permutations; higher = encoder retains frame order",
          "num_frames": 16,
          "tubelet_size": 2,
          "encoder_ckpt": "checkpoints/vjepa2_1_vitg_384.pt",
          "head_lr": 0.001,
          "head_epochs": 20,
          "head_weight_decay": 0.0001,
          "head_batch_size": 64,
          "n_permutations": 4
        },
        "vjepa_2_1_vitg_pretrain_encoder": {
          "variant": "vjepa_2_1_vitg_pretrain_encoder",
          "metric": "tov",
          "n_test": 1825,
          "k_per_clip": 4,
          "mean": 0.926575,
          "std": 0.140032,
          "ci": {
            "mean": 0.926575,
            "ci_lo": 0.919863,
            "ci_hi": 0.932877,
            "ci_half": 0.006507
          },
          "lower_is_better": false,
          "interpretation": "TOV/VCOP top-1 over n_permutations; higher = encoder retains frame order",
          "num_frames": 16,
          "tubelet_size": 2,
          "encoder_ckpt": "outputs/poc/vjepa_2_1_vitg_1B/train/m09a_pretrain_encoder/student_encoder.pt",
          "head_lr": 0.001,
          "head_epochs": 20,
          "head_weight_decay": 0.0001,
          "head_batch_size": 64,
          "n_permutations": 4
        },
        "vjepa_2_1_vitg_surgery_raw_encoder": {
          "variant": "vjepa_2_1_vitg_surgery_raw_encoder",
          "metric": "tov",
          "n_test": 1825,
          "k_per_clip": 4,
          "mean": 0.916438,
          "std": 0.148521,
          "ci": {
            "mean": 0.916438,
            "ci_lo": 0.909452,
            "ci_hi": 0.922877,
            "ci_half": 0.006712
          },
          "lower_is_better": false,
          "interpretation": "TOV/VCOP top-1 over n_permutations; higher = encoder retains frame order",
          "num_frames": 16,
          "tubelet_size": 2,
          "encoder_ckpt": "outputs/poc/vjepa_2_1_vitg_1B/train/m09c_surgery_raw_encoder/student_encoder.pt",
          "head_lr": 0.001,
          "head_epochs": 20,
          "head_weight_decay": 0.0001,
          "head_batch_size": 64,
          "n_permutations": 4
        },
        "vjepa_2_1_vitg_surgical_3stage_DI_encoder": {
          "variant": "vjepa_2_1_vitg_surgical_3stage_DI_encoder",
          "metric": "tov",
          "n_test": 1825,
          "k_per_clip": 4,
          "mean": 0.92274,
          "std": 0.141143,
          "ci": {
            "mean": 0.92274,
            "ci_lo": 0.91589,
            "ci_hi": 0.928904,
            "ci_half": 0.006507
          },
          "lower_is_better": false,
          "interpretation": "TOV/VCOP top-1 over n_permutations; higher = encoder retains frame order",
          "num_frames": 16,
          "tubelet_size": 2,
          "encoder_ckpt": "outputs/poc/vjepa_2_1_vitg_1B/train/m09c_surgery_3stage_DI_encoder/student_encoder.pt",
          "head_lr": 0.001,
          "head_epochs": 20,
          "head_weight_decay": 0.0001,
          "head_batch_size": 64,
          "n_permutations": 4
        },
        "vjepa_2_1_vitg_surgical_autorgn_encoder": {
          "variant": "vjepa_2_1_vitg_surgical_autorgn_encoder",
          "metric": "tov",
          "n_test": 1825,
          "k_per_clip": 4,
          "mean": 0.909726,
          "std": 0.147704,
          "ci": {
            "mean": 0.909726,
            "ci_lo": 0.902603,
            "ci_hi": 0.916438,
            "ci_half": 0.006918
          },
          "lower_is_better": false,
          "interpretation": "TOV/VCOP top-1 over n_permutations; higher = encoder retains frame order",
          "num_frames": 16,
          "tubelet_size": 2,
          "encoder_ckpt": "outputs/poc/vjepa_2_1_vitg_1B/train/m09e_autorgn_encoder/student_encoder.pt",
          "head_lr": 0.001,
          "head_epochs": 20,
          "head_weight_decay": 0.0001,
          "head_batch_size": 64,
          "n_permutations": 4
        }
      },
      "pairwise_deltas": {
        "vjepa_2_1_vitg_frozen_minus_vjepa_2_1_vitg_pretrain_encoder": {
          "n": 1825,
          "delta_mean": -0.003973,
          "delta_ci_lo": -0.009863,
          "delta_ci_hi": 0.002055,
          "p_value": 0.1994
        },
        "vjepa_2_1_vitg_frozen_minus_vjepa_2_1_vitg_surgery_raw_encoder": {
          "n": 1825,
          "delta_mean": 0.006164,
          "delta_ci_lo": 0.000137,
          "delta_ci_hi": 0.012329,
          "p_value": 0.0496
        },
        "vjepa_2_1_vitg_frozen_minus_vjepa_2_1_vitg_surgical_3stage_DI_encoder": {
          "n": 1825,
          "delta_mean": -0.000137,
          "delta_ci_lo": -0.006027,
          "delta_ci_hi": 0.005616,
          "p_value": 0.9928
        },
        "vjepa_2_1_vitg_frozen_minus_vjepa_2_1_vitg_surgical_autorgn_encoder": {
          "n": 1825,
          "delta_mean": 0.012877,
          "delta_ci_lo": 0.006887,
          "delta_ci_hi": 0.019178,
          "p_value": 0.0002
        },
        "vjepa_2_1_vitg_pretrain_encoder_minus_vjepa_2_1_vitg_surgery_raw_encoder": {
          "n": 1825,
          "delta_mean": 0.010137,
          "delta_ci_lo": 0.004795,
          "delta_ci_hi": 0.015479,
          "p_value": 0.0
        },
        "vjepa_2_1_vitg_pretrain_encoder_minus_vjepa_2_1_vitg_surgical_3stage_DI_encoder": {
          "n": 1825,
          "delta_mean": 0.003836,
          "delta_ci_lo": -0.001096,
          "delta_ci_hi": 0.008904,
          "p_value": 0.1456
        },
        "vjepa_2_1_vitg_pretrain_encoder_minus_vjepa_2_1_vitg_surgical_autorgn_encoder": {
          "n": 1825,
          "delta_mean": 0.016849,
          "delta_ci_lo": 0.010959,
          "delta_ci_hi": 0.022877,
          "p_value": 0.0
        },
        "vjepa_2_1_vitg_surgery_raw_encoder_minus_vjepa_2_1_vitg_surgical_3stage_DI_encoder": {
          "n": 1825,
          "delta_mean": -0.006301,
          "delta_ci_lo": -0.010959,
          "delta_ci_hi": -0.001781,
          "p_value": 0.0054
        },
        "vjepa_2_1_vitg_surgery_raw_encoder_minus_vjepa_2_1_vitg_surgical_autorgn_encoder": {
          "n": 1825,
          "delta_mean": 0.006712,
          "delta_ci_lo": 0.000548,
          "delta_ci_hi": 0.013014,
          "p_value": 0.0364
        },
        "vjepa_2_1_vitg_surgical_3stage_DI_encoder_minus_vjepa_2_1_vitg_surgical_autorgn_encoder": {
          "n": 1825,
          "delta_mean": 0.013014,
          "delta_ci_lo": 0.007397,
          "delta_ci_hi": 0.018904,
          "p_value": 0.0
        }
      },
      "lower_is_better": false
    },
    "pace": {
      "by_variant": {
        "vjepa_2_1_vitg_frozen": {
          "variant": "vjepa_2_1_vitg_frozen",
          "metric": "pace",
          "n_test": 1825,
          "k_per_clip": 3,
          "mean": 0.728584,
          "std": 0.271422,
          "ci": {
            "mean": 0.728584,
            "ci_lo": 0.715982,
            "ci_hi": 0.741005,
            "ci_half": 0.012511
          },
          "lower_is_better": false,
          "interpretation": "Pace top-1 over playback rates; higher = encoder is rate-sensitive",
          "num_frames": 16,
          "tubelet_size": 2,
          "encoder_ckpt": "checkpoints/vjepa2_1_vitg_384.pt",
          "head_lr": 0.001,
          "head_epochs": 20,
          "head_weight_decay": 0.0001,
          "head_batch_size": 64,
          "strides": "1,2,4",
          "source_frames": 64
        },
        "vjepa_2_1_vitg_pretrain_encoder": {
          "variant": "vjepa_2_1_vitg_pretrain_encoder",
          "metric": "pace",
          "n_test": 1825,
          "k_per_clip": 3,
          "mean": 0.70137,
          "std": 0.254305,
          "ci": {
            "mean": 0.70137,
            "ci_lo": 0.689498,
            "ci_hi": 0.712949,
            "ci_half": 0.011726
          },
          "lower_is_better": false,
          "interpretation": "Pace top-1 over playback rates; higher = encoder is rate-sensitive",
          "num_frames": 16,
          "tubelet_size": 2,
          "encoder_ckpt": "outputs/poc/vjepa_2_1_vitg_1B/train/m09a_pretrain_encoder/student_encoder.pt",
          "head_lr": 0.001,
          "head_epochs": 20,
          "head_weight_decay": 0.0001,
          "head_batch_size": 64,
          "strides": "1,2,4",
          "source_frames": 64
        },
        "vjepa_2_1_vitg_surgical_3stage_DI_encoder": {
          "variant": "vjepa_2_1_vitg_surgical_3stage_DI_encoder",
          "metric": "pace",
          "n_test": 1825,
          "k_per_clip": 3,
          "mean": 0.722009,
          "std": 0.269019,
          "ci": {
            "mean": 0.722009,
            "ci_lo": 0.709954,
            "ci_hi": 0.734247,
            "ci_half": 0.012146
          },
          "lower_is_better": false,
          "interpretation": "Pace top-1 over playback rates; higher = encoder is rate-sensitive",
          "num_frames": 16,
          "tubelet_size": 2,
          "encoder_ckpt": "outputs/poc/vjepa_2_1_vitg_1B/train/m09c_surgery_3stage_DI_encoder/student_encoder.pt",
          "head_lr": 0.001,
          "head_epochs": 20,
          "head_weight_decay": 0.0001,
          "head_batch_size": 64,
          "strides": "1,2,4",
          "source_frames": 64
        },
        "vjepa_2_1_vitg_surgical_autorgn_encoder": {
          "variant": "vjepa_2_1_vitg_surgical_autorgn_encoder",
          "metric": "pace",
          "n_test": 1825,
          "k_per_clip": 3,
          "mean": 0.719087,
          "std": 0.270055,
          "ci": {
            "mean": 0.719087,
            "ci_lo": 0.706667,
            "ci_hi": 0.731324,
            "ci_half": 0.012329
          },
          "lower_is_better": false,
          "interpretation": "Pace top-1 over playback rates; higher = encoder is rate-sensitive",
          "num_frames": 16,
          "tubelet_size": 2,
          "encoder_ckpt": "outputs/poc/vjepa_2_1_vitg_1B/train/m09e_autorgn_encoder/student_encoder.pt",
          "head_lr": 0.001,
          "head_epochs": 20,
          "head_weight_decay": 0.0001,
          "head_batch_size": 64,
          "strides": "1,2,4",
          "source_frames": 64
        }
      },
      "pairwise_deltas": {
        "vjepa_2_1_vitg_frozen_minus_vjepa_2_1_vitg_pretrain_encoder": {
          "n": 1825,
          "delta_mean": 0.027215,
          "delta_ci_lo": 0.016438,
          "delta_ci_hi": 0.038356,
          "p_value": 0.0
        },
        "vjepa_2_1_vitg_frozen_minus_vjepa_2_1_vitg_surgical_3stage_DI_encoder": {
          "n": 1825,
          "delta_mean": 0.006575,
          "delta_ci_lo": -0.00274,
          "delta_ci_hi": 0.015708,
          "p_value": 0.1744
        },
        "vjepa_2_1_vitg_frozen_minus_vjepa_2_1_vitg_surgical_autorgn_encoder": {
          "n": 1825,
          "delta_mean": 0.009498,
          "delta_ci_lo": -0.000913,
          "delta_ci_hi": 0.019726,
          "p_value": 0.0732
        },
        "vjepa_2_1_vitg_pretrain_encoder_minus_vjepa_2_1_vitg_surgical_3stage_DI_encoder": {
          "n": 1825,
          "delta_mean": -0.020639,
          "delta_ci_lo": -0.029224,
          "delta_ci_hi": -0.011872,
          "p_value": 0.0
        },
        "vjepa_2_1_vitg_pretrain_encoder_minus_vjepa_2_1_vitg_surgical_autorgn_encoder": {
          "n": 1825,
          "delta_mean": -0.017717,
          "delta_ci_lo": -0.028493,
          "delta_ci_hi": -0.006649,
          "p_value": 0.0024
        },
        "vjepa_2_1_vitg_surgical_3stage_DI_encoder_minus_vjepa_2_1_vitg_surgical_autorgn_encoder": {
          "n": 1825,
          "delta_mean": 0.002922,
          "delta_ci_lo": -0.006575,
          "delta_ci_hi": 0.01242,
          "p_value": 0.5442
        }
      },
      "lower_is_better": false
    },
    "tcc": {
      "by_variant": {
        "vjepa_2_1_vitg_frozen": {
          "variant": "vjepa_2_1_vitg_frozen",
          "metric": "tcc",
          "n_test": 1825,
          "n_pairs": 226571,
          "cycle_back": {
            "mean": 2.195203,
            "std": 0.177425,
            "ci": {
              "mean": 2.195203,
              "ci_lo": 2.187209,
              "ci_hi": 2.20362,
              "ci_half": 0.008206
            },
            "lower_is_better": true
          },
          "kendalls_tau": {
            "mean": 0.33376,
            "std": 0.12401,
            "ci": {
              "mean": 0.33376,
              "ci_lo": 0.32808,
              "ci_hi": 0.339533,
              "ci_half": 0.005727
            },
            "lower_is_better": false
          },
          "temperature": 0.1,
          "num_frames": 16,
          "tubelet_size": 2,
          "encoder_ckpt": "checkpoints/vjepa2_1_vitg_384.pt"
        },
        "vjepa_2_1_vitg_pretrain_encoder": {
          "variant": "vjepa_2_1_vitg_pretrain_encoder",
          "metric": "tcc",
          "n_test": 1825,
          "n_pairs": 226571,
          "cycle_back": {
            "mean": 2.464678,
            "std": 0.218236,
            "ci": {
              "mean": 2.464678,
              "ci_lo": 2.454471,
              "ci_hi": 2.474577,
              "ci_half": 0.010053
            },
            "lower_is_better": true
          },
          "kendalls_tau": {
            "mean": 0.296002,
            "std": 0.116351,
            "ci": {
              "mean": 0.296002,
              "ci_lo": 0.290574,
              "ci_hi": 0.30138,
              "ci_half": 0.005403
            },
            "lower_is_better": false
          },
          "temperature": 0.1,
          "num_frames": 16,
          "tubelet_size": 2,
          "encoder_ckpt": "outputs/poc/vjepa_2_1_vitg_1B/train/m09a_pretrain_encoder/student_encoder.pt"
        },
        "vjepa_2_1_vitg_surgery_raw_encoder": {
          "variant": "vjepa_2_1_vitg_surgery_raw_encoder",
          "metric": "tcc",
          "n_test": 1825,
          "n_pairs": 226571,
          "cycle_back": {
            "mean": 2.411343,
            "std": 0.20647,
            "ci": {
              "mean": 2.411343,
              "ci_lo": 2.402089,
              "ci_hi": 2.421208,
              "ci_half": 0.00956
            },
            "lower_is_better": true
          },
          "kendalls_tau": {
            "mean": 0.289262,
            "std": 0.114779,
            "ci": {
              "mean": 0.289262,
              "ci_lo": 0.283959,
              "ci_hi": 0.294402,
              "ci_half": 0.005222
            },
            "lower_is_better": false
          },
          "temperature": 0.1,
          "num_frames": 16,
          "tubelet_size": 2,
          "encoder_ckpt": "outputs/poc/vjepa_2_1_vitg_1B/train/m09c_surgery_raw_encoder/student_encoder.pt"
        },
        "vjepa_2_1_vitg_surgical_3stage_DI_encoder": {
          "variant": "vjepa_2_1_vitg_surgical_3stage_DI_encoder",
          "metric": "tcc",
          "n_test": 1825,
          "n_pairs": 226571,
          "cycle_back": {
            "mean": 2.412469,
            "std": 0.208119,
            "ci": {
              "mean": 2.41247,
              "ci_lo": 2.402996,
              "ci_hi": 2.422327,
              "ci_half": 0.009665
            },
            "lower_is_better": true
          },
          "kendalls_tau": {
            "mean": 0.287679,
            "std": 0.113179,
            "ci": {
              "mean": 0.287679,
              "ci_lo": 0.282662,
              "ci_hi": 0.293037,
              "ci_half": 0.005187
            },
            "lower_is_better": false
          },
          "temperature": 0.1,
          "num_frames": 16,
          "tubelet_size": 2,
          "encoder_ckpt": "outputs/poc/vjepa_2_1_vitg_1B/train/m09c_surgery_3stage_DI_encoder/student_encoder.pt"
        },
        "vjepa_2_1_vitg_surgical_autorgn_encoder": {
          "variant": "vjepa_2_1_vitg_surgical_autorgn_encoder",
          "metric": "tcc",
          "n_test": 1825,
          "n_pairs": 226571,
          "cycle_back": {
            "mean": 2.531829,
            "std": 0.231382,
            "ci": {
              "mean": 2.531829,
              "ci_lo": 2.521261,
              "ci_hi": 2.542496,
              "ci_half": 0.010618
            },
            "lower_is_better": true
          },
          "kendalls_tau": {
            "mean": 0.292081,
            "std": 0.112969,
            "ci": {
              "mean": 0.292081,
              "ci_lo": 0.28701,
              "ci_hi": 0.297354,
              "ci_half": 0.005172
            },
            "lower_is_better": false
          },
          "temperature": 0.1,
          "num_frames": 16,
          "tubelet_size": 2,
          "encoder_ckpt": "outputs/poc/vjepa_2_1_vitg_1B/train/m09e_autorgn_encoder/student_encoder.pt"
        }
      },
      "pairwise_deltas": {
        "cycle_back": {
          "vjepa_2_1_vitg_frozen_minus_vjepa_2_1_vitg_pretrain_encoder": {
            "n": 1825,
            "delta_mean": -0.269475,
            "delta_ci_lo": -0.278903,
            "delta_ci_hi": -0.260343,
            "p_value": 0.0
          },
          "vjepa_2_1_vitg_frozen_minus_vjepa_2_1_vitg_surgery_raw_encoder": {
            "n": 1825,
            "delta_mean": -0.21614,
            "delta_ci_lo": -0.224357,
            "delta_ci_hi": -0.208347,
            "p_value": 0.0
          },
          "vjepa_2_1_vitg_frozen_minus_vjepa_2_1_vitg_surgical_3stage_DI_encoder": {
            "n": 1825,
            "delta_mean": -0.217267,
            "delta_ci_lo": -0.225793,
            "delta_ci_hi": -0.209101,
            "p_value": 0.0
          },
          "vjepa_2_1_vitg_frozen_minus_vjepa_2_1_vitg_surgical_autorgn_encoder": {
            "n": 1825,
            "delta_mean": -0.336626,
            "delta_ci_lo": -0.346991,
            "delta_ci_hi": -0.326503,
            "p_value": 0.0
          },
          "vjepa_2_1_vitg_pretrain_encoder_minus_vjepa_2_1_vitg_surgery_raw_encoder": {
            "n": 1825,
            "delta_mean": 0.053335,
            "delta_ci_lo": 0.048634,
            "delta_ci_hi": 0.058151,
            "p_value": 0.0
          },
          "vjepa_2_1_vitg_pretrain_encoder_minus_vjepa_2_1_vitg_surgical_3stage_DI_encoder": {
            "n": 1825,
            "delta_mean": 0.052209,
            "delta_ci_lo": 0.047834,
            "delta_ci_hi": 0.056654,
            "p_value": 0.0
          },
          "vjepa_2_1_vitg_pretrain_encoder_minus_vjepa_2_1_vitg_surgical_autorgn_encoder": {
            "n": 1825,
            "delta_mean": -0.067151,
            "delta_ci_lo": -0.071242,
            "delta_ci_hi": -0.063063,
            "p_value": 0.0
          },
          "vjepa_2_1_vitg_surgery_raw_encoder_minus_vjepa_2_1_vitg_surgical_3stage_DI_encoder": {
            "n": 1825,
            "delta_mean": -0.001126,
            "delta_ci_lo": -0.00424,
            "delta_ci_hi": 0.002025,
            "p_value": 0.4826
          },
          "vjepa_2_1_vitg_surgery_raw_encoder_minus_vjepa_2_1_vitg_surgical_autorgn_encoder": {
            "n": 1825,
            "delta_mean": -0.120486,
            "delta_ci_lo": -0.125509,
            "delta_ci_hi": -0.115651,
            "p_value": 0.0
          },
          "vjepa_2_1_vitg_surgical_3stage_DI_encoder_minus_vjepa_2_1_vitg_surgical_autorgn_encoder": {
            "n": 1825,
            "delta_mean": -0.119359,
            "delta_ci_lo": -0.124069,
            "delta_ci_hi": -0.114647,
            "p_value": 0.0
          }
        },
        "kendalls_tau": {
          "vjepa_2_1_vitg_frozen_minus_vjepa_2_1_vitg_pretrain_encoder": {
            "n": 1825,
            "delta_mean": 0.037758,
            "delta_ci_lo": 0.034761,
            "delta_ci_hi": 0.040736,
            "p_value": 0.0
          },
          "vjepa_2_1_vitg_frozen_minus_vjepa_2_1_vitg_surgery_raw_encoder": {
            "n": 1825,
            "delta_mean": 0.044499,
            "delta_ci_lo": 0.041751,
            "delta_ci_hi": 0.047077,
            "p_value": 0.0
          },
          "vjepa_2_1_vitg_frozen_minus_vjepa_2_1_vitg_surgical_3stage_DI_encoder": {
            "n": 1825,
            "delta_mean": 0.046081,
            "delta_ci_lo": 0.043256,
            "delta_ci_hi": 0.048848,
            "p_value": 0.0
          },
          "vjepa_2_1_vitg_frozen_minus_vjepa_2_1_vitg_surgical_autorgn_encoder": {
            "n": 1825,
            "delta_mean": 0.041679,
            "delta_ci_lo": 0.038577,
            "delta_ci_hi": 0.044749,
            "p_value": 0.0
          },
          "vjepa_2_1_vitg_pretrain_encoder_minus_vjepa_2_1_vitg_surgery_raw_encoder": {
            "n": 1825,
            "delta_mean": 0.00674,
            "delta_ci_lo": 0.004872,
            "delta_ci_hi": 0.008579,
            "p_value": 0.0
          },
          "vjepa_2_1_vitg_pretrain_encoder_minus_vjepa_2_1_vitg_surgical_3stage_DI_encoder": {
            "n": 1825,
            "delta_mean": 0.008323,
            "delta_ci_lo": 0.006548,
            "delta_ci_hi": 0.010093,
            "p_value": 0.0
          },
          "vjepa_2_1_vitg_pretrain_encoder_minus_vjepa_2_1_vitg_surgical_autorgn_encoder": {
            "n": 1825,
            "delta_mean": 0.00392,
            "delta_ci_lo": 0.00229,
            "delta_ci_hi": 0.005549,
            "p_value": 0.0
          },
          "vjepa_2_1_vitg_surgery_raw_encoder_minus_vjepa_2_1_vitg_surgical_3stage_DI_encoder": {
            "n": 1825,
            "delta_mean": 0.001583,
            "delta_ci_lo": 0.00016,
            "delta_ci_hi": 0.003061,
            "p_value": 0.0314
          },
          "vjepa_2_1_vitg_surgery_raw_encoder_minus_vjepa_2_1_vitg_surgical_autorgn_encoder": {
            "n": 1825,
            "delta_mean": -0.00282,
            "delta_ci_lo": -0.00453,
            "delta_ci_hi": -0.001069,
            "p_value": 0.002
          },
          "vjepa_2_1_vitg_surgical_3stage_DI_encoder_minus_vjepa_2_1_vitg_surgical_autorgn_encoder": {
            "n": 1825,
            "delta_mean": -0.004402,
            "delta_ci_lo": -0.00613,
            "delta_ci_hi": -0.00268,
            "p_value": 0.0
          }
        }
      }
    }
  }
}

═══ 01:34:56 · STAGE 10 · m13 eval plot — 14 bars + HERO (CPU, ~5s) ═══
  [m13_eval_plot] wiping eval/ — 43 stale file(s)
m13_eval_plot:   0%|          | 0/15 [00:00<?, ?panel/s]  Saved: outputs/poc/vjepa_2_1_vitg_1B/eval/eval_10k/probe_plot/eval/head/probe_action_acc_compare.png + .pdf
  Saved: outputs/poc/vjepa_2_1_vitg_1B/eval/eval_10k/probe_plot/eval/head/probe_motion_cos_compare.png + .pdf
  Saved: outputs/poc/vjepa_2_1_vitg_1B/eval/eval_10k/probe_plot/eval/head/m13_taxonomy_f1_compare.png + .pdf
  Saved: outputs/poc/vjepa_2_1_vitg_1B/eval/eval_10k/probe_plot/eval/head/probe_future_mse_compare.png + .pdf
  Saved: outputs/poc/vjepa_2_1_vitg_1B/eval/eval_10k/probe_plot/eval/predictor/m13_rollout_compare.png + .pdf
  Saved: outputs/poc/vjepa_2_1_vitg_1B/eval/eval_10k/probe_plot/eval/predictor/m13_causal_compare.png + .pdf
  Saved: outputs/poc/vjepa_2_1_vitg_1B/eval/eval_10k/probe_plot/eval/predictor/m13_tdist_compare.png + .pdf
  Saved: outputs/poc/vjepa_2_1_vitg_1B/eval/eval_10k/probe_plot/eval/predictor/m13_teacher_free_compare.png + .pdf
  Saved: outputs/poc/vjepa_2_1_vitg_1B/eval/eval_10k/probe_plot/eval/predictor/m13_maskratio_compare.png + .pdf
  [skip] order: signed (no better/worse direction) — diagnostic only, kept in CSV not plotted
  Saved: outputs/poc/vjepa_2_1_vitg_1B/eval/eval_10k/probe_plot/eval/encoder/m13_aot_compare.png + .pdf
  Saved: outputs/poc/vjepa_2_1_vitg_1B/eval/eval_10k/probe_plot/eval/encoder/m13_tov_compare.png + .pdf
  Saved: outputs/poc/vjepa_2_1_vitg_1B/eval/eval_10k/probe_plot/eval/encoder/m13_pace_compare.png + .pdf
  Saved: outputs/poc/vjepa_2_1_vitg_1B/eval/eval_10k/probe_plot/eval/encoder/m13_tcc_tau_compare.png + .pdf
  Saved: outputs/poc/vjepa_2_1_vitg_1B/eval/eval_10k/probe_plot/eval/encoder/m13_tcc_cycle_compare.png + .pdf
m13_eval_plot: 100%|██████████| 15/15 [00:06<00:00,  2.37panel/s]m13_eval_plot: 100%|██████████| 15/15 [00:06<00:00,  2.37panel/s]
  14/15 bar panels written (14 plotted): ['action_top1', 'aot', 'causal', 'future_mse', 'maskratio', 'motion_cos', 'pace', 'rollout', 'taxonomy_f1', 'tcc_cycle', 'tcc_tau', 'tdist', 'teacher_free', 'tov']  ·  signed (CSV-only, not plotted): ['order']
  [per-backbone] vjepa_2_1_vitg → eval/vjepa_2_1_vitg/  (6 arms vs g-frozen)
  Saved: outputs/poc/vjepa_2_1_vitg_1B/eval/eval_10k/probe_plot/eval/vjepa_2_1_vitg/m13_hero_table.png + .pdf
  [hero-table] m13_hero_table.{png,pdf,csv} — 13 metric rows drawn (+signed 'order' in CSV only) × 7 cols (transposed) · WINNER col = champion duel (ties shown)
  Saved: outputs/poc/vjepa_2_1_vitg_1B/eval/eval_10k/probe_plot/eval/vjepa_2_1_vitg/m13_hero_raw_values.png + .pdf
  [hero-heatmap] m13_hero_raw_values.{png,pdf} — 6 rows (frozen + 5 arms) × 13 (raw value CI)
  Saved: outputs/poc/vjepa_2_1_vitg_1B/eval/eval_10k/probe_plot/eval/vjepa_2_1_vitg/m13_scoreboard_surgery_vs_pretrain.png + .pdf
  [scoreboard] m13_scoreboard_surgery_vs_pretrain — surgery 7 pretrain 2 tie 4
  Saved: outputs/poc/vjepa_2_1_vitg_1B/eval/eval_10k/probe_plot/eval/vjepa_2_1_vitg/m13_grouped_winner_surgery_vs_pretrain.png + .pdf
  [grouped] m13_grouped_winner_surgery_vs_pretrain — surgery 7 pretrain 2 tie 4
  Saved: outputs/poc/vjepa_2_1_vitg_1B/eval/eval_10k/probe_plot/eval/vjepa_2_1_vitg/m13_paired_forest_surgery_vs_pretrain.png + .pdf
  [forest] m13_paired_forest_surgery_vs_pretrain.{png,pdf} — 13 metrics · surgery 7 pretrain 2 tie 4
  [stack] m13_hero_raw_values.{png,pdf} — vertical append of 1 LABELLED backbone panels (vjepa_2_1_vitg) · NO averaging
  Saved: outputs/poc/vjepa_2_1_vitg_1B/eval/eval_10k/probe_plot/eval/m13_paired_diff_heatmap.png + .pdf
  [paired-heatmap] m13_paired_diff_heatmap.{png,pdf} — 13 metrics × 1 backbones
  Plots written to: outputs/poc/vjepa_2_1_vitg_1B/eval/eval_10k/probe_plot/eval

═══ 01:35:45 · DONE · total wall = 2 min ═══
Artifacts:
  🔥 P1 GATE     outputs/poc/vjepa_2_1_vitg_1B/eval/eval_10k/probe_action/probe_paired_delta.json
  motion_cos     outputs/poc/vjepa_2_1_vitg_1B/eval/eval_10k/probe_motion_cos/probe_motion_cos_paired.json
  future_mse     outputs/poc/vjepa_2_1_vitg_1B/eval/eval_10k/probe_future_mse/probe_future_mse_per_variant.json
  enc_temporal   outputs/poc/vjepa_2_1_vitg_1B/eval/eval_10k/encoder_temporal/encoder_temporal_per_variant.json (aot/tov/pace/tcc)
  taxonomy lbls  outputs/poc/vjepa_2_1_vitg_1B/eval/eval_10k/probe_taxonomy/taxonomy_labels.json (consumed by run_train.sh multi-task path)
  plots          outputs/poc/vjepa_2_1_vitg_1B/eval/eval_10k/probe_plot/eval/{probe_action_loss,probe_action_acc,probe_action_acc_compare,probe_motion_cos_compare,probe_future_mse_compare}.{png,pdf}
Per-encoder probe ckpts:
  outputs/poc/vjepa_2_1_vitg_1B/eval/eval_10k/probe_action/vjepa_2_1_vitg_frozen/probe.pt
  outputs/poc/vjepa_2_1_vitg_1B/eval/eval_10k/probe_action/vjepa_2_1_vitg_pretrain_encoder/probe.pt
  outputs/poc/vjepa_2_1_vitg_1B/eval/eval_10k/probe_action/vjepa_2_1_vitg_surgical_3stage_DI_encoder/probe.pt
  outputs/poc/vjepa_2_1_vitg_1B/eval/eval_10k/probe_action/vjepa_2_1_vitg_surgical_autorgn_encoder/probe.pt
  outputs/poc/vjepa_2_1_vitg_1B/eval/eval_10k/probe_action/vjepa_2_1_vitg_surgery_raw_encoder/probe.pt
  outputs/poc/vjepa_2_1_vitg_1B/eval/eval_10k/probe_action/vjepa_2_1_vitg_full_ft_encoder/probe.pt
  outputs/poc/vjepa_2_1_vitg_1B/eval/eval_10k/probe_action/vjepa_2_1_vitg_lpft_encoder/probe.pt
  outputs/poc/vjepa_2_1_vitg_1B/eval/eval_10k/probe_action/vjepa_2_1_vitg_peft_lora_encoder/probe.pt
  outputs/poc/vjepa_2_1_vitg_1B/eval/eval_10k/probe_action/vjepa_2_1_vitg_peft_dora_encoder/probe.pt
  outputs/poc/vjepa_2_1_vitg_1B/eval/eval_10k/probe_action/vjepa_2_1_vitg_surgical_3stage_DI_diheavy_encoder/probe.pt
  outputs/poc/vjepa_2_1_vitg_1B/eval/eval_10k/probe_action/vjepa_2_1_vitg_surgical_3stage_DI_intervene_encoder/probe.pt
  outputs/poc/vjepa_2_1_vitg_1B/eval/eval_10k/probe_action/vjepa_2_1_vitg_surgical_intervene_wiseft_f30_encoder/probe.pt
  outputs/poc/vjepa_2_1_vitg_1B/eval/eval_10k/probe_action/vjepa_2_1_vitg_surgical_intervene_wiseft_f50_encoder/probe.pt
  outputs/poc/vjepa_2_1_vitg_1B/eval/eval_10k/probe_action/vjepa_2_1_vitg_surgical_intervene_wiseft_f70_encoder/probe.pt

=== metrics_watch refresh (eval_scorecard) ===
Traceback (most recent call last):
  File "/workspace/factorjepa/src/m13_eval_plot.py", line 46, in <module>
    import matplotlib.pyplot as plt
ModuleNotFoundError: No module named 'matplotlib'
