=== metrics_watch refresh (eval_scorecard + eval_metrics.csv) ===
  Saved: outputs/poc/vjepa_2_1_vitg_1B/eval/eval_10k/probe_plot/metrics_watch/vjepa_2_1_vitg/train_trajectories.png + .pdf
  Saved: outputs/poc/vjepa_2_1_vitg_1B/eval/eval_10k/probe_plot/metrics_watch/vjepa_2_1_vitg/kept_scorecard.png + .pdf
  Saved: outputs/poc/vjepa_2_1_vitg_1B/eval/eval_10k/probe_plot/metrics_watch/vjepa_2_1_vitg/eval_scorecard.png + .pdf
  Saved: outputs/poc/vjepa_2_1_vitg_1B/eval/eval_10k/probe_plot/metrics_watch/vjepa_2_1_vitg/wiseft_sweep_table.png + .pdf
  [wiseft-sweep] wiseft_sweep_table.{png,pdf} — 5 sweep arms (registry-derived)
  [warn] arms absent from json (skipped): ['vjepa_2_1_frozen', 'vjepa_2_1_pretrain_encoder', 'vjepa_2_1_surgical_3stage_DI_encoder', 'vjepa_2_1_surgical_noDI_encoder', 'vjepa_2_1_surgery_raw_encoder', 'vjepa_2_1_surgical_autorgn_encoder', 'vjepa_2_1_full_ft_encoder', 'vjepa_2_1_lpft_encoder', 'vjepa_2_1_peft_lora_encoder', 'vjepa_2_1_peft_dora_encoder', 'vjepa_2_1_cassle_encoder', 'vjepa_2_1_ewc_encoder', 'vjepa_2_1_surgical_3stage_DI_replay25_encoder', 'vjepa_2_1_surgical_3stage_DI_diheavy_encoder', 'vjepa_2_1_surgical_3stage_DI_tccaux_encoder', 'vjepa_2_1_surgical_3stage_DI_intervene_encoder', 'vjepa_2_1_surgical_3stage_DI_wiseft_encoder', 'vjepa_2_1_surgical_intervene_wiseft_f30_encoder', 'vjepa_2_1_surgical_intervene_wiseft_f50_encoder', 'vjepa_2_1_surgical_intervene_wiseft_f70_encoder']
  [paper-scorecard] saved → outputs/poc/vjepa_2_1_vitg_1B/eval/eval_10k/probe_plot/metrics_watch/vjepa_2_1_vitg/eval_scorecard_paper.png
  [paper-scorecard] saved → outputs/poc/vjepa_2_1_vitg_1B/eval/eval_10k/probe_plot/metrics_watch/vjepa_2_1_vitg/eval_scorecard_paper.pdf
  [metric-validity] drop vjepa_2_1_vitg_surgical_noDI_encoder (no data in: encoder-temporal, head/probe, predictor)
  [metric-validity] drop vjepa_2_1_vitg_surgical_3stage_DI_head (no data in: encoder-temporal, head/probe, predictor)
  [metric-validity] drop vjepa_2_1_vitg_surgical_noDI_head (no data in: encoder-temporal, head/probe, predictor)
  [metric-validity] drop vjepa_2_1_vitg_cassle_encoder (no data in: encoder-temporal, head/probe, predictor)
  [metric-validity] drop vjepa_2_1_vitg_ewc_encoder (no data in: encoder-temporal, head/probe, predictor)
  [metric-validity] drop vjepa_2_1_vitg_surgical_3stage_DI_replay25_encoder (no data in: encoder-temporal, head/probe, predictor)
  [metric-validity] drop vjepa_2_1_vitg_surgical_3stage_DI_tccaux_encoder (no data in: encoder-temporal, head/probe, predictor)
  [metric-validity] drop vjepa_2_1_vitg_surgical_3stage_DI_intervene_encoder (no data in: encoder-temporal)
  [metric-validity] drop vjepa_2_1_vitg_surgical_3stage_DI_wiseft_encoder (no data in: encoder-temporal, head/probe, predictor)
  [metric-validity] drop vjepa_2_1_vitg_surgical_intervene_wiseft_f30_encoder (no data in: encoder-temporal, head/probe, predictor)
  [metric-validity] drop vjepa_2_1_vitg_surgical_intervene_wiseft_f50_encoder (no data in: encoder-temporal, head/probe, predictor)
  [metric-validity] drop vjepa_2_1_vitg_surgical_intervene_wiseft_f70_encoder (no data in: encoder-temporal, head/probe, predictor)
  Saved: outputs/poc/vjepa_2_1_vitg_1B/eval/eval_10k/probe_plot/metrics_watch/vjepa_2_1_vitg/m13_metric_validity.png + .pdf
  [metric-validity] within ρ=0.25 ≫ between ρ=-0.07 (gap 0.32, perm p=0.006, N=10) → outputs/poc/vjepa_2_1_vitg_1B/eval/eval_10k/probe_plot/metrics_watch/vjepa_2_1_vitg/m13_metric_validity.{png,pdf,csv}
  [criterion] skip — no external criterion at outputs/poc/vjepa_2_1_vitg_1B/eval/eval_10k/probe_plot/metrics_watch/vjepa_2_1_vitg/criterion.csv (needs a GPU action-probe → encoder,ext_score CSV; iter19 §2b)
  [tcc-chart] skip — partial json missing ['vjepa_2_1_frozen', 'vjepa_2_1_surgery_raw_encoder', 'vjepa_2_1_surgical_3stage_DI_encoder'] (not evaled yet)
  [metrics-watch] regenerated → outputs/poc/vjepa_2_1_vitg_1B/eval/eval_10k/probe_plot/metrics_watch/vjepa_2_1_vitg/ · {train_trajectories,kept_scorecard,eval_scorecard,wiseft_sweep_table,eval_scorecard_paper,tcc_comparison}.{png,pdf} + {train,eval}_metrics.{json,csv}

=== S3 hero-table preview ===
  [encoders] source = --encoders CLI flag
  ✓ eval frame cache:     data/eval_10k_local/m12_frame_cache (min free 80 GB)

═══ 07:17:34 · PRE-FLIGHT ═══
-rw-rw-r-- 1 root root 29G Jun 23 10:34 checkpoints/vjepa2_1_vitG_384.pt
✓ ckpt present
  ✓ mode:                 POC
  ✓ eval_subset:          data/eval_10k_local/eval_10k.json
  ✓ local_data:           data/eval_10k_local
  ✓ encoder_ckpt:         checkpoints/vjepa2_1_vitG_384.pt  (29G)
  ✓ motion_features:      data/eval_10k_local/m04d_motion_features/motion_features.npy  (836K)
  ✓ min_clips_per_class:  100
  ✓ min_per_split:        5
  ✓ encoders:             vjepa_2_1_vitg_frozen vjepa_2_1_vitg_pretrain_encoder vjepa_2_1_vitg_surgical_3stage_DI_encoder vjepa_2_1_vitg_surgical_noDI_encoder vjepa_2_1_vitg_surgical_3stage_DI_head vjepa_2_1_vitg_surgical_noDI_head vjepa_2_1_vitg_surgical_autorgn_encoder vjepa_2_1_vitg_surgery_raw_encoder vjepa_2_1_vitg_full_ft_encoder vjepa_2_1_vitg_lpft_encoder vjepa_2_1_vitg_peft_lora_encoder vjepa_2_1_vitg_peft_dora_encoder vjepa_2_1_vitg_cassle_encoder vjepa_2_1_vitg_ewc_encoder vjepa_2_1_vitg_surgical_3stage_DI_replay25_encoder vjepa_2_1_vitg_surgical_3stage_DI_diheavy_encoder vjepa_2_1_vitg_surgical_3stage_DI_tccaux_encoder vjepa_2_1_vitg_surgical_3stage_DI_intervene_encoder vjepa_2_1_vitg_surgical_3stage_DI_wiseft_encoder vjepa_2_1_vitg_surgical_intervene_wiseft_f30_encoder vjepa_2_1_vitg_surgical_intervene_wiseft_f50_encoder vjepa_2_1_vitg_surgical_intervene_wiseft_f70_encoder
  ✓ skip_stages:          2,3,11,5,6,8,8b,8c
  ✓ cache_policy:         1
  ✓ eval_prefix:          outputs/poc/vjepa_2_1_vitg_1B/eval/eval_10k  (corpus=eval_10k · backbone=vjepa_2_1_vitg)
  ✓ train_root:           outputs/poc/vjepa_2_1_vitg_1B/train

──────────────────────────────────────────────
run_probe cache-policy gather (UPFRONT — one prompt per module)
──────────────────────────────────────────────
  probe_action: cache at outputs/poc/vjepa_2_1_vitg_1B/eval/eval_10k/probe_action/action_labels.json → policy=1 (CACHE_POLICY_ALL)
  probe_cos: cache at outputs/poc/vjepa_2_1_vitg_1B/eval/eval_10k/probe_motion_cos/probe_motion_cos_paired.json → policy=1 (CACHE_POLICY_ALL)
  probe_mse: cache at outputs/poc/vjepa_2_1_vitg_1B/eval/eval_10k/probe_future_mse/probe_future_mse_per_variant.json → policy=1 (CACHE_POLICY_ALL)
  → ACTION=1  COS=1  MSE=1

──────────────────────────────────────────────
P2/P3 trainer-output pre-flight
──────────────────────────────────────────────
  ✓ vjepa_2_1_vitg_frozen: external/HF frozen (no trainer needed)
  ✓ vjepa_2_1_vitg_pretrain_encoder: outputs/poc/vjepa_2_1_vitg_1B/train/m09a_pretrain_encoder/student_encoder.pt
  ✓ vjepa_2_1_vitg_surgical_3stage_DI_encoder: outputs/poc/vjepa_2_1_vitg_1B/train/m09c_surgery_3stage_DI_encoder/student_encoder.pt
  ⚠️  vjepa_2_1_vitg_surgical_noDI_encoder: outputs/poc/vjepa_2_1_vitg_1B/train/m09c_surgery_noDI_encoder/student_encoder.pt not found — train via:
       BACKBONE=vjepa_2_1_vitg ./scripts/run_train.sh surgery_noDI_encoder --POC
  → dropping vjepa_2_1_vitg_surgical_noDI_encoder from this run; pipeline continues with remaining encoders
  ⚠️  vjepa_2_1_vitg_surgical_3stage_DI_head: outputs/poc/vjepa_2_1_vitg_1B/train/m09c_surgery_3stage_DI_head/student_encoder.pt not found — train via:
       BACKBONE=vjepa_2_1_vitg ./scripts/run_train.sh surgery_3stage_DI_head --POC
  → dropping vjepa_2_1_vitg_surgical_3stage_DI_head from this run; pipeline continues with remaining encoders
  ⚠️  vjepa_2_1_vitg_surgical_noDI_head: outputs/poc/vjepa_2_1_vitg_1B/train/m09c_surgery_noDI_head/student_encoder.pt not found — train via:
       BACKBONE=vjepa_2_1_vitg ./scripts/run_train.sh surgery_noDI_head --POC
  → dropping vjepa_2_1_vitg_surgical_noDI_head from this run; pipeline continues with remaining encoders
  ✓ vjepa_2_1_vitg_surgical_autorgn_encoder: outputs/poc/vjepa_2_1_vitg_1B/train/m09e_autorgn_encoder/student_encoder.pt
  ✓ vjepa_2_1_vitg_surgery_raw_encoder: outputs/poc/vjepa_2_1_vitg_1B/train/m09c_surgery_raw_encoder/student_encoder.pt
  ✓ vjepa_2_1_vitg_full_ft_encoder: outputs/poc/vjepa_2_1_vitg_1B/train/m09f_full_ft_encoder/student_encoder.pt
  ✓ vjepa_2_1_vitg_lpft_encoder: outputs/poc/vjepa_2_1_vitg_1B/train/m09f_lpft_encoder/student_encoder.pt
  ✓ vjepa_2_1_vitg_peft_lora_encoder: outputs/poc/vjepa_2_1_vitg_1B/train/m09b_peft_lora_encoder/student_encoder.pt
  ✓ vjepa_2_1_vitg_peft_dora_encoder: outputs/poc/vjepa_2_1_vitg_1B/train/m09b_peft_dora_encoder/student_encoder.pt
  ⚠️  vjepa_2_1_vitg_cassle_encoder: outputs/poc/vjepa_2_1_vitg_1B/train/m09d_cassle_encoder/student_encoder.pt not found — train via:
       BACKBONE=vjepa_2_1_vitg ./scripts/run_train.sh cassle_encoder --POC
  → dropping vjepa_2_1_vitg_cassle_encoder from this run; pipeline continues with remaining encoders
  ⚠️  vjepa_2_1_vitg_ewc_encoder: outputs/poc/vjepa_2_1_vitg_1B/train/m09d_ewc_encoder/student_encoder.pt not found — train via:
       BACKBONE=vjepa_2_1_vitg ./scripts/run_train.sh ewc_encoder --POC
  → dropping vjepa_2_1_vitg_ewc_encoder from this run; pipeline continues with remaining encoders
  ⚠️  vjepa_2_1_vitg_surgical_3stage_DI_replay25_encoder: outputs/poc/vjepa_2_1_vitg_1B/train/m09c_surgery_3stage_DI_replay25_encoder/student_encoder.pt not found — train via:
       BACKBONE=vjepa_2_1_vitg ./scripts/run_train.sh surgery_3stage_DI_replay25_encoder --POC
  → dropping vjepa_2_1_vitg_surgical_3stage_DI_replay25_encoder from this run; pipeline continues with remaining encoders
  ✓ vjepa_2_1_vitg_surgical_3stage_DI_diheavy_encoder: outputs/poc/vjepa_2_1_vitg_1B/train/m09c_surgery_3stage_DI_diheavy_encoder/student_encoder.pt
  ⚠️  vjepa_2_1_vitg_surgical_3stage_DI_tccaux_encoder: outputs/poc/vjepa_2_1_vitg_1B/train/m09c_surgery_3stage_DI_tccaux_encoder/student_encoder.pt not found — train via:
       BACKBONE=vjepa_2_1_vitg ./scripts/run_train.sh surgery_3stage_DI_tccaux_encoder --POC
  → dropping vjepa_2_1_vitg_surgical_3stage_DI_tccaux_encoder from this run; pipeline continues with remaining encoders
  ✓ vjepa_2_1_vitg_surgical_3stage_DI_intervene_encoder: outputs/poc/vjepa_2_1_vitg_1B/train/m09c_surgery_3stage_DI_intervene_encoder/student_encoder.pt
  ⚠️  vjepa_2_1_vitg_surgical_3stage_DI_wiseft_encoder: outputs/poc/vjepa_2_1_vitg_1B/train/m09c_surgical_3stage_DI_wiseft_encoder/student_encoder.pt not found — train via:
       BACKBONE=vjepa_2_1_vitg ./scripts/run_train.sh surgical_3stage_DI_wiseft_encoder --POC
  → dropping vjepa_2_1_vitg_surgical_3stage_DI_wiseft_encoder from this run; pipeline continues with remaining encoders
  ✓ vjepa_2_1_vitg_surgical_intervene_wiseft_f30_encoder: outputs/poc/vjepa_2_1_vitg_1B/train/m09c_surgical_intervene_wiseft_f30_encoder/student_encoder.pt
  ✓ vjepa_2_1_vitg_surgical_intervene_wiseft_f50_encoder: outputs/poc/vjepa_2_1_vitg_1B/train/m09c_surgical_intervene_wiseft_f50_encoder/student_encoder.pt
  ✓ vjepa_2_1_vitg_surgical_intervene_wiseft_f70_encoder: outputs/poc/vjepa_2_1_vitg_1B/train/m09c_surgical_intervene_wiseft_f70_encoder/student_encoder.pt
  → final ENCODERS: vjepa_2_1_vitg_frozen vjepa_2_1_vitg_pretrain_encoder vjepa_2_1_vitg_surgical_3stage_DI_encoder vjepa_2_1_vitg_surgical_autorgn_encoder vjepa_2_1_vitg_surgery_raw_encoder vjepa_2_1_vitg_full_ft_encoder vjepa_2_1_vitg_lpft_encoder vjepa_2_1_vitg_peft_lora_encoder vjepa_2_1_vitg_peft_dora_encoder vjepa_2_1_vitg_surgical_3stage_DI_diheavy_encoder vjepa_2_1_vitg_surgical_3stage_DI_intervene_encoder vjepa_2_1_vitg_surgical_intervene_wiseft_f30_encoder vjepa_2_1_vitg_surgical_intervene_wiseft_f50_encoder vjepa_2_1_vitg_surgical_intervene_wiseft_f70_encoder

──────────────────────────────────────────────
Stage 8 predictor-ckpt pre-flight
──────────────────────────────────────────────
  ✓ vjepa_2_1_vitg_frozen: checkpoints/vjepa2_1_vitg_384.pt
  ✓ vjepa_2_1_vitg_pretrain_encoder: outputs/poc/vjepa_2_1_vitg_1B/train/m09a_pretrain_encoder/m09a_ckpt_best.pt
  ✓ vjepa_2_1_vitg_surgical_3stage_DI_encoder: outputs/poc/vjepa_2_1_vitg_1B/train/m09c_surgery_3stage_DI_encoder/m09c_ckpt_best.pt
  ✓ vjepa_2_1_vitg_surgical_autorgn_encoder: outputs/poc/vjepa_2_1_vitg_1B/train/m09e_autorgn_encoder/m09c_ckpt_best.pt
  ✓ vjepa_2_1_vitg_surgery_raw_encoder: outputs/poc/vjepa_2_1_vitg_1B/train/m09c_surgery_raw_encoder/m09c_ckpt_best.pt
  ✓ vjepa_2_1_vitg_full_ft_encoder: outputs/poc/vjepa_2_1_vitg_1B/train/m09f_full_ft_encoder/m09c_ckpt_best.pt
  ✓ vjepa_2_1_vitg_lpft_encoder: outputs/poc/vjepa_2_1_vitg_1B/train/m09f_lpft_encoder/m09c_ckpt_best.pt
  ✓ vjepa_2_1_vitg_peft_lora_encoder: outputs/poc/vjepa_2_1_vitg_1B/train/m09b_peft_lora_encoder/m09c_ckpt_best.pt
  ✓ vjepa_2_1_vitg_peft_dora_encoder: outputs/poc/vjepa_2_1_vitg_1B/train/m09b_peft_dora_encoder/m09c_ckpt_best.pt
  ✓ vjepa_2_1_vitg_surgical_3stage_DI_diheavy_encoder: outputs/poc/vjepa_2_1_vitg_1B/train/m09c_surgery_3stage_DI_diheavy_encoder/m09c_ckpt_best.pt
  ✓ vjepa_2_1_vitg_surgical_3stage_DI_intervene_encoder: outputs/poc/vjepa_2_1_vitg_1B/train/m09c_surgery_3stage_DI_intervene_encoder/m09c_ckpt_best.pt
  ✓ vjepa_2_1_vitg_surgical_intervene_wiseft_f30_encoder: outputs/poc/vjepa_2_1_vitg_1B/train/m09c_surgical_intervene_wiseft_f30_encoder/m09c_ckpt_best.pt
  ✓ vjepa_2_1_vitg_surgical_intervene_wiseft_f50_encoder: outputs/poc/vjepa_2_1_vitg_1B/train/m09c_surgical_intervene_wiseft_f50_encoder/m09c_ckpt_best.pt
  ✓ vjepa_2_1_vitg_surgical_intervene_wiseft_f70_encoder: outputs/poc/vjepa_2_1_vitg_1B/train/m09c_surgical_intervene_wiseft_f70_encoder/m09c_ckpt_best.pt
  → Stage 8 ENCODERS: vjepa_2_1_vitg_frozen vjepa_2_1_vitg_pretrain_encoder vjepa_2_1_vitg_surgical_3stage_DI_encoder vjepa_2_1_vitg_surgical_autorgn_encoder vjepa_2_1_vitg_surgery_raw_encoder vjepa_2_1_vitg_full_ft_encoder vjepa_2_1_vitg_lpft_encoder vjepa_2_1_vitg_peft_lora_encoder vjepa_2_1_vitg_peft_dora_encoder vjepa_2_1_vitg_surgical_3stage_DI_diheavy_encoder vjepa_2_1_vitg_surgical_3stage_DI_intervene_encoder vjepa_2_1_vitg_surgical_intervene_wiseft_f30_encoder vjepa_2_1_vitg_surgical_intervene_wiseft_f50_encoder vjepa_2_1_vitg_surgical_intervene_wiseft_f70_encoder

──────────────────────────────────────────────
motion_aux_head pre-flight (head-vs-encoder paired-Δ readiness)
──────────────────────────────────────────────
  ✓ vjepa_2_1_vitg_frozen: external frozen (no head — encoder-only path)
  ✓ vjepa_2_1_vitg_pretrain_encoder: outputs/poc/vjepa_2_1_vitg_1B/train/m09a_pretrain_encoder/motion_aux_head.pt
  ✓ vjepa_2_1_vitg_surgical_3stage_DI_encoder: outputs/poc/vjepa_2_1_vitg_1B/train/m09c_surgery_3stage_DI_encoder/motion_aux_head.pt
  ✓ vjepa_2_1_vitg_surgical_autorgn_encoder: outputs/poc/vjepa_2_1_vitg_1B/train/m09e_autorgn_encoder/motion_aux_head.pt
  ✓ vjepa_2_1_vitg_surgery_raw_encoder: outputs/poc/vjepa_2_1_vitg_1B/train/m09c_surgery_raw_encoder/motion_aux_head.pt
  ✓ vjepa_2_1_vitg_full_ft_encoder: outputs/poc/vjepa_2_1_vitg_1B/train/m09f_full_ft_encoder/motion_aux_head.pt
  ✓ vjepa_2_1_vitg_lpft_encoder: outputs/poc/vjepa_2_1_vitg_1B/train/m09f_lpft_encoder/motion_aux_head.pt
  ✓ vjepa_2_1_vitg_peft_lora_encoder: outputs/poc/vjepa_2_1_vitg_1B/train/m09b_peft_lora_encoder/motion_aux_head.pt
  ✓ vjepa_2_1_vitg_peft_dora_encoder: outputs/poc/vjepa_2_1_vitg_1B/train/m09b_peft_dora_encoder/motion_aux_head.pt
  ✓ vjepa_2_1_vitg_surgical_3stage_DI_diheavy_encoder: outputs/poc/vjepa_2_1_vitg_1B/train/m09c_surgery_3stage_DI_diheavy_encoder/motion_aux_head.pt
  ✓ vjepa_2_1_vitg_surgical_3stage_DI_intervene_encoder: outputs/poc/vjepa_2_1_vitg_1B/train/m09c_surgery_3stage_DI_intervene_encoder/motion_aux_head.pt
  ✓ vjepa_2_1_vitg_surgical_intervene_wiseft_f30_encoder: outputs/poc/vjepa_2_1_vitg_1B/train/m09c_surgical_intervene_wiseft_f30_encoder/motion_aux_head.pt
  ✓ vjepa_2_1_vitg_surgical_intervene_wiseft_f50_encoder: outputs/poc/vjepa_2_1_vitg_1B/train/m09c_surgical_intervene_wiseft_f50_encoder/motion_aux_head.pt
  ✓ vjepa_2_1_vitg_surgical_intervene_wiseft_f70_encoder: outputs/poc/vjepa_2_1_vitg_1B/train/m09c_surgical_intervene_wiseft_f70_encoder/motion_aux_head.pt
  → head-augmented eval ENCODERS: vjepa_2_1_vitg_pretrain_encoder vjepa_2_1_vitg_surgical_3stage_DI_encoder vjepa_2_1_vitg_surgical_autorgn_encoder vjepa_2_1_vitg_surgery_raw_encoder vjepa_2_1_vitg_full_ft_encoder vjepa_2_1_vitg_lpft_encoder vjepa_2_1_vitg_peft_lora_encoder vjepa_2_1_vitg_peft_dora_encoder vjepa_2_1_vitg_surgical_3stage_DI_diheavy_encoder vjepa_2_1_vitg_surgical_3stage_DI_intervene_encoder vjepa_2_1_vitg_surgical_intervene_wiseft_f30_encoder vjepa_2_1_vitg_surgical_intervene_wiseft_f50_encoder vjepa_2_1_vitg_surgical_intervene_wiseft_f70_encoder
  → final ENCODERS after head preflight: vjepa_2_1_vitg_frozen vjepa_2_1_vitg_pretrain_encoder vjepa_2_1_vitg_surgical_3stage_DI_encoder vjepa_2_1_vitg_surgical_autorgn_encoder vjepa_2_1_vitg_surgery_raw_encoder vjepa_2_1_vitg_full_ft_encoder vjepa_2_1_vitg_lpft_encoder vjepa_2_1_vitg_peft_lora_encoder vjepa_2_1_vitg_peft_dora_encoder vjepa_2_1_vitg_surgical_3stage_DI_diheavy_encoder vjepa_2_1_vitg_surgical_3stage_DI_intervene_encoder vjepa_2_1_vitg_surgical_intervene_wiseft_f30_encoder vjepa_2_1_vitg_surgical_intervene_wiseft_f50_encoder vjepa_2_1_vitg_surgical_intervene_wiseft_f70_encoder

──────────────────────────────────────────────
Pre-eval pretrain_encoder-cleanup (drop _latest.pt resume anchors)
──────────────────────────────────────────────

═══ 07:17:40 · STAGE 1 · action_probe + taxonomy labels (CPU, ~1-2 min) ═══
  [keep] outputs/poc/vjepa_2_1_vitg_1B/eval/eval_10k/probe_action/action_labels.json present — skipping (--cache-policy 2 to redo)
  [keep] outputs/poc/vjepa_2_1_vitg_1B/eval/eval_10k/probe_taxonomy/taxonomy_labels.json present — skipping (--cache-policy 2 to redo)

═══ 07:17:41 · STAGE 4 · action_probe paired_delta (🔥 P1 GATE — CPU, ~5 min, BCa 10K) ═══
Encoders found: ['vjepa_2_1_vitg_frozen', 'vjepa_2_1_vitg_full_ft_encoder', 'vjepa_2_1_vitg_lpft_encoder', 'vjepa_2_1_vitg_peft_dora_encoder', 'vjepa_2_1_vitg_peft_lora_encoder', 'vjepa_2_1_vitg_pretrain_encoder', 'vjepa_2_1_vitg_surgery_raw_encoder', 'vjepa_2_1_vitg_surgical_3stage_DI_diheavy_encoder', 'vjepa_2_1_vitg_surgical_3stage_DI_encoder', 'vjepa_2_1_vitg_surgical_3stage_DI_intervene_encoder', 'vjepa_2_1_vitg_surgical_autorgn_encoder']
{
  "metric": "top1_accuracy",
  "by_encoder": {
    "vjepa_2_1_vitg_frozen": {
      "acc_pct": 42.4658,
      "n": 1825,
      "top1_ci": {
        "mean": 0.424658,
        "ci_lo": 0.402192,
        "ci_hi": 0.447671,
        "ci_half": 0.02274
      }
    },
    "vjepa_2_1_vitg_full_ft_encoder": {
      "acc_pct": 50.9041,
      "n": 1825,
      "top1_ci": {
        "mean": 0.509041,
        "ci_lo": 0.486027,
        "ci_hi": 0.532055,
        "ci_half": 0.023014
      }
    },
    "vjepa_2_1_vitg_lpft_encoder": {
      "acc_pct": 46.0822,
      "n": 1825,
      "top1_ci": {
        "mean": 0.460822,
        "ci_lo": 0.437808,
        "ci_hi": 0.484234,
        "ci_half": 0.023213
      }
    },
    "vjepa_2_1_vitg_peft_dora_encoder": {
      "acc_pct": 47.5616,
      "n": 1825,
      "top1_ci": {
        "mean": 0.475616,
        "ci_lo": 0.452603,
        "ci_hi": 0.498082,
        "ci_half": 0.02274
      }
    },
    "vjepa_2_1_vitg_peft_lora_encoder": {
      "acc_pct": 46.6849,
      "n": 1825,
      "top1_ci": {
        "mean": 0.466849,
        "ci_lo": 0.444384,
        "ci_hi": 0.489315,
        "ci_half": 0.022466
      }
    },
    "vjepa_2_1_vitg_pretrain_encoder": {
      "acc_pct": 49.3151,
      "n": 1825,
      "top1_ci": {
        "mean": 0.493151,
        "ci_lo": 0.470685,
        "ci_hi": 0.516712,
        "ci_half": 0.023014
      }
    },
    "vjepa_2_1_vitg_surgery_raw_encoder": {
      "acc_pct": 48.0,
      "n": 1825,
      "top1_ci": {
        "mean": 0.48,
        "ci_lo": 0.456986,
        "ci_hi": 0.502466,
        "ci_half": 0.02274
      }
    },
    "vjepa_2_1_vitg_surgical_3stage_DI_diheavy_encoder": {
      "acc_pct": 48.274,
      "n": 1825,
      "top1_ci": {
        "mean": 0.48274,
        "ci_lo": 0.459726,
        "ci_hi": 0.506301,
        "ci_half": 0.023288
      }
    },
    "vjepa_2_1_vitg_surgical_3stage_DI_encoder": {
      "acc_pct": 47.6712,
      "n": 1825,
      "top1_ci": {
        "mean": 0.476712,
        "ci_lo": 0.453699,
        "ci_hi": 0.499178,
        "ci_half": 0.02274
      }
    },
    "vjepa_2_1_vitg_surgical_3stage_DI_intervene_encoder": {
      "acc_pct": 47.2877,
      "n": 1825,
      "top1_ci": {
        "mean": 0.472877,
        "ci_lo": 0.450959,
        "ci_hi": 0.49589,
        "ci_half": 0.022466
      }
    },
    "vjepa_2_1_vitg_surgical_autorgn_encoder": {
      "acc_pct": 49.6986,
      "n": 1825,
      "top1_ci": {
        "mean": 0.496986,
        "ci_lo": 0.473973,
        "ci_hi": 0.519452,
        "ci_half": 0.02274
      }
    }
  },
  "pairwise_deltas": {
    "vjepa_2_1_vitg_frozen_minus_vjepa_2_1_vitg_full_ft_encoder": {
      "n_shared": 1825,
      "delta_pp": -8.4384,
      "ci_lo_pp": -10.6849,
      "ci_hi_pp": -6.3562,
      "ci_half_pp": 2.1644,
      "p_value": 0.0,
      "gate_pass": false,
      "interpretation": "vjepa_2_1_vitg_frozen - vjepa_2_1_vitg_full_ft_encoder > 0 means vjepa_2_1_vitg_frozen more accurate than vjepa_2_1_vitg_full_ft_encoder"
    },
    "vjepa_2_1_vitg_frozen_minus_vjepa_2_1_vitg_lpft_encoder": {
      "n_shared": 1825,
      "delta_pp": -3.6164,
      "ci_lo_pp": -5.863,
      "ci_hi_pp": -1.4247,
      "ci_half_pp": 2.2192,
      "p_value": 0.0016,
      "gate_pass": false,
      "interpretation": "vjepa_2_1_vitg_frozen - vjepa_2_1_vitg_lpft_encoder > 0 means vjepa_2_1_vitg_frozen more accurate than vjepa_2_1_vitg_lpft_encoder"
    },
    "vjepa_2_1_vitg_frozen_minus_vjepa_2_1_vitg_peft_dora_encoder": {
      "n_shared": 1825,
      "delta_pp": -5.0959,
      "ci_lo_pp": -7.2877,
      "ci_hi_pp": -2.9589,
      "ci_half_pp": 2.1644,
      "p_value": 0.0,
      "gate_pass": false,
      "interpretation": "vjepa_2_1_vitg_frozen - vjepa_2_1_vitg_peft_dora_encoder > 0 means vjepa_2_1_vitg_frozen more accurate than vjepa_2_1_vitg_peft_dora_encoder"
    },
    "vjepa_2_1_vitg_frozen_minus_vjepa_2_1_vitg_peft_lora_encoder": {
      "n_shared": 1825,
      "delta_pp": -4.2192,
      "ci_lo_pp": -6.411,
      "ci_hi_pp": -2.0274,
      "ci_half_pp": 2.1918,
      "p_value": 0.0002,
      "gate_pass": false,
      "interpretation": "vjepa_2_1_vitg_frozen - vjepa_2_1_vitg_peft_lora_encoder > 0 means vjepa_2_1_vitg_frozen more accurate than vjepa_2_1_vitg_peft_lora_encoder"
    },
    "vjepa_2_1_vitg_frozen_minus_vjepa_2_1_vitg_pretrain_encoder": {
      "n_shared": 1825,
      "delta_pp": -6.8493,
      "ci_lo_pp": -9.0959,
      "ci_hi_pp": -4.6027,
      "ci_half_pp": 2.2466,
      "p_value": 0.0,
      "gate_pass": false,
      "interpretation": "vjepa_2_1_vitg_frozen - vjepa_2_1_vitg_pretrain_encoder > 0 means vjepa_2_1_vitg_frozen more accurate than vjepa_2_1_vitg_pretrain_encoder"
    },
    "vjepa_2_1_vitg_frozen_minus_vjepa_2_1_vitg_surgery_raw_encoder": {
      "n_shared": 1825,
      "delta_pp": -5.5342,
      "ci_lo_pp": -7.7808,
      "ci_hi_pp": -3.3425,
      "ci_half_pp": 2.2192,
      "p_value": 0.0,
      "gate_pass": false,
      "interpretation": "vjepa_2_1_vitg_frozen - vjepa_2_1_vitg_surgery_raw_encoder > 0 means vjepa_2_1_vitg_frozen more accurate than vjepa_2_1_vitg_surgery_raw_encoder"
    },
    "vjepa_2_1_vitg_frozen_minus_vjepa_2_1_vitg_surgical_3stage_DI_diheavy_encoder": {
      "n_shared": 1825,
      "delta_pp": -5.8082,
      "ci_lo_pp": -8.1096,
      "ci_hi_pp": -3.6712,
      "ci_half_pp": 2.2192,
      "p_value": 0.0,
      "gate_pass": false,
      "interpretation": "vjepa_2_1_vitg_frozen - vjepa_2_1_vitg_surgical_3stage_DI_diheavy_encoder > 0 means vjepa_2_1_vitg_frozen more accurate than vjepa_2_1_vitg_surgical_3stage_DI_diheavy_encoder"
    },
    "vjepa_2_1_vitg_frozen_minus_vjepa_2_1_vitg_surgical_3stage_DI_encoder": {
      "n_shared": 1825,
      "delta_pp": -5.2055,
      "ci_lo_pp": -7.4521,
      "ci_hi_pp": -3.0324,
      "ci_half_pp": 2.2098,
      "p_value": 0.0,
      "gate_pass": false,
      "interpretation": "vjepa_2_1_vitg_frozen - vjepa_2_1_vitg_surgical_3stage_DI_encoder > 0 means vjepa_2_1_vitg_frozen more accurate than vjepa_2_1_vitg_surgical_3stage_DI_encoder"
    },
    "vjepa_2_1_vitg_frozen_minus_vjepa_2_1_vitg_surgical_3stage_DI_intervene_encoder": {
      "n_shared": 1825,
      "delta_pp": -4.8219,
      "ci_lo_pp": -7.0137,
      "ci_hi_pp": -2.6301,
      "ci_half_pp": 2.1918,
      "p_value": 0.0,
      "gate_pass": false,
      "interpretation": "vjepa_2_1_vitg_frozen - vjepa_2_1_vitg_surgical_3stage_DI_intervene_encoder > 0 means vjepa_2_1_vitg_frozen more accurate than vjepa_2_1_vitg_surgical_3stage_DI_intervene_encoder"
    },
    "vjepa_2_1_vitg_frozen_minus_vjepa_2_1_vitg_surgical_autorgn_encoder": {
      "n_shared": 1825,
      "delta_pp": -7.2329,
      "ci_lo_pp": -9.4247,
      "ci_hi_pp": -5.1507,
      "ci_half_pp": 2.137,
      "p_value": 0.0,
      "gate_pass": false,
      "interpretation": "vjepa_2_1_vitg_frozen - vjepa_2_1_vitg_surgical_autorgn_encoder > 0 means vjepa_2_1_vitg_frozen more accurate than vjepa_2_1_vitg_surgical_autorgn_encoder"
    },
    "vjepa_2_1_vitg_full_ft_encoder_minus_vjepa_2_1_vitg_lpft_encoder": {
      "n_shared": 1825,
      "delta_pp": 4.8219,
      "ci_lo_pp": 2.9589,
      "ci_hi_pp": 6.6849,
      "ci_half_pp": 1.863,
      "p_value": 0.0,
      "gate_pass": true,
      "interpretation": "vjepa_2_1_vitg_full_ft_encoder - vjepa_2_1_vitg_lpft_encoder > 0 means vjepa_2_1_vitg_full_ft_encoder more accurate than vjepa_2_1_vitg_lpft_encoder"
    },
    "vjepa_2_1_vitg_full_ft_encoder_minus_vjepa_2_1_vitg_peft_dora_encoder": {
      "n_shared": 1825,
      "delta_pp": 3.3425,
      "ci_lo_pp": 1.5342,
      "ci_hi_pp": 5.2055,
      "ci_half_pp": 1.8356,
      "p_value": 0.0002,
      "gate_pass": true,
      "interpretation": "vjepa_2_1_vitg_full_ft_encoder - vjepa_2_1_vitg_peft_dora_encoder > 0 means vjepa_2_1_vitg_full_ft_encoder more accurate than vjepa_2_1_vitg_peft_dora_encoder"
    },
    "vjepa_2_1_vitg_full_ft_encoder_minus_vjepa_2_1_vitg_peft_lora_encoder": {
      "n_shared": 1825,
      "delta_pp": 4.2192,
      "ci_lo_pp": 2.3014,
      "ci_hi_pp": 6.0822,
      "ci_half_pp": 1.8904,
      "p_value": 0.0,
      "gate_pass": true,
      "interpretation": "vjepa_2_1_vitg_full_ft_encoder - vjepa_2_1_vitg_peft_lora_encoder > 0 means vjepa_2_1_vitg_full_ft_encoder more accurate than vjepa_2_1_vitg_peft_lora_encoder"
    },
    "vjepa_2_1_vitg_full_ft_encoder_minus_vjepa_2_1_vitg_pretrain_encoder": {
      "n_shared": 1825,
      "delta_pp": 1.589,
      "ci_lo_pp": -0.1644,
      "ci_hi_pp": 3.3425,
      "ci_half_pp": 1.7534,
      "p_value": 0.0888,
      "gate_pass": false,
      "interpretation": "vjepa_2_1_vitg_full_ft_encoder - vjepa_2_1_vitg_pretrain_encoder > 0 means vjepa_2_1_vitg_full_ft_encoder more accurate than vjepa_2_1_vitg_pretrain_encoder"
    },
    "vjepa_2_1_vitg_full_ft_encoder_minus_vjepa_2_1_vitg_surgery_raw_encoder": {
      "n_shared": 1825,
      "delta_pp": 2.9041,
      "ci_lo_pp": 0.9315,
      "ci_hi_pp": 4.8219,
      "ci_half_pp": 1.9452,
      "p_value": 0.0032,
      "gate_pass": true,
      "interpretation": "vjepa_2_1_vitg_full_ft_encoder - vjepa_2_1_vitg_surgery_raw_encoder > 0 means vjepa_2_1_vitg_full_ft_encoder more accurate than vjepa_2_1_vitg_surgery_raw_encoder"
    },
    "vjepa_2_1_vitg_full_ft_encoder_minus_vjepa_2_1_vitg_surgical_3stage_DI_diheavy_encoder": {
      "n_shared": 1825,
      "delta_pp": 2.6301,
      "ci_lo_pp": 0.8219,
      "ci_hi_pp": 4.4932,
      "ci_half_pp": 1.8356,
      "p_value": 0.0058,
      "gate_pass": true,
      "interpretation": "vjepa_2_1_vitg_full_ft_encoder - vjepa_2_1_vitg_surgical_3stage_DI_diheavy_encoder > 0 means vjepa_2_1_vitg_full_ft_encoder more accurate than vjepa_2_1_vitg_surgical_3stage_DI_diheavy_encoder"
    },
    "vjepa_2_1_vitg_full_ft_encoder_minus_vjepa_2_1_vitg_surgical_3stage_DI_encoder": {
      "n_shared": 1825,
      "delta_pp": 3.2329,
      "ci_lo_pp": 1.2336,
      "ci_hi_pp": 5.2055,
      "ci_half_pp": 1.986,
      "p_value": 0.0014,
      "gate_pass": true,
      "interpretation": "vjepa_2_1_vitg_full_ft_encoder - vjepa_2_1_vitg_surgical_3stage_DI_encoder > 0 means vjepa_2_1_vitg_full_ft_encoder more accurate than vjepa_2_1_vitg_surgical_3stage_DI_encoder"
    },
    "vjepa_2_1_vitg_full_ft_encoder_minus_vjepa_2_1_vitg_surgical_3stage_DI_intervene_encoder": {
      "n_shared": 1825,
      "delta_pp": 3.6164,
      "ci_lo_pp": 1.7534,
      "ci_hi_pp": 5.4922,
      "ci_half_pp": 1.8694,
      "p_value": 0.0004,
      "gate_pass": true,
      "interpretation": "vjepa_2_1_vitg_full_ft_encoder - vjepa_2_1_vitg_surgical_3stage_DI_intervene_encoder > 0 means vjepa_2_1_vitg_full_ft_encoder more accurate than vjepa_2_1_vitg_surgical_3stage_DI_intervene_encoder"
    },
    "vjepa_2_1_vitg_full_ft_encoder_minus_vjepa_2_1_vitg_surgical_autorgn_encoder": {
      "n_shared": 1825,
      "delta_pp": 1.2055,
      "ci_lo_pp": -0.6575,
      "ci_hi_pp": 3.0685,
      "ci_half_pp": 1.863,
      "p_value": 0.2232,
      "gate_pass": false,
      "interpretation": "vjepa_2_1_vitg_full_ft_encoder - vjepa_2_1_vitg_surgical_autorgn_encoder > 0 means vjepa_2_1_vitg_full_ft_encoder more accurate than vjepa_2_1_vitg_surgical_autorgn_encoder"
    },
    "vjepa_2_1_vitg_lpft_encoder_minus_vjepa_2_1_vitg_peft_dora_encoder": {
      "n_shared": 1825,
      "delta_pp": -1.4795,
      "ci_lo_pp": -3.4521,
      "ci_hi_pp": 0.6027,
      "ci_half_pp": 2.0274,
      "p_value": 0.1592,
      "gate_pass": false,
      "interpretation": "vjepa_2_1_vitg_lpft_encoder - vjepa_2_1_vitg_peft_dora_encoder > 0 means vjepa_2_1_vitg_lpft_encoder more accurate than vjepa_2_1_vitg_peft_dora_encoder"
    },
    "vjepa_2_1_vitg_lpft_encoder_minus_vjepa_2_1_vitg_peft_lora_encoder": {
      "n_shared": 1825,
      "delta_pp": -0.6027,
      "ci_lo_pp": -2.137,
      "ci_hi_pp": 0.9315,
      "ci_half_pp": 1.5342,
      "p_value": 0.4544,
      "gate_pass": false,
      "interpretation": "vjepa_2_1_vitg_lpft_encoder - vjepa_2_1_vitg_peft_lora_encoder > 0 means vjepa_2_1_vitg_lpft_encoder more accurate than vjepa_2_1_vitg_peft_lora_encoder"
    },
    "vjepa_2_1_vitg_lpft_encoder_minus_vjepa_2_1_vitg_pretrain_encoder": {
      "n_shared": 1825,
      "delta_pp": -3.2329,
      "ci_lo_pp": -5.2055,
      "ci_hi_pp": -1.2603,
      "ci_half_pp": 1.9726,
      "p_value": 0.001,
      "gate_pass": false,
      "interpretation": "vjepa_2_1_vitg_lpft_encoder - vjepa_2_1_vitg_pretrain_encoder > 0 means vjepa_2_1_vitg_lpft_encoder more accurate than vjepa_2_1_vitg_pretrain_encoder"
    },
    "vjepa_2_1_vitg_lpft_encoder_minus_vjepa_2_1_vitg_surgery_raw_encoder": {
      "n_shared": 1825,
      "delta_pp": -1.9178,
      "ci_lo_pp": -3.7808,
      "ci_hi_pp": -0.0294,
      "ci_half_pp": 1.8757,
      "p_value": 0.05,
      "gate_pass": false,
      "interpretation": "vjepa_2_1_vitg_lpft_encoder - vjepa_2_1_vitg_surgery_raw_encoder > 0 means vjepa_2_1_vitg_lpft_encoder more accurate than vjepa_2_1_vitg_surgery_raw_encoder"
    },
    "vjepa_2_1_vitg_lpft_encoder_minus_vjepa_2_1_vitg_surgical_3stage_DI_diheavy_encoder": {
      "n_shared": 1825,
      "delta_pp": -2.1918,
      "ci_lo_pp": -3.8356,
      "ci_hi_pp": -0.4932,
      "ci_half_pp": 1.6712,
      "p_value": 0.012,
      "gate_pass": false,
      "interpretation": "vjepa_2_1_vitg_lpft_encoder - vjepa_2_1_vitg_surgical_3stage_DI_diheavy_encoder > 0 means vjepa_2_1_vitg_lpft_encoder more accurate than vjepa_2_1_vitg_surgical_3stage_DI_diheavy_encoder"
    },
    "vjepa_2_1_vitg_lpft_encoder_minus_vjepa_2_1_vitg_surgical_3stage_DI_encoder": {
      "n_shared": 1825,
      "delta_pp": -1.589,
      "ci_lo_pp": -3.5068,
      "ci_hi_pp": 0.3836,
      "ci_half_pp": 1.9452,
      "p_value": 0.1072,
      "gate_pass": false,
      "interpretation": "vjepa_2_1_vitg_lpft_encoder - vjepa_2_1_vitg_surgical_3stage_DI_encoder > 0 means vjepa_2_1_vitg_lpft_encoder more accurate than vjepa_2_1_vitg_surgical_3stage_DI_encoder"
    },
    "vjepa_2_1_vitg_lpft_encoder_minus_vjepa_2_1_vitg_surgical_3stage_DI_intervene_encoder": {
      "n_shared": 1825,
      "delta_pp": -1.2055,
      "ci_lo_pp": -2.9041,
      "ci_hi_pp": 0.6027,
      "ci_half_pp": 1.7534,
      "p_value": 0.1868,
      "gate_pass": false,
      "interpretation": "vjepa_2_1_vitg_lpft_encoder - vjepa_2_1_vitg_surgical_3stage_DI_intervene_encoder > 0 means vjepa_2_1_vitg_lpft_encoder more accurate than vjepa_2_1_vitg_surgical_3stage_DI_intervene_encoder"
    },
    "vjepa_2_1_vitg_lpft_encoder_minus_vjepa_2_1_vitg_surgical_autorgn_encoder": {
      "n_shared": 1825,
      "delta_pp": -3.6164,
      "ci_lo_pp": -5.7534,
      "ci_hi_pp": -1.4795,
      "ci_half_pp": 2.137,
      "p_value": 0.001,
      "gate_pass": false,
      "interpretation": "vjepa_2_1_vitg_lpft_encoder - vjepa_2_1_vitg_surgical_autorgn_encoder > 0 means vjepa_2_1_vitg_lpft_encoder more accurate than vjepa_2_1_vitg_surgical_autorgn_encoder"
    },
    "vjepa_2_1_vitg_peft_dora_encoder_minus_vjepa_2_1_vitg_peft_lora_encoder": {
      "n_shared": 1825,
      "delta_pp": 0.8767,
      "ci_lo_pp": -1.0959,
      "ci_hi_pp": 2.7945,
      "ci_half_pp": 1.9452,
      "p_value": 0.404,
      "gate_pass": false,
      "interpretation": "vjepa_2_1_vitg_peft_dora_encoder - vjepa_2_1_vitg_peft_lora_encoder > 0 means vjepa_2_1_vitg_peft_dora_encoder more accurate than vjepa_2_1_vitg_peft_lora_encoder"
    },
    "vjepa_2_1_vitg_peft_dora_encoder_minus_vjepa_2_1_vitg_pretrain_encoder": {
      "n_shared": 1825,
      "delta_pp": -1.7534,
      "ci_lo_pp": -3.6164,
      "ci_hi_pp": 0.1096,
      "ci_half_pp": 1.863,
      "p_value": 0.0688,
      "gate_pass": false,
      "interpretation": "vjepa_2_1_vitg_peft_dora_encoder - vjepa_2_1_vitg_pretrain_encoder > 0 means vjepa_2_1_vitg_peft_dora_encoder more accurate than vjepa_2_1_vitg_pretrain_encoder"
    },
    "vjepa_2_1_vitg_peft_dora_encoder_minus_vjepa_2_1_vitg_surgery_raw_encoder": {
      "n_shared": 1825,
      "delta_pp": -0.4384,
      "ci_lo_pp": -2.2466,
      "ci_hi_pp": 1.3699,
      "ci_half_pp": 1.8082,
      "p_value": 0.6656,
      "gate_pass": false,
      "interpretation": "vjepa_2_1_vitg_peft_dora_encoder - vjepa_2_1_vitg_surgery_raw_encoder > 0 means vjepa_2_1_vitg_peft_dora_encoder more accurate than vjepa_2_1_vitg_surgery_raw_encoder"
    },
    "vjepa_2_1_vitg_peft_dora_encoder_minus_vjepa_2_1_vitg_surgical_3stage_DI_diheavy_encoder": {
      "n_shared": 1825,
      "delta_pp": -0.7123,
      "ci_lo_pp": -2.5753,
      "ci_hi_pp": 1.1507,
      "ci_half_pp": 1.863,
      "p_value": 0.4684,
      "gate_pass": false,
      "interpretation": "vjepa_2_1_vitg_peft_dora_encoder - vjepa_2_1_vitg_surgical_3stage_DI_diheavy_encoder > 0 means vjepa_2_1_vitg_peft_dora_encoder more accurate than vjepa_2_1_vitg_surgical_3stage_DI_diheavy_encoder"
    },
    "vjepa_2_1_vitg_peft_dora_encoder_minus_vjepa_2_1_vitg_surgical_3stage_DI_encoder": {
      "n_shared": 1825,
      "delta_pp": -0.1096,
      "ci_lo_pp": -1.9178,
      "ci_hi_pp": 1.7534,
      "ci_half_pp": 1.8356,
      "p_value": 0.9136,
      "gate_pass": false,
      "interpretation": "vjepa_2_1_vitg_peft_dora_encoder - vjepa_2_1_vitg_surgical_3stage_DI_encoder > 0 means vjepa_2_1_vitg_peft_dora_encoder more accurate than vjepa_2_1_vitg_surgical_3stage_DI_encoder"
    },
    "vjepa_2_1_vitg_peft_dora_encoder_minus_vjepa_2_1_vitg_surgical_3stage_DI_intervene_encoder": {
      "n_shared": 1825,
      "delta_pp": 0.274,
      "ci_lo_pp": -1.6986,
      "ci_hi_pp": 2.1918,
      "ci_half_pp": 1.9452,
      "p_value": 0.8068,
      "gate_pass": false,
      "interpretation": "vjepa_2_1_vitg_peft_dora_encoder - vjepa_2_1_vitg_surgical_3stage_DI_intervene_encoder > 0 means vjepa_2_1_vitg_peft_dora_encoder more accurate than vjepa_2_1_vitg_surgical_3stage_DI_intervene_encoder"
    },
    "vjepa_2_1_vitg_peft_dora_encoder_minus_vjepa_2_1_vitg_surgical_autorgn_encoder": {
      "n_shared": 1825,
      "delta_pp": -2.137,
      "ci_lo_pp": -4.0548,
      "ci_hi_pp": -0.274,
      "ci_half_pp": 1.8904,
      "p_value": 0.0276,
      "gate_pass": false,
      "interpretation": "vjepa_2_1_vitg_peft_dora_encoder - vjepa_2_1_vitg_surgical_autorgn_encoder > 0 means vjepa_2_1_vitg_peft_dora_encoder more accurate than vjepa_2_1_vitg_surgical_autorgn_encoder"
    },
    "vjepa_2_1_vitg_peft_lora_encoder_minus_vjepa_2_1_vitg_pretrain_encoder": {
      "n_shared": 1825,
      "delta_pp": -2.6301,
      "ci_lo_pp": -4.5479,
      "ci_hi_pp": -0.7123,
      "ci_half_pp": 1.9178,
      "p_value": 0.0076,
      "gate_pass": false,
      "interpretation": "vjepa_2_1_vitg_peft_lora_encoder - vjepa_2_1_vitg_pretrain_encoder > 0 means vjepa_2_1_vitg_peft_lora_encoder more accurate than vjepa_2_1_vitg_pretrain_encoder"
    },
    "vjepa_2_1_vitg_peft_lora_encoder_minus_vjepa_2_1_vitg_surgery_raw_encoder": {
      "n_shared": 1825,
      "delta_pp": -1.3151,
      "ci_lo_pp": -3.0137,
      "ci_hi_pp": 0.4384,
      "ci_half_pp": 1.726,
      "p_value": 0.1476,
      "gate_pass": false,
      "interpretation": "vjepa_2_1_vitg_peft_lora_encoder - vjepa_2_1_vitg_surgery_raw_encoder > 0 means vjepa_2_1_vitg_peft_lora_encoder more accurate than vjepa_2_1_vitg_surgery_raw_encoder"
    },
    "vjepa_2_1_vitg_peft_lora_encoder_minus_vjepa_2_1_vitg_surgical_3stage_DI_diheavy_encoder": {
      "n_shared": 1825,
      "delta_pp": -1.589,
      "ci_lo_pp": -3.2877,
      "ci_hi_pp": 0.0548,
      "ci_half_pp": 1.6712,
      "p_value": 0.0598,
      "gate_pass": false,
      "interpretation": "vjepa_2_1_vitg_peft_lora_encoder - vjepa_2_1_vitg_surgical_3stage_DI_diheavy_encoder > 0 means vjepa_2_1_vitg_peft_lora_encoder more accurate than vjepa_2_1_vitg_surgical_3stage_DI_diheavy_encoder"
    },
    "vjepa_2_1_vitg_peft_lora_encoder_minus_vjepa_2_1_vitg_surgical_3stage_DI_encoder": {
      "n_shared": 1825,
      "delta_pp": -0.9863,
      "ci_lo_pp": -2.8493,
      "ci_hi_pp": 0.8219,
      "ci_half_pp": 1.8356,
      "p_value": 0.295,
      "gate_pass": false,
      "interpretation": "vjepa_2_1_vitg_peft_lora_encoder - vjepa_2_1_vitg_surgical_3stage_DI_encoder > 0 means vjepa_2_1_vitg_peft_lora_encoder more accurate than vjepa_2_1_vitg_surgical_3stage_DI_encoder"
    },
    "vjepa_2_1_vitg_peft_lora_encoder_minus_vjepa_2_1_vitg_surgical_3stage_DI_intervene_encoder": {
      "n_shared": 1825,
      "delta_pp": -0.6027,
      "ci_lo_pp": -2.3014,
      "ci_hi_pp": 1.1507,
      "ci_half_pp": 1.726,
      "p_value": 0.5084,
      "gate_pass": false,
      "interpretation": "vjepa_2_1_vitg_peft_lora_encoder - vjepa_2_1_vitg_surgical_3stage_DI_intervene_encoder > 0 means vjepa_2_1_vitg_peft_lora_encoder more accurate than vjepa_2_1_vitg_surgical_3stage_DI_intervene_encoder"
    },
    "vjepa_2_1_vitg_peft_lora_encoder_minus_vjepa_2_1_vitg_surgical_autorgn_encoder": {
      "n_shared": 1825,
      "delta_pp": -3.0137,
      "ci_lo_pp": -5.0411,
      "ci_hi_pp": -0.9863,
      "ci_half_pp": 2.0274,
      "p_value": 0.0044,
      "gate_pass": false,
      "interpretation": "vjepa_2_1_vitg_peft_lora_encoder - vjepa_2_1_vitg_surgical_autorgn_encoder > 0 means vjepa_2_1_vitg_peft_lora_encoder more accurate than vjepa_2_1_vitg_surgical_autorgn_encoder"
    },
    "vjepa_2_1_vitg_pretrain_encoder_minus_vjepa_2_1_vitg_surgery_raw_encoder": {
      "n_shared": 1825,
      "delta_pp": 1.3151,
      "ci_lo_pp": -0.7123,
      "ci_hi_pp": 3.3425,
      "ci_half_pp": 2.0274,
      "p_value": 0.198,
      "gate_pass": false,
      "interpretation": "vjepa_2_1_vitg_pretrain_encoder - vjepa_2_1_vitg_surgery_raw_encoder > 0 means vjepa_2_1_vitg_pretrain_encoder more accurate than vjepa_2_1_vitg_surgery_raw_encoder"
    },
    "vjepa_2_1_vitg_pretrain_encoder_minus_vjepa_2_1_vitg_surgical_3stage_DI_diheavy_encoder": {
      "n_shared": 1825,
      "delta_pp": 1.0411,
      "ci_lo_pp": -0.7671,
      "ci_hi_pp": 2.7945,
      "ci_half_pp": 1.7808,
      "p_value": 0.2582,
      "gate_pass": false,
      "interpretation": "vjepa_2_1_vitg_pretrain_encoder - vjepa_2_1_vitg_surgical_3stage_DI_diheavy_encoder > 0 means vjepa_2_1_vitg_pretrain_encoder more accurate than vjepa_2_1_vitg_surgical_3stage_DI_diheavy_encoder"
    },
    "vjepa_2_1_vitg_pretrain_encoder_minus_vjepa_2_1_vitg_surgical_3stage_DI_encoder": {
      "n_shared": 1825,
      "delta_pp": 1.6438,
      "ci_lo_pp": -0.274,
      "ci_hi_pp": 3.6164,
      "ci_half_pp": 1.9452,
      "p_value": 0.1038,
      "gate_pass": false,
      "interpretation": "vjepa_2_1_vitg_pretrain_encoder - vjepa_2_1_vitg_surgical_3stage_DI_encoder > 0 means vjepa_2_1_vitg_pretrain_encoder more accurate than vjepa_2_1_vitg_surgical_3stage_DI_encoder"
    },
    "vjepa_2_1_vitg_pretrain_encoder_minus_vjepa_2_1_vitg_surgical_3stage_DI_intervene_encoder": {
      "n_shared": 1825,
      "delta_pp": 2.0274,
      "ci_lo_pp": -0.0548,
      "ci_hi_pp": 4.1644,
      "ci_half_pp": 2.1096,
      "p_value": 0.0628,
      "gate_pass": false,
      "interpretation": "vjepa_2_1_vitg_pretrain_encoder - vjepa_2_1_vitg_surgical_3stage_DI_intervene_encoder > 0 means vjepa_2_1_vitg_pretrain_encoder more accurate than vjepa_2_1_vitg_surgical_3stage_DI_intervene_encoder"
    },
    "vjepa_2_1_vitg_pretrain_encoder_minus_vjepa_2_1_vitg_surgical_autorgn_encoder": {
      "n_shared": 1825,
      "delta_pp": -0.3836,
      "ci_lo_pp": -2.3562,
      "ci_hi_pp": 1.589,
      "ci_half_pp": 1.9726,
      "p_value": 0.729,
      "gate_pass": false,
      "interpretation": "vjepa_2_1_vitg_pretrain_encoder - vjepa_2_1_vitg_surgical_autorgn_encoder > 0 means vjepa_2_1_vitg_pretrain_encoder more accurate than vjepa_2_1_vitg_surgical_autorgn_encoder"
    },
    "vjepa_2_1_vitg_surgery_raw_encoder_minus_vjepa_2_1_vitg_surgical_3stage_DI_diheavy_encoder": {
      "n_shared": 1825,
      "delta_pp": -0.274,
      "ci_lo_pp": -2.0822,
      "ci_hi_pp": 1.5342,
      "ci_half_pp": 1.8082,
      "p_value": 0.7754,
      "gate_pass": false,
      "interpretation": "vjepa_2_1_vitg_surgery_raw_encoder - vjepa_2_1_vitg_surgical_3stage_DI_diheavy_encoder > 0 means vjepa_2_1_vitg_surgery_raw_encoder more accurate than vjepa_2_1_vitg_surgical_3stage_DI_diheavy_encoder"
    },
    "vjepa_2_1_vitg_surgery_raw_encoder_minus_vjepa_2_1_vitg_surgical_3stage_DI_encoder": {
      "n_shared": 1825,
      "delta_pp": 0.3288,
      "ci_lo_pp": -1.4247,
      "ci_hi_pp": 2.137,
      "ci_half_pp": 1.7808,
      "p_value": 0.7584,
      "gate_pass": false,
      "interpretation": "vjepa_2_1_vitg_surgery_raw_encoder - vjepa_2_1_vitg_surgical_3stage_DI_encoder > 0 means vjepa_2_1_vitg_surgery_raw_encoder more accurate than vjepa_2_1_vitg_surgical_3stage_DI_encoder"
    },
    "vjepa_2_1_vitg_surgery_raw_encoder_minus_vjepa_2_1_vitg_surgical_3stage_DI_intervene_encoder": {
      "n_shared": 1825,
      "delta_pp": 0.7123,
      "ci_lo_pp": -0.9315,
      "ci_hi_pp": 2.3014,
      "ci_half_pp": 1.6164,
      "p_value": 0.417,
      "gate_pass": false,
      "interpretation": "vjepa_2_1_vitg_surgery_raw_encoder - vjepa_2_1_vitg_surgical_3stage_DI_intervene_encoder > 0 means vjepa_2_1_vitg_surgery_raw_encoder more accurate than vjepa_2_1_vitg_surgical_3stage_DI_intervene_encoder"
    },
    "vjepa_2_1_vitg_surgery_raw_encoder_minus_vjepa_2_1_vitg_surgical_autorgn_encoder": {
      "n_shared": 1825,
      "delta_pp": -1.6986,
      "ci_lo_pp": -3.7808,
      "ci_hi_pp": 0.3362,
      "ci_half_pp": 2.0585,
      "p_value": 0.1108,
      "gate_pass": false,
      "interpretation": "vjepa_2_1_vitg_surgery_raw_encoder - vjepa_2_1_vitg_surgical_autorgn_encoder > 0 means vjepa_2_1_vitg_surgery_raw_encoder more accurate than vjepa_2_1_vitg_surgical_autorgn_encoder"
    },
    "vjepa_2_1_vitg_surgical_3stage_DI_diheavy_encoder_minus_vjepa_2_1_vitg_surgical_3stage_DI_encoder": {
      "n_shared": 1825,
      "delta_pp": 0.6027,
      "ci_lo_pp": -1.0411,
      "ci_hi_pp": 2.3014,
      "ci_half_pp": 1.6712,
      "p_value": 0.5076,
      "gate_pass": false,
      "interpretation": "vjepa_2_1_vitg_surgical_3stage_DI_diheavy_encoder - vjepa_2_1_vitg_surgical_3stage_DI_encoder > 0 means vjepa_2_1_vitg_surgical_3stage_DI_diheavy_encoder more accurate than vjepa_2_1_vitg_surgical_3stage_DI_encoder"
    },
    "vjepa_2_1_vitg_surgical_3stage_DI_diheavy_encoder_minus_vjepa_2_1_vitg_surgical_3stage_DI_intervene_encoder": {
      "n_shared": 1825,
      "delta_pp": 0.9863,
      "ci_lo_pp": -0.8767,
      "ci_hi_pp": 2.7448,
      "ci_half_pp": 1.8108,
      "p_value": 0.2904,
      "gate_pass": false,
      "interpretation": "vjepa_2_1_vitg_surgical_3stage_DI_diheavy_encoder - vjepa_2_1_vitg_surgical_3stage_DI_intervene_encoder > 0 means vjepa_2_1_vitg_surgical_3stage_DI_diheavy_encoder more accurate than vjepa_2_1_vitg_surgical_3stage_DI_intervene_encoder"
    },
    "vjepa_2_1_vitg_surgical_3stage_DI_diheavy_encoder_minus_vjepa_2_1_vitg_surgical_autorgn_encoder": {
      "n_shared": 1825,
      "delta_pp": -1.4247,
      "ci_lo_pp": -3.3425,
      "ci_hi_pp": 0.4575,
      "ci_half_pp": 1.9,
      "p_value": 0.15,
      "gate_pass": false,
      "interpretation": "vjepa_2_1_vitg_surgical_3stage_DI_diheavy_encoder - vjepa_2_1_vitg_surgical_autorgn_encoder > 0 means vjepa_2_1_vitg_surgical_3stage_DI_diheavy_encoder more accurate than vjepa_2_1_vitg_surgical_autorgn_encoder"
    },
    "vjepa_2_1_vitg_surgical_3stage_DI_encoder_minus_vjepa_2_1_vitg_surgical_3stage_DI_intervene_encoder": {
      "n_shared": 1825,
      "delta_pp": 0.3836,
      "ci_lo_pp": -1.4795,
      "ci_hi_pp": 2.2466,
      "ci_half_pp": 1.863,
      "p_value": 0.707,
      "gate_pass": false,
      "interpretation": "vjepa_2_1_vitg_surgical_3stage_DI_encoder - vjepa_2_1_vitg_surgical_3stage_DI_intervene_encoder > 0 means vjepa_2_1_vitg_surgical_3stage_DI_encoder more accurate than vjepa_2_1_vitg_surgical_3stage_DI_intervene_encoder"
    },
    "vjepa_2_1_vitg_surgical_3stage_DI_encoder_minus_vjepa_2_1_vitg_surgical_autorgn_encoder": {
      "n_shared": 1825,
      "delta_pp": -2.0274,
      "ci_lo_pp": -4.0,
      "ci_hi_pp": -0.1096,
      "ci_half_pp": 1.9452,
      "p_value": 0.0472,
      "gate_pass": false,
      "interpretation": "vjepa_2_1_vitg_surgical_3stage_DI_encoder - vjepa_2_1_vitg_surgical_autorgn_encoder > 0 means vjepa_2_1_vitg_surgical_3stage_DI_encoder more accurate than vjepa_2_1_vitg_surgical_autorgn_encoder"
    },
    "vjepa_2_1_vitg_surgical_3stage_DI_intervene_encoder_minus_vjepa_2_1_vitg_surgical_autorgn_encoder": {
      "n_shared": 1825,
      "delta_pp": -2.411,
      "ci_lo_pp": -4.4932,
      "ci_hi_pp": -0.3836,
      "ci_half_pp": 2.0548,
      "p_value": 0.022,
      "gate_pass": false,
      "interpretation": "vjepa_2_1_vitg_surgical_3stage_DI_intervene_encoder - vjepa_2_1_vitg_surgical_autorgn_encoder > 0 means vjepa_2_1_vitg_surgical_3stage_DI_intervene_encoder more accurate than vjepa_2_1_vitg_surgical_autorgn_encoder"
    }
  },
  "iter14_paper_deltas": {
    "delta_1_pretrain_vs_frozen": {
      "skipped": true,
      "reason": "missing encoder(s): a=vjepa_2_1_pretrain_encoder (present=False), b=vjepa_2_1_frozen (present=False)",
      "interpretation": "\u03941: pretrain > frozen (continual SSL beats frozen baseline)"
    },
    "delta_2_surgical_vs_pretrain": {
      "skipped": true,
      "reason": "missing encoder(s): a=vjepa_2_1_surgical_3stage_DI_encoder (present=False), b=vjepa_2_1_pretrain_encoder (present=False)",
      "interpretation": "\u03942: surgery > pretrain (factor patching adds value)"
    },
    "delta_3_surgical_vs_pretrain_2X": {
      "skipped": true,
      "reason": "missing encoder(s): a=vjepa_2_1_surgical_3stage_DI_encoder (present=False), b=vjepa_2_1_pretrain_2X_encoder (present=False)",
      "interpretation": "\u03943: surgery > pretrain_2X (CAUSAL \u2014 gain is factor patching, not extra steps)"
    },
    "delta_4_pretrain_vs_pretrain_head": {
      "skipped": true,
      "reason": "missing encoder(s): a=vjepa_2_1_pretrain_encoder (present=False), b=vjepa_2_1_pretrain_head (present=False)",
      "interpretation": "\u03944: pretrain > pretrain_head (does encoder-update add value beyond a trained head?)"
    },
    "delta_5_surgical_vs_surgical_head": {
      "skipped": true,
      "reason": "missing encoder(s): a=vjepa_2_1_surgical_3stage_DI_encoder (present=False), b=vjepa_2_1_surgical_3stage_DI_head (present=False)",
      "interpretation": "\u03945: surgery > surgery_head (KEY iter15 paper claim \u2014 if |\u03945|<0.01, head-only WINS)"
    },
    "delta_6_surgical_head_vs_pretrain_head": {
      "skipped": true,
      "reason": "missing encoder(s): a=vjepa_2_1_surgical_3stage_DI_head (present=False), b=vjepa_2_1_pretrain_head (present=False)",
      "interpretation": "\u03946: surgery_head > pretrain_head (factor data helps even when encoder is frozen)"
    },
    "delta_7_DI_head_vs_noDI_head": {
      "skipped": true,
      "reason": "missing encoder(s): a=vjepa_2_1_surgical_3stage_DI_head (present=False), b=vjepa_2_1_surgical_noDI_head (present=False)",
      "interpretation": "\u03947: 3stage_DI_head > noDI_head (D_I tubes carry signal beyond D_L+D_A)"
    }
  }
}

═══ 07:18:06 · STAGE 12 · probe_taxonomy paired_delta (CPU, 16 dims × encoders, BCa 10K each) ═══
Encoders found: ['vjepa_2_1_vitg_frozen', 'vjepa_2_1_vitg_full_ft_encoder', 'vjepa_2_1_vitg_lpft_encoder', 'vjepa_2_1_vitg_peft_dora_encoder', 'vjepa_2_1_vitg_peft_lora_encoder', 'vjepa_2_1_vitg_pretrain_encoder', 'vjepa_2_1_vitg_surgery_raw_encoder', 'vjepa_2_1_vitg_surgical_3stage_DI_diheavy_encoder', 'vjepa_2_1_vitg_surgical_3stage_DI_encoder', 'vjepa_2_1_vitg_surgical_autorgn_encoder']
Wrote: outputs/poc/vjepa_2_1_vitg_1B/eval/eval_10k/probe_taxonomy/per_dim_acc.json  (15 dims compared)

═══ 07:19:34 · STAGE 13 · probe_taxonomy plot (CPU, ~5s) ═══
  Saved: outputs/poc/vjepa_2_1_vitg_1B/eval/eval_10k/probe_taxonomy/probe_taxonomy_per_dim.png + .pdf

═══ 07:19:40 · STAGE 7 · motion_cos paired_delta (CPU) ═══
Encoders found: ['vjepa_2_1_vitg_frozen', 'vjepa_2_1_vitg_full_ft_encoder', 'vjepa_2_1_vitg_lpft_encoder', 'vjepa_2_1_vitg_peft_dora_encoder', 'vjepa_2_1_vitg_peft_lora_encoder', 'vjepa_2_1_vitg_pretrain_encoder', 'vjepa_2_1_vitg_surgery_raw_encoder', 'vjepa_2_1_vitg_surgical_3stage_DI_diheavy_encoder', 'vjepa_2_1_vitg_surgical_3stage_DI_encoder', 'vjepa_2_1_vitg_surgical_autorgn_encoder']
{
  "metric": "intra_minus_inter_cosine",
  "by_encoder": {
    "vjepa_2_1_vitg_frozen": {
      "score_mean": 0.007001,
      "n": 1825,
      "score_ci": {
        "mean": 0.007001,
        "ci_lo": 0.006288,
        "ci_hi": 0.007665,
        "ci_half": 0.000688
      }
    },
    "vjepa_2_1_vitg_full_ft_encoder": {
      "score_mean": 0.08964,
      "n": 1825,
      "score_ci": {
        "mean": 0.08964,
        "ci_lo": 0.087028,
        "ci_hi": 0.092295,
        "ci_half": 0.002633
      }
    },
    "vjepa_2_1_vitg_lpft_encoder": {
      "score_mean": 0.037552,
      "n": 1825,
      "score_ci": {
        "mean": 0.037552,
        "ci_lo": 0.036133,
        "ci_hi": 0.039077,
        "ci_half": 0.001472
      }
    },
    "vjepa_2_1_vitg_peft_dora_encoder": {
      "score_mean": 0.067781,
      "n": 1825,
      "score_ci": {
        "mean": 0.067781,
        "ci_lo": 0.065549,
        "ci_hi": 0.070017,
        "ci_half": 0.002234
      }
    },
    "vjepa_2_1_vitg_peft_lora_encoder": {
      "score_mean": 0.067726,
      "n": 1825,
      "score_ci": {
        "mean": 0.067726,
        "ci_lo": 0.065483,
        "ci_hi": 0.069992,
        "ci_half": 0.002255
      }
    },
    "vjepa_2_1_vitg_pretrain_encoder": {
      "score_mean": 0.054412,
      "n": 1825,
      "score_ci": {
        "mean": 0.054412,
        "ci_lo": 0.05261,
        "ci_hi": 0.056303,
        "ci_half": 0.001846
      }
    },
    "vjepa_2_1_vitg_surgery_raw_encoder": {
      "score_mean": 0.059692,
      "n": 1825,
      "score_ci": {
        "mean": 0.059692,
        "ci_lo": 0.057803,
        "ci_hi": 0.061677,
        "ci_half": 0.001937
      }
    },
    "vjepa_2_1_vitg_surgical_3stage_DI_diheavy_encoder": {
      "score_mean": 0.048108,
      "n": 1825,
      "score_ci": {
        "mean": 0.048108,
        "ci_lo": 0.046414,
        "ci_hi": 0.049865,
        "ci_half": 0.001725
      }
    },
    "vjepa_2_1_vitg_surgical_3stage_DI_encoder": {
      "score_mean": 0.047308,
      "n": 1825,
      "score_ci": {
        "mean": 0.047308,
        "ci_lo": 0.04563,
        "ci_hi": 0.04906,
        "ci_half": 0.001715
      }
    },
    "vjepa_2_1_vitg_surgical_autorgn_encoder": {
      "score_mean": 0.080098,
      "n": 1825,
      "score_ci": {
        "mean": 0.080098,
        "ci_lo": 0.07759,
        "ci_hi": 0.082753,
        "ci_half": 0.002581
      }
    }
  },
  "pairwise_deltas": {
    "vjepa_2_1_vitg_frozen_minus_vjepa_2_1_vitg_full_ft_encoder": {
      "n_shared": 1825,
      "delta_mean": -0.082638,
      "delta_ci_lo": -0.0851,
      "delta_ci_hi": -0.080187,
      "delta_ci_half": 0.002456,
      "p_value": 0.0,
      "gate_pass": false,
      "interpretation": "vjepa_2_1_vitg_frozen - vjepa_2_1_vitg_full_ft_encoder > 0 means vjepa_2_1_vitg_frozen has stronger intra-class motion clustering than vjepa_2_1_vitg_full_ft_encoder"
    },
    "vjepa_2_1_vitg_frozen_minus_vjepa_2_1_vitg_lpft_encoder": {
      "n_shared": 1825,
      "delta_mean": -0.030551,
      "delta_ci_lo": -0.031746,
      "delta_ci_hi": -0.029399,
      "delta_ci_half": 0.001174,
      "p_value": 0.0,
      "gate_pass": false,
      "interpretation": "vjepa_2_1_vitg_frozen - vjepa_2_1_vitg_lpft_encoder > 0 means vjepa_2_1_vitg_frozen has stronger intra-class motion clustering than vjepa_2_1_vitg_lpft_encoder"
    },
    "vjepa_2_1_vitg_frozen_minus_vjepa_2_1_vitg_peft_dora_encoder": {
      "n_shared": 1825,
      "delta_mean": -0.06078,
      "delta_ci_lo": -0.062812,
      "delta_ci_hi": -0.058749,
      "delta_ci_half": 0.002031,
      "p_value": 0.0,
      "gate_pass": false,
      "interpretation": "vjepa_2_1_vitg_frozen - vjepa_2_1_vitg_peft_dora_encoder > 0 means vjepa_2_1_vitg_frozen has stronger intra-class motion clustering than vjepa_2_1_vitg_peft_dora_encoder"
    },
    "vjepa_2_1_vitg_frozen_minus_vjepa_2_1_vitg_peft_lora_encoder": {
      "n_shared": 1825,
      "delta_mean": -0.060725,
      "delta_ci_lo": -0.062755,
      "delta_ci_hi": -0.058695,
      "delta_ci_half": 0.00203,
      "p_value": 0.0,
      "gate_pass": false,
      "interpretation": "vjepa_2_1_vitg_frozen - vjepa_2_1_vitg_peft_lora_encoder > 0 means vjepa_2_1_vitg_frozen has stronger intra-class motion clustering than vjepa_2_1_vitg_peft_lora_encoder"
    },
    "vjepa_2_1_vitg_frozen_minus_vjepa_2_1_vitg_pretrain_encoder": {
      "n_shared": 1825,
      "delta_mean": -0.047411,
      "delta_ci_lo": -0.049036,
      "delta_ci_hi": -0.045815,
      "delta_ci_half": 0.00161,
      "p_value": 0.0,
      "gate_pass": false,
      "interpretation": "vjepa_2_1_vitg_frozen - vjepa_2_1_vitg_pretrain_encoder > 0 means vjepa_2_1_vitg_frozen has stronger intra-class motion clustering than vjepa_2_1_vitg_pretrain_encoder"
    },
    "vjepa_2_1_vitg_frozen_minus_vjepa_2_1_vitg_surgery_raw_encoder": {
      "n_shared": 1825,
      "delta_mean": -0.052691,
      "delta_ci_lo": -0.054397,
      "delta_ci_hi": -0.050964,
      "delta_ci_half": 0.001716,
      "p_value": 0.0,
      "gate_pass": false,
      "interpretation": "vjepa_2_1_vitg_frozen - vjepa_2_1_vitg_surgery_raw_encoder > 0 means vjepa_2_1_vitg_frozen has stronger intra-class motion clustering than vjepa_2_1_vitg_surgery_raw_encoder"
    },
    "vjepa_2_1_vitg_frozen_minus_vjepa_2_1_vitg_surgical_3stage_DI_diheavy_encoder": {
      "n_shared": 1825,
      "delta_mean": -0.041107,
      "delta_ci_lo": -0.04261,
      "delta_ci_hi": -0.039656,
      "delta_ci_half": 0.001477,
      "p_value": 0.0,
      "gate_pass": false,
      "interpretation": "vjepa_2_1_vitg_frozen - vjepa_2_1_vitg_surgical_3stage_DI_diheavy_encoder > 0 means vjepa_2_1_vitg_frozen has stronger intra-class motion clustering than vjepa_2_1_vitg_surgical_3stage_DI_diheavy_encoder"
    },
    "vjepa_2_1_vitg_frozen_minus_vjepa_2_1_vitg_surgical_3stage_DI_encoder": {
      "n_shared": 1825,
      "delta_mean": -0.040307,
      "delta_ci_lo": -0.041805,
      "delta_ci_hi": -0.038855,
      "delta_ci_half": 0.001475,
      "p_value": 0.0,
      "gate_pass": false,
      "interpretation": "vjepa_2_1_vitg_frozen - vjepa_2_1_vitg_surgical_3stage_DI_encoder > 0 means vjepa_2_1_vitg_frozen has stronger intra-class motion clustering than vjepa_2_1_vitg_surgical_3stage_DI_encoder"
    },
    "vjepa_2_1_vitg_frozen_minus_vjepa_2_1_vitg_surgical_autorgn_encoder": {
      "n_shared": 1825,
      "delta_mean": -0.073096,
      "delta_ci_lo": -0.075483,
      "delta_ci_hi": -0.070682,
      "delta_ci_half": 0.002401,
      "p_value": 0.0,
      "gate_pass": false,
      "interpretation": "vjepa_2_1_vitg_frozen - vjepa_2_1_vitg_surgical_autorgn_encoder > 0 means vjepa_2_1_vitg_frozen has stronger intra-class motion clustering than vjepa_2_1_vitg_surgical_autorgn_encoder"
    },
    "vjepa_2_1_vitg_full_ft_encoder_minus_vjepa_2_1_vitg_lpft_encoder": {
      "n_shared": 1825,
      "delta_mean": 0.052087,
      "delta_ci_lo": 0.050565,
      "delta_ci_hi": 0.053599,
      "delta_ci_half": 0.001517,
      "p_value": 0.0,
      "gate_pass": true,
      "interpretation": "vjepa_2_1_vitg_full_ft_encoder - vjepa_2_1_vitg_lpft_encoder > 0 means vjepa_2_1_vitg_full_ft_encoder has stronger intra-class motion clustering than vjepa_2_1_vitg_lpft_encoder"
    },
    "vjepa_2_1_vitg_full_ft_encoder_minus_vjepa_2_1_vitg_peft_dora_encoder": {
      "n_shared": 1825,
      "delta_mean": 0.021858,
      "delta_ci_lo": 0.020789,
      "delta_ci_hi": 0.022946,
      "delta_ci_half": 0.001078,
      "p_value": 0.0,
      "gate_pass": true,
      "interpretation": "vjepa_2_1_vitg_full_ft_encoder - vjepa_2_1_vitg_peft_dora_encoder > 0 means vjepa_2_1_vitg_full_ft_encoder has stronger intra-class motion clustering than vjepa_2_1_vitg_peft_dora_encoder"
    },
    "vjepa_2_1_vitg_full_ft_encoder_minus_vjepa_2_1_vitg_peft_lora_encoder": {
      "n_shared": 1825,
      "delta_mean": 0.021913,
      "delta_ci_lo": 0.020841,
      "delta_ci_hi": 0.023,
      "delta_ci_half": 0.001079,
      "p_value": 0.0,
      "gate_pass": true,
      "interpretation": "vjepa_2_1_vitg_full_ft_encoder - vjepa_2_1_vitg_peft_lora_encoder > 0 means vjepa_2_1_vitg_full_ft_encoder has stronger intra-class motion clustering than vjepa_2_1_vitg_peft_lora_encoder"
    },
    "vjepa_2_1_vitg_full_ft_encoder_minus_vjepa_2_1_vitg_pretrain_encoder": {
      "n_shared": 1825,
      "delta_mean": 0.035228,
      "delta_ci_lo": 0.034032,
      "delta_ci_hi": 0.036425,
      "delta_ci_half": 0.001197,
      "p_value": 0.0,
      "gate_pass": true,
      "interpretation": "vjepa_2_1_vitg_full_ft_encoder - vjepa_2_1_vitg_pretrain_encoder > 0 means vjepa_2_1_vitg_full_ft_encoder has stronger intra-class motion clustering than vjepa_2_1_vitg_pretrain_encoder"
    },
    "vjepa_2_1_vitg_full_ft_encoder_minus_vjepa_2_1_vitg_surgery_raw_encoder": {
      "n_shared": 1825,
      "delta_mean": 0.029948,
      "delta_ci_lo": 0.028835,
      "delta_ci_hi": 0.031068,
      "delta_ci_half": 0.001116,
      "p_value": 0.0,
      "gate_pass": true,
      "interpretation": "vjepa_2_1_vitg_full_ft_encoder - vjepa_2_1_vitg_surgery_raw_encoder > 0 means vjepa_2_1_vitg_full_ft_encoder has stronger intra-class motion clustering than vjepa_2_1_vitg_surgery_raw_encoder"
    },
    "vjepa_2_1_vitg_full_ft_encoder_minus_vjepa_2_1_vitg_surgical_3stage_DI_diheavy_encoder": {
      "n_shared": 1825,
      "delta_mean": 0.041532,
      "delta_ci_lo": 0.040246,
      "delta_ci_hi": 0.042828,
      "delta_ci_half": 0.001291,
      "p_value": 0.0,
      "gate_pass": true,
      "interpretation": "vjepa_2_1_vitg_full_ft_encoder - vjepa_2_1_vitg_surgical_3stage_DI_diheavy_encoder > 0 means vjepa_2_1_vitg_full_ft_encoder has stronger intra-class motion clustering than vjepa_2_1_vitg_surgical_3stage_DI_diheavy_encoder"
    },
    "vjepa_2_1_vitg_full_ft_encoder_minus_vjepa_2_1_vitg_surgical_3stage_DI_encoder": {
      "n_shared": 1825,
      "delta_mean": 0.042332,
      "delta_ci_lo": 0.041049,
      "delta_ci_hi": 0.04362,
      "delta_ci_half": 0.001285,
      "p_value": 0.0,
      "gate_pass": true,
      "interpretation": "vjepa_2_1_vitg_full_ft_encoder - vjepa_2_1_vitg_surgical_3stage_DI_encoder > 0 means vjepa_2_1_vitg_full_ft_encoder has stronger intra-class motion clustering than vjepa_2_1_vitg_surgical_3stage_DI_encoder"
    },
    "vjepa_2_1_vitg_full_ft_encoder_minus_vjepa_2_1_vitg_surgical_autorgn_encoder": {
      "n_shared": 1825,
      "delta_mean": 0.009542,
      "delta_ci_lo": 0.008858,
      "delta_ci_hi": 0.010264,
      "delta_ci_half": 0.000703,
      "p_value": 0.0,
      "gate_pass": true,
      "interpretation": "vjepa_2_1_vitg_full_ft_encoder - vjepa_2_1_vitg_surgical_autorgn_encoder > 0 means vjepa_2_1_vitg_full_ft_encoder has stronger intra-class motion clustering than vjepa_2_1_vitg_surgical_autorgn_encoder"
    },
    "vjepa_2_1_vitg_lpft_encoder_minus_vjepa_2_1_vitg_peft_dora_encoder": {
      "n_shared": 1825,
      "delta_mean": -0.030229,
      "delta_ci_lo": -0.031196,
      "delta_ci_hi": -0.029235,
      "delta_ci_half": 0.00098,
      "p_value": 0.0,
      "gate_pass": false,
      "interpretation": "vjepa_2_1_vitg_lpft_encoder - vjepa_2_1_vitg_peft_dora_encoder > 0 means vjepa_2_1_vitg_lpft_encoder has stronger intra-class motion clustering than vjepa_2_1_vitg_peft_dora_encoder"
    },
    "vjepa_2_1_vitg_lpft_encoder_minus_vjepa_2_1_vitg_peft_lora_encoder": {
      "n_shared": 1825,
      "delta_mean": -0.030174,
      "delta_ci_lo": -0.031142,
      "delta_ci_hi": -0.029182,
      "delta_ci_half": 0.00098,
      "p_value": 0.0,
      "gate_pass": false,
      "interpretation": "vjepa_2_1_vitg_lpft_encoder - vjepa_2_1_vitg_peft_lora_encoder > 0 means vjepa_2_1_vitg_lpft_encoder has stronger intra-class motion clustering than vjepa_2_1_vitg_peft_lora_encoder"
    },
    "vjepa_2_1_vitg_lpft_encoder_minus_vjepa_2_1_vitg_pretrain_encoder": {
      "n_shared": 1825,
      "delta_mean": -0.01686,
      "delta_ci_lo": -0.017584,
      "delta_ci_hi": -0.01613,
      "delta_ci_half": 0.000727,
      "p_value": 0.0,
      "gate_pass": false,
      "interpretation": "vjepa_2_1_vitg_lpft_encoder - vjepa_2_1_vitg_pretrain_encoder > 0 means vjepa_2_1_vitg_lpft_encoder has stronger intra-class motion clustering than vjepa_2_1_vitg_pretrain_encoder"
    },
    "vjepa_2_1_vitg_lpft_encoder_minus_vjepa_2_1_vitg_surgery_raw_encoder": {
      "n_shared": 1825,
      "delta_mean": -0.02214,
      "delta_ci_lo": -0.022836,
      "delta_ci_hi": -0.021424,
      "delta_ci_half": 0.000706,
      "p_value": 0.0,
      "gate_pass": false,
      "interpretation": "vjepa_2_1_vitg_lpft_encoder - vjepa_2_1_vitg_surgery_raw_encoder > 0 means vjepa_2_1_vitg_lpft_encoder has stronger intra-class motion clustering than vjepa_2_1_vitg_surgery_raw_encoder"
    },
    "vjepa_2_1_vitg_lpft_encoder_minus_vjepa_2_1_vitg_surgical_3stage_DI_diheavy_encoder": {
      "n_shared": 1825,
      "delta_mean": -0.010556,
      "delta_ci_lo": -0.010963,
      "delta_ci_hi": -0.010159,
      "delta_ci_half": 0.000402,
      "p_value": 0.0,
      "gate_pass": false,
      "interpretation": "vjepa_2_1_vitg_lpft_encoder - vjepa_2_1_vitg_surgical_3stage_DI_diheavy_encoder > 0 means vjepa_2_1_vitg_lpft_encoder has stronger intra-class motion clustering than vjepa_2_1_vitg_surgical_3stage_DI_diheavy_encoder"
    },
    "vjepa_2_1_vitg_lpft_encoder_minus_vjepa_2_1_vitg_surgical_3stage_DI_encoder": {
      "n_shared": 1825,
      "delta_mean": -0.009756,
      "delta_ci_lo": -0.01014,
      "delta_ci_hi": -0.009393,
      "delta_ci_half": 0.000374,
      "p_value": 0.0,
      "gate_pass": false,
      "interpretation": "vjepa_2_1_vitg_lpft_encoder - vjepa_2_1_vitg_surgical_3stage_DI_encoder > 0 means vjepa_2_1_vitg_lpft_encoder has stronger intra-class motion clustering than vjepa_2_1_vitg_surgical_3stage_DI_encoder"
    },
    "vjepa_2_1_vitg_lpft_encoder_minus_vjepa_2_1_vitg_surgical_autorgn_encoder": {
      "n_shared": 1825,
      "delta_mean": -0.042545,
      "delta_ci_lo": -0.043962,
      "delta_ci_hi": -0.04108,
      "delta_ci_half": 0.001441,
      "p_value": 0.0,
      "gate_pass": false,
      "interpretation": "vjepa_2_1_vitg_lpft_encoder - vjepa_2_1_vitg_surgical_autorgn_encoder > 0 means vjepa_2_1_vitg_lpft_encoder has stronger intra-class motion clustering than vjepa_2_1_vitg_surgical_autorgn_encoder"
    },
    "vjepa_2_1_vitg_peft_dora_encoder_minus_vjepa_2_1_vitg_peft_lora_encoder": {
      "n_shared": 1825,
      "delta_mean": 5.5e-05,
      "delta_ci_lo": 4.2e-05,
      "delta_ci_hi": 6.9e-05,
      "delta_ci_half": 1.4e-05,
      "p_value": 0.0,
      "gate_pass": true,
      "interpretation": "vjepa_2_1_vitg_peft_dora_encoder - vjepa_2_1_vitg_peft_lora_encoder > 0 means vjepa_2_1_vitg_peft_dora_encoder has stronger intra-class motion clustering than vjepa_2_1_vitg_peft_lora_encoder"
    },
    "vjepa_2_1_vitg_peft_dora_encoder_minus_vjepa_2_1_vitg_pretrain_encoder": {
      "n_shared": 1825,
      "delta_mean": 0.013369,
      "delta_ci_lo": 0.012625,
      "delta_ci_hi": 0.014135,
      "delta_ci_half": 0.000755,
      "p_value": 0.0,
      "gate_pass": true,
      "interpretation": "vjepa_2_1_vitg_peft_dora_encoder - vjepa_2_1_vitg_pretrain_encoder > 0 means vjepa_2_1_vitg_peft_dora_encoder has stronger intra-class motion clustering than vjepa_2_1_vitg_pretrain_encoder"
    },
    "vjepa_2_1_vitg_peft_dora_encoder_minus_vjepa_2_1_vitg_surgery_raw_encoder": {
      "n_shared": 1825,
      "delta_mean": 0.008089,
      "delta_ci_lo": 0.007587,
      "delta_ci_hi": 0.008561,
      "delta_ci_half": 0.000487,
      "p_value": 0.0,
      "gate_pass": true,
      "interpretation": "vjepa_2_1_vitg_peft_dora_encoder - vjepa_2_1_vitg_surgery_raw_encoder > 0 means vjepa_2_1_vitg_peft_dora_encoder has stronger intra-class motion clustering than vjepa_2_1_vitg_surgery_raw_encoder"
    },
    "vjepa_2_1_vitg_peft_dora_encoder_minus_vjepa_2_1_vitg_surgical_3stage_DI_diheavy_encoder": {
      "n_shared": 1825,
      "delta_mean": 0.019673,
      "delta_ci_lo": 0.018992,
      "delta_ci_hi": 0.020334,
      "delta_ci_half": 0.000671,
      "p_value": 0.0,
      "gate_pass": true,
      "interpretation": "vjepa_2_1_vitg_peft_dora_encoder - vjepa_2_1_vitg_surgical_3stage_DI_diheavy_encoder > 0 means vjepa_2_1_vitg_peft_dora_encoder has stronger intra-class motion clustering than vjepa_2_1_vitg_surgical_3stage_DI_diheavy_encoder"
    },
    "vjepa_2_1_vitg_peft_dora_encoder_minus_vjepa_2_1_vitg_surgical_3stage_DI_encoder": {
      "n_shared": 1825,
      "delta_mean": 0.020473,
      "delta_ci_lo": 0.019748,
      "delta_ci_hi": 0.021159,
      "delta_ci_half": 0.000706,
      "p_value": 0.0,
      "gate_pass": true,
      "interpretation": "vjepa_2_1_vitg_peft_dora_encoder - vjepa_2_1_vitg_surgical_3stage_DI_encoder > 0 means vjepa_2_1_vitg_peft_dora_encoder has stronger intra-class motion clustering than vjepa_2_1_vitg_surgical_3stage_DI_encoder"
    },
    "vjepa_2_1_vitg_peft_dora_encoder_minus_vjepa_2_1_vitg_surgical_autorgn_encoder": {
      "n_shared": 1825,
      "delta_mean": -0.012316,
      "delta_ci_lo": -0.013258,
      "delta_ci_hi": -0.011413,
      "delta_ci_half": 0.000922,
      "p_value": 0.0,
      "gate_pass": false,
      "interpretation": "vjepa_2_1_vitg_peft_dora_encoder - vjepa_2_1_vitg_surgical_autorgn_encoder > 0 means vjepa_2_1_vitg_peft_dora_encoder has stronger intra-class motion clustering than vjepa_2_1_vitg_surgical_autorgn_encoder"
    },
    "vjepa_2_1_vitg_peft_lora_encoder_minus_vjepa_2_1_vitg_pretrain_encoder": {
      "n_shared": 1825,
      "delta_mean": 0.013314,
      "delta_ci_lo": 0.012572,
      "delta_ci_hi": 0.01408,
      "delta_ci_half": 0.000754,
      "p_value": 0.0,
      "gate_pass": true,
      "interpretation": "vjepa_2_1_vitg_peft_lora_encoder - vjepa_2_1_vitg_pretrain_encoder > 0 means vjepa_2_1_vitg_peft_lora_encoder has stronger intra-class motion clustering than vjepa_2_1_vitg_pretrain_encoder"
    },
    "vjepa_2_1_vitg_peft_lora_encoder_minus_vjepa_2_1_vitg_surgery_raw_encoder": {
      "n_shared": 1825,
      "delta_mean": 0.008035,
      "delta_ci_lo": 0.007536,
      "delta_ci_hi": 0.008508,
      "delta_ci_half": 0.000486,
      "p_value": 0.0,
      "gate_pass": true,
      "interpretation": "vjepa_2_1_vitg_peft_lora_encoder - vjepa_2_1_vitg_surgery_raw_encoder > 0 means vjepa_2_1_vitg_peft_lora_encoder has stronger intra-class motion clustering than vjepa_2_1_vitg_surgery_raw_encoder"
    },
    "vjepa_2_1_vitg_peft_lora_encoder_minus_vjepa_2_1_vitg_surgical_3stage_DI_diheavy_encoder": {
      "n_shared": 1825,
      "delta_mean": 0.019618,
      "delta_ci_lo": 0.018937,
      "delta_ci_hi": 0.020275,
      "delta_ci_half": 0.000669,
      "p_value": 0.0,
      "gate_pass": true,
      "interpretation": "vjepa_2_1_vitg_peft_lora_encoder - vjepa_2_1_vitg_surgical_3stage_DI_diheavy_encoder > 0 means vjepa_2_1_vitg_peft_lora_encoder has stronger intra-class motion clustering than vjepa_2_1_vitg_surgical_3stage_DI_diheavy_encoder"
    },
    "vjepa_2_1_vitg_peft_lora_encoder_minus_vjepa_2_1_vitg_surgical_3stage_DI_encoder": {
      "n_shared": 1825,
      "delta_mean": 0.020418,
      "delta_ci_lo": 0.019694,
      "delta_ci_hi": 0.021102,
      "delta_ci_half": 0.000704,
      "p_value": 0.0,
      "gate_pass": true,
      "interpretation": "vjepa_2_1_vitg_peft_lora_encoder - vjepa_2_1_vitg_surgical_3stage_DI_encoder > 0 means vjepa_2_1_vitg_peft_lora_encoder has stronger intra-class motion clustering than vjepa_2_1_vitg_surgical_3stage_DI_encoder"
    },
    "vjepa_2_1_vitg_peft_lora_encoder_minus_vjepa_2_1_vitg_surgical_autorgn_encoder": {
      "n_shared": 1825,
      "delta_mean": -0.012371,
      "delta_ci_lo": -0.013319,
      "delta_ci_hi": -0.011466,
      "delta_ci_half": 0.000926,
      "p_value": 0.0,
      "gate_pass": false,
      "interpretation": "vjepa_2_1_vitg_peft_lora_encoder - vjepa_2_1_vitg_surgical_autorgn_encoder > 0 means vjepa_2_1_vitg_peft_lora_encoder has stronger intra-class motion clustering than vjepa_2_1_vitg_surgical_autorgn_encoder"
    },
    "vjepa_2_1_vitg_pretrain_encoder_minus_vjepa_2_1_vitg_surgery_raw_encoder": {
      "n_shared": 1825,
      "delta_mean": -0.00528,
      "delta_ci_lo": -0.005914,
      "delta_ci_hi": -0.004688,
      "delta_ci_half": 0.000613,
      "p_value": 0.0,
      "gate_pass": false,
      "interpretation": "vjepa_2_1_vitg_pretrain_encoder - vjepa_2_1_vitg_surgery_raw_encoder > 0 means vjepa_2_1_vitg_pretrain_encoder has stronger intra-class motion clustering than vjepa_2_1_vitg_surgery_raw_encoder"
    },
    "vjepa_2_1_vitg_pretrain_encoder_minus_vjepa_2_1_vitg_surgical_3stage_DI_diheavy_encoder": {
      "n_shared": 1825,
      "delta_mean": 0.006304,
      "delta_ci_lo": 0.005737,
      "delta_ci_hi": 0.006848,
      "delta_ci_half": 0.000556,
      "p_value": 0.0,
      "gate_pass": true,
      "interpretation": "vjepa_2_1_vitg_pretrain_encoder - vjepa_2_1_vitg_surgical_3stage_DI_diheavy_encoder > 0 means vjepa_2_1_vitg_pretrain_encoder has stronger intra-class motion clustering than vjepa_2_1_vitg_surgical_3stage_DI_diheavy_encoder"
    },
    "vjepa_2_1_vitg_pretrain_encoder_minus_vjepa_2_1_vitg_surgical_3stage_DI_encoder": {
      "n_shared": 1825,
      "delta_mean": 0.007104,
      "delta_ci_lo": 0.006497,
      "delta_ci_hi": 0.007675,
      "delta_ci_half": 0.000589,
      "p_value": 0.0,
      "gate_pass": true,
      "interpretation": "vjepa_2_1_vitg_pretrain_encoder - vjepa_2_1_vitg_surgical_3stage_DI_encoder > 0 means vjepa_2_1_vitg_pretrain_encoder has stronger intra-class motion clustering than vjepa_2_1_vitg_surgical_3stage_DI_encoder"
    },
    "vjepa_2_1_vitg_pretrain_encoder_minus_vjepa_2_1_vitg_surgical_autorgn_encoder": {
      "n_shared": 1825,
      "delta_mean": -0.025686,
      "delta_ci_lo": -0.026779,
      "delta_ci_hi": -0.024573,
      "delta_ci_half": 0.001103,
      "p_value": 0.0,
      "gate_pass": false,
      "interpretation": "vjepa_2_1_vitg_pretrain_encoder - vjepa_2_1_vitg_surgical_autorgn_encoder > 0 means vjepa_2_1_vitg_pretrain_encoder has stronger intra-class motion clustering than vjepa_2_1_vitg_surgical_autorgn_encoder"
    },
    "vjepa_2_1_vitg_surgery_raw_encoder_minus_vjepa_2_1_vitg_surgical_3stage_DI_diheavy_encoder": {
      "n_shared": 1825,
      "delta_mean": 0.011584,
      "delta_ci_lo": 0.011176,
      "delta_ci_hi": 0.011991,
      "delta_ci_half": 0.000408,
      "p_value": 0.0,
      "gate_pass": true,
      "interpretation": "vjepa_2_1_vitg_surgery_raw_encoder - vjepa_2_1_vitg_surgical_3stage_DI_diheavy_encoder > 0 means vjepa_2_1_vitg_surgery_raw_encoder has stronger intra-class motion clustering than vjepa_2_1_vitg_surgical_3stage_DI_diheavy_encoder"
    },
    "vjepa_2_1_vitg_surgery_raw_encoder_minus_vjepa_2_1_vitg_surgical_3stage_DI_encoder": {
      "n_shared": 1825,
      "delta_mean": 0.012384,
      "delta_ci_lo": 0.011949,
      "delta_ci_hi": 0.012803,
      "delta_ci_half": 0.000427,
      "p_value": 0.0,
      "gate_pass": true,
      "interpretation": "vjepa_2_1_vitg_surgery_raw_encoder - vjepa_2_1_vitg_surgical_3stage_DI_encoder > 0 means vjepa_2_1_vitg_surgery_raw_encoder has stronger intra-class motion clustering than vjepa_2_1_vitg_surgical_3stage_DI_encoder"
    },
    "vjepa_2_1_vitg_surgery_raw_encoder_minus_vjepa_2_1_vitg_surgical_autorgn_encoder": {
      "n_shared": 1825,
      "delta_mean": -0.020406,
      "delta_ci_lo": -0.021409,
      "delta_ci_hi": -0.019395,
      "delta_ci_half": 0.001007,
      "p_value": 0.0,
      "gate_pass": false,
      "interpretation": "vjepa_2_1_vitg_surgery_raw_encoder - vjepa_2_1_vitg_surgical_autorgn_encoder > 0 means vjepa_2_1_vitg_surgery_raw_encoder has stronger intra-class motion clustering than vjepa_2_1_vitg_surgical_autorgn_encoder"
    },
    "vjepa_2_1_vitg_surgical_3stage_DI_diheavy_encoder_minus_vjepa_2_1_vitg_surgical_3stage_DI_encoder": {
      "n_shared": 1825,
      "delta_mean": 0.0008,
      "delta_ci_lo": 0.000656,
      "delta_ci_hi": 0.000944,
      "delta_ci_half": 0.000144,
      "p_value": 0.0,
      "gate_pass": true,
      "interpretation": "vjepa_2_1_vitg_surgical_3stage_DI_diheavy_encoder - vjepa_2_1_vitg_surgical_3stage_DI_encoder > 0 means vjepa_2_1_vitg_surgical_3stage_DI_diheavy_encoder has stronger intra-class motion clustering than vjepa_2_1_vitg_surgical_3stage_DI_encoder"
    },
    "vjepa_2_1_vitg_surgical_3stage_DI_diheavy_encoder_minus_vjepa_2_1_vitg_surgical_autorgn_encoder": {
      "n_shared": 1825,
      "delta_mean": -0.03199,
      "delta_ci_lo": -0.033176,
      "delta_ci_hi": -0.030794,
      "delta_ci_half": 0.001191,
      "p_value": 0.0,
      "gate_pass": false,
      "interpretation": "vjepa_2_1_vitg_surgical_3stage_DI_diheavy_encoder - vjepa_2_1_vitg_surgical_autorgn_encoder > 0 means vjepa_2_1_vitg_surgical_3stage_DI_diheavy_encoder has stronger intra-class motion clustering than vjepa_2_1_vitg_surgical_autorgn_encoder"
    },
    "vjepa_2_1_vitg_surgical_3stage_DI_encoder_minus_vjepa_2_1_vitg_surgical_autorgn_encoder": {
      "n_shared": 1825,
      "delta_mean": -0.03279,
      "delta_ci_lo": -0.033962,
      "delta_ci_hi": -0.031583,
      "delta_ci_half": 0.00119,
      "p_value": 0.0,
      "gate_pass": false,
      "interpretation": "vjepa_2_1_vitg_surgical_3stage_DI_encoder - vjepa_2_1_vitg_surgical_autorgn_encoder > 0 means vjepa_2_1_vitg_surgical_3stage_DI_encoder has stronger intra-class motion clustering than vjepa_2_1_vitg_surgical_autorgn_encoder"
    }
  }
}

═══ 07:19:49 · STAGE 9 · future_mse paired_per_variant (CPU) ═══
Variants found: ['vjepa_2_1_vitg_frozen', 'vjepa_2_1_vitg_pretrain_encoder', 'vjepa_2_1_vitg_surgical_3stage_DI_encoder', 'vjepa_2_1_vitg_surgical_autorgn_encoder', 'vjepa_2_1_vitg_surgery_raw_encoder', 'vjepa_2_1_vitg_full_ft_encoder', 'vjepa_2_1_vitg_lpft_encoder', 'vjepa_2_1_vitg_peft_lora_encoder', 'vjepa_2_1_vitg_peft_dora_encoder', 'vjepa_2_1_vitg_surgical_3stage_DI_diheavy_encoder']
  [m12d_future_mse] vjepa_2_1_vitg_frozen vs vjepa_2_1_vitg_pretrain_encoder keys disagree by 0.0% — re-aligned to 1825 shared clips (under 5% threshold)
  [m12d_future_mse] vjepa_2_1_vitg_frozen vs vjepa_2_1_vitg_surgical_3stage_DI_encoder keys disagree by 0.0% — re-aligned to 1825 shared clips (under 5% threshold)
  [m12d_future_mse] vjepa_2_1_vitg_frozen vs vjepa_2_1_vitg_surgical_autorgn_encoder keys disagree by 0.0% — re-aligned to 1825 shared clips (under 5% threshold)
  [m12d_future_mse] vjepa_2_1_vitg_frozen vs vjepa_2_1_vitg_surgery_raw_encoder keys disagree by 0.0% — re-aligned to 1825 shared clips (under 5% threshold)
  [m12d_future_mse] vjepa_2_1_vitg_frozen vs vjepa_2_1_vitg_full_ft_encoder keys disagree by 0.0% — re-aligned to 1825 shared clips (under 5% threshold)
  [m12d_future_mse] vjepa_2_1_vitg_frozen vs vjepa_2_1_vitg_lpft_encoder keys disagree by 0.0% — re-aligned to 1825 shared clips (under 5% threshold)
  [m12d_future_mse] vjepa_2_1_vitg_frozen vs vjepa_2_1_vitg_peft_lora_encoder keys disagree by 0.0% — re-aligned to 1825 shared clips (under 5% threshold)
  [m12d_future_mse] vjepa_2_1_vitg_frozen vs vjepa_2_1_vitg_peft_dora_encoder keys disagree by 0.0% — re-aligned to 1825 shared clips (under 5% threshold)
  [m12d_future_mse] vjepa_2_1_vitg_frozen vs vjepa_2_1_vitg_surgical_3stage_DI_diheavy_encoder keys disagree by 0.0% — re-aligned to 1825 shared clips (under 5% threshold)
  [m12d_future_mse] vjepa_2_1_vitg_pretrain_encoder vs vjepa_2_1_vitg_surgical_3stage_DI_encoder keys disagree by 0.0% — re-aligned to 1825 shared clips (under 5% threshold)
  [m12d_future_mse] vjepa_2_1_vitg_pretrain_encoder vs vjepa_2_1_vitg_surgical_autorgn_encoder keys disagree by 0.0% — re-aligned to 1825 shared clips (under 5% threshold)
  [m12d_future_mse] vjepa_2_1_vitg_pretrain_encoder vs vjepa_2_1_vitg_surgery_raw_encoder keys disagree by 0.0% — re-aligned to 1825 shared clips (under 5% threshold)
  [m12d_future_mse] vjepa_2_1_vitg_pretrain_encoder vs vjepa_2_1_vitg_full_ft_encoder keys disagree by 0.0% — re-aligned to 1825 shared clips (under 5% threshold)
  [m12d_future_mse] vjepa_2_1_vitg_pretrain_encoder vs vjepa_2_1_vitg_lpft_encoder keys disagree by 0.0% — re-aligned to 1825 shared clips (under 5% threshold)
  [m12d_future_mse] vjepa_2_1_vitg_pretrain_encoder vs vjepa_2_1_vitg_peft_lora_encoder keys disagree by 0.0% — re-aligned to 1825 shared clips (under 5% threshold)
  [m12d_future_mse] vjepa_2_1_vitg_pretrain_encoder vs vjepa_2_1_vitg_peft_dora_encoder keys disagree by 0.0% — re-aligned to 1825 shared clips (under 5% threshold)
  [m12d_future_mse] vjepa_2_1_vitg_pretrain_encoder vs vjepa_2_1_vitg_surgical_3stage_DI_diheavy_encoder keys disagree by 0.0% — re-aligned to 1825 shared clips (under 5% threshold)
  [m12d_future_mse] vjepa_2_1_vitg_surgical_3stage_DI_encoder vs vjepa_2_1_vitg_surgical_autorgn_encoder keys disagree by 0.0% — re-aligned to 1825 shared clips (under 5% threshold)
  [m12d_future_mse] vjepa_2_1_vitg_surgical_3stage_DI_encoder vs vjepa_2_1_vitg_surgery_raw_encoder keys disagree by 0.0% — re-aligned to 1825 shared clips (under 5% threshold)
  [m12d_future_mse] vjepa_2_1_vitg_surgical_3stage_DI_encoder vs vjepa_2_1_vitg_full_ft_encoder keys disagree by 0.0% — re-aligned to 1825 shared clips (under 5% threshold)
  [m12d_future_mse] vjepa_2_1_vitg_surgical_3stage_DI_encoder vs vjepa_2_1_vitg_lpft_encoder keys disagree by 0.0% — re-aligned to 1825 shared clips (under 5% threshold)
  [m12d_future_mse] vjepa_2_1_vitg_surgical_3stage_DI_encoder vs vjepa_2_1_vitg_peft_lora_encoder keys disagree by 0.0% — re-aligned to 1825 shared clips (under 5% threshold)
  [m12d_future_mse] vjepa_2_1_vitg_surgical_3stage_DI_encoder vs vjepa_2_1_vitg_peft_dora_encoder keys disagree by 0.0% — re-aligned to 1825 shared clips (under 5% threshold)
  [m12d_future_mse] vjepa_2_1_vitg_surgical_3stage_DI_encoder vs vjepa_2_1_vitg_surgical_3stage_DI_diheavy_encoder keys disagree by 0.0% — re-aligned to 1825 shared clips (under 5% threshold)
  [m12d_future_mse] vjepa_2_1_vitg_surgical_autorgn_encoder vs vjepa_2_1_vitg_surgery_raw_encoder keys disagree by 0.0% — re-aligned to 1825 shared clips (under 5% threshold)
  [m12d_future_mse] vjepa_2_1_vitg_surgical_autorgn_encoder vs vjepa_2_1_vitg_full_ft_encoder keys disagree by 0.0% — re-aligned to 1825 shared clips (under 5% threshold)
  [m12d_future_mse] vjepa_2_1_vitg_surgical_autorgn_encoder vs vjepa_2_1_vitg_lpft_encoder keys disagree by 0.0% — re-aligned to 1825 shared clips (under 5% threshold)
  [m12d_future_mse] vjepa_2_1_vitg_surgical_autorgn_encoder vs vjepa_2_1_vitg_peft_lora_encoder keys disagree by 0.0% — re-aligned to 1825 shared clips (under 5% threshold)
  [m12d_future_mse] vjepa_2_1_vitg_surgical_autorgn_encoder vs vjepa_2_1_vitg_peft_dora_encoder keys disagree by 0.0% — re-aligned to 1825 shared clips (under 5% threshold)
  [m12d_future_mse] vjepa_2_1_vitg_surgical_autorgn_encoder vs vjepa_2_1_vitg_surgical_3stage_DI_diheavy_encoder keys disagree by 0.0% — re-aligned to 1825 shared clips (under 5% threshold)
  [m12d_future_mse] vjepa_2_1_vitg_surgery_raw_encoder vs vjepa_2_1_vitg_full_ft_encoder keys disagree by 0.0% — re-aligned to 1825 shared clips (under 5% threshold)
  [m12d_future_mse] vjepa_2_1_vitg_surgery_raw_encoder vs vjepa_2_1_vitg_lpft_encoder keys disagree by 0.0% — re-aligned to 1825 shared clips (under 5% threshold)
  [m12d_future_mse] vjepa_2_1_vitg_surgery_raw_encoder vs vjepa_2_1_vitg_peft_lora_encoder keys disagree by 0.0% — re-aligned to 1825 shared clips (under 5% threshold)
  [m12d_future_mse] vjepa_2_1_vitg_surgery_raw_encoder vs vjepa_2_1_vitg_peft_dora_encoder keys disagree by 0.0% — re-aligned to 1825 shared clips (under 5% threshold)
  [m12d_future_mse] vjepa_2_1_vitg_surgery_raw_encoder vs vjepa_2_1_vitg_surgical_3stage_DI_diheavy_encoder keys disagree by 0.0% — re-aligned to 1825 shared clips (under 5% threshold)
  [m12d_future_mse] vjepa_2_1_vitg_full_ft_encoder vs vjepa_2_1_vitg_lpft_encoder keys disagree by 0.0% — re-aligned to 1825 shared clips (under 5% threshold)
  [m12d_future_mse] vjepa_2_1_vitg_full_ft_encoder vs vjepa_2_1_vitg_peft_lora_encoder keys disagree by 0.0% — re-aligned to 1825 shared clips (under 5% threshold)
  [m12d_future_mse] vjepa_2_1_vitg_full_ft_encoder vs vjepa_2_1_vitg_peft_dora_encoder keys disagree by 0.0% — re-aligned to 1825 shared clips (under 5% threshold)
  [m12d_future_mse] vjepa_2_1_vitg_full_ft_encoder vs vjepa_2_1_vitg_surgical_3stage_DI_diheavy_encoder keys disagree by 0.0% — re-aligned to 1825 shared clips (under 5% threshold)
  [m12d_future_mse] vjepa_2_1_vitg_lpft_encoder vs vjepa_2_1_vitg_peft_lora_encoder keys disagree by 0.0% — re-aligned to 1825 shared clips (under 5% threshold)
  [m12d_future_mse] vjepa_2_1_vitg_lpft_encoder vs vjepa_2_1_vitg_peft_dora_encoder keys disagree by 0.0% — re-aligned to 1825 shared clips (under 5% threshold)
  [m12d_future_mse] vjepa_2_1_vitg_lpft_encoder vs vjepa_2_1_vitg_surgical_3stage_DI_diheavy_encoder keys disagree by 0.0% — re-aligned to 1825 shared clips (under 5% threshold)
  [m12d_future_mse] vjepa_2_1_vitg_peft_lora_encoder vs vjepa_2_1_vitg_peft_dora_encoder keys disagree by 0.0% — re-aligned to 1825 shared clips (under 5% threshold)
  [m12d_future_mse] vjepa_2_1_vitg_peft_lora_encoder vs vjepa_2_1_vitg_surgical_3stage_DI_diheavy_encoder keys disagree by 0.0% — re-aligned to 1825 shared clips (under 5% threshold)
  [m12d_future_mse] vjepa_2_1_vitg_peft_dora_encoder vs vjepa_2_1_vitg_surgical_3stage_DI_diheavy_encoder keys disagree by 0.0% — re-aligned to 1825 shared clips (under 5% threshold)
{
  "metric": "future_frame_l1_loss",
  "by_variant": {
    "vjepa_2_1_frozen": null,
    "vjepa_2_1_pretrain_encoder": null,
    "vjepa_2_1_pretrain_2X_encoder": null,
    "vjepa_2_1_surgical_3stage_DI_encoder": null,
    "vjepa_2_1_surgical_3stage_DI_replay25_encoder": null,
    "vjepa_2_1_surgical_3stage_DI_diheavy_encoder": null,
    "vjepa_2_1_surgical_3stage_DI_tccaux_encoder": null,
    "vjepa_2_1_surgical_3stage_DI_intervene_encoder": null,
    "vjepa_2_1_surgical_3stage_DI_wiseft_encoder": null,
    "vjepa_2_1_surgical_intervene_wiseft_f30_encoder": null,
    "vjepa_2_1_surgical_intervene_wiseft_f50_encoder": null,
    "vjepa_2_1_surgical_intervene_wiseft_f70_encoder": null,
    "vjepa_2_1_surgical_noDI_encoder": null,
    "vjepa_2_1_surgical_autorgn_encoder": null,
    "vjepa_2_1_surgery_raw_encoder": null,
    "vjepa_2_1_full_ft_encoder": null,
    "vjepa_2_1_lpft_encoder": null,
    "vjepa_2_1_peft_lora_encoder": null,
    "vjepa_2_1_peft_dora_encoder": null,
    "vjepa_2_1_cassle_encoder": null,
    "vjepa_2_1_ewc_encoder": null,
    "vjepa_2_1_pretrain_head": null,
    "vjepa_2_1_surgical_3stage_DI_head": null,
    "vjepa_2_1_surgical_noDI_head": null,
    "vjepa_2_0_vitg_frozen": null,
    "vjepa_1_vitL_frozen": null,
    "vjepa_1_vitH_frozen": null,
    "vjepa_2_1_vitg_frozen": {
      "mse_mean": 0.636863,
      "mse_std": 0.027133,
      "mse_ci": {
        "mean": 0.636863,
        "ci_lo": 0.635591,
        "ci_hi": 0.638082,
        "ci_half": 0.001246
      },
      "n": 1825
    },
    "vjepa_2_1_vitL_frozen": null,
    "vjepa_2_vitL_256_frozen": null,
    "vjepa_2_1_vitg_pretrain_encoder": {
      "mse_mean": 0.607266,
      "mse_std": 0.025955,
      "mse_ci": {
        "mean": 0.607266,
        "ci_lo": 0.606055,
        "ci_hi": 0.608424,
        "ci_half": 0.001185
      },
      "n": 1825
    },
    "vjepa_2_1_vitg_pretrain_2X_encoder": null,
    "vjepa_2_1_vitg_pretrain_head": null,
    "vjepa_2_1_vitg_surgical_3stage_DI_encoder": {
      "mse_mean": 0.59138,
      "mse_std": 0.028096,
      "mse_ci": {
        "mean": 0.59138,
        "ci_lo": 0.59009,
        "ci_hi": 0.592656,
        "ci_half": 0.001283
      },
      "n": 1825
    },
    "vjepa_2_1_vitg_surgical_noDI_encoder": null,
    "vjepa_2_1_vitg_surgical_3stage_DI_head": null,
    "vjepa_2_1_vitg_surgical_noDI_head": null,
    "vjepa_2_1_vitg_surgical_autorgn_encoder": {
      "mse_mean": 0.611286,
      "mse_std": 0.025979,
      "mse_ci": {
        "mean": 0.611286,
        "ci_lo": 0.610113,
        "ci_hi": 0.612455,
        "ci_half": 0.001171
      },
      "n": 1825
    },
    "vjepa_2_1_vitg_surgery_raw_encoder": {
      "mse_mean": 0.587182,
      "mse_std": 0.028484,
      "mse_ci": {
        "mean": 0.587182,
        "ci_lo": 0.585803,
        "ci_hi": 0.588466,
        "ci_half": 0.001331
      },
      "n": 1825
    },
    "vjepa_2_1_vitg_full_ft_encoder": {
      "mse_mean": 0.62762,
      "mse_std": 0.024679,
      "mse_ci": {
        "mean": 0.62762,
        "ci_lo": 0.626483,
        "ci_hi": 0.628735,
        "ci_half": 0.001126
      },
      "n": 1825
    },
    "vjepa_2_1_vitg_lpft_encoder": {
      "mse_mean": 0.62342,
      "mse_std": 0.025072,
      "mse_ci": {
        "mean": 0.62342,
        "ci_lo": 0.622272,
        "ci_hi": 0.62456,
        "ci_half": 0.001144
      },
      "n": 1825
    },
    "vjepa_2_1_vitg_peft_lora_encoder": {
      "mse_mean": 0.595762,
      "mse_std": 0.026148,
      "mse_ci": {
        "mean": 0.595762,
        "ci_lo": 0.594525,
        "ci_hi": 0.596907,
        "ci_half": 0.001191
      },
      "n": 1825
    },
    "vjepa_2_1_vitg_peft_dora_encoder": {
      "mse_mean": 0.595979,
      "mse_std": 0.026205,
      "mse_ci": {
        "mean": 0.595979,
        "ci_lo": 0.594753,
        "ci_hi": 0.597174,
        "ci_half": 0.00121
      },
      "n": 1825
    },
    "vjepa_2_1_vitg_surgical_3stage_DI_diheavy_encoder": {
      "mse_mean": 0.589863,
      "mse_std": 0.028443,
      "mse_ci": {
        "mean": 0.589863,
        "ci_lo": 0.588532,
        "ci_hi": 0.591158,
        "ci_half": 0.001313
      },
      "n": 1825
    },
    "vjepa_2_1_vitg_surgical_3stage_DI_intervene_encoder": null,
    "vjepa_2_1_vitg_surgical_intervene_wiseft_f30_encoder": null,
    "vjepa_2_1_vitg_surgical_intervene_wiseft_f50_encoder": null,
    "vjepa_2_1_vitg_surgical_intervene_wiseft_f70_encoder": null,
    "vjepa_2_0_vitg_pretrain_encoder": null,
    "vjepa_2_0_vitg_pretrain_2X_encoder": null,
    "vjepa_2_0_vitg_pretrain_head": null,
    "vjepa_2_0_vitg_surgical_3stage_DI_encoder": null,
    "vjepa_2_0_vitg_surgical_noDI_encoder": null,
    "vjepa_2_0_vitg_surgical_3stage_DI_head": null,
    "vjepa_2_0_vitg_surgical_noDI_head": null,
    "dinov2": "n/a \u2014 no future-frame predictor"
  },
  "pairwise_deltas": {
    "vjepa_2_1_vitg_frozen_minus_vjepa_2_1_vitg_pretrain_encoder": {
      "n": 1825,
      "delta_mean": 0.029597,
      "delta_ci_lo": 0.028753,
      "delta_ci_hi": 0.030393,
      "delta_ci_half": 0.00082,
      "p_value": 0.0,
      "interpretation": "vjepa_2_1_vitg_frozen - vjepa_2_1_vitg_pretrain_encoder > 0 means vjepa_2_1_vitg_frozen has HIGHER MSE (worse future-frame prediction) than vjepa_2_1_vitg_pretrain_encoder; lower MSE = better."
    },
    "vjepa_2_1_vitg_frozen_minus_vjepa_2_1_vitg_surgical_3stage_DI_encoder": {
      "n": 1825,
      "delta_mean": 0.045482,
      "delta_ci_lo": 0.044664,
      "delta_ci_hi": 0.046257,
      "delta_ci_half": 0.000797,
      "p_value": 0.0,
      "interpretation": "vjepa_2_1_vitg_frozen - vjepa_2_1_vitg_surgical_3stage_DI_encoder > 0 means vjepa_2_1_vitg_frozen has HIGHER MSE (worse future-frame prediction) than vjepa_2_1_vitg_surgical_3stage_DI_encoder; lower MSE = better."
    },
    "vjepa_2_1_vitg_frozen_minus_vjepa_2_1_vitg_surgical_autorgn_encoder": {
      "n": 1825,
      "delta_mean": 0.025577,
      "delta_ci_lo": 0.024734,
      "delta_ci_hi": 0.026395,
      "delta_ci_half": 0.000831,
      "p_value": 0.0,
      "interpretation": "vjepa_2_1_vitg_frozen - vjepa_2_1_vitg_surgical_autorgn_encoder > 0 means vjepa_2_1_vitg_frozen has HIGHER MSE (worse future-frame prediction) than vjepa_2_1_vitg_surgical_autorgn_encoder; lower MSE = better."
    },
    "vjepa_2_1_vitg_frozen_minus_vjepa_2_1_vitg_surgery_raw_encoder": {
      "n": 1825,
      "delta_mean": 0.04968,
      "delta_ci_lo": 0.048929,
      "delta_ci_hi": 0.050454,
      "delta_ci_half": 0.000763,
      "p_value": 0.0,
      "interpretation": "vjepa_2_1_vitg_frozen - vjepa_2_1_vitg_surgery_raw_encoder > 0 means vjepa_2_1_vitg_frozen has HIGHER MSE (worse future-frame prediction) than vjepa_2_1_vitg_surgery_raw_encoder; lower MSE = better."
    },
    "vjepa_2_1_vitg_frozen_minus_vjepa_2_1_vitg_full_ft_encoder": {
      "n": 1825,
      "delta_mean": 0.009242,
      "delta_ci_lo": 0.008366,
      "delta_ci_hi": 0.0101,
      "delta_ci_half": 0.000867,
      "p_value": 0.0,
      "interpretation": "vjepa_2_1_vitg_frozen - vjepa_2_1_vitg_full_ft_encoder > 0 means vjepa_2_1_vitg_frozen has HIGHER MSE (worse future-frame prediction) than vjepa_2_1_vitg_full_ft_encoder; lower MSE = better."
    },
    "vjepa_2_1_vitg_frozen_minus_vjepa_2_1_vitg_lpft_encoder": {
      "n": 1825,
      "delta_mean": 0.013443,
      "delta_ci_lo": 0.012619,
      "delta_ci_hi": 0.014258,
      "delta_ci_half": 0.000819,
      "p_value": 0.0,
      "interpretation": "vjepa_2_1_vitg_frozen - vjepa_2_1_vitg_lpft_encoder > 0 means vjepa_2_1_vitg_frozen has HIGHER MSE (worse future-frame prediction) than vjepa_2_1_vitg_lpft_encoder; lower MSE = better."
    },
    "vjepa_2_1_vitg_frozen_minus_vjepa_2_1_vitg_peft_lora_encoder": {
      "n": 1825,
      "delta_mean": 0.041101,
      "delta_ci_lo": 0.040287,
      "delta_ci_hi": 0.041911,
      "delta_ci_half": 0.000812,
      "p_value": 0.0,
      "interpretation": "vjepa_2_1_vitg_frozen - vjepa_2_1_vitg_peft_lora_encoder > 0 means vjepa_2_1_vitg_frozen has HIGHER MSE (worse future-frame prediction) than vjepa_2_1_vitg_peft_lora_encoder; lower MSE = better."
    },
    "vjepa_2_1_vitg_frozen_minus_vjepa_2_1_vitg_peft_dora_encoder": {
      "n": 1825,
      "delta_mean": 0.040883,
      "delta_ci_lo": 0.040127,
      "delta_ci_hi": 0.041658,
      "delta_ci_half": 0.000766,
      "p_value": 0.0,
      "interpretation": "vjepa_2_1_vitg_frozen - vjepa_2_1_vitg_peft_dora_encoder > 0 means vjepa_2_1_vitg_frozen has HIGHER MSE (worse future-frame prediction) than vjepa_2_1_vitg_peft_dora_encoder; lower MSE = better."
    },
    "vjepa_2_1_vitg_frozen_minus_vjepa_2_1_vitg_surgical_3stage_DI_diheavy_encoder": {
      "n": 1825,
      "delta_mean": 0.047,
      "delta_ci_lo": 0.046209,
      "delta_ci_hi": 0.047782,
      "delta_ci_half": 0.000786,
      "p_value": 0.0,
      "interpretation": "vjepa_2_1_vitg_frozen - vjepa_2_1_vitg_surgical_3stage_DI_diheavy_encoder > 0 means vjepa_2_1_vitg_frozen has HIGHER MSE (worse future-frame prediction) than vjepa_2_1_vitg_surgical_3stage_DI_diheavy_encoder; lower MSE = better."
    },
    "vjepa_2_1_vitg_pretrain_encoder_minus_vjepa_2_1_vitg_surgical_3stage_DI_encoder": {
      "n": 1825,
      "delta_mean": 0.015885,
      "delta_ci_lo": 0.015118,
      "delta_ci_hi": 0.016652,
      "delta_ci_half": 0.000767,
      "p_value": 0.0,
      "interpretation": "vjepa_2_1_vitg_pretrain_encoder - vjepa_2_1_vitg_surgical_3stage_DI_encoder > 0 means vjepa_2_1_vitg_pretrain_encoder has HIGHER MSE (worse future-frame prediction) than vjepa_2_1_vitg_surgical_3stage_DI_encoder; lower MSE = better."
    },
    "vjepa_2_1_vitg_pretrain_encoder_minus_vjepa_2_1_vitg_surgical_autorgn_encoder": {
      "n": 1825,
      "delta_mean": -0.00402,
      "delta_ci_lo": -0.00473,
      "delta_ci_hi": -0.003288,
      "delta_ci_half": 0.000721,
      "p_value": 0.0,
      "interpretation": "vjepa_2_1_vitg_pretrain_encoder - vjepa_2_1_vitg_surgical_autorgn_encoder > 0 means vjepa_2_1_vitg_pretrain_encoder has HIGHER MSE (worse future-frame prediction) than vjepa_2_1_vitg_surgical_autorgn_encoder; lower MSE = better."
    },
    "vjepa_2_1_vitg_pretrain_encoder_minus_vjepa_2_1_vitg_surgery_raw_encoder": {
      "n": 1825,
      "delta_mean": 0.020083,
      "delta_ci_lo": 0.019325,
      "delta_ci_hi": 0.02083,
      "delta_ci_half": 0.000753,
      "p_value": 0.0,
      "interpretation": "vjepa_2_1_vitg_pretrain_encoder - vjepa_2_1_vitg_surgery_raw_encoder > 0 means vjepa_2_1_vitg_pretrain_encoder has HIGHER MSE (worse future-frame prediction) than vjepa_2_1_vitg_surgery_raw_encoder; lower MSE = better."
    },
    "vjepa_2_1_vitg_pretrain_encoder_minus_vjepa_2_1_vitg_full_ft_encoder": {
      "n": 1825,
      "delta_mean": -0.020355,
      "delta_ci_lo": -0.021066,
      "delta_ci_hi": -0.01965,
      "delta_ci_half": 0.000708,
      "p_value": 0.0,
      "interpretation": "vjepa_2_1_vitg_pretrain_encoder - vjepa_2_1_vitg_full_ft_encoder > 0 means vjepa_2_1_vitg_pretrain_encoder has HIGHER MSE (worse future-frame prediction) than vjepa_2_1_vitg_full_ft_encoder; lower MSE = better."
    },
    "vjepa_2_1_vitg_pretrain_encoder_minus_vjepa_2_1_vitg_lpft_encoder": {
      "n": 1825,
      "delta_mean": -0.016154,
      "delta_ci_lo": -0.016894,
      "delta_ci_hi": -0.015396,
      "delta_ci_half": 0.000749,
      "p_value": 0.0,
      "interpretation": "vjepa_2_1_vitg_pretrain_encoder - vjepa_2_1_vitg_lpft_encoder > 0 means vjepa_2_1_vitg_pretrain_encoder has HIGHER MSE (worse future-frame prediction) than vjepa_2_1_vitg_lpft_encoder; lower MSE = better."
    },
    "vjepa_2_1_vitg_pretrain_encoder_minus_vjepa_2_1_vitg_peft_lora_encoder": {
      "n": 1825,
      "delta_mean": 0.011504,
      "delta_ci_lo": 0.01074,
      "delta_ci_hi": 0.012267,
      "delta_ci_half": 0.000764,
      "p_value": 0.0,
      "interpretation": "vjepa_2_1_vitg_pretrain_encoder - vjepa_2_1_vitg_peft_lora_encoder > 0 means vjepa_2_1_vitg_pretrain_encoder has HIGHER MSE (worse future-frame prediction) than vjepa_2_1_vitg_peft_lora_encoder; lower MSE = better."
    },
    "vjepa_2_1_vitg_pretrain_encoder_minus_vjepa_2_1_vitg_peft_dora_encoder": {
      "n": 1825,
      "delta_mean": 0.011286,
      "delta_ci_lo": 0.010518,
      "delta_ci_hi": 0.012062,
      "delta_ci_half": 0.000772,
      "p_value": 0.0,
      "interpretation": "vjepa_2_1_vitg_pretrain_encoder - vjepa_2_1_vitg_peft_dora_encoder > 0 means vjepa_2_1_vitg_pretrain_encoder has HIGHER MSE (worse future-frame prediction) than vjepa_2_1_vitg_peft_dora_encoder; lower MSE = better."
    },
    "vjepa_2_1_vitg_pretrain_encoder_minus_vjepa_2_1_vitg_surgical_3stage_DI_diheavy_encoder": {
      "n": 1825,
      "delta_mean": 0.017403,
      "delta_ci_lo": 0.016645,
      "delta_ci_hi": 0.018161,
      "delta_ci_half": 0.000758,
      "p_value": 0.0,
      "interpretation": "vjepa_2_1_vitg_pretrain_encoder - vjepa_2_1_vitg_surgical_3stage_DI_diheavy_encoder > 0 means vjepa_2_1_vitg_pretrain_encoder has HIGHER MSE (worse future-frame prediction) than vjepa_2_1_vitg_surgical_3stage_DI_diheavy_encoder; lower MSE = better."
    },
    "vjepa_2_1_vitg_surgical_3stage_DI_encoder_minus_vjepa_2_1_vitg_surgical_autorgn_encoder": {
      "n": 1825,
      "delta_mean": -0.019905,
      "delta_ci_lo": -0.0207,
      "delta_ci_hi": -0.019138,
      "delta_ci_half": 0.000781,
      "p_value": 0.0,
      "interpretation": "vjepa_2_1_vitg_surgical_3stage_DI_encoder - vjepa_2_1_vitg_surgical_autorgn_encoder > 0 means vjepa_2_1_vitg_surgical_3stage_DI_encoder has HIGHER MSE (worse future-frame prediction) than vjepa_2_1_vitg_surgical_autorgn_encoder; lower MSE = better."
    },
    "vjepa_2_1_vitg_surgical_3stage_DI_encoder_minus_vjepa_2_1_vitg_surgery_raw_encoder": {
      "n": 1825,
      "delta_mean": 0.004198,
      "delta_ci_lo": 0.003492,
      "delta_ci_hi": 0.004903,
      "delta_ci_half": 0.000706,
      "p_value": 0.0,
      "interpretation": "vjepa_2_1_vitg_surgical_3stage_DI_encoder - vjepa_2_1_vitg_surgery_raw_encoder > 0 means vjepa_2_1_vitg_surgical_3stage_DI_encoder has HIGHER MSE (worse future-frame prediction) than vjepa_2_1_vitg_surgery_raw_encoder; lower MSE = better."
    },
    "vjepa_2_1_vitg_surgical_3stage_DI_encoder_minus_vjepa_2_1_vitg_full_ft_encoder": {
      "n": 1825,
      "delta_mean": -0.03624,
      "delta_ci_lo": -0.037061,
      "delta_ci_hi": -0.035415,
      "delta_ci_half": 0.000823,
      "p_value": 0.0,
      "interpretation": "vjepa_2_1_vitg_surgical_3stage_DI_encoder - vjepa_2_1_vitg_full_ft_encoder > 0 means vjepa_2_1_vitg_surgical_3stage_DI_encoder has HIGHER MSE (worse future-frame prediction) than vjepa_2_1_vitg_full_ft_encoder; lower MSE = better."
    },
    "vjepa_2_1_vitg_surgical_3stage_DI_encoder_minus_vjepa_2_1_vitg_lpft_encoder": {
      "n": 1825,
      "delta_mean": -0.03204,
      "delta_ci_lo": -0.032847,
      "delta_ci_hi": -0.03127,
      "delta_ci_half": 0.000788,
      "p_value": 0.0,
      "interpretation": "vjepa_2_1_vitg_surgical_3stage_DI_encoder - vjepa_2_1_vitg_lpft_encoder > 0 means vjepa_2_1_vitg_surgical_3stage_DI_encoder has HIGHER MSE (worse future-frame prediction) than vjepa_2_1_vitg_lpft_encoder; lower MSE = better."
    },
    "vjepa_2_1_vitg_surgical_3stage_DI_encoder_minus_vjepa_2_1_vitg_peft_lora_encoder": {
      "n": 1825,
      "delta_mean": -0.004381,
      "delta_ci_lo": -0.005178,
      "delta_ci_hi": -0.003608,
      "delta_ci_half": 0.000785,
      "p_value": 0.0,
      "interpretation": "vjepa_2_1_vitg_surgical_3stage_DI_encoder - vjepa_2_1_vitg_peft_lora_encoder > 0 means vjepa_2_1_vitg_surgical_3stage_DI_encoder has HIGHER MSE (worse future-frame prediction) than vjepa_2_1_vitg_peft_lora_encoder; lower MSE = better."
    },
    "vjepa_2_1_vitg_surgical_3stage_DI_encoder_minus_vjepa_2_1_vitg_peft_dora_encoder": {
      "n": 1825,
      "delta_mean": -0.004599,
      "delta_ci_lo": -0.00537,
      "delta_ci_hi": -0.003828,
      "delta_ci_half": 0.000771,
      "p_value": 0.0,
      "interpretation": "vjepa_2_1_vitg_surgical_3stage_DI_encoder - vjepa_2_1_vitg_peft_dora_encoder > 0 means vjepa_2_1_vitg_surgical_3stage_DI_encoder has HIGHER MSE (worse future-frame prediction) than vjepa_2_1_vitg_peft_dora_encoder; lower MSE = better."
    },
    "vjepa_2_1_vitg_surgical_3stage_DI_encoder_minus_vjepa_2_1_vitg_surgical_3stage_DI_diheavy_encoder": {
      "n": 1825,
      "delta_mean": 0.001518,
      "delta_ci_lo": 0.000807,
      "delta_ci_hi": 0.002219,
      "delta_ci_half": 0.000706,
      "p_value": 0.0,
      "interpretation": "vjepa_2_1_vitg_surgical_3stage_DI_encoder - vjepa_2_1_vitg_surgical_3stage_DI_diheavy_encoder > 0 means vjepa_2_1_vitg_surgical_3stage_DI_encoder has HIGHER MSE (worse future-frame prediction) than vjepa_2_1_vitg_surgical_3stage_DI_diheavy_encoder; lower MSE = better."
    },
    "vjepa_2_1_vitg_surgical_autorgn_encoder_minus_vjepa_2_1_vitg_surgery_raw_encoder": {
      "n": 1825,
      "delta_mean": 0.024103,
      "delta_ci_lo": 0.023324,
      "delta_ci_hi": 0.024876,
      "delta_ci_half": 0.000776,
      "p_value": 0.0,
      "interpretation": "vjepa_2_1_vitg_surgical_autorgn_encoder - vjepa_2_1_vitg_surgery_raw_encoder > 0 means vjepa_2_1_vitg_surgical_autorgn_encoder has HIGHER MSE (worse future-frame prediction) than vjepa_2_1_vitg_surgery_raw_encoder; lower MSE = better."
    },
    "vjepa_2_1_vitg_surgical_autorgn_encoder_minus_vjepa_2_1_vitg_full_ft_encoder": {
      "n": 1825,
      "delta_mean": -0.016335,
      "delta_ci_lo": -0.017038,
      "delta_ci_hi": -0.015621,
      "delta_ci_half": 0.000708,
      "p_value": 0.0,
      "interpretation": "vjepa_2_1_vitg_surgical_autorgn_encoder - vjepa_2_1_vitg_full_ft_encoder > 0 means vjepa_2_1_vitg_surgical_autorgn_encoder has HIGHER MSE (worse future-frame prediction) than vjepa_2_1_vitg_full_ft_encoder; lower MSE = better."
    },
    "vjepa_2_1_vitg_surgical_autorgn_encoder_minus_vjepa_2_1_vitg_lpft_encoder": {
      "n": 1825,
      "delta_mean": -0.012134,
      "delta_ci_lo": -0.012856,
      "delta_ci_hi": -0.011437,
      "delta_ci_half": 0.000709,
      "p_value": 0.0,
      "interpretation": "vjepa_2_1_vitg_surgical_autorgn_encoder - vjepa_2_1_vitg_lpft_encoder > 0 means vjepa_2_1_vitg_surgical_autorgn_encoder has HIGHER MSE (worse future-frame prediction) than vjepa_2_1_vitg_lpft_encoder; lower MSE = better."
    },
    "vjepa_2_1_vitg_surgical_autorgn_encoder_minus_vjepa_2_1_vitg_peft_lora_encoder": {
      "n": 1825,
      "delta_mean": 0.015524,
      "delta_ci_lo": 0.01479,
      "delta_ci_hi": 0.016259,
      "delta_ci_half": 0.000734,
      "p_value": 0.0,
      "interpretation": "vjepa_2_1_vitg_surgical_autorgn_encoder - vjepa_2_1_vitg_peft_lora_encoder > 0 means vjepa_2_1_vitg_surgical_autorgn_encoder has HIGHER MSE (worse future-frame prediction) than vjepa_2_1_vitg_peft_lora_encoder; lower MSE = better."
    },
    "vjepa_2_1_vitg_surgical_autorgn_encoder_minus_vjepa_2_1_vitg_peft_dora_encoder": {
      "n": 1825,
      "delta_mean": 0.015306,
      "delta_ci_lo": 0.014596,
      "delta_ci_hi": 0.016016,
      "delta_ci_half": 0.00071,
      "p_value": 0.0,
      "interpretation": "vjepa_2_1_vitg_surgical_autorgn_encoder - vjepa_2_1_vitg_peft_dora_encoder > 0 means vjepa_2_1_vitg_surgical_autorgn_encoder has HIGHER MSE (worse future-frame prediction) than vjepa_2_1_vitg_peft_dora_encoder; lower MSE = better."
    },
    "vjepa_2_1_vitg_surgical_autorgn_encoder_minus_vjepa_2_1_vitg_surgical_3stage_DI_diheavy_encoder": {
      "n": 1825,
      "delta_mean": 0.021423,
      "delta_ci_lo": 0.020665,
      "delta_ci_hi": 0.022197,
      "delta_ci_half": 0.000766,
      "p_value": 0.0,
      "interpretation": "vjepa_2_1_vitg_surgical_autorgn_encoder - vjepa_2_1_vitg_surgical_3stage_DI_diheavy_encoder > 0 means vjepa_2_1_vitg_surgical_autorgn_encoder has HIGHER MSE (worse future-frame prediction) than vjepa_2_1_vitg_surgical_3stage_DI_diheavy_encoder; lower MSE = better."
    },
    "vjepa_2_1_vitg_surgery_raw_encoder_minus_vjepa_2_1_vitg_full_ft_encoder": {
      "n": 1825,
      "delta_mean": -0.040438,
      "delta_ci_lo": -0.041238,
      "delta_ci_hi": -0.039609,
      "delta_ci_half": 0.000815,
      "p_value": 0.0,
      "interpretation": "vjepa_2_1_vitg_surgery_raw_encoder - vjepa_2_1_vitg_full_ft_encoder > 0 means vjepa_2_1_vitg_surgery_raw_encoder has HIGHER MSE (worse future-frame prediction) than vjepa_2_1_vitg_full_ft_encoder; lower MSE = better."
    },
    "vjepa_2_1_vitg_surgery_raw_encoder_minus_vjepa_2_1_vitg_lpft_encoder": {
      "n": 1825,
      "delta_mean": -0.036238,
      "delta_ci_lo": -0.036988,
      "delta_ci_hi": -0.035487,
      "delta_ci_half": 0.00075,
      "p_value": 0.0,
      "interpretation": "vjepa_2_1_vitg_surgery_raw_encoder - vjepa_2_1_vitg_lpft_encoder > 0 means vjepa_2_1_vitg_surgery_raw_encoder has HIGHER MSE (worse future-frame prediction) than vjepa_2_1_vitg_lpft_encoder; lower MSE = better."
    },
    "vjepa_2_1_vitg_surgery_raw_encoder_minus_vjepa_2_1_vitg_peft_lora_encoder": {
      "n": 1825,
      "delta_mean": -0.008579,
      "delta_ci_lo": -0.009331,
      "delta_ci_hi": -0.007844,
      "delta_ci_half": 0.000744,
      "p_value": 0.0,
      "interpretation": "vjepa_2_1_vitg_surgery_raw_encoder - vjepa_2_1_vitg_peft_lora_encoder > 0 means vjepa_2_1_vitg_surgery_raw_encoder has HIGHER MSE (worse future-frame prediction) than vjepa_2_1_vitg_peft_lora_encoder; lower MSE = better."
    },
    "vjepa_2_1_vitg_surgery_raw_encoder_minus_vjepa_2_1_vitg_peft_dora_encoder": {
      "n": 1825,
      "delta_mean": -0.008797,
      "delta_ci_lo": -0.009523,
      "delta_ci_hi": -0.008055,
      "delta_ci_half": 0.000734,
      "p_value": 0.0,
      "interpretation": "vjepa_2_1_vitg_surgery_raw_encoder - vjepa_2_1_vitg_peft_dora_encoder > 0 means vjepa_2_1_vitg_surgery_raw_encoder has HIGHER MSE (worse future-frame prediction) than vjepa_2_1_vitg_peft_dora_encoder; lower MSE = better."
    },
    "vjepa_2_1_vitg_surgery_raw_encoder_minus_vjepa_2_1_vitg_surgical_3stage_DI_diheavy_encoder": {
      "n": 1825,
      "delta_mean": -0.002681,
      "delta_ci_lo": -0.003369,
      "delta_ci_hi": -0.001981,
      "delta_ci_half": 0.000694,
      "p_value": 0.0,
      "interpretation": "vjepa_2_1_vitg_surgery_raw_encoder - vjepa_2_1_vitg_surgical_3stage_DI_diheavy_encoder > 0 means vjepa_2_1_vitg_surgery_raw_encoder has HIGHER MSE (worse future-frame prediction) than vjepa_2_1_vitg_surgical_3stage_DI_diheavy_encoder; lower MSE = better."
    },
    "vjepa_2_1_vitg_full_ft_encoder_minus_vjepa_2_1_vitg_lpft_encoder": {
      "n": 1825,
      "delta_mean": 0.004201,
      "delta_ci_lo": 0.003476,
      "delta_ci_hi": 0.004907,
      "delta_ci_half": 0.000716,
      "p_value": 0.0,
      "interpretation": "vjepa_2_1_vitg_full_ft_encoder - vjepa_2_1_vitg_lpft_encoder > 0 means vjepa_2_1_vitg_full_ft_encoder has HIGHER MSE (worse future-frame prediction) than vjepa_2_1_vitg_lpft_encoder; lower MSE = better."
    },
    "vjepa_2_1_vitg_full_ft_encoder_minus_vjepa_2_1_vitg_peft_lora_encoder": {
      "n": 1825,
      "delta_mean": 0.031859,
      "delta_ci_lo": 0.031124,
      "delta_ci_hi": 0.032594,
      "delta_ci_half": 0.000735,
      "p_value": 0.0,
      "interpretation": "vjepa_2_1_vitg_full_ft_encoder - vjepa_2_1_vitg_peft_lora_encoder > 0 means vjepa_2_1_vitg_full_ft_encoder has HIGHER MSE (worse future-frame prediction) than vjepa_2_1_vitg_peft_lora_encoder; lower MSE = better."
    },
    "vjepa_2_1_vitg_full_ft_encoder_minus_vjepa_2_1_vitg_peft_dora_encoder": {
      "n": 1825,
      "delta_mean": 0.031641,
      "delta_ci_lo": 0.030915,
      "delta_ci_hi": 0.032366,
      "delta_ci_half": 0.000725,
      "p_value": 0.0,
      "interpretation": "vjepa_2_1_vitg_full_ft_encoder - vjepa_2_1_vitg_peft_dora_encoder > 0 means vjepa_2_1_vitg_full_ft_encoder has HIGHER MSE (worse future-frame prediction) than vjepa_2_1_vitg_peft_dora_encoder; lower MSE = better."
    },
    "vjepa_2_1_vitg_full_ft_encoder_minus_vjepa_2_1_vitg_surgical_3stage_DI_diheavy_encoder": {
      "n": 1825,
      "delta_mean": 0.037758,
      "delta_ci_lo": 0.036924,
      "delta_ci_hi": 0.038615,
      "delta_ci_half": 0.000845,
      "p_value": 0.0,
      "interpretation": "vjepa_2_1_vitg_full_ft_encoder - vjepa_2_1_vitg_surgical_3stage_DI_diheavy_encoder > 0 means vjepa_2_1_vitg_full_ft_encoder has HIGHER MSE (worse future-frame prediction) than vjepa_2_1_vitg_surgical_3stage_DI_diheavy_encoder; lower MSE = better."
    },
    "vjepa_2_1_vitg_lpft_encoder_minus_vjepa_2_1_vitg_peft_lora_encoder": {
      "n": 1825,
      "delta_mean": 0.027658,
      "delta_ci_lo": 0.026936,
      "delta_ci_hi": 0.028386,
      "delta_ci_half": 0.000725,
      "p_value": 0.0,
      "interpretation": "vjepa_2_1_vitg_lpft_encoder - vjepa_2_1_vitg_peft_lora_encoder > 0 means vjepa_2_1_vitg_lpft_encoder has HIGHER MSE (worse future-frame prediction) than vjepa_2_1_vitg_peft_lora_encoder; lower MSE = better."
    },
    "vjepa_2_1_vitg_lpft_encoder_minus_vjepa_2_1_vitg_peft_dora_encoder": {
      "n": 1825,
      "delta_mean": 0.027441,
      "delta_ci_lo": 0.026733,
      "delta_ci_hi": 0.028147,
      "delta_ci_half": 0.000707,
      "p_value": 0.0,
      "interpretation": "vjepa_2_1_vitg_lpft_encoder - vjepa_2_1_vitg_peft_dora_encoder > 0 means vjepa_2_1_vitg_lpft_encoder has HIGHER MSE (worse future-frame prediction) than vjepa_2_1_vitg_peft_dora_encoder; lower MSE = better."
    },
    "vjepa_2_1_vitg_lpft_encoder_minus_vjepa_2_1_vitg_surgical_3stage_DI_diheavy_encoder": {
      "n": 1825,
      "delta_mean": 0.033557,
      "delta_ci_lo": 0.032775,
      "delta_ci_hi": 0.03434,
      "delta_ci_half": 0.000783,
      "p_value": 0.0,
      "interpretation": "vjepa_2_1_vitg_lpft_encoder - vjepa_2_1_vitg_surgical_3stage_DI_diheavy_encoder > 0 means vjepa_2_1_vitg_lpft_encoder has HIGHER MSE (worse future-frame prediction) than vjepa_2_1_vitg_surgical_3stage_DI_diheavy_encoder; lower MSE = better."
    },
    "vjepa_2_1_vitg_peft_lora_encoder_minus_vjepa_2_1_vitg_peft_dora_encoder": {
      "n": 1825,
      "delta_mean": -0.000218,
      "delta_ci_lo": -0.000873,
      "delta_ci_hi": 0.000467,
      "delta_ci_half": 0.00067,
      "p_value": 0.527,
      "interpretation": "vjepa_2_1_vitg_peft_lora_encoder - vjepa_2_1_vitg_peft_dora_encoder > 0 means vjepa_2_1_vitg_peft_lora_encoder has HIGHER MSE (worse future-frame prediction) than vjepa_2_1_vitg_peft_dora_encoder; lower MSE = better."
    },
    "vjepa_2_1_vitg_peft_lora_encoder_minus_vjepa_2_1_vitg_surgical_3stage_DI_diheavy_encoder": {
      "n": 1825,
      "delta_mean": 0.005899,
      "delta_ci_lo": 0.005135,
      "delta_ci_hi": 0.006663,
      "delta_ci_half": 0.000764,
      "p_value": 0.0,
      "interpretation": "vjepa_2_1_vitg_peft_lora_encoder - vjepa_2_1_vitg_surgical_3stage_DI_diheavy_encoder > 0 means vjepa_2_1_vitg_peft_lora_encoder has HIGHER MSE (worse future-frame prediction) than vjepa_2_1_vitg_surgical_3stage_DI_diheavy_encoder; lower MSE = better."
    },
    "vjepa_2_1_vitg_peft_dora_encoder_minus_vjepa_2_1_vitg_surgical_3stage_DI_diheavy_encoder": {
      "n": 1825,
      "delta_mean": 0.006116,
      "delta_ci_lo": 0.005364,
      "delta_ci_hi": 0.006873,
      "delta_ci_half": 0.000755,
      "p_value": 0.0,
      "interpretation": "vjepa_2_1_vitg_peft_dora_encoder - vjepa_2_1_vitg_surgical_3stage_DI_diheavy_encoder > 0 means vjepa_2_1_vitg_peft_dora_encoder has HIGHER MSE (worse future-frame prediction) than vjepa_2_1_vitg_surgical_3stage_DI_diheavy_encoder; lower MSE = better."
    }
  }
}

═══ 07:20:05 · STAGE 9b · predictor_temporal paired_per_variant (CPU) ═══
{
  "metrics": {
    "rollout": {
      "by_variant": {
        "vjepa_2_1_vitg_frozen": {
          "variant": "vjepa_2_1_vitg_frozen",
          "metric": "rollout",
          "n_test": 1825,
          "mean": 0.007262,
          "std": 0.00511,
          "ci": {
            "mean": 0.007262,
            "ci_lo": 0.007027,
            "ci_hi": 0.007502,
            "ci_half": 0.000237
          },
          "lower_is_better": true,
          "interpretation": "free-run drift slope; lower = stabler dynamics",
          "num_frames": 16,
          "encoder_ckpt": "checkpoints/vjepa2_1_vitg_384.pt"
        },
        "vjepa_2_1_vitg_full_ft_encoder": {
          "variant": "vjepa_2_1_vitg_full_ft_encoder",
          "metric": "rollout",
          "n_test": 1825,
          "mean": 0.00591,
          "std": 0.005653,
          "ci": {
            "mean": 0.00591,
            "ci_lo": 0.005659,
            "ci_hi": 0.006174,
            "ci_half": 0.000257
          },
          "lower_is_better": true,
          "interpretation": "free-run drift slope; lower = stabler dynamics",
          "num_frames": 16,
          "encoder_ckpt": "outputs/poc/vjepa_2_1_vitg_1B/train/m09f_full_ft_encoder/m09c_ckpt_best.pt"
        },
        "vjepa_2_1_vitg_lpft_encoder": {
          "variant": "vjepa_2_1_vitg_lpft_encoder",
          "metric": "rollout",
          "n_test": 1825,
          "mean": 0.00547,
          "std": 0.005519,
          "ci": {
            "mean": 0.00547,
            "ci_lo": 0.005213,
            "ci_hi": 0.005728,
            "ci_half": 0.000258
          },
          "lower_is_better": true,
          "interpretation": "free-run drift slope; lower = stabler dynamics",
          "num_frames": 16,
          "encoder_ckpt": "outputs/poc/vjepa_2_1_vitg_1B/train/m09f_lpft_encoder/m09c_ckpt_best.pt"
        },
        "vjepa_2_1_vitg_peft_dora_encoder": {
          "variant": "vjepa_2_1_vitg_peft_dora_encoder",
          "metric": "rollout",
          "n_test": 1825,
          "mean": 0.005115,
          "std": 0.005449,
          "ci": {
            "mean": 0.005115,
            "ci_lo": 0.004874,
            "ci_hi": 0.005374,
            "ci_half": 0.00025
          },
          "lower_is_better": true,
          "interpretation": "free-run drift slope; lower = stabler dynamics",
          "num_frames": 16,
          "encoder_ckpt": "outputs/poc/vjepa_2_1_vitg_1B/train/m09b_peft_dora_encoder/m09c_ckpt_best.pt"
        },
        "vjepa_2_1_vitg_peft_lora_encoder": {
          "variant": "vjepa_2_1_vitg_peft_lora_encoder",
          "metric": "rollout",
          "n_test": 1825,
          "mean": 0.005162,
          "std": 0.005449,
          "ci": {
            "mean": 0.005162,
            "ci_lo": 0.004918,
            "ci_hi": 0.005412,
            "ci_half": 0.000247
          },
          "lower_is_better": true,
          "interpretation": "free-run drift slope; lower = stabler dynamics",
          "num_frames": 16,
          "encoder_ckpt": "outputs/poc/vjepa_2_1_vitg_1B/train/m09b_peft_lora_encoder/m09c_ckpt_best.pt"
        },
        "vjepa_2_1_vitg_pretrain_encoder": {
          "variant": "vjepa_2_1_vitg_pretrain_encoder",
          "metric": "rollout",
          "n_test": 1825,
          "mean": 0.005962,
          "std": 0.005282,
          "ci": {
            "mean": 0.005962,
            "ci_lo": 0.005729,
            "ci_hi": 0.006214,
            "ci_half": 0.000243
          },
          "lower_is_better": true,
          "interpretation": "free-run drift slope; lower = stabler dynamics",
          "num_frames": 16,
          "encoder_ckpt": "outputs/poc/vjepa_2_1_vitg_1B/train/m09a_pretrain_encoder/m09a_ckpt_best.pt"
        },
        "vjepa_2_1_vitg_surgery_raw_encoder": {
          "variant": "vjepa_2_1_vitg_surgery_raw_encoder",
          "metric": "rollout",
          "n_test": 1825,
          "mean": 0.005486,
          "std": 0.005836,
          "ci": {
            "mean": 0.005486,
            "ci_lo": 0.005218,
            "ci_hi": 0.005746,
            "ci_half": 0.000264
          },
          "lower_is_better": true,
          "interpretation": "free-run drift slope; lower = stabler dynamics",
          "num_frames": 16,
          "encoder_ckpt": "outputs/poc/vjepa_2_1_vitg_1B/train/m09c_surgery_raw_encoder/m09c_ckpt_best.pt"
        },
        "vjepa_2_1_vitg_surgical_3stage_DI_diheavy_encoder": {
          "variant": "vjepa_2_1_vitg_surgical_3stage_DI_diheavy_encoder",
          "metric": "rollout",
          "n_test": 1825,
          "mean": 0.00536,
          "std": 0.005778,
          "ci": {
            "mean": 0.00536,
            "ci_lo": 0.005097,
            "ci_hi": 0.005627,
            "ci_half": 0.000265
          },
          "lower_is_better": true,
          "interpretation": "free-run drift slope; lower = stabler dynamics",
          "num_frames": 16,
          "encoder_ckpt": "outputs/poc/vjepa_2_1_vitg_1B/train/m09c_surgery_3stage_DI_diheavy_encoder/m09c_ckpt_best.pt"
        },
        "vjepa_2_1_vitg_surgical_3stage_DI_encoder": {
          "variant": "vjepa_2_1_vitg_surgical_3stage_DI_encoder",
          "metric": "rollout",
          "n_test": 1825,
          "mean": 0.006428,
          "std": 0.005828,
          "ci": {
            "mean": 0.006428,
            "ci_lo": 0.00616,
            "ci_hi": 0.006705,
            "ci_half": 0.000272
          },
          "lower_is_better": true,
          "interpretation": "free-run drift slope; lower = stabler dynamics",
          "num_frames": 16,
          "encoder_ckpt": "outputs/poc/vjepa_2_1_vitg_1B/train/m09c_surgery_3stage_DI_encoder/m09c_ckpt_best.pt"
        },
        "vjepa_2_1_vitg_surgical_3stage_DI_intervene_encoder": {
          "variant": "vjepa_2_1_vitg_surgical_3stage_DI_intervene_encoder",
          "metric": "rollout",
          "n_test": 1825,
          "mean": 0.006031,
          "std": 0.005837,
          "ci": {
            "mean": 0.006031,
            "ci_lo": 0.005761,
            "ci_hi": 0.006303,
            "ci_half": 0.000271
          },
          "lower_is_better": true,
          "interpretation": "free-run drift slope; lower = stabler dynamics",
          "num_frames": 16,
          "encoder_ckpt": "outputs/poc/vjepa_2_1_vitg_1B/train/m09c_surgery_3stage_DI_intervene_encoder/m09c_ckpt_best.pt"
        },
        "vjepa_2_1_vitg_surgical_autorgn_encoder": {
          "variant": "vjepa_2_1_vitg_surgical_autorgn_encoder",
          "metric": "rollout",
          "n_test": 1825,
          "mean": 0.005648,
          "std": 0.005834,
          "ci": {
            "mean": 0.005648,
            "ci_lo": 0.00538,
            "ci_hi": 0.005912,
            "ci_half": 0.000266
          },
          "lower_is_better": true,
          "interpretation": "free-run drift slope; lower = stabler dynamics",
          "num_frames": 16,
          "encoder_ckpt": "outputs/poc/vjepa_2_1_vitg_1B/train/m09e_autorgn_encoder/m09c_ckpt_best.pt"
        }
      },
      "pairwise_deltas": {
        "vjepa_2_1_vitg_frozen_minus_vjepa_2_1_vitg_full_ft_encoder": {
          "n": 1825,
          "delta_mean": 0.001352,
          "delta_ci_lo": 0.001212,
          "delta_ci_hi": 0.001492,
          "p_value": 0.0
        },
        "vjepa_2_1_vitg_frozen_minus_vjepa_2_1_vitg_lpft_encoder": {
          "n": 1825,
          "delta_mean": 0.001792,
          "delta_ci_lo": 0.001666,
          "delta_ci_hi": 0.001919,
          "p_value": 0.0
        },
        "vjepa_2_1_vitg_frozen_minus_vjepa_2_1_vitg_peft_dora_encoder": {
          "n": 1825,
          "delta_mean": 0.002147,
          "delta_ci_lo": 0.00201,
          "delta_ci_hi": 0.002279,
          "p_value": 0.0
        },
        "vjepa_2_1_vitg_frozen_minus_vjepa_2_1_vitg_peft_lora_encoder": {
          "n": 1825,
          "delta_mean": 0.0021,
          "delta_ci_lo": 0.001964,
          "delta_ci_hi": 0.002231,
          "p_value": 0.0
        },
        "vjepa_2_1_vitg_frozen_minus_vjepa_2_1_vitg_pretrain_encoder": {
          "n": 1825,
          "delta_mean": 0.0013,
          "delta_ci_lo": 0.001192,
          "delta_ci_hi": 0.001411,
          "p_value": 0.0
        },
        "vjepa_2_1_vitg_frozen_minus_vjepa_2_1_vitg_surgery_raw_encoder": {
          "n": 1825,
          "delta_mean": 0.001776,
          "delta_ci_lo": 0.001658,
          "delta_ci_hi": 0.001893,
          "p_value": 0.0
        },
        "vjepa_2_1_vitg_frozen_minus_vjepa_2_1_vitg_surgical_3stage_DI_diheavy_encoder": {
          "n": 1825,
          "delta_mean": 0.001902,
          "delta_ci_lo": 0.001795,
          "delta_ci_hi": 0.00201,
          "p_value": 0.0
        },
        "vjepa_2_1_vitg_frozen_minus_vjepa_2_1_vitg_surgical_3stage_DI_encoder": {
          "n": 1825,
          "delta_mean": 0.000834,
          "delta_ci_lo": 0.000734,
          "delta_ci_hi": 0.000937,
          "p_value": 0.0
        },
        "vjepa_2_1_vitg_frozen_minus_vjepa_2_1_vitg_surgical_3stage_DI_intervene_encoder": {
          "n": 1825,
          "delta_mean": 0.001231,
          "delta_ci_lo": 0.00112,
          "delta_ci_hi": 0.001344,
          "p_value": 0.0
        },
        "vjepa_2_1_vitg_frozen_minus_vjepa_2_1_vitg_surgical_autorgn_encoder": {
          "n": 1825,
          "delta_mean": 0.001614,
          "delta_ci_lo": 0.001489,
          "delta_ci_hi": 0.001744,
          "p_value": 0.0
        },
        "vjepa_2_1_vitg_full_ft_encoder_minus_vjepa_2_1_vitg_lpft_encoder": {
          "n": 1825,
          "delta_mean": 0.000441,
          "delta_ci_lo": 0.000388,
          "delta_ci_hi": 0.00049,
          "p_value": 0.0
        },
        "vjepa_2_1_vitg_full_ft_encoder_minus_vjepa_2_1_vitg_peft_dora_encoder": {
          "n": 1825,
          "delta_mean": 0.000796,
          "delta_ci_lo": 0.000746,
          "delta_ci_hi": 0.000843,
          "p_value": 0.0
        },
        "vjepa_2_1_vitg_full_ft_encoder_minus_vjepa_2_1_vitg_peft_lora_encoder": {
          "n": 1825,
          "delta_mean": 0.000749,
          "delta_ci_lo": 0.000698,
          "delta_ci_hi": 0.000796,
          "p_value": 0.0
        },
        "vjepa_2_1_vitg_full_ft_encoder_minus_vjepa_2_1_vitg_pretrain_encoder": {
          "n": 1825,
          "delta_mean": -5.2e-05,
          "delta_ci_lo": -0.00014,
          "delta_ci_hi": 3.6e-05,
          "p_value": 0.2486
        },
        "vjepa_2_1_vitg_full_ft_encoder_minus_vjepa_2_1_vitg_surgery_raw_encoder": {
          "n": 1825,
          "delta_mean": 0.000424,
          "delta_ci_lo": 0.000355,
          "delta_ci_hi": 0.000491,
          "p_value": 0.0
        },
        "vjepa_2_1_vitg_full_ft_encoder_minus_vjepa_2_1_vitg_surgical_3stage_DI_diheavy_encoder": {
          "n": 1825,
          "delta_mean": 0.00055,
          "delta_ci_lo": 0.000465,
          "delta_ci_hi": 0.000636,
          "p_value": 0.0
        },
        "vjepa_2_1_vitg_full_ft_encoder_minus_vjepa_2_1_vitg_surgical_3stage_DI_encoder": {
          "n": 1825,
          "delta_mean": -0.000517,
          "delta_ci_lo": -0.000618,
          "delta_ci_hi": -0.00042,
          "p_value": 0.0
        },
        "vjepa_2_1_vitg_full_ft_encoder_minus_vjepa_2_1_vitg_surgical_3stage_DI_intervene_encoder": {
          "n": 1825,
          "delta_mean": -0.000121,
          "delta_ci_lo": -0.000207,
          "delta_ci_hi": -4.1e-05,
          "p_value": 0.0048
        },
        "vjepa_2_1_vitg_full_ft_encoder_minus_vjepa_2_1_vitg_surgical_autorgn_encoder": {
          "n": 1825,
          "delta_mean": 0.000263,
          "delta_ci_lo": 0.000208,
          "delta_ci_hi": 0.000317,
          "p_value": 0.0
        },
        "vjepa_2_1_vitg_lpft_encoder_minus_vjepa_2_1_vitg_peft_dora_encoder": {
          "n": 1825,
          "delta_mean": 0.000355,
          "delta_ci_lo": 0.000298,
          "delta_ci_hi": 0.000414,
          "p_value": 0.0
        },
        "vjepa_2_1_vitg_lpft_encoder_minus_vjepa_2_1_vitg_peft_lora_encoder": {
          "n": 1825,
          "delta_mean": 0.000308,
          "delta_ci_lo": 0.000251,
          "delta_ci_hi": 0.000367,
          "p_value": 0.0
        },
        "vjepa_2_1_vitg_lpft_encoder_minus_vjepa_2_1_vitg_pretrain_encoder": {
          "n": 1825,
          "delta_mean": -0.000493,
          "delta_ci_lo": -0.000569,
          "delta_ci_hi": -0.000415,
          "p_value": 0.0
        },
        "vjepa_2_1_vitg_lpft_encoder_minus_vjepa_2_1_vitg_surgery_raw_encoder": {
          "n": 1825,
          "delta_mean": -1.7e-05,
          "delta_ci_lo": -8e-05,
          "delta_ci_hi": 4.8e-05,
          "p_value": 0.6246
        },
        "vjepa_2_1_vitg_lpft_encoder_minus_vjepa_2_1_vitg_surgical_3stage_DI_diheavy_encoder": {
          "n": 1825,
          "delta_mean": 0.00011,
          "delta_ci_lo": 2.8e-05,
          "delta_ci_hi": 0.000191,
          "p_value": 0.0078
        },
        "vjepa_2_1_vitg_lpft_encoder_minus_vjepa_2_1_vitg_surgical_3stage_DI_encoder": {
          "n": 1825,
          "delta_mean": -0.000958,
          "delta_ci_lo": -0.001049,
          "delta_ci_hi": -0.00087,
          "p_value": 0.0
        },
        "vjepa_2_1_vitg_lpft_encoder_minus_vjepa_2_1_vitg_surgical_3stage_DI_intervene_encoder": {
          "n": 1825,
          "delta_mean": -0.000561,
          "delta_ci_lo": -0.000643,
          "delta_ci_hi": -0.00048,
          "p_value": 0.0
        },
        "vjepa_2_1_vitg_lpft_encoder_minus_vjepa_2_1_vitg_surgical_autorgn_encoder": {
          "n": 1825,
          "delta_mean": -0.000178,
          "delta_ci_lo": -0.000227,
          "delta_ci_hi": -0.000128,
          "p_value": 0.0
        },
        "vjepa_2_1_vitg_peft_dora_encoder_minus_vjepa_2_1_vitg_peft_lora_encoder": {
          "n": 1825,
          "delta_mean": -4.7e-05,
          "delta_ci_lo": -5.9e-05,
          "delta_ci_hi": -3.5e-05,
          "p_value": 0.0
        },
        "vjepa_2_1_vitg_peft_dora_encoder_minus_vjepa_2_1_vitg_pretrain_encoder": {
          "n": 1825,
          "delta_mean": -0.000848,
          "delta_ci_lo": -0.000933,
          "delta_ci_hi": -0.000761,
          "p_value": 0.0
        },
        "vjepa_2_1_vitg_peft_dora_encoder_minus_vjepa_2_1_vitg_surgery_raw_encoder": {
          "n": 1825,
          "delta_mean": -0.000372,
          "delta_ci_lo": -0.000427,
          "delta_ci_hi": -0.000314,
          "p_value": 0.0
        },
        "vjepa_2_1_vitg_peft_dora_encoder_minus_vjepa_2_1_vitg_surgical_3stage_DI_diheavy_encoder": {
          "n": 1825,
          "delta_mean": -0.000245,
          "delta_ci_lo": -0.000324,
          "delta_ci_hi": -0.000166,
          "p_value": 0.0
        },
        "vjepa_2_1_vitg_peft_dora_encoder_minus_vjepa_2_1_vitg_surgical_3stage_DI_encoder": {
          "n": 1825,
          "delta_mean": -0.001313,
          "delta_ci_lo": -0.001409,
          "delta_ci_hi": -0.001217,
          "p_value": 0.0
        },
        "vjepa_2_1_vitg_peft_dora_encoder_minus_vjepa_2_1_vitg_surgical_3stage_DI_intervene_encoder": {
          "n": 1825,
          "delta_mean": -0.000916,
          "delta_ci_lo": -0.000994,
          "delta_ci_hi": -0.000843,
          "p_value": 0.0
        },
        "vjepa_2_1_vitg_peft_dora_encoder_minus_vjepa_2_1_vitg_surgical_autorgn_encoder": {
          "n": 1825,
          "delta_mean": -0.000533,
          "delta_ci_lo": -0.000593,
          "delta_ci_hi": -0.000473,
          "p_value": 0.0
        },
        "vjepa_2_1_vitg_peft_lora_encoder_minus_vjepa_2_1_vitg_pretrain_encoder": {
          "n": 1825,
          "delta_mean": -0.000801,
          "delta_ci_lo": -0.000886,
          "delta_ci_hi": -0.000713,
          "p_value": 0.0
        },
        "vjepa_2_1_vitg_peft_lora_encoder_minus_vjepa_2_1_vitg_surgery_raw_encoder": {
          "n": 1825,
          "delta_mean": -0.000325,
          "delta_ci_lo": -0.000379,
          "delta_ci_hi": -0.000268,
          "p_value": 0.0
        },
        "vjepa_2_1_vitg_peft_lora_encoder_minus_vjepa_2_1_vitg_surgical_3stage_DI_diheavy_encoder": {
          "n": 1825,
          "delta_mean": -0.000199,
          "delta_ci_lo": -0.000278,
          "delta_ci_hi": -0.000119,
          "p_value": 0.0
        },
        "vjepa_2_1_vitg_peft_lora_encoder_minus_vjepa_2_1_vitg_surgical_3stage_DI_encoder": {
          "n": 1825,
          "delta_mean": -0.001266,
          "delta_ci_lo": -0.001362,
          "delta_ci_hi": -0.001171,
          "p_value": 0.0
        },
        "vjepa_2_1_vitg_peft_lora_encoder_minus_vjepa_2_1_vitg_surgical_3stage_DI_intervene_encoder": {
          "n": 1825,
          "delta_mean": -0.000869,
          "delta_ci_lo": -0.000946,
          "delta_ci_hi": -0.000796,
          "p_value": 0.0
        },
        "vjepa_2_1_vitg_peft_lora_encoder_minus_vjepa_2_1_vitg_surgical_autorgn_encoder": {
          "n": 1825,
          "delta_mean": -0.000486,
          "delta_ci_lo": -0.000546,
          "delta_ci_hi": -0.000425,
          "p_value": 0.0
        },
        "vjepa_2_1_vitg_pretrain_encoder_minus_vjepa_2_1_vitg_surgery_raw_encoder": {
          "n": 1825,
          "delta_mean": 0.000476,
          "delta_ci_lo": 0.000398,
          "delta_ci_hi": 0.00055,
          "p_value": 0.0
        },
        "vjepa_2_1_vitg_pretrain_encoder_minus_vjepa_2_1_vitg_surgical_3stage_DI_diheavy_encoder": {
          "n": 1825,
          "delta_mean": 0.000602,
          "delta_ci_lo": 0.000525,
          "delta_ci_hi": 0.000678,
          "p_value": 0.0
        },
        "vjepa_2_1_vitg_pretrain_encoder_minus_vjepa_2_1_vitg_surgical_3stage_DI_encoder": {
          "n": 1825,
          "delta_mean": -0.000465,
          "delta_ci_lo": -0.000556,
          "delta_ci_hi": -0.000376,
          "p_value": 0.0
        },
        "vjepa_2_1_vitg_pretrain_encoder_minus_vjepa_2_1_vitg_surgical_3stage_DI_intervene_encoder": {
          "n": 1825,
          "delta_mean": -6.8e-05,
          "delta_ci_lo": -0.000162,
          "delta_ci_hi": 1.9e-05,
          "p_value": 0.1338
        },
        "vjepa_2_1_vitg_pretrain_encoder_minus_vjepa_2_1_vitg_surgical_autorgn_encoder": {
          "n": 1825,
          "delta_mean": 0.000315,
          "delta_ci_lo": 0.000238,
          "delta_ci_hi": 0.00039,
          "p_value": 0.0
        },
        "vjepa_2_1_vitg_surgery_raw_encoder_minus_vjepa_2_1_vitg_surgical_3stage_DI_diheavy_encoder": {
          "n": 1825,
          "delta_mean": 0.000126,
          "delta_ci_lo": 7.1e-05,
          "delta_ci_hi": 0.000182,
          "p_value": 0.0
        },
        "vjepa_2_1_vitg_surgery_raw_encoder_minus_vjepa_2_1_vitg_surgical_3stage_DI_encoder": {
          "n": 1825,
          "delta_mean": -0.000941,
          "delta_ci_lo": -0.001011,
          "delta_ci_hi": -0.000874,
          "p_value": 0.0
        },
        "vjepa_2_1_vitg_surgery_raw_encoder_minus_vjepa_2_1_vitg_surgical_3stage_DI_intervene_encoder": {
          "n": 1825,
          "delta_mean": -0.000544,
          "delta_ci_lo": -0.0006,
          "delta_ci_hi": -0.000493,
          "p_value": 0.0
        },
        "vjepa_2_1_vitg_surgery_raw_encoder_minus_vjepa_2_1_vitg_surgical_autorgn_encoder": {
          "n": 1825,
          "delta_mean": -0.000161,
          "delta_ci_lo": -0.000217,
          "delta_ci_hi": -0.000106,
          "p_value": 0.0
        },
        "vjepa_2_1_vitg_surgical_3stage_DI_diheavy_encoder_minus_vjepa_2_1_vitg_surgical_3stage_DI_encoder": {
          "n": 1825,
          "delta_mean": -0.001068,
          "delta_ci_lo": -0.001122,
          "delta_ci_hi": -0.001015,
          "p_value": 0.0
        },
        "vjepa_2_1_vitg_surgical_3stage_DI_diheavy_encoder_minus_vjepa_2_1_vitg_surgical_3stage_DI_intervene_encoder": {
          "n": 1825,
          "delta_mean": -0.000671,
          "delta_ci_lo": -0.000733,
          "delta_ci_hi": -0.000609,
          "p_value": 0.0
        },
        "vjepa_2_1_vitg_surgical_3stage_DI_diheavy_encoder_minus_vjepa_2_1_vitg_surgical_autorgn_encoder": {
          "n": 1825,
          "delta_mean": -0.000288,
          "delta_ci_lo": -0.000353,
          "delta_ci_hi": -0.000221,
          "p_value": 0.0
        },
        "vjepa_2_1_vitg_surgical_3stage_DI_encoder_minus_vjepa_2_1_vitg_surgical_3stage_DI_intervene_encoder": {
          "n": 1825,
          "delta_mean": 0.000397,
          "delta_ci_lo": 0.000344,
          "delta_ci_hi": 0.000449,
          "p_value": 0.0
        },
        "vjepa_2_1_vitg_surgical_3stage_DI_encoder_minus_vjepa_2_1_vitg_surgical_autorgn_encoder": {
          "n": 1825,
          "delta_mean": 0.00078,
          "delta_ci_lo": 0.000703,
          "delta_ci_hi": 0.000858,
          "p_value": 0.0
        },
        "vjepa_2_1_vitg_surgical_3stage_DI_intervene_encoder_minus_vjepa_2_1_vitg_surgical_autorgn_encoder": {
          "n": 1825,
          "delta_mean": 0.000383,
          "delta_ci_lo": 0.000309,
          "delta_ci_hi": 0.000462,
          "p_value": 0.0
        }
      },
      "lower_is_better": true
    },
    "causal": {
      "by_variant": {
        "vjepa_2_1_vitg_frozen": {
          "variant": "vjepa_2_1_vitg_frozen",
          "metric": "causal",
          "n_test": 1825,
          "mean": 0.655149,
          "std": 0.034144,
          "ci": {
            "mean": 0.655148,
            "ci_lo": 0.653607,
            "ci_hi": 0.656744,
            "ci_half": 0.001569
          },
          "lower_is_better": true,
          "interpretation": "causal future-block L1; lower = better",
          "num_frames": 16,
          "encoder_ckpt": "checkpoints/vjepa2_1_vitg_384.pt"
        },
        "vjepa_2_1_vitg_full_ft_encoder": {
          "variant": "vjepa_2_1_vitg_full_ft_encoder",
          "metric": "causal",
          "n_test": 1825,
          "mean": 0.648499,
          "std": 0.035527,
          "ci": {
            "mean": 0.648499,
            "ci_lo": 0.646868,
            "ci_hi": 0.6501,
            "ci_half": 0.001616
          },
          "lower_is_better": true,
          "interpretation": "causal future-block L1; lower = better",
          "num_frames": 16,
          "encoder_ckpt": "outputs/poc/vjepa_2_1_vitg_1B/train/m09f_full_ft_encoder/m09c_ckpt_best.pt"
        },
        "vjepa_2_1_vitg_lpft_encoder": {
          "variant": "vjepa_2_1_vitg_lpft_encoder",
          "metric": "causal",
          "n_test": 1825,
          "mean": 0.643705,
          "std": 0.034582,
          "ci": {
            "mean": 0.643705,
            "ci_lo": 0.642116,
            "ci_hi": 0.64531,
            "ci_half": 0.001597
          },
          "lower_is_better": true,
          "interpretation": "causal future-block L1; lower = better",
          "num_frames": 16,
          "encoder_ckpt": "outputs/poc/vjepa_2_1_vitg_1B/train/m09f_lpft_encoder/m09c_ckpt_best.pt"
        },
        "vjepa_2_1_vitg_peft_dora_encoder": {
          "variant": "vjepa_2_1_vitg_peft_dora_encoder",
          "metric": "causal",
          "n_test": 1825,
          "mean": 0.617267,
          "std": 0.03683,
          "ci": {
            "mean": 0.617267,
            "ci_lo": 0.6156,
            "ci_hi": 0.618984,
            "ci_half": 0.001692
          },
          "lower_is_better": true,
          "interpretation": "causal future-block L1; lower = better",
          "num_frames": 16,
          "encoder_ckpt": "outputs/poc/vjepa_2_1_vitg_1B/train/m09b_peft_dora_encoder/m09c_ckpt_best.pt"
        },
        "vjepa_2_1_vitg_peft_lora_encoder": {
          "variant": "vjepa_2_1_vitg_peft_lora_encoder",
          "metric": "causal",
          "n_test": 1825,
          "mean": 0.617125,
          "std": 0.036691,
          "ci": {
            "mean": 0.617125,
            "ci_lo": 0.615446,
            "ci_hi": 0.618817,
            "ci_half": 0.001685
          },
          "lower_is_better": true,
          "interpretation": "causal future-block L1; lower = better",
          "num_frames": 16,
          "encoder_ckpt": "outputs/poc/vjepa_2_1_vitg_1B/train/m09b_peft_lora_encoder/m09c_ckpt_best.pt"
        },
        "vjepa_2_1_vitg_pretrain_encoder": {
          "variant": "vjepa_2_1_vitg_pretrain_encoder",
          "metric": "causal",
          "n_test": 1825,
          "mean": 0.628011,
          "std": 0.03381,
          "ci": {
            "mean": 0.628011,
            "ci_lo": 0.626471,
            "ci_hi": 0.629533,
            "ci_half": 0.001531
          },
          "lower_is_better": true,
          "interpretation": "causal future-block L1; lower = better",
          "num_frames": 16,
          "encoder_ckpt": "outputs/poc/vjepa_2_1_vitg_1B/train/m09a_pretrain_encoder/m09a_ckpt_best.pt"
        },
        "vjepa_2_1_vitg_surgery_raw_encoder": {
          "variant": "vjepa_2_1_vitg_surgery_raw_encoder",
          "metric": "causal",
          "n_test": 1825,
          "mean": 0.610569,
          "std": 0.037634,
          "ci": {
            "mean": 0.610569,
            "ci_lo": 0.608809,
            "ci_hi": 0.612283,
            "ci_half": 0.001737
          },
          "lower_is_better": true,
          "interpretation": "causal future-block L1; lower = better",
          "num_frames": 16,
          "encoder_ckpt": "outputs/poc/vjepa_2_1_vitg_1B/train/m09c_surgery_raw_encoder/m09c_ckpt_best.pt"
        },
        "vjepa_2_1_vitg_surgical_3stage_DI_diheavy_encoder": {
          "variant": "vjepa_2_1_vitg_surgical_3stage_DI_diheavy_encoder",
          "metric": "causal",
          "n_test": 1825,
          "mean": 0.613854,
          "std": 0.03751,
          "ci": {
            "mean": 0.613854,
            "ci_lo": 0.61208,
            "ci_hi": 0.615545,
            "ci_half": 0.001733
          },
          "lower_is_better": true,
          "interpretation": "causal future-block L1; lower = better",
          "num_frames": 16,
          "encoder_ckpt": "outputs/poc/vjepa_2_1_vitg_1B/train/m09c_surgery_3stage_DI_diheavy_encoder/m09c_ckpt_best.pt"
        },
        "vjepa_2_1_vitg_surgical_3stage_DI_encoder": {
          "variant": "vjepa_2_1_vitg_surgical_3stage_DI_encoder",
          "metric": "causal",
          "n_test": 1825,
          "mean": 0.615382,
          "std": 0.037381,
          "ci": {
            "mean": 0.615382,
            "ci_lo": 0.613685,
            "ci_hi": 0.617059,
            "ci_half": 0.001687
          },
          "lower_is_better": true,
          "interpretation": "causal future-block L1; lower = better",
          "num_frames": 16,
          "encoder_ckpt": "outputs/poc/vjepa_2_1_vitg_1B/train/m09c_surgery_3stage_DI_encoder/m09c_ckpt_best.pt"
        },
        "vjepa_2_1_vitg_surgical_3stage_DI_intervene_encoder": {
          "variant": "vjepa_2_1_vitg_surgical_3stage_DI_intervene_encoder",
          "metric": "causal",
          "n_test": 1825,
          "mean": 0.614414,
          "std": 0.037785,
          "ci": {
            "mean": 0.614415,
            "ci_lo": 0.612724,
            "ci_hi": 0.616186,
            "ci_half": 0.001731
          },
          "lower_is_better": true,
          "interpretation": "causal future-block L1; lower = better",
          "num_frames": 16,
          "encoder_ckpt": "outputs/poc/vjepa_2_1_vitg_1B/train/m09c_surgery_3stage_DI_intervene_encoder/m09c_ckpt_best.pt"
        },
        "vjepa_2_1_vitg_surgical_autorgn_encoder": {
          "variant": "vjepa_2_1_vitg_surgical_autorgn_encoder",
          "metric": "causal",
          "n_test": 1825,
          "mean": 0.633226,
          "std": 0.036256,
          "ci": {
            "mean": 0.633226,
            "ci_lo": 0.631535,
            "ci_hi": 0.634867,
            "ci_half": 0.001666
          },
          "lower_is_better": true,
          "interpretation": "causal future-block L1; lower = better",
          "num_frames": 16,
          "encoder_ckpt": "outputs/poc/vjepa_2_1_vitg_1B/train/m09e_autorgn_encoder/m09c_ckpt_best.pt"
        }
      },
      "pairwise_deltas": {
        "vjepa_2_1_vitg_frozen_minus_vjepa_2_1_vitg_full_ft_encoder": {
          "n": 1825,
          "delta_mean": 0.006649,
          "delta_ci_lo": 0.006083,
          "delta_ci_hi": 0.007205,
          "p_value": 0.0
        },
        "vjepa_2_1_vitg_frozen_minus_vjepa_2_1_vitg_lpft_encoder": {
          "n": 1825,
          "delta_mean": 0.011444,
          "delta_ci_lo": 0.01094,
          "delta_ci_hi": 0.011928,
          "p_value": 0.0
        },
        "vjepa_2_1_vitg_frozen_minus_vjepa_2_1_vitg_peft_dora_encoder": {
          "n": 1825,
          "delta_mean": 0.037882,
          "delta_ci_lo": 0.037394,
          "delta_ci_hi": 0.038349,
          "p_value": 0.0
        },
        "vjepa_2_1_vitg_frozen_minus_vjepa_2_1_vitg_peft_lora_encoder": {
          "n": 1825,
          "delta_mean": 0.038024,
          "delta_ci_lo": 0.037541,
          "delta_ci_hi": 0.03849,
          "p_value": 0.0
        },
        "vjepa_2_1_vitg_frozen_minus_vjepa_2_1_vitg_pretrain_encoder": {
          "n": 1825,
          "delta_mean": 0.027137,
          "delta_ci_lo": 0.026661,
          "delta_ci_hi": 0.027586,
          "p_value": 0.0
        },
        "vjepa_2_1_vitg_frozen_minus_vjepa_2_1_vitg_surgery_raw_encoder": {
          "n": 1825,
          "delta_mean": 0.04458,
          "delta_ci_lo": 0.044159,
          "delta_ci_hi": 0.044986,
          "p_value": 0.0
        },
        "vjepa_2_1_vitg_frozen_minus_vjepa_2_1_vitg_surgical_3stage_DI_diheavy_encoder": {
          "n": 1825,
          "delta_mean": 0.041295,
          "delta_ci_lo": 0.040876,
          "delta_ci_hi": 0.041703,
          "p_value": 0.0
        },
        "vjepa_2_1_vitg_frozen_minus_vjepa_2_1_vitg_surgical_3stage_DI_encoder": {
          "n": 1825,
          "delta_mean": 0.039766,
          "delta_ci_lo": 0.03936,
          "delta_ci_hi": 0.040166,
          "p_value": 0.0
        },
        "vjepa_2_1_vitg_frozen_minus_vjepa_2_1_vitg_surgical_3stage_DI_intervene_encoder": {
          "n": 1825,
          "delta_mean": 0.040734,
          "delta_ci_lo": 0.040286,
          "delta_ci_hi": 0.041164,
          "p_value": 0.0
        },
        "vjepa_2_1_vitg_frozen_minus_vjepa_2_1_vitg_surgical_autorgn_encoder": {
          "n": 1825,
          "delta_mean": 0.021923,
          "delta_ci_lo": 0.021406,
          "delta_ci_hi": 0.022407,
          "p_value": 0.0
        },
        "vjepa_2_1_vitg_full_ft_encoder_minus_vjepa_2_1_vitg_lpft_encoder": {
          "n": 1825,
          "delta_mean": 0.004794,
          "delta_ci_lo": 0.004559,
          "delta_ci_hi": 0.005032,
          "p_value": 0.0
        },
        "vjepa_2_1_vitg_full_ft_encoder_minus_vjepa_2_1_vitg_peft_dora_encoder": {
          "n": 1825,
          "delta_mean": 0.031232,
          "delta_ci_lo": 0.030955,
          "delta_ci_hi": 0.031507,
          "p_value": 0.0
        },
        "vjepa_2_1_vitg_full_ft_encoder_minus_vjepa_2_1_vitg_peft_lora_encoder": {
          "n": 1825,
          "delta_mean": 0.031374,
          "delta_ci_lo": 0.031096,
          "delta_ci_hi": 0.031648,
          "p_value": 0.0
        },
        "vjepa_2_1_vitg_full_ft_encoder_minus_vjepa_2_1_vitg_pretrain_encoder": {
          "n": 1825,
          "delta_mean": 0.020488,
          "delta_ci_lo": 0.020058,
          "delta_ci_hi": 0.020906,
          "p_value": 0.0
        },
        "vjepa_2_1_vitg_full_ft_encoder_minus_vjepa_2_1_vitg_surgery_raw_encoder": {
          "n": 1825,
          "delta_mean": 0.03793,
          "delta_ci_lo": 0.037531,
          "delta_ci_hi": 0.038313,
          "p_value": 0.0
        },
        "vjepa_2_1_vitg_full_ft_encoder_minus_vjepa_2_1_vitg_surgical_3stage_DI_diheavy_encoder": {
          "n": 1825,
          "delta_mean": 0.034645,
          "delta_ci_lo": 0.034185,
          "delta_ci_hi": 0.035094,
          "p_value": 0.0
        },
        "vjepa_2_1_vitg_full_ft_encoder_minus_vjepa_2_1_vitg_surgical_3stage_DI_encoder": {
          "n": 1825,
          "delta_mean": 0.033117,
          "delta_ci_lo": 0.032668,
          "delta_ci_hi": 0.033551,
          "p_value": 0.0
        },
        "vjepa_2_1_vitg_full_ft_encoder_minus_vjepa_2_1_vitg_surgical_3stage_DI_intervene_encoder": {
          "n": 1825,
          "delta_mean": 0.034084,
          "delta_ci_lo": 0.033667,
          "delta_ci_hi": 0.034496,
          "p_value": 0.0
        },
        "vjepa_2_1_vitg_full_ft_encoder_minus_vjepa_2_1_vitg_surgical_autorgn_encoder": {
          "n": 1825,
          "delta_mean": 0.015273,
          "delta_ci_lo": 0.015022,
          "delta_ci_hi": 0.015515,
          "p_value": 0.0
        },
        "vjepa_2_1_vitg_lpft_encoder_minus_vjepa_2_1_vitg_peft_dora_encoder": {
          "n": 1825,
          "delta_mean": 0.026438,
          "delta_ci_lo": 0.026193,
          "delta_ci_hi": 0.026684,
          "p_value": 0.0
        },
        "vjepa_2_1_vitg_lpft_encoder_minus_vjepa_2_1_vitg_peft_lora_encoder": {
          "n": 1825,
          "delta_mean": 0.02658,
          "delta_ci_lo": 0.026339,
          "delta_ci_hi": 0.026821,
          "p_value": 0.0
        },
        "vjepa_2_1_vitg_lpft_encoder_minus_vjepa_2_1_vitg_pretrain_encoder": {
          "n": 1825,
          "delta_mean": 0.015694,
          "delta_ci_lo": 0.015323,
          "delta_ci_hi": 0.016062,
          "p_value": 0.0
        },
        "vjepa_2_1_vitg_lpft_encoder_minus_vjepa_2_1_vitg_surgery_raw_encoder": {
          "n": 1825,
          "delta_mean": 0.033136,
          "delta_ci_lo": 0.032804,
          "delta_ci_hi": 0.033474,
          "p_value": 0.0
        },
        "vjepa_2_1_vitg_lpft_encoder_minus_vjepa_2_1_vitg_surgical_3stage_DI_diheavy_encoder": {
          "n": 1825,
          "delta_mean": 0.029851,
          "delta_ci_lo": 0.029472,
          "delta_ci_hi": 0.030254,
          "p_value": 0.0
        },
        "vjepa_2_1_vitg_lpft_encoder_minus_vjepa_2_1_vitg_surgical_3stage_DI_encoder": {
          "n": 1825,
          "delta_mean": 0.028322,
          "delta_ci_lo": 0.027955,
          "delta_ci_hi": 0.028707,
          "p_value": 0.0
        },
        "vjepa_2_1_vitg_lpft_encoder_minus_vjepa_2_1_vitg_surgical_3stage_DI_intervene_encoder": {
          "n": 1825,
          "delta_mean": 0.02929,
          "delta_ci_lo": 0.028937,
          "delta_ci_hi": 0.029653,
          "p_value": 0.0
        },
        "vjepa_2_1_vitg_lpft_encoder_minus_vjepa_2_1_vitg_surgical_autorgn_encoder": {
          "n": 1825,
          "delta_mean": 0.010479,
          "delta_ci_lo": 0.010263,
          "delta_ci_hi": 0.010689,
          "p_value": 0.0
        },
        "vjepa_2_1_vitg_peft_dora_encoder_minus_vjepa_2_1_vitg_peft_lora_encoder": {
          "n": 1825,
          "delta_mean": 0.000142,
          "delta_ci_lo": 0.000115,
          "delta_ci_hi": 0.000167,
          "p_value": 0.0
        },
        "vjepa_2_1_vitg_peft_dora_encoder_minus_vjepa_2_1_vitg_pretrain_encoder": {
          "n": 1825,
          "delta_mean": -0.010744,
          "delta_ci_lo": -0.011175,
          "delta_ci_hi": -0.010332,
          "p_value": 0.0
        },
        "vjepa_2_1_vitg_peft_dora_encoder_minus_vjepa_2_1_vitg_surgery_raw_encoder": {
          "n": 1825,
          "delta_mean": 0.006698,
          "delta_ci_lo": 0.006463,
          "delta_ci_hi": 0.00693,
          "p_value": 0.0
        },
        "vjepa_2_1_vitg_peft_dora_encoder_minus_vjepa_2_1_vitg_surgical_3stage_DI_diheavy_encoder": {
          "n": 1825,
          "delta_mean": 0.003413,
          "delta_ci_lo": 0.003078,
          "delta_ci_hi": 0.003738,
          "p_value": 0.0
        },
        "vjepa_2_1_vitg_peft_dora_encoder_minus_vjepa_2_1_vitg_surgical_3stage_DI_encoder": {
          "n": 1825,
          "delta_mean": 0.001884,
          "delta_ci_lo": 0.001569,
          "delta_ci_hi": 0.002187,
          "p_value": 0.0
        },
        "vjepa_2_1_vitg_peft_dora_encoder_minus_vjepa_2_1_vitg_surgical_3stage_DI_intervene_encoder": {
          "n": 1825,
          "delta_mean": 0.002852,
          "delta_ci_lo": 0.002576,
          "delta_ci_hi": 0.003123,
          "p_value": 0.0
        },
        "vjepa_2_1_vitg_peft_dora_encoder_minus_vjepa_2_1_vitg_surgical_autorgn_encoder": {
          "n": 1825,
          "delta_mean": -0.015959,
          "delta_ci_lo": -0.016193,
          "delta_ci_hi": -0.015731,
          "p_value": 0.0
        },
        "vjepa_2_1_vitg_peft_lora_encoder_minus_vjepa_2_1_vitg_pretrain_encoder": {
          "n": 1825,
          "delta_mean": -0.010886,
          "delta_ci_lo": -0.011311,
          "delta_ci_hi": -0.010474,
          "p_value": 0.0
        },
        "vjepa_2_1_vitg_peft_lora_encoder_minus_vjepa_2_1_vitg_surgery_raw_encoder": {
          "n": 1825,
          "delta_mean": 0.006556,
          "delta_ci_lo": 0.00632,
          "delta_ci_hi": 0.006791,
          "p_value": 0.0
        },
        "vjepa_2_1_vitg_peft_lora_encoder_minus_vjepa_2_1_vitg_surgical_3stage_DI_diheavy_encoder": {
          "n": 1825,
          "delta_mean": 0.003271,
          "delta_ci_lo": 0.002937,
          "delta_ci_hi": 0.003598,
          "p_value": 0.0
        },
        "vjepa_2_1_vitg_peft_lora_encoder_minus_vjepa_2_1_vitg_surgical_3stage_DI_encoder": {
          "n": 1825,
          "delta_mean": 0.001742,
          "delta_ci_lo": 0.001428,
          "delta_ci_hi": 0.002048,
          "p_value": 0.0
        },
        "vjepa_2_1_vitg_peft_lora_encoder_minus_vjepa_2_1_vitg_surgical_3stage_DI_intervene_encoder": {
          "n": 1825,
          "delta_mean": 0.00271,
          "delta_ci_lo": 0.002432,
          "delta_ci_hi": 0.002983,
          "p_value": 0.0
        },
        "vjepa_2_1_vitg_peft_lora_encoder_minus_vjepa_2_1_vitg_surgical_autorgn_encoder": {
          "n": 1825,
          "delta_mean": -0.016101,
          "delta_ci_lo": -0.016335,
          "delta_ci_hi": -0.015876,
          "p_value": 0.0
        },
        "vjepa_2_1_vitg_pretrain_encoder_minus_vjepa_2_1_vitg_surgery_raw_encoder": {
          "n": 1825,
          "delta_mean": 0.017442,
          "delta_ci_lo": 0.01703,
          "delta_ci_hi": 0.017863,
          "p_value": 0.0
        },
        "vjepa_2_1_vitg_pretrain_encoder_minus_vjepa_2_1_vitg_surgical_3stage_DI_diheavy_encoder": {
          "n": 1825,
          "delta_mean": 0.014157,
          "delta_ci_lo": 0.013733,
          "delta_ci_hi": 0.014604,
          "p_value": 0.0
        },
        "vjepa_2_1_vitg_pretrain_encoder_minus_vjepa_2_1_vitg_surgical_3stage_DI_encoder": {
          "n": 1825,
          "delta_mean": 0.012629,
          "delta_ci_lo": 0.012208,
          "delta_ci_hi": 0.013068,
          "p_value": 0.0
        },
        "vjepa_2_1_vitg_pretrain_encoder_minus_vjepa_2_1_vitg_surgical_3stage_DI_intervene_encoder": {
          "n": 1825,
          "delta_mean": 0.013596,
          "delta_ci_lo": 0.013176,
          "delta_ci_hi": 0.014035,
          "p_value": 0.0
        },
        "vjepa_2_1_vitg_pretrain_encoder_minus_vjepa_2_1_vitg_surgical_autorgn_encoder": {
          "n": 1825,
          "delta_mean": -0.005215,
          "delta_ci_lo": -0.005564,
          "delta_ci_hi": -0.004872,
          "p_value": 0.0
        },
        "vjepa_2_1_vitg_surgery_raw_encoder_minus_vjepa_2_1_vitg_surgical_3stage_DI_diheavy_encoder": {
          "n": 1825,
          "delta_mean": -0.003285,
          "delta_ci_lo": -0.003427,
          "delta_ci_hi": -0.003137,
          "p_value": 0.0
        },
        "vjepa_2_1_vitg_surgery_raw_encoder_minus_vjepa_2_1_vitg_surgical_3stage_DI_encoder": {
          "n": 1825,
          "delta_mean": -0.004814,
          "delta_ci_lo": -0.004943,
          "delta_ci_hi": -0.004682,
          "p_value": 0.0
        },
        "vjepa_2_1_vitg_surgery_raw_encoder_minus_vjepa_2_1_vitg_surgical_3stage_DI_intervene_encoder": {
          "n": 1825,
          "delta_mean": -0.003846,
          "delta_ci_lo": -0.003977,
          "delta_ci_hi": -0.003723,
          "p_value": 0.0
        },
        "vjepa_2_1_vitg_surgery_raw_encoder_minus_vjepa_2_1_vitg_surgical_autorgn_encoder": {
          "n": 1825,
          "delta_mean": -0.022657,
          "delta_ci_lo": -0.022939,
          "delta_ci_hi": -0.022384,
          "p_value": 0.0
        },
        "vjepa_2_1_vitg_surgical_3stage_DI_diheavy_encoder_minus_vjepa_2_1_vitg_surgical_3stage_DI_encoder": {
          "n": 1825,
          "delta_mean": -0.001529,
          "delta_ci_lo": -0.001606,
          "delta_ci_hi": -0.001451,
          "p_value": 0.0
        },
        "vjepa_2_1_vitg_surgical_3stage_DI_diheavy_encoder_minus_vjepa_2_1_vitg_surgical_3stage_DI_intervene_encoder": {
          "n": 1825,
          "delta_mean": -0.000561,
          "delta_ci_lo": -0.000701,
          "delta_ci_hi": -0.000426,
          "p_value": 0.0
        },
        "vjepa_2_1_vitg_surgical_3stage_DI_diheavy_encoder_minus_vjepa_2_1_vitg_surgical_autorgn_encoder": {
          "n": 1825,
          "delta_mean": -0.019372,
          "delta_ci_lo": -0.019699,
          "delta_ci_hi": -0.019067,
          "p_value": 0.0
        },
        "vjepa_2_1_vitg_surgical_3stage_DI_encoder_minus_vjepa_2_1_vitg_surgical_3stage_DI_intervene_encoder": {
          "n": 1825,
          "delta_mean": 0.000968,
          "delta_ci_lo": 0.000853,
          "delta_ci_hi": 0.00108,
          "p_value": 0.0
        },
        "vjepa_2_1_vitg_surgical_3stage_DI_encoder_minus_vjepa_2_1_vitg_surgical_autorgn_encoder": {
          "n": 1825,
          "delta_mean": -0.017843,
          "delta_ci_lo": -0.018156,
          "delta_ci_hi": -0.017547,
          "p_value": 0.0
        },
        "vjepa_2_1_vitg_surgical_3stage_DI_intervene_encoder_minus_vjepa_2_1_vitg_surgical_autorgn_encoder": {
          "n": 1825,
          "delta_mean": -0.018811,
          "delta_ci_lo": -0.019104,
          "delta_ci_hi": -0.018528,
          "p_value": 0.0
        }
      },
      "lower_is_better": true
    },
    "tdist": {
      "by_variant": {
        "vjepa_2_1_vitg_frozen": {
          "variant": "vjepa_2_1_vitg_frozen",
          "metric": "tdist",
          "n_test": 1825,
          "mean": 0.007439,
          "std": 0.00817,
          "ci": {
            "mean": 0.007439,
            "ci_lo": 0.00708,
            "ci_hi": 0.007823,
            "ci_half": 0.000372
          },
          "lower_is_better": true,
          "interpretation": "L1-vs-\u0394t slope; lower = slower decay w/ distance",
          "num_frames": 16,
          "encoder_ckpt": "checkpoints/vjepa2_1_vitg_384.pt"
        },
        "vjepa_2_1_vitg_full_ft_encoder": {
          "variant": "vjepa_2_1_vitg_full_ft_encoder",
          "metric": "tdist",
          "n_test": 1825,
          "mean": 0.009572,
          "std": 0.008605,
          "ci": {
            "mean": 0.009572,
            "ci_lo": 0.009178,
            "ci_hi": 0.009986,
            "ci_half": 0.000404
          },
          "lower_is_better": true,
          "interpretation": "L1-vs-\u0394t slope; lower = slower decay w/ distance",
          "num_frames": 16,
          "encoder_ckpt": "outputs/poc/vjepa_2_1_vitg_1B/train/m09f_full_ft_encoder/m09c_ckpt_best.pt"
        },
        "vjepa_2_1_vitg_lpft_encoder": {
          "variant": "vjepa_2_1_vitg_lpft_encoder",
          "metric": "tdist",
          "n_test": 1825,
          "mean": 0.009022,
          "std": 0.007805,
          "ci": {
            "mean": 0.009022,
            "ci_lo": 0.008673,
            "ci_hi": 0.009393,
            "ci_half": 0.00036
          },
          "lower_is_better": true,
          "interpretation": "L1-vs-\u0394t slope; lower = slower decay w/ distance",
          "num_frames": 16,
          "encoder_ckpt": "outputs/poc/vjepa_2_1_vitg_1B/train/m09f_lpft_encoder/m09c_ckpt_best.pt"
        },
        "vjepa_2_1_vitg_peft_dora_encoder": {
          "variant": "vjepa_2_1_vitg_peft_dora_encoder",
          "metric": "tdist",
          "n_test": 1825,
          "mean": 0.009424,
          "std": 0.008229,
          "ci": {
            "mean": 0.009424,
            "ci_lo": 0.009066,
            "ci_hi": 0.009814,
            "ci_half": 0.000374
          },
          "lower_is_better": true,
          "interpretation": "L1-vs-\u0394t slope; lower = slower decay w/ distance",
          "num_frames": 16,
          "encoder_ckpt": "outputs/poc/vjepa_2_1_vitg_1B/train/m09b_peft_dora_encoder/m09c_ckpt_best.pt"
        },
        "vjepa_2_1_vitg_peft_lora_encoder": {
          "variant": "vjepa_2_1_vitg_peft_lora_encoder",
          "metric": "tdist",
          "n_test": 1825,
          "mean": 0.009335,
          "std": 0.008183,
          "ci": {
            "mean": 0.009335,
            "ci_lo": 0.008966,
            "ci_hi": 0.009722,
            "ci_half": 0.000378
          },
          "lower_is_better": true,
          "interpretation": "L1-vs-\u0394t slope; lower = slower decay w/ distance",
          "num_frames": 16,
          "encoder_ckpt": "outputs/poc/vjepa_2_1_vitg_1B/train/m09b_peft_lora_encoder/m09c_ckpt_best.pt"
        },
        "vjepa_2_1_vitg_pretrain_encoder": {
          "variant": "vjepa_2_1_vitg_pretrain_encoder",
          "metric": "tdist",
          "n_test": 1825,
          "mean": 0.008349,
          "std": 0.007732,
          "ci": {
            "mean": 0.008349,
            "ci_lo": 0.008009,
            "ci_hi": 0.008717,
            "ci_half": 0.000354
          },
          "lower_is_better": true,
          "interpretation": "L1-vs-\u0394t slope; lower = slower decay w/ distance",
          "num_frames": 16,
          "encoder_ckpt": "outputs/poc/vjepa_2_1_vitg_1B/train/m09a_pretrain_encoder/m09a_ckpt_best.pt"
        },
        "vjepa_2_1_vitg_surgery_raw_encoder": {
          "variant": "vjepa_2_1_vitg_surgery_raw_encoder",
          "metric": "tdist",
          "n_test": 1825,
          "mean": 0.009312,
          "std": 0.008634,
          "ci": {
            "mean": 0.009312,
            "ci_lo": 0.00892,
            "ci_hi": 0.00971,
            "ci_half": 0.000395
          },
          "lower_is_better": true,
          "interpretation": "L1-vs-\u0394t slope; lower = slower decay w/ distance",
          "num_frames": 16,
          "encoder_ckpt": "outputs/poc/vjepa_2_1_vitg_1B/train/m09c_surgery_raw_encoder/m09c_ckpt_best.pt"
        },
        "vjepa_2_1_vitg_surgical_3stage_DI_diheavy_encoder": {
          "variant": "vjepa_2_1_vitg_surgical_3stage_DI_diheavy_encoder",
          "metric": "tdist",
          "n_test": 1825,
          "mean": 0.009016,
          "std": 0.0085,
          "ci": {
            "mean": 0.009016,
            "ci_lo": 0.008639,
            "ci_hi": 0.009413,
            "ci_half": 0.000387
          },
          "lower_is_better": true,
          "interpretation": "L1-vs-\u0394t slope; lower = slower decay w/ distance",
          "num_frames": 16,
          "encoder_ckpt": "outputs/poc/vjepa_2_1_vitg_1B/train/m09c_surgery_3stage_DI_diheavy_encoder/m09c_ckpt_best.pt"
        },
        "vjepa_2_1_vitg_surgical_3stage_DI_encoder": {
          "variant": "vjepa_2_1_vitg_surgical_3stage_DI_encoder",
          "metric": "tdist",
          "n_test": 1825,
          "mean": 0.009138,
          "std": 0.008565,
          "ci": {
            "mean": 0.009138,
            "ci_lo": 0.008743,
            "ci_hi": 0.009535,
            "ci_half": 0.000396
          },
          "lower_is_better": true,
          "interpretation": "L1-vs-\u0394t slope; lower = slower decay w/ distance",
          "num_frames": 16,
          "encoder_ckpt": "outputs/poc/vjepa_2_1_vitg_1B/train/m09c_surgery_3stage_DI_encoder/m09c_ckpt_best.pt"
        },
        "vjepa_2_1_vitg_surgical_3stage_DI_intervene_encoder": {
          "variant": "vjepa_2_1_vitg_surgical_3stage_DI_intervene_encoder",
          "metric": "tdist",
          "n_test": 1825,
          "mean": 0.009477,
          "std": 0.008592,
          "ci": {
            "mean": 0.009477,
            "ci_lo": 0.009088,
            "ci_hi": 0.009886,
            "ci_half": 0.000399
          },
          "lower_is_better": true,
          "interpretation": "L1-vs-\u0394t slope; lower = slower decay w/ distance",
          "num_frames": 16,
          "encoder_ckpt": "outputs/poc/vjepa_2_1_vitg_1B/train/m09c_surgery_3stage_DI_intervene_encoder/m09c_ckpt_best.pt"
        },
        "vjepa_2_1_vitg_surgical_autorgn_encoder": {
          "variant": "vjepa_2_1_vitg_surgical_autorgn_encoder",
          "metric": "tdist",
          "n_test": 1825,
          "mean": 0.009246,
          "std": 0.008336,
          "ci": {
            "mean": 0.009246,
            "ci_lo": 0.00887,
            "ci_hi": 0.009641,
            "ci_half": 0.000385
          },
          "lower_is_better": true,
          "interpretation": "L1-vs-\u0394t slope; lower = slower decay w/ distance",
          "num_frames": 16,
          "encoder_ckpt": "outputs/poc/vjepa_2_1_vitg_1B/train/m09e_autorgn_encoder/m09c_ckpt_best.pt"
        }
      },
      "pairwise_deltas": {
        "vjepa_2_1_vitg_frozen_minus_vjepa_2_1_vitg_full_ft_encoder": {
          "n": 1825,
          "delta_mean": -0.002132,
          "delta_ci_lo": -0.002336,
          "delta_ci_hi": -0.001944,
          "p_value": 0.0
        },
        "vjepa_2_1_vitg_frozen_minus_vjepa_2_1_vitg_lpft_encoder": {
          "n": 1825,
          "delta_mean": -0.001583,
          "delta_ci_lo": -0.001761,
          "delta_ci_hi": -0.001417,
          "p_value": 0.0
        },
        "vjepa_2_1_vitg_frozen_minus_vjepa_2_1_vitg_peft_dora_encoder": {
          "n": 1825,
          "delta_mean": -0.001985,
          "delta_ci_lo": -0.002166,
          "delta_ci_hi": -0.001815,
          "p_value": 0.0
        },
        "vjepa_2_1_vitg_frozen_minus_vjepa_2_1_vitg_peft_lora_encoder": {
          "n": 1825,
          "delta_mean": -0.001895,
          "delta_ci_lo": -0.002077,
          "delta_ci_hi": -0.001727,
          "p_value": 0.0
        },
        "vjepa_2_1_vitg_frozen_minus_vjepa_2_1_vitg_pretrain_encoder": {
          "n": 1825,
          "delta_mean": -0.000909,
          "delta_ci_lo": -0.00103,
          "delta_ci_hi": -0.00079,
          "p_value": 0.0
        },
        "vjepa_2_1_vitg_frozen_minus_vjepa_2_1_vitg_surgery_raw_encoder": {
          "n": 1825,
          "delta_mean": -0.001873,
          "delta_ci_lo": -0.002013,
          "delta_ci_hi": -0.001743,
          "p_value": 0.0
        },
        "vjepa_2_1_vitg_frozen_minus_vjepa_2_1_vitg_surgical_3stage_DI_diheavy_encoder": {
          "n": 1825,
          "delta_mean": -0.001576,
          "delta_ci_lo": -0.0017,
          "delta_ci_hi": -0.001455,
          "p_value": 0.0
        },
        "vjepa_2_1_vitg_frozen_minus_vjepa_2_1_vitg_surgical_3stage_DI_encoder": {
          "n": 1825,
          "delta_mean": -0.001698,
          "delta_ci_lo": -0.00182,
          "delta_ci_hi": -0.001582,
          "p_value": 0.0
        },
        "vjepa_2_1_vitg_frozen_minus_vjepa_2_1_vitg_surgical_3stage_DI_intervene_encoder": {
          "n": 1825,
          "delta_mean": -0.002037,
          "delta_ci_lo": -0.002169,
          "delta_ci_hi": -0.001909,
          "p_value": 0.0
        },
        "vjepa_2_1_vitg_frozen_minus_vjepa_2_1_vitg_surgical_autorgn_encoder": {
          "n": 1825,
          "delta_mean": -0.001806,
          "delta_ci_lo": -0.001971,
          "delta_ci_hi": -0.001648,
          "p_value": 0.0
        },
        "vjepa_2_1_vitg_full_ft_encoder_minus_vjepa_2_1_vitg_lpft_encoder": {
          "n": 1825,
          "delta_mean": 0.00055,
          "delta_ci_lo": 0.000479,
          "delta_ci_hi": 0.000624,
          "p_value": 0.0
        },
        "vjepa_2_1_vitg_full_ft_encoder_minus_vjepa_2_1_vitg_peft_dora_encoder": {
          "n": 1825,
          "delta_mean": 0.000148,
          "delta_ci_lo": 8.1e-05,
          "delta_ci_hi": 0.000217,
          "p_value": 0.0
        },
        "vjepa_2_1_vitg_full_ft_encoder_minus_vjepa_2_1_vitg_peft_lora_encoder": {
          "n": 1825,
          "delta_mean": 0.000237,
          "delta_ci_lo": 0.00017,
          "delta_ci_hi": 0.000307,
          "p_value": 0.0
        },
        "vjepa_2_1_vitg_full_ft_encoder_minus_vjepa_2_1_vitg_pretrain_encoder": {
          "n": 1825,
          "delta_mean": 0.001223,
          "delta_ci_lo": 0.001097,
          "delta_ci_hi": 0.001359,
          "p_value": 0.0
        },
        "vjepa_2_1_vitg_full_ft_encoder_minus_vjepa_2_1_vitg_surgery_raw_encoder": {
          "n": 1825,
          "delta_mean": 0.000259,
          "delta_ci_lo": 0.000155,
          "delta_ci_hi": 0.000363,
          "p_value": 0.0
        },
        "vjepa_2_1_vitg_full_ft_encoder_minus_vjepa_2_1_vitg_surgical_3stage_DI_diheavy_encoder": {
          "n": 1825,
          "delta_mean": 0.000556,
          "delta_ci_lo": 0.000436,
          "delta_ci_hi": 0.000675,
          "p_value": 0.0
        },
        "vjepa_2_1_vitg_full_ft_encoder_minus_vjepa_2_1_vitg_surgical_3stage_DI_encoder": {
          "n": 1825,
          "delta_mean": 0.000434,
          "delta_ci_lo": 0.000315,
          "delta_ci_hi": 0.000552,
          "p_value": 0.0
        },
        "vjepa_2_1_vitg_full_ft_encoder_minus_vjepa_2_1_vitg_surgical_3stage_DI_intervene_encoder": {
          "n": 1825,
          "delta_mean": 9.5e-05,
          "delta_ci_lo": -1.4e-05,
          "delta_ci_hi": 0.000202,
          "p_value": 0.0824
        },
        "vjepa_2_1_vitg_full_ft_encoder_minus_vjepa_2_1_vitg_surgical_autorgn_encoder": {
          "n": 1825,
          "delta_mean": 0.000326,
          "delta_ci_lo": 0.000257,
          "delta_ci_hi": 0.000398,
          "p_value": 0.0
        },
        "vjepa_2_1_vitg_lpft_encoder_minus_vjepa_2_1_vitg_peft_dora_encoder": {
          "n": 1825,
          "delta_mean": -0.000402,
          "delta_ci_lo": -0.000453,
          "delta_ci_hi": -0.000352,
          "p_value": 0.0
        },
        "vjepa_2_1_vitg_lpft_encoder_minus_vjepa_2_1_vitg_peft_lora_encoder": {
          "n": 1825,
          "delta_mean": -0.000313,
          "delta_ci_lo": -0.000363,
          "delta_ci_hi": -0.000264,
          "p_value": 0.0
        },
        "vjepa_2_1_vitg_lpft_encoder_minus_vjepa_2_1_vitg_pretrain_encoder": {
          "n": 1825,
          "delta_mean": 0.000673,
          "delta_ci_lo": 0.000582,
          "delta_ci_hi": 0.000776,
          "p_value": 0.0
        },
        "vjepa_2_1_vitg_lpft_encoder_minus_vjepa_2_1_vitg_surgery_raw_encoder": {
          "n": 1825,
          "delta_mean": -0.000291,
          "delta_ci_lo": -0.000381,
          "delta_ci_hi": -0.000203,
          "p_value": 0.0
        },
        "vjepa_2_1_vitg_lpft_encoder_minus_vjepa_2_1_vitg_surgical_3stage_DI_diheavy_encoder": {
          "n": 1825,
          "delta_mean": 6e-06,
          "delta_ci_lo": -9.9e-05,
          "delta_ci_hi": 0.000107,
          "p_value": 0.8924
        },
        "vjepa_2_1_vitg_lpft_encoder_minus_vjepa_2_1_vitg_surgical_3stage_DI_encoder": {
          "n": 1825,
          "delta_mean": -0.000116,
          "delta_ci_lo": -0.000219,
          "delta_ci_hi": -1.4e-05,
          "p_value": 0.0272
        },
        "vjepa_2_1_vitg_lpft_encoder_minus_vjepa_2_1_vitg_surgical_3stage_DI_intervene_encoder": {
          "n": 1825,
          "delta_mean": -0.000455,
          "delta_ci_lo": -0.000548,
          "delta_ci_hi": -0.000361,
          "p_value": 0.0
        },
        "vjepa_2_1_vitg_lpft_encoder_minus_vjepa_2_1_vitg_surgical_autorgn_encoder": {
          "n": 1825,
          "delta_mean": -0.000224,
          "delta_ci_lo": -0.000283,
          "delta_ci_hi": -0.000166,
          "p_value": 0.0
        },
        "vjepa_2_1_vitg_peft_dora_encoder_minus_vjepa_2_1_vitg_peft_lora_encoder": {
          "n": 1825,
          "delta_mean": 8.9e-05,
          "delta_ci_lo": 7.6e-05,
          "delta_ci_hi": 0.000103,
          "p_value": 0.0
        },
        "vjepa_2_1_vitg_peft_dora_encoder_minus_vjepa_2_1_vitg_pretrain_encoder": {
          "n": 1825,
          "delta_mean": 0.001075,
          "delta_ci_lo": 0.000977,
          "delta_ci_hi": 0.001182,
          "p_value": 0.0
        },
        "vjepa_2_1_vitg_peft_dora_encoder_minus_vjepa_2_1_vitg_surgery_raw_encoder": {
          "n": 1825,
          "delta_mean": 0.000112,
          "delta_ci_lo": 3.6e-05,
          "delta_ci_hi": 0.000189,
          "p_value": 0.0056
        },
        "vjepa_2_1_vitg_peft_dora_encoder_minus_vjepa_2_1_vitg_surgical_3stage_DI_diheavy_encoder": {
          "n": 1825,
          "delta_mean": 0.000408,
          "delta_ci_lo": 0.000315,
          "delta_ci_hi": 0.000503,
          "p_value": 0.0
        },
        "vjepa_2_1_vitg_peft_dora_encoder_minus_vjepa_2_1_vitg_surgical_3stage_DI_encoder": {
          "n": 1825,
          "delta_mean": 0.000286,
          "delta_ci_lo": 0.000192,
          "delta_ci_hi": 0.000382,
          "p_value": 0.0
        },
        "vjepa_2_1_vitg_peft_dora_encoder_minus_vjepa_2_1_vitg_surgical_3stage_DI_intervene_encoder": {
          "n": 1825,
          "delta_mean": -5.3e-05,
          "delta_ci_lo": -0.000133,
          "delta_ci_hi": 3.3e-05,
          "p_value": 0.2126
        },
        "vjepa_2_1_vitg_peft_dora_encoder_minus_vjepa_2_1_vitg_surgical_autorgn_encoder": {
          "n": 1825,
          "delta_mean": 0.000178,
          "delta_ci_lo": 0.000128,
          "delta_ci_hi": 0.00023,
          "p_value": 0.0
        },
        "vjepa_2_1_vitg_peft_lora_encoder_minus_vjepa_2_1_vitg_pretrain_encoder": {
          "n": 1825,
          "delta_mean": 0.000986,
          "delta_ci_lo": 0.000891,
          "delta_ci_hi": 0.001094,
          "p_value": 0.0
        },
        "vjepa_2_1_vitg_peft_lora_encoder_minus_vjepa_2_1_vitg_surgery_raw_encoder": {
          "n": 1825,
          "delta_mean": 2.2e-05,
          "delta_ci_lo": -5.4e-05,
          "delta_ci_hi": 0.000101,
          "p_value": 0.5624
        },
        "vjepa_2_1_vitg_peft_lora_encoder_minus_vjepa_2_1_vitg_surgical_3stage_DI_diheavy_encoder": {
          "n": 1825,
          "delta_mean": 0.000319,
          "delta_ci_lo": 0.000226,
          "delta_ci_hi": 0.000413,
          "p_value": 0.0
        },
        "vjepa_2_1_vitg_peft_lora_encoder_minus_vjepa_2_1_vitg_surgical_3stage_DI_encoder": {
          "n": 1825,
          "delta_mean": 0.000197,
          "delta_ci_lo": 0.000103,
          "delta_ci_hi": 0.000292,
          "p_value": 0.0002
        },
        "vjepa_2_1_vitg_peft_lora_encoder_minus_vjepa_2_1_vitg_surgical_3stage_DI_intervene_encoder": {
          "n": 1825,
          "delta_mean": -0.000142,
          "delta_ci_lo": -0.000222,
          "delta_ci_hi": -5.7e-05,
          "p_value": 0.0008
        },
        "vjepa_2_1_vitg_peft_lora_encoder_minus_vjepa_2_1_vitg_surgical_autorgn_encoder": {
          "n": 1825,
          "delta_mean": 8.9e-05,
          "delta_ci_lo": 4e-05,
          "delta_ci_hi": 0.000141,
          "p_value": 0.0004
        },
        "vjepa_2_1_vitg_pretrain_encoder_minus_vjepa_2_1_vitg_surgery_raw_encoder": {
          "n": 1825,
          "delta_mean": -0.000964,
          "delta_ci_lo": -0.001045,
          "delta_ci_hi": -0.00089,
          "p_value": 0.0
        },
        "vjepa_2_1_vitg_pretrain_encoder_minus_vjepa_2_1_vitg_surgical_3stage_DI_diheavy_encoder": {
          "n": 1825,
          "delta_mean": -0.000667,
          "delta_ci_lo": -0.000745,
          "delta_ci_hi": -0.000595,
          "p_value": 0.0
        },
        "vjepa_2_1_vitg_pretrain_encoder_minus_vjepa_2_1_vitg_surgical_3stage_DI_encoder": {
          "n": 1825,
          "delta_mean": -0.000789,
          "delta_ci_lo": -0.000867,
          "delta_ci_hi": -0.000716,
          "p_value": 0.0
        },
        "vjepa_2_1_vitg_pretrain_encoder_minus_vjepa_2_1_vitg_surgical_3stage_DI_intervene_encoder": {
          "n": 1825,
          "delta_mean": -0.001128,
          "delta_ci_lo": -0.001209,
          "delta_ci_hi": -0.001052,
          "p_value": 0.0
        },
        "vjepa_2_1_vitg_pretrain_encoder_minus_vjepa_2_1_vitg_surgical_autorgn_encoder": {
          "n": 1825,
          "delta_mean": -0.000897,
          "delta_ci_lo": -0.000991,
          "delta_ci_hi": -0.00081,
          "p_value": 0.0
        },
        "vjepa_2_1_vitg_surgery_raw_encoder_minus_vjepa_2_1_vitg_surgical_3stage_DI_diheavy_encoder": {
          "n": 1825,
          "delta_mean": 0.000297,
          "delta_ci_lo": 0.000253,
          "delta_ci_hi": 0.000339,
          "p_value": 0.0
        },
        "vjepa_2_1_vitg_surgery_raw_encoder_minus_vjepa_2_1_vitg_surgical_3stage_DI_encoder": {
          "n": 1825,
          "delta_mean": 0.000175,
          "delta_ci_lo": 0.000133,
          "delta_ci_hi": 0.000217,
          "p_value": 0.0
        },
        "vjepa_2_1_vitg_surgery_raw_encoder_minus_vjepa_2_1_vitg_surgical_3stage_DI_intervene_encoder": {
          "n": 1825,
          "delta_mean": -0.000164,
          "delta_ci_lo": -0.000206,
          "delta_ci_hi": -0.000122,
          "p_value": 0.0
        },
        "vjepa_2_1_vitg_surgery_raw_encoder_minus_vjepa_2_1_vitg_surgical_autorgn_encoder": {
          "n": 1825,
          "delta_mean": 6.7e-05,
          "delta_ci_lo": 3e-06,
          "delta_ci_hi": 0.000134,
          "p_value": 0.0438
        },
        "vjepa_2_1_vitg_surgical_3stage_DI_diheavy_encoder_minus_vjepa_2_1_vitg_surgical_3stage_DI_encoder": {
          "n": 1825,
          "delta_mean": -0.000122,
          "delta_ci_lo": -0.000157,
          "delta_ci_hi": -8.6e-05,
          "p_value": 0.0
        },
        "vjepa_2_1_vitg_surgical_3stage_DI_diheavy_encoder_minus_vjepa_2_1_vitg_surgical_3stage_DI_intervene_encoder": {
          "n": 1825,
          "delta_mean": -0.000461,
          "delta_ci_lo": -0.000504,
          "delta_ci_hi": -0.000418,
          "p_value": 0.0
        },
        "vjepa_2_1_vitg_surgical_3stage_DI_diheavy_encoder_minus_vjepa_2_1_vitg_surgical_autorgn_encoder": {
          "n": 1825,
          "delta_mean": -0.00023,
          "delta_ci_lo": -0.000308,
          "delta_ci_hi": -0.000149,
          "p_value": 0.0
        },
        "vjepa_2_1_vitg_surgical_3stage_DI_encoder_minus_vjepa_2_1_vitg_surgical_3stage_DI_intervene_encoder": {
          "n": 1825,
          "delta_mean": -0.000339,
          "delta_ci_lo": -0.000375,
          "delta_ci_hi": -0.000303,
          "p_value": 0.0
        },
        "vjepa_2_1_vitg_surgical_3stage_DI_encoder_minus_vjepa_2_1_vitg_surgical_autorgn_encoder": {
          "n": 1825,
          "delta_mean": -0.000108,
          "delta_ci_lo": -0.000185,
          "delta_ci_hi": -2.9e-05,
          "p_value": 0.0066
        },
        "vjepa_2_1_vitg_surgical_3stage_DI_intervene_encoder_minus_vjepa_2_1_vitg_surgical_autorgn_encoder": {
          "n": 1825,
          "delta_mean": 0.000231,
          "delta_ci_lo": 0.000161,
          "delta_ci_hi": 0.0003,
          "p_value": 0.0
        }
      },
      "lower_is_better": true
    },
    "teacher_free": {
      "by_variant": {
        "vjepa_2_1_vitg_frozen": {
          "variant": "vjepa_2_1_vitg_frozen",
          "metric": "teacher_free",
          "n_test": 1825,
          "mean": 0.043995,
          "std": 0.011122,
          "ci": {
            "mean": 0.043995,
            "ci_lo": 0.043485,
            "ci_hi": 0.044511,
            "ci_half": 0.000513
          },
          "lower_is_better": true,
          "interpretation": "free\u2212teacher gap; lower = less exposure bias",
          "num_frames": 16,
          "encoder_ckpt": "checkpoints/vjepa2_1_vitg_384.pt"
        },
        "vjepa_2_1_vitg_full_ft_encoder": {
          "variant": "vjepa_2_1_vitg_full_ft_encoder",
          "metric": "teacher_free",
          "n_test": 1825,
          "mean": 0.03936,
          "std": 0.013451,
          "ci": {
            "mean": 0.03936,
            "ci_lo": 0.038746,
            "ci_hi": 0.03999,
            "ci_half": 0.000622
          },
          "lower_is_better": true,
          "interpretation": "free\u2212teacher gap; lower = less exposure bias",
          "num_frames": 16,
          "encoder_ckpt": "outputs/poc/vjepa_2_1_vitg_1B/train/m09f_full_ft_encoder/m09c_ckpt_best.pt"
        },
        "vjepa_2_1_vitg_lpft_encoder": {
          "variant": "vjepa_2_1_vitg_lpft_encoder",
          "metric": "teacher_free",
          "n_test": 1825,
          "mean": 0.037713,
          "std": 0.013269,
          "ci": {
            "mean": 0.037713,
            "ci_lo": 0.037115,
            "ci_hi": 0.038346,
            "ci_half": 0.000616
          },
          "lower_is_better": true,
          "interpretation": "free\u2212teacher gap; lower = less exposure bias",
          "num_frames": 16,
          "encoder_ckpt": "outputs/poc/vjepa_2_1_vitg_1B/train/m09f_lpft_encoder/m09c_ckpt_best.pt"
        },
        "vjepa_2_1_vitg_peft_dora_encoder": {
          "variant": "vjepa_2_1_vitg_peft_dora_encoder",
          "metric": "teacher_free",
          "n_test": 1825,
          "mean": 0.03587,
          "std": 0.014013,
          "ci": {
            "mean": 0.03587,
            "ci_lo": 0.03525,
            "ci_hi": 0.036544,
            "ci_half": 0.000647
          },
          "lower_is_better": true,
          "interpretation": "free\u2212teacher gap; lower = less exposure bias",
          "num_frames": 16,
          "encoder_ckpt": "outputs/poc/vjepa_2_1_vitg_1B/train/m09b_peft_dora_encoder/m09c_ckpt_best.pt"
        },
        "vjepa_2_1_vitg_peft_lora_encoder": {
          "variant": "vjepa_2_1_vitg_peft_lora_encoder",
          "metric": "teacher_free",
          "n_test": 1825,
          "mean": 0.036089,
          "std": 0.013947,
          "ci": {
            "mean": 0.036089,
            "ci_lo": 0.035459,
            "ci_hi": 0.036758,
            "ci_half": 0.000649
          },
          "lower_is_better": true,
          "interpretation": "free\u2212teacher gap; lower = less exposure bias",
          "num_frames": 16,
          "encoder_ckpt": "outputs/poc/vjepa_2_1_vitg_1B/train/m09b_peft_lora_encoder/m09c_ckpt_best.pt"
        },
        "vjepa_2_1_vitg_pretrain_encoder": {
          "variant": "vjepa_2_1_vitg_pretrain_encoder",
          "metric": "teacher_free",
          "n_test": 1825,
          "mean": 0.037375,
          "std": 0.012105,
          "ci": {
            "mean": 0.037375,
            "ci_lo": 0.036824,
            "ci_hi": 0.037942,
            "ci_half": 0.000559
          },
          "lower_is_better": true,
          "interpretation": "free\u2212teacher gap; lower = less exposure bias",
          "num_frames": 16,
          "encoder_ckpt": "outputs/poc/vjepa_2_1_vitg_1B/train/m09a_pretrain_encoder/m09a_ckpt_best.pt"
        },
        "vjepa_2_1_vitg_surgery_raw_encoder": {
          "variant": "vjepa_2_1_vitg_surgery_raw_encoder",
          "metric": "teacher_free",
          "n_test": 1825,
          "mean": 0.035267,
          "std": 0.014317,
          "ci": {
            "mean": 0.035267,
            "ci_lo": 0.034626,
            "ci_hi": 0.035943,
            "ci_half": 0.000658
          },
          "lower_is_better": true,
          "interpretation": "free\u2212teacher gap; lower = less exposure bias",
          "num_frames": 16,
          "encoder_ckpt": "outputs/poc/vjepa_2_1_vitg_1B/train/m09c_surgery_raw_encoder/m09c_ckpt_best.pt"
        },
        "vjepa_2_1_vitg_surgical_3stage_DI_diheavy_encoder": {
          "variant": "vjepa_2_1_vitg_surgical_3stage_DI_diheavy_encoder",
          "metric": "teacher_free",
          "n_test": 1825,
          "mean": 0.034495,
          "std": 0.013841,
          "ci": {
            "mean": 0.034495,
            "ci_lo": 0.03387,
            "ci_hi": 0.035144,
            "ci_half": 0.000637
          },
          "lower_is_better": true,
          "interpretation": "free\u2212teacher gap; lower = less exposure bias",
          "num_frames": 16,
          "encoder_ckpt": "outputs/poc/vjepa_2_1_vitg_1B/train/m09c_surgery_3stage_DI_diheavy_encoder/m09c_ckpt_best.pt"
        },
        "vjepa_2_1_vitg_surgical_3stage_DI_encoder": {
          "variant": "vjepa_2_1_vitg_surgical_3stage_DI_encoder",
          "metric": "teacher_free",
          "n_test": 1825,
          "mean": 0.038154,
          "std": 0.013944,
          "ci": {
            "mean": 0.038154,
            "ci_lo": 0.037542,
            "ci_hi": 0.038825,
            "ci_half": 0.000642
          },
          "lower_is_better": true,
          "interpretation": "free\u2212teacher gap; lower = less exposure bias",
          "num_frames": 16,
          "encoder_ckpt": "outputs/poc/vjepa_2_1_vitg_1B/train/m09c_surgery_3stage_DI_encoder/m09c_ckpt_best.pt"
        },
        "vjepa_2_1_vitg_surgical_autorgn_encoder": {
          "variant": "vjepa_2_1_vitg_surgical_autorgn_encoder",
          "metric": "teacher_free",
          "n_test": 1825,
          "mean": 0.038864,
          "std": 0.013711,
          "ci": {
            "mean": 0.038864,
            "ci_lo": 0.038227,
            "ci_hi": 0.039496,
            "ci_half": 0.000634
          },
          "lower_is_better": true,
          "interpretation": "free\u2212teacher gap; lower = less exposure bias",
          "num_frames": 16,
          "encoder_ckpt": "outputs/poc/vjepa_2_1_vitg_1B/train/m09e_autorgn_encoder/m09c_ckpt_best.pt"
        }
      },
      "pairwise_deltas": {
        "vjepa_2_1_vitg_frozen_minus_vjepa_2_1_vitg_full_ft_encoder": {
          "n": 1825,
          "delta_mean": 0.004635,
          "delta_ci_lo": 0.004285,
          "delta_ci_hi": 0.004997,
          "p_value": 0.0
        },
        "vjepa_2_1_vitg_frozen_minus_vjepa_2_1_vitg_lpft_encoder": {
          "n": 1825,
          "delta_mean": 0.006282,
          "delta_ci_lo": 0.005938,
          "delta_ci_hi": 0.006641,
          "p_value": 0.0
        },
        "vjepa_2_1_vitg_frozen_minus_vjepa_2_1_vitg_peft_dora_encoder": {
          "n": 1825,
          "delta_mean": 0.008126,
          "delta_ci_lo": 0.007746,
          "delta_ci_hi": 0.00851,
          "p_value": 0.0
        },
        "vjepa_2_1_vitg_frozen_minus_vjepa_2_1_vitg_peft_lora_encoder": {
          "n": 1825,
          "delta_mean": 0.007906,
          "delta_ci_lo": 0.007531,
          "delta_ci_hi": 0.00829,
          "p_value": 0.0
        },
        "vjepa_2_1_vitg_frozen_minus_vjepa_2_1_vitg_pretrain_encoder": {
          "n": 1825,
          "delta_mean": 0.00662,
          "delta_ci_lo": 0.006296,
          "delta_ci_hi": 0.006961,
          "p_value": 0.0
        },
        "vjepa_2_1_vitg_frozen_minus_vjepa_2_1_vitg_surgery_raw_encoder": {
          "n": 1825,
          "delta_mean": 0.008728,
          "delta_ci_lo": 0.008381,
          "delta_ci_hi": 0.009078,
          "p_value": 0.0
        },
        "vjepa_2_1_vitg_frozen_minus_vjepa_2_1_vitg_surgical_3stage_DI_diheavy_encoder": {
          "n": 1825,
          "delta_mean": 0.0095,
          "delta_ci_lo": 0.009173,
          "delta_ci_hi": 0.009836,
          "p_value": 0.0
        },
        "vjepa_2_1_vitg_frozen_minus_vjepa_2_1_vitg_surgical_3stage_DI_encoder": {
          "n": 1825,
          "delta_mean": 0.005842,
          "delta_ci_lo": 0.005528,
          "delta_ci_hi": 0.006166,
          "p_value": 0.0
        },
        "vjepa_2_1_vitg_frozen_minus_vjepa_2_1_vitg_surgical_autorgn_encoder": {
          "n": 1825,
          "delta_mean": 0.005132,
          "delta_ci_lo": 0.004778,
          "delta_ci_hi": 0.005484,
          "p_value": 0.0
        },
        "vjepa_2_1_vitg_full_ft_encoder_minus_vjepa_2_1_vitg_lpft_encoder": {
          "n": 1825,
          "delta_mean": 0.001647,
          "delta_ci_lo": 0.001484,
          "delta_ci_hi": 0.001805,
          "p_value": 0.0
        },
        "vjepa_2_1_vitg_full_ft_encoder_minus_vjepa_2_1_vitg_peft_dora_encoder": {
          "n": 1825,
          "delta_mean": 0.003491,
          "delta_ci_lo": 0.003321,
          "delta_ci_hi": 0.003654,
          "p_value": 0.0
        },
        "vjepa_2_1_vitg_full_ft_encoder_minus_vjepa_2_1_vitg_peft_lora_encoder": {
          "n": 1825,
          "delta_mean": 0.003271,
          "delta_ci_lo": 0.003095,
          "delta_ci_hi": 0.003437,
          "p_value": 0.0
        },
        "vjepa_2_1_vitg_full_ft_encoder_minus_vjepa_2_1_vitg_pretrain_encoder": {
          "n": 1825,
          "delta_mean": 0.001985,
          "delta_ci_lo": 0.001694,
          "delta_ci_hi": 0.002276,
          "p_value": 0.0
        },
        "vjepa_2_1_vitg_full_ft_encoder_minus_vjepa_2_1_vitg_surgery_raw_encoder": {
          "n": 1825,
          "delta_mean": 0.004093,
          "delta_ci_lo": 0.003884,
          "delta_ci_hi": 0.004303,
          "p_value": 0.0
        },
        "vjepa_2_1_vitg_full_ft_encoder_minus_vjepa_2_1_vitg_surgical_3stage_DI_diheavy_encoder": {
          "n": 1825,
          "delta_mean": 0.004865,
          "delta_ci_lo": 0.00463,
          "delta_ci_hi": 0.005104,
          "p_value": 0.0
        },
        "vjepa_2_1_vitg_full_ft_encoder_minus_vjepa_2_1_vitg_surgical_3stage_DI_encoder": {
          "n": 1825,
          "delta_mean": 0.001207,
          "delta_ci_lo": 0.000908,
          "delta_ci_hi": 0.001499,
          "p_value": 0.0
        },
        "vjepa_2_1_vitg_full_ft_encoder_minus_vjepa_2_1_vitg_surgical_autorgn_encoder": {
          "n": 1825,
          "delta_mean": 0.000497,
          "delta_ci_lo": 0.000341,
          "delta_ci_hi": 0.000647,
          "p_value": 0.0
        },
        "vjepa_2_1_vitg_lpft_encoder_minus_vjepa_2_1_vitg_peft_dora_encoder": {
          "n": 1825,
          "delta_mean": 0.001844,
          "delta_ci_lo": 0.001641,
          "delta_ci_hi": 0.002057,
          "p_value": 0.0
        },
        "vjepa_2_1_vitg_lpft_encoder_minus_vjepa_2_1_vitg_peft_lora_encoder": {
          "n": 1825,
          "delta_mean": 0.001624,
          "delta_ci_lo": 0.001416,
          "delta_ci_hi": 0.001838,
          "p_value": 0.0
        },
        "vjepa_2_1_vitg_lpft_encoder_minus_vjepa_2_1_vitg_pretrain_encoder": {
          "n": 1825,
          "delta_mean": 0.000338,
          "delta_ci_lo": 7.2e-05,
          "delta_ci_hi": 0.000609,
          "p_value": 0.0086
        },
        "vjepa_2_1_vitg_lpft_encoder_minus_vjepa_2_1_vitg_surgery_raw_encoder": {
          "n": 1825,
          "delta_mean": 0.002446,
          "delta_ci_lo": 0.002234,
          "delta_ci_hi": 0.002661,
          "p_value": 0.0
        },
        "vjepa_2_1_vitg_lpft_encoder_minus_vjepa_2_1_vitg_surgical_3stage_DI_diheavy_encoder": {
          "n": 1825,
          "delta_mean": 0.003218,
          "delta_ci_lo": 0.002977,
          "delta_ci_hi": 0.003452,
          "p_value": 0.0
        },
        "vjepa_2_1_vitg_lpft_encoder_minus_vjepa_2_1_vitg_surgical_3stage_DI_encoder": {
          "n": 1825,
          "delta_mean": -0.00044,
          "delta_ci_lo": -0.000738,
          "delta_ci_hi": -0.000166,
          "p_value": 0.0014
        },
        "vjepa_2_1_vitg_lpft_encoder_minus_vjepa_2_1_vitg_surgical_autorgn_encoder": {
          "n": 1825,
          "delta_mean": -0.00115,
          "delta_ci_lo": -0.001308,
          "delta_ci_hi": -0.000998,
          "p_value": 0.0
        },
        "vjepa_2_1_vitg_peft_dora_encoder_minus_vjepa_2_1_vitg_peft_lora_encoder": {
          "n": 1825,
          "delta_mean": -0.00022,
          "delta_ci_lo": -0.000263,
          "delta_ci_hi": -0.000176,
          "p_value": 0.0
        },
        "vjepa_2_1_vitg_peft_dora_encoder_minus_vjepa_2_1_vitg_pretrain_encoder": {
          "n": 1825,
          "delta_mean": -0.001506,
          "delta_ci_lo": -0.001817,
          "delta_ci_hi": -0.001186,
          "p_value": 0.0
        },
        "vjepa_2_1_vitg_peft_dora_encoder_minus_vjepa_2_1_vitg_surgery_raw_encoder": {
          "n": 1825,
          "delta_mean": 0.000602,
          "delta_ci_lo": 0.000432,
          "delta_ci_hi": 0.000778,
          "p_value": 0.0
        },
        "vjepa_2_1_vitg_peft_dora_encoder_minus_vjepa_2_1_vitg_surgical_3stage_DI_diheavy_encoder": {
          "n": 1825,
          "delta_mean": 0.001375,
          "delta_ci_lo": 0.001137,
          "delta_ci_hi": 0.00162,
          "p_value": 0.0
        },
        "vjepa_2_1_vitg_peft_dora_encoder_minus_vjepa_2_1_vitg_surgical_3stage_DI_encoder": {
          "n": 1825,
          "delta_mean": -0.002284,
          "delta_ci_lo": -0.002598,
          "delta_ci_hi": -0.001969,
          "p_value": 0.0
        },
        "vjepa_2_1_vitg_peft_dora_encoder_minus_vjepa_2_1_vitg_surgical_autorgn_encoder": {
          "n": 1825,
          "delta_mean": -0.002994,
          "delta_ci_lo": -0.003199,
          "delta_ci_hi": -0.002786,
          "p_value": 0.0
        },
        "vjepa_2_1_vitg_peft_lora_encoder_minus_vjepa_2_1_vitg_pretrain_encoder": {
          "n": 1825,
          "delta_mean": -0.001286,
          "delta_ci_lo": -0.001603,
          "delta_ci_hi": -0.000958,
          "p_value": 0.0
        },
        "vjepa_2_1_vitg_peft_lora_encoder_minus_vjepa_2_1_vitg_surgery_raw_encoder": {
          "n": 1825,
          "delta_mean": 0.000822,
          "delta_ci_lo": 0.000651,
          "delta_ci_hi": 0.000997,
          "p_value": 0.0
        },
        "vjepa_2_1_vitg_peft_lora_encoder_minus_vjepa_2_1_vitg_surgical_3stage_DI_diheavy_encoder": {
          "n": 1825,
          "delta_mean": 0.001594,
          "delta_ci_lo": 0.001352,
          "delta_ci_hi": 0.001845,
          "p_value": 0.0
        },
        "vjepa_2_1_vitg_peft_lora_encoder_minus_vjepa_2_1_vitg_surgical_3stage_DI_encoder": {
          "n": 1825,
          "delta_mean": -0.002064,
          "delta_ci_lo": -0.002377,
          "delta_ci_hi": -0.001753,
          "p_value": 0.0
        },
        "vjepa_2_1_vitg_peft_lora_encoder_minus_vjepa_2_1_vitg_surgical_autorgn_encoder": {
          "n": 1825,
          "delta_mean": -0.002774,
          "delta_ci_lo": -0.002982,
          "delta_ci_hi": -0.002565,
          "p_value": 0.0
        },
        "vjepa_2_1_vitg_pretrain_encoder_minus_vjepa_2_1_vitg_surgery_raw_encoder": {
          "n": 1825,
          "delta_mean": 0.002108,
          "delta_ci_lo": 0.001797,
          "delta_ci_hi": 0.002401,
          "p_value": 0.0
        },
        "vjepa_2_1_vitg_pretrain_encoder_minus_vjepa_2_1_vitg_surgical_3stage_DI_diheavy_encoder": {
          "n": 1825,
          "delta_mean": 0.002881,
          "delta_ci_lo": 0.002599,
          "delta_ci_hi": 0.003146,
          "p_value": 0.0
        },
        "vjepa_2_1_vitg_pretrain_encoder_minus_vjepa_2_1_vitg_surgical_3stage_DI_encoder": {
          "n": 1825,
          "delta_mean": -0.000778,
          "delta_ci_lo": -0.001136,
          "delta_ci_hi": -0.000447,
          "p_value": 0.0
        },
        "vjepa_2_1_vitg_pretrain_encoder_minus_vjepa_2_1_vitg_surgical_autorgn_encoder": {
          "n": 1825,
          "delta_mean": -0.001488,
          "delta_ci_lo": -0.001756,
          "delta_ci_hi": -0.001227,
          "p_value": 0.0
        },
        "vjepa_2_1_vitg_surgery_raw_encoder_minus_vjepa_2_1_vitg_surgical_3stage_DI_diheavy_encoder": {
          "n": 1825,
          "delta_mean": 0.000772,
          "delta_ci_lo": 0.000579,
          "delta_ci_hi": 0.000973,
          "p_value": 0.0
        },
        "vjepa_2_1_vitg_surgery_raw_encoder_minus_vjepa_2_1_vitg_surgical_3stage_DI_encoder": {
          "n": 1825,
          "delta_mean": -0.002887,
          "delta_ci_lo": -0.003137,
          "delta_ci_hi": -0.002654,
          "p_value": 0.0
        },
        "vjepa_2_1_vitg_surgery_raw_encoder_minus_vjepa_2_1_vitg_surgical_autorgn_encoder": {
          "n": 1825,
          "delta_mean": -0.003597,
          "delta_ci_lo": -0.003791,
          "delta_ci_hi": -0.003394,
          "p_value": 0.0
        },
        "vjepa_2_1_vitg_surgical_3stage_DI_diheavy_encoder_minus_vjepa_2_1_vitg_surgical_3stage_DI_encoder": {
          "n": 1825,
          "delta_mean": -0.003659,
          "delta_ci_lo": -0.003851,
          "delta_ci_hi": -0.003474,
          "p_value": 0.0
        },
        "vjepa_2_1_vitg_surgical_3stage_DI_diheavy_encoder_minus_vjepa_2_1_vitg_surgical_autorgn_encoder": {
          "n": 1825,
          "delta_mean": -0.004369,
          "delta_ci_lo": -0.004566,
          "delta_ci_hi": -0.004172,
          "p_value": 0.0
        },
        "vjepa_2_1_vitg_surgical_3stage_DI_encoder_minus_vjepa_2_1_vitg_surgical_autorgn_encoder": {
          "n": 1825,
          "delta_mean": -0.00071,
          "delta_ci_lo": -0.000954,
          "delta_ci_hi": -0.000444,
          "p_value": 0.0
        }
      },
      "lower_is_better": true
    },
    "maskratio": {
      "by_variant": {
        "vjepa_2_1_vitg_frozen": {
          "variant": "vjepa_2_1_vitg_frozen",
          "metric": "maskratio",
          "n_test": 1825,
          "mean": 0.06511,
          "std": 0.014649,
          "ci": {
            "mean": 0.06511,
            "ci_lo": 0.064457,
            "ci_hi": 0.065764,
            "ci_half": 0.000654
          },
          "lower_is_better": true,
          "interpretation": "L1-vs-maskratio slope; lower = graceful degrade",
          "num_frames": 16,
          "encoder_ckpt": "checkpoints/vjepa2_1_vitg_384.pt"
        },
        "vjepa_2_1_vitg_full_ft_encoder": {
          "variant": "vjepa_2_1_vitg_full_ft_encoder",
          "metric": "maskratio",
          "n_test": 1825,
          "mean": 0.057238,
          "std": 0.01376,
          "ci": {
            "mean": 0.057238,
            "ci_lo": 0.056603,
            "ci_hi": 0.057857,
            "ci_half": 0.000627
          },
          "lower_is_better": true,
          "interpretation": "L1-vs-maskratio slope; lower = graceful degrade",
          "num_frames": 16,
          "encoder_ckpt": "outputs/poc/vjepa_2_1_vitg_1B/train/m09f_full_ft_encoder/m09c_ckpt_best.pt"
        },
        "vjepa_2_1_vitg_lpft_encoder": {
          "variant": "vjepa_2_1_vitg_lpft_encoder",
          "metric": "maskratio",
          "n_test": 1825,
          "mean": 0.056247,
          "std": 0.012675,
          "ci": {
            "mean": 0.056247,
            "ci_lo": 0.055656,
            "ci_hi": 0.05683,
            "ci_half": 0.000587
          },
          "lower_is_better": true,
          "interpretation": "L1-vs-maskratio slope; lower = graceful degrade",
          "num_frames": 16,
          "encoder_ckpt": "outputs/poc/vjepa_2_1_vitg_1B/train/m09f_lpft_encoder/m09c_ckpt_best.pt"
        },
        "vjepa_2_1_vitg_peft_dora_encoder": {
          "variant": "vjepa_2_1_vitg_peft_dora_encoder",
          "metric": "maskratio",
          "n_test": 1825,
          "mean": 0.053058,
          "std": 0.012687,
          "ci": {
            "mean": 0.053058,
            "ci_lo": 0.052483,
            "ci_hi": 0.053647,
            "ci_half": 0.000582
          },
          "lower_is_better": true,
          "interpretation": "L1-vs-maskratio slope; lower = graceful degrade",
          "num_frames": 16,
          "encoder_ckpt": "outputs/poc/vjepa_2_1_vitg_1B/train/m09b_peft_dora_encoder/m09c_ckpt_best.pt"
        },
        "vjepa_2_1_vitg_peft_lora_encoder": {
          "variant": "vjepa_2_1_vitg_peft_lora_encoder",
          "metric": "maskratio",
          "n_test": 1825,
          "mean": 0.054193,
          "std": 0.012909,
          "ci": {
            "mean": 0.054193,
            "ci_lo": 0.053601,
            "ci_hi": 0.054793,
            "ci_half": 0.000596
          },
          "lower_is_better": true,
          "interpretation": "L1-vs-maskratio slope; lower = graceful degrade",
          "num_frames": 16,
          "encoder_ckpt": "outputs/poc/vjepa_2_1_vitg_1B/train/m09b_peft_lora_encoder/m09c_ckpt_best.pt"
        },
        "vjepa_2_1_vitg_pretrain_encoder": {
          "variant": "vjepa_2_1_vitg_pretrain_encoder",
          "metric": "maskratio",
          "n_test": 1825,
          "mean": 0.0586,
          "std": 0.013443,
          "ci": {
            "mean": 0.0586,
            "ci_lo": 0.057976,
            "ci_hi": 0.059217,
            "ci_half": 0.000621
          },
          "lower_is_better": true,
          "interpretation": "L1-vs-maskratio slope; lower = graceful degrade",
          "num_frames": 16,
          "encoder_ckpt": "outputs/poc/vjepa_2_1_vitg_1B/train/m09a_pretrain_encoder/m09a_ckpt_best.pt"
        },
        "vjepa_2_1_vitg_surgery_raw_encoder": {
          "variant": "vjepa_2_1_vitg_surgery_raw_encoder",
          "metric": "maskratio",
          "n_test": 1825,
          "mean": 0.052793,
          "std": 0.013477,
          "ci": {
            "mean": 0.052793,
            "ci_lo": 0.052173,
            "ci_hi": 0.053397,
            "ci_half": 0.000612
          },
          "lower_is_better": true,
          "interpretation": "L1-vs-maskratio slope; lower = graceful degrade",
          "num_frames": 16,
          "encoder_ckpt": "outputs/poc/vjepa_2_1_vitg_1B/train/m09c_surgery_raw_encoder/m09c_ckpt_best.pt"
        },
        "vjepa_2_1_vitg_surgical_3stage_DI_diheavy_encoder": {
          "variant": "vjepa_2_1_vitg_surgical_3stage_DI_diheavy_encoder",
          "metric": "maskratio",
          "n_test": 1825,
          "mean": 0.051519,
          "std": 0.012144,
          "ci": {
            "mean": 0.051519,
            "ci_lo": 0.050944,
            "ci_hi": 0.052069,
            "ci_half": 0.000563
          },
          "lower_is_better": true,
          "interpretation": "L1-vs-maskratio slope; lower = graceful degrade",
          "num_frames": 16,
          "encoder_ckpt": "outputs/poc/vjepa_2_1_vitg_1B/train/m09c_surgery_3stage_DI_diheavy_encoder/m09c_ckpt_best.pt"
        },
        "vjepa_2_1_vitg_surgical_3stage_DI_encoder": {
          "variant": "vjepa_2_1_vitg_surgical_3stage_DI_encoder",
          "metric": "maskratio",
          "n_test": 1825,
          "mean": 0.054027,
          "std": 0.013155,
          "ci": {
            "mean": 0.054027,
            "ci_lo": 0.05344,
            "ci_hi": 0.054634,
            "ci_half": 0.000597
          },
          "lower_is_better": true,
          "interpretation": "L1-vs-maskratio slope; lower = graceful degrade",
          "num_frames": 16,
          "encoder_ckpt": "outputs/poc/vjepa_2_1_vitg_1B/train/m09c_surgery_3stage_DI_encoder/m09c_ckpt_best.pt"
        },
        "vjepa_2_1_vitg_surgical_autorgn_encoder": {
          "variant": "vjepa_2_1_vitg_surgical_autorgn_encoder",
          "metric": "maskratio",
          "n_test": 1825,
          "mean": 0.06247,
          "std": 0.015484,
          "ci": {
            "mean": 0.06247,
            "ci_lo": 0.061746,
            "ci_hi": 0.063171,
            "ci_half": 0.000713
          },
          "lower_is_better": true,
          "interpretation": "L1-vs-maskratio slope; lower = graceful degrade",
          "num_frames": 16,
          "encoder_ckpt": "outputs/poc/vjepa_2_1_vitg_1B/train/m09e_autorgn_encoder/m09c_ckpt_best.pt"
        }
      },
      "pairwise_deltas": {
        "vjepa_2_1_vitg_frozen_minus_vjepa_2_1_vitg_full_ft_encoder": {
          "n": 1825,
          "delta_mean": 0.007872,
          "delta_ci_lo": 0.007558,
          "delta_ci_hi": 0.008211,
          "p_value": 0.0
        },
        "vjepa_2_1_vitg_frozen_minus_vjepa_2_1_vitg_lpft_encoder": {
          "n": 1825,
          "delta_mean": 0.008863,
          "delta_ci_lo": 0.008569,
          "delta_ci_hi": 0.009176,
          "p_value": 0.0
        },
        "vjepa_2_1_vitg_frozen_minus_vjepa_2_1_vitg_peft_dora_encoder": {
          "n": 1825,
          "delta_mean": 0.012052,
          "delta_ci_lo": 0.011759,
          "delta_ci_hi": 0.01237,
          "p_value": 0.0
        },
        "vjepa_2_1_vitg_frozen_minus_vjepa_2_1_vitg_peft_lora_encoder": {
          "n": 1825,
          "delta_mean": 0.010917,
          "delta_ci_lo": 0.010624,
          "delta_ci_hi": 0.011231,
          "p_value": 0.0
        },
        "vjepa_2_1_vitg_frozen_minus_vjepa_2_1_vitg_pretrain_encoder": {
          "n": 1825,
          "delta_mean": 0.00651,
          "delta_ci_lo": 0.006269,
          "delta_ci_hi": 0.006765,
          "p_value": 0.0
        },
        "vjepa_2_1_vitg_frozen_minus_vjepa_2_1_vitg_surgery_raw_encoder": {
          "n": 1825,
          "delta_mean": 0.012317,
          "delta_ci_lo": 0.012047,
          "delta_ci_hi": 0.012609,
          "p_value": 0.0
        },
        "vjepa_2_1_vitg_frozen_minus_vjepa_2_1_vitg_surgical_3stage_DI_diheavy_encoder": {
          "n": 1825,
          "delta_mean": 0.01359,
          "delta_ci_lo": 0.013323,
          "delta_ci_hi": 0.013892,
          "p_value": 0.0
        },
        "vjepa_2_1_vitg_frozen_minus_vjepa_2_1_vitg_surgical_3stage_DI_encoder": {
          "n": 1825,
          "delta_mean": 0.011083,
          "delta_ci_lo": 0.010844,
          "delta_ci_hi": 0.011349,
          "p_value": 0.0
        },
        "vjepa_2_1_vitg_frozen_minus_vjepa_2_1_vitg_surgical_autorgn_encoder": {
          "n": 1825,
          "delta_mean": 0.00264,
          "delta_ci_lo": 0.00238,
          "delta_ci_hi": 0.002909,
          "p_value": 0.0
        },
        "vjepa_2_1_vitg_full_ft_encoder_minus_vjepa_2_1_vitg_lpft_encoder": {
          "n": 1825,
          "delta_mean": 0.000992,
          "delta_ci_lo": 0.000825,
          "delta_ci_hi": 0.001165,
          "p_value": 0.0
        },
        "vjepa_2_1_vitg_full_ft_encoder_minus_vjepa_2_1_vitg_peft_dora_encoder": {
          "n": 1825,
          "delta_mean": 0.004181,
          "delta_ci_lo": 0.004008,
          "delta_ci_hi": 0.004351,
          "p_value": 0.0
        },
        "vjepa_2_1_vitg_full_ft_encoder_minus_vjepa_2_1_vitg_peft_lora_encoder": {
          "n": 1825,
          "delta_mean": 0.003045,
          "delta_ci_lo": 0.002876,
          "delta_ci_hi": 0.003218,
          "p_value": 0.0
        },
        "vjepa_2_1_vitg_full_ft_encoder_minus_vjepa_2_1_vitg_pretrain_encoder": {
          "n": 1825,
          "delta_mean": -0.001362,
          "delta_ci_lo": -0.001561,
          "delta_ci_hi": -0.001171,
          "p_value": 0.0
        },
        "vjepa_2_1_vitg_full_ft_encoder_minus_vjepa_2_1_vitg_surgery_raw_encoder": {
          "n": 1825,
          "delta_mean": 0.004446,
          "delta_ci_lo": 0.004233,
          "delta_ci_hi": 0.004652,
          "p_value": 0.0
        },
        "vjepa_2_1_vitg_full_ft_encoder_minus_vjepa_2_1_vitg_surgical_3stage_DI_diheavy_encoder": {
          "n": 1825,
          "delta_mean": 0.005719,
          "delta_ci_lo": 0.005504,
          "delta_ci_hi": 0.005935,
          "p_value": 0.0
        },
        "vjepa_2_1_vitg_full_ft_encoder_minus_vjepa_2_1_vitg_surgical_3stage_DI_encoder": {
          "n": 1825,
          "delta_mean": 0.003211,
          "delta_ci_lo": 0.003014,
          "delta_ci_hi": 0.003403,
          "p_value": 0.0
        },
        "vjepa_2_1_vitg_full_ft_encoder_minus_vjepa_2_1_vitg_surgical_autorgn_encoder": {
          "n": 1825,
          "delta_mean": -0.005232,
          "delta_ci_lo": -0.00543,
          "delta_ci_hi": -0.005042,
          "p_value": 0.0
        },
        "vjepa_2_1_vitg_lpft_encoder_minus_vjepa_2_1_vitg_peft_dora_encoder": {
          "n": 1825,
          "delta_mean": 0.003189,
          "delta_ci_lo": 0.003058,
          "delta_ci_hi": 0.003313,
          "p_value": 0.0
        },
        "vjepa_2_1_vitg_lpft_encoder_minus_vjepa_2_1_vitg_peft_lora_encoder": {
          "n": 1825,
          "delta_mean": 0.002054,
          "delta_ci_lo": 0.001922,
          "delta_ci_hi": 0.002177,
          "p_value": 0.0
        },
        "vjepa_2_1_vitg_lpft_encoder_minus_vjepa_2_1_vitg_pretrain_encoder": {
          "n": 1825,
          "delta_mean": -0.002353,
          "delta_ci_lo": -0.002549,
          "delta_ci_hi": -0.002164,
          "p_value": 0.0
        },
        "vjepa_2_1_vitg_lpft_encoder_minus_vjepa_2_1_vitg_surgery_raw_encoder": {
          "n": 1825,
          "delta_mean": 0.003454,
          "delta_ci_lo": 0.003254,
          "delta_ci_hi": 0.003636,
          "p_value": 0.0
        },
        "vjepa_2_1_vitg_lpft_encoder_minus_vjepa_2_1_vitg_surgical_3stage_DI_diheavy_encoder": {
          "n": 1825,
          "delta_mean": 0.004727,
          "delta_ci_lo": 0.004539,
          "delta_ci_hi": 0.004911,
          "p_value": 0.0
        },
        "vjepa_2_1_vitg_lpft_encoder_minus_vjepa_2_1_vitg_surgical_3stage_DI_encoder": {
          "n": 1825,
          "delta_mean": 0.00222,
          "delta_ci_lo": 0.002036,
          "delta_ci_hi": 0.002388,
          "p_value": 0.0
        },
        "vjepa_2_1_vitg_lpft_encoder_minus_vjepa_2_1_vitg_surgical_autorgn_encoder": {
          "n": 1825,
          "delta_mean": -0.006224,
          "delta_ci_lo": -0.00644,
          "delta_ci_hi": -0.00602,
          "p_value": 0.0
        },
        "vjepa_2_1_vitg_peft_dora_encoder_minus_vjepa_2_1_vitg_peft_lora_encoder": {
          "n": 1825,
          "delta_mean": -0.001135,
          "delta_ci_lo": -0.001159,
          "delta_ci_hi": -0.00111,
          "p_value": 0.0
        },
        "vjepa_2_1_vitg_peft_dora_encoder_minus_vjepa_2_1_vitg_pretrain_encoder": {
          "n": 1825,
          "delta_mean": -0.005542,
          "delta_ci_lo": -0.005694,
          "delta_ci_hi": -0.005397,
          "p_value": 0.0
        },
        "vjepa_2_1_vitg_peft_dora_encoder_minus_vjepa_2_1_vitg_surgery_raw_encoder": {
          "n": 1825,
          "delta_mean": 0.000265,
          "delta_ci_lo": 0.000139,
          "delta_ci_hi": 0.000383,
          "p_value": 0.0
        },
        "vjepa_2_1_vitg_peft_dora_encoder_minus_vjepa_2_1_vitg_surgical_3stage_DI_diheavy_encoder": {
          "n": 1825,
          "delta_mean": 0.001538,
          "delta_ci_lo": 0.001398,
          "delta_ci_hi": 0.001676,
          "p_value": 0.0
        },
        "vjepa_2_1_vitg_peft_dora_encoder_minus_vjepa_2_1_vitg_surgical_3stage_DI_encoder": {
          "n": 1825,
          "delta_mean": -0.000969,
          "delta_ci_lo": -0.001107,
          "delta_ci_hi": -0.000833,
          "p_value": 0.0
        },
        "vjepa_2_1_vitg_peft_dora_encoder_minus_vjepa_2_1_vitg_surgical_autorgn_encoder": {
          "n": 1825,
          "delta_mean": -0.009413,
          "delta_ci_lo": -0.009618,
          "delta_ci_hi": -0.009207,
          "p_value": 0.0
        },
        "vjepa_2_1_vitg_peft_lora_encoder_minus_vjepa_2_1_vitg_pretrain_encoder": {
          "n": 1825,
          "delta_mean": -0.004407,
          "delta_ci_lo": -0.004557,
          "delta_ci_hi": -0.004259,
          "p_value": 0.0
        },
        "vjepa_2_1_vitg_peft_lora_encoder_minus_vjepa_2_1_vitg_surgery_raw_encoder": {
          "n": 1825,
          "delta_mean": 0.0014,
          "delta_ci_lo": 0.001276,
          "delta_ci_hi": 0.001516,
          "p_value": 0.0
        },
        "vjepa_2_1_vitg_peft_lora_encoder_minus_vjepa_2_1_vitg_surgical_3stage_DI_diheavy_encoder": {
          "n": 1825,
          "delta_mean": 0.002673,
          "delta_ci_lo": 0.002529,
          "delta_ci_hi": 0.002815,
          "p_value": 0.0
        },
        "vjepa_2_1_vitg_peft_lora_encoder_minus_vjepa_2_1_vitg_surgical_3stage_DI_encoder": {
          "n": 1825,
          "delta_mean": 0.000166,
          "delta_ci_lo": 3e-05,
          "delta_ci_hi": 0.000303,
          "p_value": 0.0154
        },
        "vjepa_2_1_vitg_peft_lora_encoder_minus_vjepa_2_1_vitg_surgical_autorgn_encoder": {
          "n": 1825,
          "delta_mean": -0.008277,
          "delta_ci_lo": -0.008477,
          "delta_ci_hi": -0.00808,
          "p_value": 0.0
        },
        "vjepa_2_1_vitg_pretrain_encoder_minus_vjepa_2_1_vitg_surgery_raw_encoder": {
          "n": 1825,
          "delta_mean": 0.005807,
          "delta_ci_lo": 0.00569,
          "delta_ci_hi": 0.005925,
          "p_value": 0.0
        },
        "vjepa_2_1_vitg_pretrain_encoder_minus_vjepa_2_1_vitg_surgical_3stage_DI_diheavy_encoder": {
          "n": 1825,
          "delta_mean": 0.00708,
          "delta_ci_lo": 0.006953,
          "delta_ci_hi": 0.007214,
          "p_value": 0.0
        },
        "vjepa_2_1_vitg_pretrain_encoder_minus_vjepa_2_1_vitg_surgical_3stage_DI_encoder": {
          "n": 1825,
          "delta_mean": 0.004573,
          "delta_ci_lo": 0.004479,
          "delta_ci_hi": 0.00467,
          "p_value": 0.0
        },
        "vjepa_2_1_vitg_pretrain_encoder_minus_vjepa_2_1_vitg_surgical_autorgn_encoder": {
          "n": 1825,
          "delta_mean": -0.00387,
          "delta_ci_lo": -0.004039,
          "delta_ci_hi": -0.003705,
          "p_value": 0.0
        },
        "vjepa_2_1_vitg_surgery_raw_encoder_minus_vjepa_2_1_vitg_surgical_3stage_DI_diheavy_encoder": {
          "n": 1825,
          "delta_mean": 0.001273,
          "delta_ci_lo": 0.001173,
          "delta_ci_hi": 0.001377,
          "p_value": 0.0
        },
        "vjepa_2_1_vitg_surgery_raw_encoder_minus_vjepa_2_1_vitg_surgical_3stage_DI_encoder": {
          "n": 1825,
          "delta_mean": -0.001234,
          "delta_ci_lo": -0.001327,
          "delta_ci_hi": -0.001146,
          "p_value": 0.0
        },
        "vjepa_2_1_vitg_surgery_raw_encoder_minus_vjepa_2_1_vitg_surgical_autorgn_encoder": {
          "n": 1825,
          "delta_mean": -0.009677,
          "delta_ci_lo": -0.009883,
          "delta_ci_hi": -0.009478,
          "p_value": 0.0
        },
        "vjepa_2_1_vitg_surgical_3stage_DI_diheavy_encoder_minus_vjepa_2_1_vitg_surgical_3stage_DI_encoder": {
          "n": 1825,
          "delta_mean": -0.002508,
          "delta_ci_lo": -0.00259,
          "delta_ci_hi": -0.002431,
          "p_value": 0.0
        },
        "vjepa_2_1_vitg_surgical_3stage_DI_diheavy_encoder_minus_vjepa_2_1_vitg_surgical_autorgn_encoder": {
          "n": 1825,
          "delta_mean": -0.010951,
          "delta_ci_lo": -0.011186,
          "delta_ci_hi": -0.010728,
          "p_value": 0.0
        },
        "vjepa_2_1_vitg_surgical_3stage_DI_encoder_minus_vjepa_2_1_vitg_surgical_autorgn_encoder": {
          "n": 1825,
          "delta_mean": -0.008443,
          "delta_ci_lo": -0.008625,
          "delta_ci_hi": -0.00827,
          "p_value": 0.0
        }
      },
      "lower_is_better": true
    },
    "order": {
      "by_variant": {
        "vjepa_2_1_vitg_frozen": {
          "variant": "vjepa_2_1_vitg_frozen",
          "metric": "order",
          "n_test": 1825,
          "mean": 0.022689,
          "std": 0.032714,
          "ci": {
            "mean": 0.022689,
            "ci_lo": 0.021195,
            "ci_hi": 0.024144,
            "ci_half": 0.001474
          },
          "lower_is_better": null,
          "interpretation": "shuffled\u2212ordered \u0394L1; sign = order reliance",
          "num_frames": 16,
          "encoder_ckpt": "checkpoints/vjepa2_1_vitg_384.pt"
        },
        "vjepa_2_1_vitg_full_ft_encoder": {
          "variant": "vjepa_2_1_vitg_full_ft_encoder",
          "metric": "order",
          "n_test": 1825,
          "mean": 0.025201,
          "std": 0.031234,
          "ci": {
            "mean": 0.025201,
            "ci_lo": 0.023777,
            "ci_hi": 0.026647,
            "ci_half": 0.001435
          },
          "lower_is_better": null,
          "interpretation": "shuffled\u2212ordered \u0394L1; sign = order reliance",
          "num_frames": 16,
          "encoder_ckpt": "outputs/poc/vjepa_2_1_vitg_1B/train/m09f_full_ft_encoder/m09c_ckpt_best.pt"
        },
        "vjepa_2_1_vitg_lpft_encoder": {
          "variant": "vjepa_2_1_vitg_lpft_encoder",
          "metric": "order",
          "n_test": 1825,
          "mean": 0.02474,
          "std": 0.030808,
          "ci": {
            "mean": 0.02474,
            "ci_lo": 0.023295,
            "ci_hi": 0.026126,
            "ci_half": 0.001415
          },
          "lower_is_better": null,
          "interpretation": "shuffled\u2212ordered \u0394L1; sign = order reliance",
          "num_frames": 16,
          "encoder_ckpt": "outputs/poc/vjepa_2_1_vitg_1B/train/m09f_lpft_encoder/m09c_ckpt_best.pt"
        },
        "vjepa_2_1_vitg_peft_dora_encoder": {
          "variant": "vjepa_2_1_vitg_peft_dora_encoder",
          "metric": "order",
          "n_test": 1825,
          "mean": 0.025945,
          "std": 0.032281,
          "ci": {
            "mean": 0.025945,
            "ci_lo": 0.024458,
            "ci_hi": 0.027426,
            "ci_half": 0.001484
          },
          "lower_is_better": null,
          "interpretation": "shuffled\u2212ordered \u0394L1; sign = order reliance",
          "num_frames": 16,
          "encoder_ckpt": "outputs/poc/vjepa_2_1_vitg_1B/train/m09b_peft_dora_encoder/m09c_ckpt_best.pt"
        },
        "vjepa_2_1_vitg_peft_lora_encoder": {
          "variant": "vjepa_2_1_vitg_peft_lora_encoder",
          "metric": "order",
          "n_test": 1825,
          "mean": 0.025229,
          "std": 0.032715,
          "ci": {
            "mean": 0.025229,
            "ci_lo": 0.023697,
            "ci_hi": 0.026737,
            "ci_half": 0.00152
          },
          "lower_is_better": null,
          "interpretation": "shuffled\u2212ordered \u0394L1; sign = order reliance",
          "num_frames": 16,
          "encoder_ckpt": "outputs/poc/vjepa_2_1_vitg_1B/train/m09b_peft_lora_encoder/m09c_ckpt_best.pt"
        },
        "vjepa_2_1_vitg_pretrain_encoder": {
          "variant": "vjepa_2_1_vitg_pretrain_encoder",
          "metric": "order",
          "n_test": 1825,
          "mean": 0.024419,
          "std": 0.031206,
          "ci": {
            "mean": 0.024419,
            "ci_lo": 0.022988,
            "ci_hi": 0.025855,
            "ci_half": 0.001434
          },
          "lower_is_better": null,
          "interpretation": "shuffled\u2212ordered \u0394L1; sign = order reliance",
          "num_frames": 16,
          "encoder_ckpt": "outputs/poc/vjepa_2_1_vitg_1B/train/m09a_pretrain_encoder/m09a_ckpt_best.pt"
        },
        "vjepa_2_1_vitg_surgery_raw_encoder": {
          "variant": "vjepa_2_1_vitg_surgery_raw_encoder",
          "metric": "order",
          "n_test": 1825,
          "mean": 0.02638,
          "std": 0.033596,
          "ci": {
            "mean": 0.02638,
            "ci_lo": 0.024786,
            "ci_hi": 0.027913,
            "ci_half": 0.001564
          },
          "lower_is_better": null,
          "interpretation": "shuffled\u2212ordered \u0394L1; sign = order reliance",
          "num_frames": 16,
          "encoder_ckpt": "outputs/poc/vjepa_2_1_vitg_1B/train/m09c_surgery_raw_encoder/m09c_ckpt_best.pt"
        },
        "vjepa_2_1_vitg_surgical_3stage_DI_diheavy_encoder": {
          "variant": "vjepa_2_1_vitg_surgical_3stage_DI_diheavy_encoder",
          "metric": "order",
          "n_test": 1825,
          "mean": 0.026177,
          "std": 0.03274,
          "ci": {
            "mean": 0.026177,
            "ci_lo": 0.024704,
            "ci_hi": 0.027678,
            "ci_half": 0.001487
          },
          "lower_is_better": null,
          "interpretation": "shuffled\u2212ordered \u0394L1; sign = order reliance",
          "num_frames": 16,
          "encoder_ckpt": "outputs/poc/vjepa_2_1_vitg_1B/train/m09c_surgery_3stage_DI_diheavy_encoder/m09c_ckpt_best.pt"
        },
        "vjepa_2_1_vitg_surgical_3stage_DI_encoder": {
          "variant": "vjepa_2_1_vitg_surgical_3stage_DI_encoder",
          "metric": "order",
          "n_test": 1825,
          "mean": 0.025683,
          "std": 0.033435,
          "ci": {
            "mean": 0.025683,
            "ci_lo": 0.024141,
            "ci_hi": 0.027215,
            "ci_half": 0.001537
          },
          "lower_is_better": null,
          "interpretation": "shuffled\u2212ordered \u0394L1; sign = order reliance",
          "num_frames": 16,
          "encoder_ckpt": "outputs/poc/vjepa_2_1_vitg_1B/train/m09c_surgery_3stage_DI_encoder/m09c_ckpt_best.pt"
        },
        "vjepa_2_1_vitg_surgical_autorgn_encoder": {
          "variant": "vjepa_2_1_vitg_surgical_autorgn_encoder",
          "metric": "order",
          "n_test": 1825,
          "mean": 0.025961,
          "std": 0.032582,
          "ci": {
            "mean": 0.025961,
            "ci_lo": 0.024432,
            "ci_hi": 0.027446,
            "ci_half": 0.001507
          },
          "lower_is_better": null,
          "interpretation": "shuffled\u2212ordered \u0394L1; sign = order reliance",
          "num_frames": 16,
          "encoder_ckpt": "outputs/poc/vjepa_2_1_vitg_1B/train/m09e_autorgn_encoder/m09c_ckpt_best.pt"
        }
      },
      "pairwise_deltas": {
        "vjepa_2_1_vitg_frozen_minus_vjepa_2_1_vitg_full_ft_encoder": {
          "n": 1825,
          "delta_mean": -0.002511,
          "delta_ci_lo": -0.003013,
          "delta_ci_hi": -0.002001,
          "p_value": 0.0
        },
        "vjepa_2_1_vitg_frozen_minus_vjepa_2_1_vitg_lpft_encoder": {
          "n": 1825,
          "delta_mean": -0.002051,
          "delta_ci_lo": -0.002499,
          "delta_ci_hi": -0.00157,
          "p_value": 0.0
        },
        "vjepa_2_1_vitg_frozen_minus_vjepa_2_1_vitg_peft_dora_encoder": {
          "n": 1825,
          "delta_mean": -0.003256,
          "delta_ci_lo": -0.003706,
          "delta_ci_hi": -0.002773,
          "p_value": 0.0
        },
        "vjepa_2_1_vitg_frozen_minus_vjepa_2_1_vitg_peft_lora_encoder": {
          "n": 1825,
          "delta_mean": -0.00254,
          "delta_ci_lo": -0.00297,
          "delta_ci_hi": -0.00208,
          "p_value": 0.0
        },
        "vjepa_2_1_vitg_frozen_minus_vjepa_2_1_vitg_pretrain_encoder": {
          "n": 1825,
          "delta_mean": -0.001729,
          "delta_ci_lo": -0.002103,
          "delta_ci_hi": -0.001338,
          "p_value": 0.0
        },
        "vjepa_2_1_vitg_frozen_minus_vjepa_2_1_vitg_surgery_raw_encoder": {
          "n": 1825,
          "delta_mean": -0.003691,
          "delta_ci_lo": -0.004055,
          "delta_ci_hi": -0.003311,
          "p_value": 0.0
        },
        "vjepa_2_1_vitg_frozen_minus_vjepa_2_1_vitg_surgical_3stage_DI_diheavy_encoder": {
          "n": 1825,
          "delta_mean": -0.003488,
          "delta_ci_lo": -0.003855,
          "delta_ci_hi": -0.003101,
          "p_value": 0.0
        },
        "vjepa_2_1_vitg_frozen_minus_vjepa_2_1_vitg_surgical_3stage_DI_encoder": {
          "n": 1825,
          "delta_mean": -0.002994,
          "delta_ci_lo": -0.003336,
          "delta_ci_hi": -0.002644,
          "p_value": 0.0
        },
        "vjepa_2_1_vitg_frozen_minus_vjepa_2_1_vitg_surgical_autorgn_encoder": {
          "n": 1825,
          "delta_mean": -0.003272,
          "delta_ci_lo": -0.003728,
          "delta_ci_hi": -0.002792,
          "p_value": 0.0
        },
        "vjepa_2_1_vitg_full_ft_encoder_minus_vjepa_2_1_vitg_lpft_encoder": {
          "n": 1825,
          "delta_mean": 0.000461,
          "delta_ci_lo": 0.000259,
          "delta_ci_hi": 0.000667,
          "p_value": 0.0
        },
        "vjepa_2_1_vitg_full_ft_encoder_minus_vjepa_2_1_vitg_peft_dora_encoder": {
          "n": 1825,
          "delta_mean": -0.000745,
          "delta_ci_lo": -0.000969,
          "delta_ci_hi": -0.000503,
          "p_value": 0.0
        },
        "vjepa_2_1_vitg_full_ft_encoder_minus_vjepa_2_1_vitg_peft_lora_encoder": {
          "n": 1825,
          "delta_mean": -2.9e-05,
          "delta_ci_lo": -0.00027,
          "delta_ci_hi": 0.000227,
          "p_value": 0.8094
        },
        "vjepa_2_1_vitg_full_ft_encoder_minus_vjepa_2_1_vitg_pretrain_encoder": {
          "n": 1825,
          "delta_mean": 0.000782,
          "delta_ci_lo": 0.000457,
          "delta_ci_hi": 0.001085,
          "p_value": 0.0
        },
        "vjepa_2_1_vitg_full_ft_encoder_minus_vjepa_2_1_vitg_surgery_raw_encoder": {
          "n": 1825,
          "delta_mean": -0.00118,
          "delta_ci_lo": -0.001502,
          "delta_ci_hi": -0.000858,
          "p_value": 0.0
        },
        "vjepa_2_1_vitg_full_ft_encoder_minus_vjepa_2_1_vitg_surgical_3stage_DI_diheavy_encoder": {
          "n": 1825,
          "delta_mean": -0.000976,
          "delta_ci_lo": -0.0013,
          "delta_ci_hi": -0.000648,
          "p_value": 0.0
        },
        "vjepa_2_1_vitg_full_ft_encoder_minus_vjepa_2_1_vitg_surgical_3stage_DI_encoder": {
          "n": 1825,
          "delta_mean": -0.000482,
          "delta_ci_lo": -0.000837,
          "delta_ci_hi": -0.00012,
          "p_value": 0.008
        },
        "vjepa_2_1_vitg_full_ft_encoder_minus_vjepa_2_1_vitg_surgical_autorgn_encoder": {
          "n": 1825,
          "delta_mean": -0.00076,
          "delta_ci_lo": -0.000997,
          "delta_ci_hi": -0.000518,
          "p_value": 0.0
        },
        "vjepa_2_1_vitg_lpft_encoder_minus_vjepa_2_1_vitg_peft_dora_encoder": {
          "n": 1825,
          "delta_mean": -0.001206,
          "delta_ci_lo": -0.001386,
          "delta_ci_hi": -0.001034,
          "p_value": 0.0
        },
        "vjepa_2_1_vitg_lpft_encoder_minus_vjepa_2_1_vitg_peft_lora_encoder": {
          "n": 1825,
          "delta_mean": -0.000489,
          "delta_ci_lo": -0.000684,
          "delta_ci_hi": -0.000305,
          "p_value": 0.0
        },
        "vjepa_2_1_vitg_lpft_encoder_minus_vjepa_2_1_vitg_pretrain_encoder": {
          "n": 1825,
          "delta_mean": 0.000321,
          "delta_ci_lo": 7.4e-05,
          "delta_ci_hi": 0.000558,
          "p_value": 0.0104
        },
        "vjepa_2_1_vitg_lpft_encoder_minus_vjepa_2_1_vitg_surgery_raw_encoder": {
          "n": 1825,
          "delta_mean": -0.00164,
          "delta_ci_lo": -0.001915,
          "delta_ci_hi": -0.001379,
          "p_value": 0.0
        },
        "vjepa_2_1_vitg_lpft_encoder_minus_vjepa_2_1_vitg_surgical_3stage_DI_diheavy_encoder": {
          "n": 1825,
          "delta_mean": -0.001437,
          "delta_ci_lo": -0.001702,
          "delta_ci_hi": -0.001169,
          "p_value": 0.0
        },
        "vjepa_2_1_vitg_lpft_encoder_minus_vjepa_2_1_vitg_surgical_3stage_DI_encoder": {
          "n": 1825,
          "delta_mean": -0.000943,
          "delta_ci_lo": -0.001247,
          "delta_ci_hi": -0.000639,
          "p_value": 0.0
        },
        "vjepa_2_1_vitg_lpft_encoder_minus_vjepa_2_1_vitg_surgical_autorgn_encoder": {
          "n": 1825,
          "delta_mean": -0.001221,
          "delta_ci_lo": -0.001416,
          "delta_ci_hi": -0.001015,
          "p_value": 0.0
        },
        "vjepa_2_1_vitg_peft_dora_encoder_minus_vjepa_2_1_vitg_peft_lora_encoder": {
          "n": 1825,
          "delta_mean": 0.000716,
          "delta_ci_lo": 0.000627,
          "delta_ci_hi": 0.000806,
          "p_value": 0.0
        },
        "vjepa_2_1_vitg_peft_dora_encoder_minus_vjepa_2_1_vitg_pretrain_encoder": {
          "n": 1825,
          "delta_mean": 0.001527,
          "delta_ci_lo": 0.001251,
          "delta_ci_hi": 0.001785,
          "p_value": 0.0
        },
        "vjepa_2_1_vitg_peft_dora_encoder_minus_vjepa_2_1_vitg_surgery_raw_encoder": {
          "n": 1825,
          "delta_mean": -0.000435,
          "delta_ci_lo": -0.000656,
          "delta_ci_hi": -0.000234,
          "p_value": 0.0
        },
        "vjepa_2_1_vitg_peft_dora_encoder_minus_vjepa_2_1_vitg_surgical_3stage_DI_diheavy_encoder": {
          "n": 1825,
          "delta_mean": -0.000231,
          "delta_ci_lo": -0.00047,
          "delta_ci_hi": -2e-06,
          "p_value": 0.0522
        },
        "vjepa_2_1_vitg_peft_dora_encoder_minus_vjepa_2_1_vitg_surgical_3stage_DI_encoder": {
          "n": 1825,
          "delta_mean": 0.000263,
          "delta_ci_lo": -3e-05,
          "delta_ci_hi": 0.000529,
          "p_value": 0.0622
        },
        "vjepa_2_1_vitg_peft_dora_encoder_minus_vjepa_2_1_vitg_surgical_autorgn_encoder": {
          "n": 1825,
          "delta_mean": -1.6e-05,
          "delta_ci_lo": -0.000212,
          "delta_ci_hi": 0.000199,
          "p_value": 0.8794
        },
        "vjepa_2_1_vitg_peft_lora_encoder_minus_vjepa_2_1_vitg_pretrain_encoder": {
          "n": 1825,
          "delta_mean": 0.000811,
          "delta_ci_lo": 0.000543,
          "delta_ci_hi": 0.00106,
          "p_value": 0.0
        },
        "vjepa_2_1_vitg_peft_lora_encoder_minus_vjepa_2_1_vitg_surgery_raw_encoder": {
          "n": 1825,
          "delta_mean": -0.001151,
          "delta_ci_lo": -0.00135,
          "delta_ci_hi": -0.000968,
          "p_value": 0.0
        },
        "vjepa_2_1_vitg_peft_lora_encoder_minus_vjepa_2_1_vitg_surgical_3stage_DI_diheavy_encoder": {
          "n": 1825,
          "delta_mean": -0.000948,
          "delta_ci_lo": -0.001183,
          "delta_ci_hi": -0.000717,
          "p_value": 0.0
        },
        "vjepa_2_1_vitg_peft_lora_encoder_minus_vjepa_2_1_vitg_surgical_3stage_DI_encoder": {
          "n": 1825,
          "delta_mean": -0.000454,
          "delta_ci_lo": -0.000716,
          "delta_ci_hi": -0.000208,
          "p_value": 0.001
        },
        "vjepa_2_1_vitg_peft_lora_encoder_minus_vjepa_2_1_vitg_surgical_autorgn_encoder": {
          "n": 1825,
          "delta_mean": -0.000732,
          "delta_ci_lo": -0.000914,
          "delta_ci_hi": -0.00053,
          "p_value": 0.0
        },
        "vjepa_2_1_vitg_pretrain_encoder_minus_vjepa_2_1_vitg_surgery_raw_encoder": {
          "n": 1825,
          "delta_mean": -0.001962,
          "delta_ci_lo": -0.002197,
          "delta_ci_hi": -0.001711,
          "p_value": 0.0
        },
        "vjepa_2_1_vitg_pretrain_encoder_minus_vjepa_2_1_vitg_surgical_3stage_DI_diheavy_encoder": {
          "n": 1825,
          "delta_mean": -0.001758,
          "delta_ci_lo": -0.001996,
          "delta_ci_hi": -0.001514,
          "p_value": 0.0
        },
        "vjepa_2_1_vitg_pretrain_encoder_minus_vjepa_2_1_vitg_surgical_3stage_DI_encoder": {
          "n": 1825,
          "delta_mean": -0.001264,
          "delta_ci_lo": -0.001524,
          "delta_ci_hi": -0.001005,
          "p_value": 0.0
        },
        "vjepa_2_1_vitg_pretrain_encoder_minus_vjepa_2_1_vitg_surgical_autorgn_encoder": {
          "n": 1825,
          "delta_mean": -0.001542,
          "delta_ci_lo": -0.001781,
          "delta_ci_hi": -0.001289,
          "p_value": 0.0
        },
        "vjepa_2_1_vitg_surgery_raw_encoder_minus_vjepa_2_1_vitg_surgical_3stage_DI_diheavy_encoder": {
          "n": 1825,
          "delta_mean": 0.000203,
          "delta_ci_lo": 5.2e-05,
          "delta_ci_hi": 0.00035,
          "p_value": 0.0098
        },
        "vjepa_2_1_vitg_surgery_raw_encoder_minus_vjepa_2_1_vitg_surgical_3stage_DI_encoder": {
          "n": 1825,
          "delta_mean": 0.000697,
          "delta_ci_lo": 0.000542,
          "delta_ci_hi": 0.000853,
          "p_value": 0.0
        },
        "vjepa_2_1_vitg_surgery_raw_encoder_minus_vjepa_2_1_vitg_surgical_autorgn_encoder": {
          "n": 1825,
          "delta_mean": 0.000419,
          "delta_ci_lo": 0.000178,
          "delta_ci_hi": 0.000676,
          "p_value": 0.0002
        },
        "vjepa_2_1_vitg_surgical_3stage_DI_diheavy_encoder_minus_vjepa_2_1_vitg_surgical_3stage_DI_encoder": {
          "n": 1825,
          "delta_mean": 0.000494,
          "delta_ci_lo": 0.000349,
          "delta_ci_hi": 0.000636,
          "p_value": 0.0
        },
        "vjepa_2_1_vitg_surgical_3stage_DI_diheavy_encoder_minus_vjepa_2_1_vitg_surgical_autorgn_encoder": {
          "n": 1825,
          "delta_mean": 0.000216,
          "delta_ci_lo": -3.4e-05,
          "delta_ci_hi": 0.000471,
          "p_value": 0.0908
        },
        "vjepa_2_1_vitg_surgical_3stage_DI_encoder_minus_vjepa_2_1_vitg_surgical_autorgn_encoder": {
          "n": 1825,
          "delta_mean": -0.000278,
          "delta_ci_lo": -0.000544,
          "delta_ci_hi": -2e-06,
          "p_value": 0.0454
        }
      },
      "lower_is_better": null
    }
  }
}

═══ 07:20:40 · STAGE 9c · encoder_temporal paired_per_variant (CPU) ═══
{
  "metrics": {
    "aot": {
      "by_variant": {
        "vjepa_2_1_vitg_frozen": {
          "variant": "vjepa_2_1_vitg_frozen",
          "metric": "aot",
          "n_test": 1825,
          "k_per_clip": 2,
          "mean": 0.964931,
          "std": 0.13499,
          "ci": {
            "mean": 0.964932,
            "ci_lo": 0.958356,
            "ci_hi": 0.970685,
            "ci_half": 0.006164
          },
          "lower_is_better": false,
          "interpretation": "Arrow-of-Time binary acc; higher = encoder preserves temporal direction",
          "num_frames": 16,
          "tubelet_size": 2,
          "encoder_ckpt": "checkpoints/vjepa2_1_vitg_384.pt",
          "head_lr": 0.001,
          "head_epochs": 20,
          "head_weight_decay": 0.0001,
          "head_batch_size": 64
        },
        "vjepa_2_1_vitg_full_ft_encoder": {
          "variant": "vjepa_2_1_vitg_full_ft_encoder",
          "metric": "aot",
          "n_test": 1825,
          "k_per_clip": 2,
          "mean": 0.945205,
          "std": 0.167202,
          "ci": {
            "mean": 0.945205,
            "ci_lo": 0.93726,
            "ci_hi": 0.952603,
            "ci_half": 0.007671
          },
          "lower_is_better": false,
          "interpretation": "Arrow-of-Time binary acc; higher = encoder preserves temporal direction",
          "num_frames": 16,
          "tubelet_size": 2,
          "encoder_ckpt": "outputs/poc/vjepa_2_1_vitg_1B/train/m09f_full_ft_encoder/student_encoder.pt",
          "head_lr": 0.001,
          "head_epochs": 20,
          "head_weight_decay": 0.0001,
          "head_batch_size": 64
        },
        "vjepa_2_1_vitg_lpft_encoder": {
          "variant": "vjepa_2_1_vitg_lpft_encoder",
          "metric": "aot",
          "n_test": 1825,
          "k_per_clip": 2,
          "mean": 0.95589,
          "std": 0.145619,
          "ci": {
            "mean": 0.95589,
            "ci_lo": 0.948767,
            "ci_hi": 0.962192,
            "ci_half": 0.006712
          },
          "lower_is_better": false,
          "interpretation": "Arrow-of-Time binary acc; higher = encoder preserves temporal direction",
          "num_frames": 16,
          "tubelet_size": 2,
          "encoder_ckpt": "outputs/poc/vjepa_2_1_vitg_1B/train/m09f_lpft_encoder/student_encoder.pt",
          "head_lr": 0.001,
          "head_epochs": 20,
          "head_weight_decay": 0.0001,
          "head_batch_size": 64
        },
        "vjepa_2_1_vitg_peft_dora_encoder": {
          "variant": "vjepa_2_1_vitg_peft_dora_encoder",
          "metric": "aot",
          "n_test": 1825,
          "k_per_clip": 2,
          "mean": 0.952603,
          "std": 0.154654,
          "ci": {
            "mean": 0.952603,
            "ci_lo": 0.945205,
            "ci_hi": 0.959452,
            "ci_half": 0.007123
          },
          "lower_is_better": false,
          "interpretation": "Arrow-of-Time binary acc; higher = encoder preserves temporal direction",
          "num_frames": 16,
          "tubelet_size": 2,
          "encoder_ckpt": "outputs/poc/vjepa_2_1_vitg_1B/train/m09b_peft_dora_encoder/student_encoder.pt",
          "head_lr": 0.001,
          "head_epochs": 20,
          "head_weight_decay": 0.0001,
          "head_batch_size": 64
        },
        "vjepa_2_1_vitg_peft_lora_encoder": {
          "variant": "vjepa_2_1_vitg_peft_lora_encoder",
          "metric": "aot",
          "n_test": 1825,
          "k_per_clip": 2,
          "mean": 0.946849,
          "std": 0.161914,
          "ci": {
            "mean": 0.946849,
            "ci_lo": 0.938904,
            "ci_hi": 0.953973,
            "ci_half": 0.007534
          },
          "lower_is_better": false,
          "interpretation": "Arrow-of-Time binary acc; higher = encoder preserves temporal direction",
          "num_frames": 16,
          "tubelet_size": 2,
          "encoder_ckpt": "outputs/poc/vjepa_2_1_vitg_1B/train/m09b_peft_lora_encoder/student_encoder.pt",
          "head_lr": 0.001,
          "head_epochs": 20,
          "head_weight_decay": 0.0001,
          "head_batch_size": 64
        },
        "vjepa_2_1_vitg_pretrain_encoder": {
          "variant": "vjepa_2_1_vitg_pretrain_encoder",
          "metric": "aot",
          "n_test": 1825,
          "k_per_clip": 2,
          "mean": 0.950137,
          "std": 0.159558,
          "ci": {
            "mean": 0.950137,
            "ci_lo": 0.942466,
            "ci_hi": 0.95726,
            "ci_half": 0.007397
          },
          "lower_is_better": false,
          "interpretation": "Arrow-of-Time binary acc; higher = encoder preserves temporal direction",
          "num_frames": 16,
          "tubelet_size": 2,
          "encoder_ckpt": "outputs/poc/vjepa_2_1_vitg_1B/train/m09a_pretrain_encoder/student_encoder.pt",
          "head_lr": 0.001,
          "head_epochs": 20,
          "head_weight_decay": 0.0001,
          "head_batch_size": 64
        },
        "vjepa_2_1_vitg_surgery_raw_encoder": {
          "variant": "vjepa_2_1_vitg_surgery_raw_encoder",
          "metric": "aot",
          "n_test": 1825,
          "k_per_clip": 2,
          "mean": 0.952877,
          "std": 0.156935,
          "ci": {
            "mean": 0.952877,
            "ci_lo": 0.944932,
            "ci_hi": 0.959452,
            "ci_half": 0.00726
          },
          "lower_is_better": false,
          "interpretation": "Arrow-of-Time binary acc; higher = encoder preserves temporal direction",
          "num_frames": 16,
          "tubelet_size": 2,
          "encoder_ckpt": "outputs/poc/vjepa_2_1_vitg_1B/train/m09c_surgery_raw_encoder/student_encoder.pt",
          "head_lr": 0.001,
          "head_epochs": 20,
          "head_weight_decay": 0.0001,
          "head_batch_size": 64
        },
        "vjepa_2_1_vitg_surgical_3stage_DI_diheavy_encoder": {
          "variant": "vjepa_2_1_vitg_surgical_3stage_DI_diheavy_encoder",
          "metric": "aot",
          "n_test": 1825,
          "k_per_clip": 2,
          "mean": 0.956986,
          "std": 0.147812,
          "ci": {
            "mean": 0.956986,
            "ci_lo": 0.949589,
            "ci_hi": 0.963288,
            "ci_half": 0.006849
          },
          "lower_is_better": false,
          "interpretation": "Arrow-of-Time binary acc; higher = encoder preserves temporal direction",
          "num_frames": 16,
          "tubelet_size": 2,
          "encoder_ckpt": "outputs/poc/vjepa_2_1_vitg_1B/train/m09c_surgery_3stage_DI_diheavy_encoder/student_encoder.pt",
          "head_lr": 0.001,
          "head_epochs": 20,
          "head_weight_decay": 0.0001,
          "head_batch_size": 64
        },
        "vjepa_2_1_vitg_surgical_3stage_DI_encoder": {
          "variant": "vjepa_2_1_vitg_surgical_3stage_DI_encoder",
          "metric": "aot",
          "n_test": 1825,
          "k_per_clip": 2,
          "mean": 0.939726,
          "std": 0.170205,
          "ci": {
            "mean": 0.939726,
            "ci_lo": 0.931507,
            "ci_hi": 0.947123,
            "ci_half": 0.007808
          },
          "lower_is_better": false,
          "interpretation": "Arrow-of-Time binary acc; higher = encoder preserves temporal direction",
          "num_frames": 16,
          "tubelet_size": 2,
          "encoder_ckpt": "outputs/poc/vjepa_2_1_vitg_1B/train/m09c_surgery_3stage_DI_encoder/student_encoder.pt",
          "head_lr": 0.001,
          "head_epochs": 20,
          "head_weight_decay": 0.0001,
          "head_batch_size": 64
        },
        "vjepa_2_1_vitg_surgical_autorgn_encoder": {
          "variant": "vjepa_2_1_vitg_surgical_autorgn_encoder",
          "metric": "aot",
          "n_test": 1825,
          "k_per_clip": 2,
          "mean": 0.945753,
          "std": 0.164907,
          "ci": {
            "mean": 0.945753,
            "ci_lo": 0.937534,
            "ci_hi": 0.952877,
            "ci_half": 0.007671
          },
          "lower_is_better": false,
          "interpretation": "Arrow-of-Time binary acc; higher = encoder preserves temporal direction",
          "num_frames": 16,
          "tubelet_size": 2,
          "encoder_ckpt": "outputs/poc/vjepa_2_1_vitg_1B/train/m09e_autorgn_encoder/student_encoder.pt",
          "head_lr": 0.001,
          "head_epochs": 20,
          "head_weight_decay": 0.0001,
          "head_batch_size": 64
        }
      },
      "pairwise_deltas": {
        "vjepa_2_1_vitg_frozen_minus_vjepa_2_1_vitg_full_ft_encoder": {
          "n": 1825,
          "delta_mean": 0.019726,
          "delta_ci_lo": 0.013425,
          "delta_ci_hi": 0.026301,
          "p_value": 0.0
        },
        "vjepa_2_1_vitg_frozen_minus_vjepa_2_1_vitg_lpft_encoder": {
          "n": 1825,
          "delta_mean": 0.009041,
          "delta_ci_lo": 0.00411,
          "delta_ci_hi": 0.014247,
          "p_value": 0.0004
        },
        "vjepa_2_1_vitg_frozen_minus_vjepa_2_1_vitg_peft_dora_encoder": {
          "n": 1825,
          "delta_mean": 0.012329,
          "delta_ci_lo": 0.007123,
          "delta_ci_hi": 0.017808,
          "p_value": 0.0
        },
        "vjepa_2_1_vitg_frozen_minus_vjepa_2_1_vitg_peft_lora_encoder": {
          "n": 1825,
          "delta_mean": 0.018082,
          "delta_ci_lo": 0.012055,
          "delta_ci_hi": 0.024384,
          "p_value": 0.0
        },
        "vjepa_2_1_vitg_frozen_minus_vjepa_2_1_vitg_pretrain_encoder": {
          "n": 1825,
          "delta_mean": 0.014795,
          "delta_ci_lo": 0.009041,
          "delta_ci_hi": 0.020822,
          "p_value": 0.0
        },
        "vjepa_2_1_vitg_frozen_minus_vjepa_2_1_vitg_surgery_raw_encoder": {
          "n": 1825,
          "delta_mean": 0.012055,
          "delta_ci_lo": 0.007123,
          "delta_ci_hi": 0.017534,
          "p_value": 0.0
        },
        "vjepa_2_1_vitg_frozen_minus_vjepa_2_1_vitg_surgical_3stage_DI_diheavy_encoder": {
          "n": 1825,
          "delta_mean": 0.007945,
          "delta_ci_lo": 0.00274,
          "delta_ci_hi": 0.013425,
          "p_value": 0.0048
        },
        "vjepa_2_1_vitg_frozen_minus_vjepa_2_1_vitg_surgical_3stage_DI_encoder": {
          "n": 1825,
          "delta_mean": 0.025205,
          "delta_ci_lo": 0.018889,
          "delta_ci_hi": 0.031781,
          "p_value": 0.0
        },
        "vjepa_2_1_vitg_frozen_minus_vjepa_2_1_vitg_surgical_autorgn_encoder": {
          "n": 1825,
          "delta_mean": 0.019178,
          "delta_ci_lo": 0.013151,
          "delta_ci_hi": 0.025479,
          "p_value": 0.0
        },
        "vjepa_2_1_vitg_full_ft_encoder_minus_vjepa_2_1_vitg_lpft_encoder": {
          "n": 1825,
          "delta_mean": -0.010685,
          "delta_ci_lo": -0.016712,
          "delta_ci_hi": -0.004932,
          "p_value": 0.0002
        },
        "vjepa_2_1_vitg_full_ft_encoder_minus_vjepa_2_1_vitg_peft_dora_encoder": {
          "n": 1825,
          "delta_mean": -0.007397,
          "delta_ci_lo": -0.013151,
          "delta_ci_hi": -0.001918,
          "p_value": 0.0094
        },
        "vjepa_2_1_vitg_full_ft_encoder_minus_vjepa_2_1_vitg_peft_lora_encoder": {
          "n": 1825,
          "delta_mean": -0.001644,
          "delta_ci_lo": -0.007123,
          "delta_ci_hi": 0.003836,
          "p_value": 0.5902
        },
        "vjepa_2_1_vitg_full_ft_encoder_minus_vjepa_2_1_vitg_pretrain_encoder": {
          "n": 1825,
          "delta_mean": -0.004932,
          "delta_ci_lo": -0.010685,
          "delta_ci_hi": 0.000548,
          "p_value": 0.0924
        },
        "vjepa_2_1_vitg_full_ft_encoder_minus_vjepa_2_1_vitg_surgery_raw_encoder": {
          "n": 1825,
          "delta_mean": -0.007671,
          "delta_ci_lo": -0.013699,
          "delta_ci_hi": -0.001918,
          "p_value": 0.0096
        },
        "vjepa_2_1_vitg_full_ft_encoder_minus_vjepa_2_1_vitg_surgical_3stage_DI_diheavy_encoder": {
          "n": 1825,
          "delta_mean": -0.011781,
          "delta_ci_lo": -0.017808,
          "delta_ci_hi": -0.006027,
          "p_value": 0.0
        },
        "vjepa_2_1_vitg_full_ft_encoder_minus_vjepa_2_1_vitg_surgical_3stage_DI_encoder": {
          "n": 1825,
          "delta_mean": 0.005479,
          "delta_ci_lo": -0.001096,
          "delta_ci_hi": 0.011781,
          "p_value": 0.1082
        },
        "vjepa_2_1_vitg_full_ft_encoder_minus_vjepa_2_1_vitg_surgical_autorgn_encoder": {
          "n": 1825,
          "delta_mean": -0.000548,
          "delta_ci_lo": -0.006575,
          "delta_ci_hi": 0.005205,
          "p_value": 0.9008
        },
        "vjepa_2_1_vitg_lpft_encoder_minus_vjepa_2_1_vitg_peft_dora_encoder": {
          "n": 1825,
          "delta_mean": 0.003288,
          "delta_ci_lo": -0.000548,
          "delta_ci_hi": 0.007397,
          "p_value": 0.1046
        },
        "vjepa_2_1_vitg_lpft_encoder_minus_vjepa_2_1_vitg_peft_lora_encoder": {
          "n": 1825,
          "delta_mean": 0.009041,
          "delta_ci_lo": 0.00274,
          "delta_ci_hi": 0.015342,
          "p_value": 0.0052
        },
        "vjepa_2_1_vitg_lpft_encoder_minus_vjepa_2_1_vitg_pretrain_encoder": {
          "n": 1825,
          "delta_mean": 0.005753,
          "delta_ci_lo": 0.000274,
          "delta_ci_hi": 0.011233,
          "p_value": 0.0442
        },
        "vjepa_2_1_vitg_lpft_encoder_minus_vjepa_2_1_vitg_surgery_raw_encoder": {
          "n": 1825,
          "delta_mean": 0.003014,
          "delta_ci_lo": -0.001644,
          "delta_ci_hi": 0.007671,
          "p_value": 0.2248
        },
        "vjepa_2_1_vitg_lpft_encoder_minus_vjepa_2_1_vitg_surgical_3stage_DI_diheavy_encoder": {
          "n": 1825,
          "delta_mean": -0.001096,
          "delta_ci_lo": -0.005205,
          "delta_ci_hi": 0.00274,
          "p_value": 0.6466
        },
        "vjepa_2_1_vitg_lpft_encoder_minus_vjepa_2_1_vitg_surgical_3stage_DI_encoder": {
          "n": 1825,
          "delta_mean": 0.016164,
          "delta_ci_lo": 0.009315,
          "delta_ci_hi": 0.023014,
          "p_value": 0.0
        },
        "vjepa_2_1_vitg_lpft_encoder_minus_vjepa_2_1_vitg_surgical_autorgn_encoder": {
          "n": 1825,
          "delta_mean": 0.010137,
          "delta_ci_lo": 0.00411,
          "delta_ci_hi": 0.016164,
          "p_value": 0.001
        },
        "vjepa_2_1_vitg_peft_dora_encoder_minus_vjepa_2_1_vitg_peft_lora_encoder": {
          "n": 1825,
          "delta_mean": 0.005753,
          "delta_ci_lo": 0.0,
          "delta_ci_hi": 0.011781,
          "p_value": 0.0652
        },
        "vjepa_2_1_vitg_peft_dora_encoder_minus_vjepa_2_1_vitg_pretrain_encoder": {
          "n": 1825,
          "delta_mean": 0.002466,
          "delta_ci_lo": -0.003288,
          "delta_ci_hi": 0.008219,
          "p_value": 0.4218
        },
        "vjepa_2_1_vitg_peft_dora_encoder_minus_vjepa_2_1_vitg_surgery_raw_encoder": {
          "n": 1825,
          "delta_mean": -0.000274,
          "delta_ci_lo": -0.004384,
          "delta_ci_hi": 0.003836,
          "p_value": 0.949
        },
        "vjepa_2_1_vitg_peft_dora_encoder_minus_vjepa_2_1_vitg_surgical_3stage_DI_diheavy_encoder": {
          "n": 1825,
          "delta_mean": -0.004384,
          "delta_ci_lo": -0.008493,
          "delta_ci_hi": -0.000548,
          "p_value": 0.0386
        },
        "vjepa_2_1_vitg_peft_dora_encoder_minus_vjepa_2_1_vitg_surgical_3stage_DI_encoder": {
          "n": 1825,
          "delta_mean": 0.012877,
          "delta_ci_lo": 0.006575,
          "delta_ci_hi": 0.019452,
          "p_value": 0.0002
        },
        "vjepa_2_1_vitg_peft_dora_encoder_minus_vjepa_2_1_vitg_surgical_autorgn_encoder": {
          "n": 1825,
          "delta_mean": 0.006849,
          "delta_ci_lo": 0.00137,
          "delta_ci_hi": 0.012603,
          "p_value": 0.0156
        },
        "vjepa_2_1_vitg_peft_lora_encoder_minus_vjepa_2_1_vitg_pretrain_encoder": {
          "n": 1825,
          "delta_mean": -0.003288,
          "delta_ci_lo": -0.008767,
          "delta_ci_hi": 0.001918,
          "p_value": 0.2442
        },
        "vjepa_2_1_vitg_peft_lora_encoder_minus_vjepa_2_1_vitg_surgery_raw_encoder": {
          "n": 1825,
          "delta_mean": -0.006027,
          "delta_ci_lo": -0.011233,
          "delta_ci_hi": -0.000548,
          "p_value": 0.0328
        },
        "vjepa_2_1_vitg_peft_lora_encoder_minus_vjepa_2_1_vitg_surgical_3stage_DI_diheavy_encoder": {
          "n": 1825,
          "delta_mean": -0.010137,
          "delta_ci_lo": -0.016438,
          "delta_ci_hi": -0.00411,
          "p_value": 0.0012
        },
        "vjepa_2_1_vitg_peft_lora_encoder_minus_vjepa_2_1_vitg_surgical_3stage_DI_encoder": {
          "n": 1825,
          "delta_mean": 0.007123,
          "delta_ci_lo": 0.002192,
          "delta_ci_hi": 0.012055,
          "p_value": 0.0032
        },
        "vjepa_2_1_vitg_peft_lora_encoder_minus_vjepa_2_1_vitg_surgical_autorgn_encoder": {
          "n": 1825,
          "delta_mean": 0.001096,
          "delta_ci_lo": -0.004384,
          "delta_ci_hi": 0.006575,
          "p_value": 0.7284
        },
        "vjepa_2_1_vitg_pretrain_encoder_minus_vjepa_2_1_vitg_surgery_raw_encoder": {
          "n": 1825,
          "delta_mean": -0.00274,
          "delta_ci_lo": -0.008493,
          "delta_ci_hi": 0.00274,
          "p_value": 0.3532
        },
        "vjepa_2_1_vitg_pretrain_encoder_minus_vjepa_2_1_vitg_surgical_3stage_DI_diheavy_encoder": {
          "n": 1825,
          "delta_mean": -0.006849,
          "delta_ci_lo": -0.012603,
          "delta_ci_hi": -0.00137,
          "p_value": 0.018
        },
        "vjepa_2_1_vitg_pretrain_encoder_minus_vjepa_2_1_vitg_surgical_3stage_DI_encoder": {
          "n": 1825,
          "delta_mean": 0.010411,
          "delta_ci_lo": 0.004932,
          "delta_ci_hi": 0.016164,
          "p_value": 0.0004
        },
        "vjepa_2_1_vitg_pretrain_encoder_minus_vjepa_2_1_vitg_surgical_autorgn_encoder": {
          "n": 1825,
          "delta_mean": 0.004384,
          "delta_ci_lo": -0.001096,
          "delta_ci_hi": 0.010137,
          "p_value": 0.1368
        },
        "vjepa_2_1_vitg_surgery_raw_encoder_minus_vjepa_2_1_vitg_surgical_3stage_DI_diheavy_encoder": {
          "n": 1825,
          "delta_mean": -0.00411,
          "delta_ci_lo": -0.008493,
          "delta_ci_hi": 0.0,
          "p_value": 0.0632
        },
        "vjepa_2_1_vitg_surgery_raw_encoder_minus_vjepa_2_1_vitg_surgical_3stage_DI_encoder": {
          "n": 1825,
          "delta_mean": 0.013151,
          "delta_ci_lo": 0.007397,
          "delta_ci_hi": 0.019178,
          "p_value": 0.0
        },
        "vjepa_2_1_vitg_surgery_raw_encoder_minus_vjepa_2_1_vitg_surgical_autorgn_encoder": {
          "n": 1825,
          "delta_mean": 0.007123,
          "delta_ci_lo": 0.00137,
          "delta_ci_hi": 0.012877,
          "p_value": 0.017
        },
        "vjepa_2_1_vitg_surgical_3stage_DI_diheavy_encoder_minus_vjepa_2_1_vitg_surgical_3stage_DI_encoder": {
          "n": 1825,
          "delta_mean": 0.01726,
          "delta_ci_lo": 0.010685,
          "delta_ci_hi": 0.02411,
          "p_value": 0.0
        },
        "vjepa_2_1_vitg_surgical_3stage_DI_diheavy_encoder_minus_vjepa_2_1_vitg_surgical_autorgn_encoder": {
          "n": 1825,
          "delta_mean": 0.011233,
          "delta_ci_lo": 0.005479,
          "delta_ci_hi": 0.01726,
          "p_value": 0.0
        },
        "vjepa_2_1_vitg_surgical_3stage_DI_encoder_minus_vjepa_2_1_vitg_surgical_autorgn_encoder": {
          "n": 1825,
          "delta_mean": -0.006027,
          "delta_ci_lo": -0.012603,
          "delta_ci_hi": 0.000548,
          "p_value": 0.0788
        }
      },
      "lower_is_better": false
    },
    "tov": {
      "by_variant": {
        "vjepa_2_1_vitg_frozen": {
          "variant": "vjepa_2_1_vitg_frozen",
          "metric": "tov",
          "n_test": 1825,
          "k_per_clip": 4,
          "mean": 0.922603,
          "std": 0.147825,
          "ci": {
            "mean": 0.922603,
            "ci_lo": 0.915616,
            "ci_hi": 0.929041,
            "ci_half": 0.006712
          },
          "lower_is_better": false,
          "interpretation": "TOV/VCOP top-1 over n_permutations; higher = encoder retains frame order",
          "num_frames": 16,
          "tubelet_size": 2,
          "encoder_ckpt": "checkpoints/vjepa2_1_vitg_384.pt",
          "head_lr": 0.001,
          "head_epochs": 20,
          "head_weight_decay": 0.0001,
          "head_batch_size": 64,
          "n_permutations": 4
        },
        "vjepa_2_1_vitg_full_ft_encoder": {
          "variant": "vjepa_2_1_vitg_full_ft_encoder",
          "metric": "tov",
          "n_test": 1825,
          "k_per_clip": 4,
          "mean": 0.912055,
          "std": 0.143603,
          "ci": {
            "mean": 0.912055,
            "ci_lo": 0.905342,
            "ci_hi": 0.91863,
            "ci_half": 0.006644
          },
          "lower_is_better": false,
          "interpretation": "TOV/VCOP top-1 over n_permutations; higher = encoder retains frame order",
          "num_frames": 16,
          "tubelet_size": 2,
          "encoder_ckpt": "outputs/poc/vjepa_2_1_vitg_1B/train/m09f_full_ft_encoder/student_encoder.pt",
          "head_lr": 0.001,
          "head_epochs": 20,
          "head_weight_decay": 0.0001,
          "head_batch_size": 64,
          "n_permutations": 4
        },
        "vjepa_2_1_vitg_lpft_encoder": {
          "variant": "vjepa_2_1_vitg_lpft_encoder",
          "metric": "tov",
          "n_test": 1825,
          "k_per_clip": 4,
          "mean": 0.924932,
          "std": 0.143519,
          "ci": {
            "mean": 0.924932,
            "ci_lo": 0.918082,
            "ci_hi": 0.931233,
            "ci_half": 0.006575
          },
          "lower_is_better": false,
          "interpretation": "TOV/VCOP top-1 over n_permutations; higher = encoder retains frame order",
          "num_frames": 16,
          "tubelet_size": 2,
          "encoder_ckpt": "outputs/poc/vjepa_2_1_vitg_1B/train/m09f_lpft_encoder/student_encoder.pt",
          "head_lr": 0.001,
          "head_epochs": 20,
          "head_weight_decay": 0.0001,
          "head_batch_size": 64,
          "n_permutations": 4
        },
        "vjepa_2_1_vitg_peft_dora_encoder": {
          "variant": "vjepa_2_1_vitg_peft_dora_encoder",
          "metric": "tov",
          "n_test": 1825,
          "k_per_clip": 4,
          "mean": 0.926301,
          "std": 0.142074,
          "ci": {
            "mean": 0.926301,
            "ci_lo": 0.919452,
            "ci_hi": 0.932603,
            "ci_half": 0.006575
          },
          "lower_is_better": false,
          "interpretation": "TOV/VCOP top-1 over n_permutations; higher = encoder retains frame order",
          "num_frames": 16,
          "tubelet_size": 2,
          "encoder_ckpt": "outputs/poc/vjepa_2_1_vitg_1B/train/m09b_peft_dora_encoder/student_encoder.pt",
          "head_lr": 0.001,
          "head_epochs": 20,
          "head_weight_decay": 0.0001,
          "head_batch_size": 64,
          "n_permutations": 4
        },
        "vjepa_2_1_vitg_peft_lora_encoder": {
          "variant": "vjepa_2_1_vitg_peft_lora_encoder",
          "metric": "tov",
          "n_test": 1825,
          "k_per_clip": 4,
          "mean": 0.921781,
          "std": 0.144813,
          "ci": {
            "mean": 0.921781,
            "ci_lo": 0.915068,
            "ci_hi": 0.928219,
            "ci_half": 0.006575
          },
          "lower_is_better": false,
          "interpretation": "TOV/VCOP top-1 over n_permutations; higher = encoder retains frame order",
          "num_frames": 16,
          "tubelet_size": 2,
          "encoder_ckpt": "outputs/poc/vjepa_2_1_vitg_1B/train/m09b_peft_lora_encoder/student_encoder.pt",
          "head_lr": 0.001,
          "head_epochs": 20,
          "head_weight_decay": 0.0001,
          "head_batch_size": 64,
          "n_permutations": 4
        },
        "vjepa_2_1_vitg_pretrain_encoder": {
          "variant": "vjepa_2_1_vitg_pretrain_encoder",
          "metric": "tov",
          "n_test": 1825,
          "k_per_clip": 4,
          "mean": 0.926575,
          "std": 0.140032,
          "ci": {
            "mean": 0.926575,
            "ci_lo": 0.919863,
            "ci_hi": 0.932877,
            "ci_half": 0.006507
          },
          "lower_is_better": false,
          "interpretation": "TOV/VCOP top-1 over n_permutations; higher = encoder retains frame order",
          "num_frames": 16,
          "tubelet_size": 2,
          "encoder_ckpt": "outputs/poc/vjepa_2_1_vitg_1B/train/m09a_pretrain_encoder/student_encoder.pt",
          "head_lr": 0.001,
          "head_epochs": 20,
          "head_weight_decay": 0.0001,
          "head_batch_size": 64,
          "n_permutations": 4
        },
        "vjepa_2_1_vitg_surgery_raw_encoder": {
          "variant": "vjepa_2_1_vitg_surgery_raw_encoder",
          "metric": "tov",
          "n_test": 1825,
          "k_per_clip": 4,
          "mean": 0.916438,
          "std": 0.148521,
          "ci": {
            "mean": 0.916438,
            "ci_lo": 0.909452,
            "ci_hi": 0.922877,
            "ci_half": 0.006712
          },
          "lower_is_better": false,
          "interpretation": "TOV/VCOP top-1 over n_permutations; higher = encoder retains frame order",
          "num_frames": 16,
          "tubelet_size": 2,
          "encoder_ckpt": "outputs/poc/vjepa_2_1_vitg_1B/train/m09c_surgery_raw_encoder/student_encoder.pt",
          "head_lr": 0.001,
          "head_epochs": 20,
          "head_weight_decay": 0.0001,
          "head_batch_size": 64,
          "n_permutations": 4
        },
        "vjepa_2_1_vitg_surgical_3stage_DI_diheavy_encoder": {
          "variant": "vjepa_2_1_vitg_surgical_3stage_DI_diheavy_encoder",
          "metric": "tov",
          "n_test": 1825,
          "k_per_clip": 4,
          "mean": 0.924794,
          "std": 0.143327,
          "ci": {
            "mean": 0.924795,
            "ci_lo": 0.917945,
            "ci_hi": 0.931233,
            "ci_half": 0.006644
          },
          "lower_is_better": false,
          "interpretation": "TOV/VCOP top-1 over n_permutations; higher = encoder retains frame order",
          "num_frames": 16,
          "tubelet_size": 2,
          "encoder_ckpt": "outputs/poc/vjepa_2_1_vitg_1B/train/m09c_surgery_3stage_DI_diheavy_encoder/student_encoder.pt",
          "head_lr": 0.001,
          "head_epochs": 20,
          "head_weight_decay": 0.0001,
          "head_batch_size": 64,
          "n_permutations": 4
        },
        "vjepa_2_1_vitg_surgical_3stage_DI_encoder": {
          "variant": "vjepa_2_1_vitg_surgical_3stage_DI_encoder",
          "metric": "tov",
          "n_test": 1825,
          "k_per_clip": 4,
          "mean": 0.92274,
          "std": 0.141143,
          "ci": {
            "mean": 0.92274,
            "ci_lo": 0.91589,
            "ci_hi": 0.928904,
            "ci_half": 0.006507
          },
          "lower_is_better": false,
          "interpretation": "TOV/VCOP top-1 over n_permutations; higher = encoder retains frame order",
          "num_frames": 16,
          "tubelet_size": 2,
          "encoder_ckpt": "outputs/poc/vjepa_2_1_vitg_1B/train/m09c_surgery_3stage_DI_encoder/student_encoder.pt",
          "head_lr": 0.001,
          "head_epochs": 20,
          "head_weight_decay": 0.0001,
          "head_batch_size": 64,
          "n_permutations": 4
        },
        "vjepa_2_1_vitg_surgical_autorgn_encoder": {
          "variant": "vjepa_2_1_vitg_surgical_autorgn_encoder",
          "metric": "tov",
          "n_test": 1825,
          "k_per_clip": 4,
          "mean": 0.909726,
          "std": 0.147704,
          "ci": {
            "mean": 0.909726,
            "ci_lo": 0.902603,
            "ci_hi": 0.916438,
            "ci_half": 0.006918
          },
          "lower_is_better": false,
          "interpretation": "TOV/VCOP top-1 over n_permutations; higher = encoder retains frame order",
          "num_frames": 16,
          "tubelet_size": 2,
          "encoder_ckpt": "outputs/poc/vjepa_2_1_vitg_1B/train/m09e_autorgn_encoder/student_encoder.pt",
          "head_lr": 0.001,
          "head_epochs": 20,
          "head_weight_decay": 0.0001,
          "head_batch_size": 64,
          "n_permutations": 4
        }
      },
      "pairwise_deltas": {
        "vjepa_2_1_vitg_frozen_minus_vjepa_2_1_vitg_full_ft_encoder": {
          "n": 1825,
          "delta_mean": 0.010548,
          "delta_ci_lo": 0.003973,
          "delta_ci_hi": 0.01726,
          "p_value": 0.0022
        },
        "vjepa_2_1_vitg_frozen_minus_vjepa_2_1_vitg_lpft_encoder": {
          "n": 1825,
          "delta_mean": -0.002329,
          "delta_ci_lo": -0.007397,
          "delta_ci_hi": 0.002603,
          "p_value": 0.3802
        },
        "vjepa_2_1_vitg_frozen_minus_vjepa_2_1_vitg_peft_dora_encoder": {
          "n": 1825,
          "delta_mean": -0.003699,
          "delta_ci_lo": -0.009178,
          "delta_ci_hi": 0.001918,
          "p_value": 0.198
        },
        "vjepa_2_1_vitg_frozen_minus_vjepa_2_1_vitg_peft_lora_encoder": {
          "n": 1825,
          "delta_mean": 0.000822,
          "delta_ci_lo": -0.005068,
          "delta_ci_hi": 0.006712,
          "p_value": 0.8006
        },
        "vjepa_2_1_vitg_frozen_minus_vjepa_2_1_vitg_pretrain_encoder": {
          "n": 1825,
          "delta_mean": -0.003973,
          "delta_ci_lo": -0.009863,
          "delta_ci_hi": 0.002055,
          "p_value": 0.1994
        },
        "vjepa_2_1_vitg_frozen_minus_vjepa_2_1_vitg_surgery_raw_encoder": {
          "n": 1825,
          "delta_mean": 0.006164,
          "delta_ci_lo": 0.000137,
          "delta_ci_hi": 0.012329,
          "p_value": 0.0496
        },
        "vjepa_2_1_vitg_frozen_minus_vjepa_2_1_vitg_surgical_3stage_DI_diheavy_encoder": {
          "n": 1825,
          "delta_mean": -0.002192,
          "delta_ci_lo": -0.007808,
          "delta_ci_hi": 0.003151,
          "p_value": 0.452
        },
        "vjepa_2_1_vitg_frozen_minus_vjepa_2_1_vitg_surgical_3stage_DI_encoder": {
          "n": 1825,
          "delta_mean": -0.000137,
          "delta_ci_lo": -0.006027,
          "delta_ci_hi": 0.005616,
          "p_value": 0.9928
        },
        "vjepa_2_1_vitg_frozen_minus_vjepa_2_1_vitg_surgical_autorgn_encoder": {
          "n": 1825,
          "delta_mean": 0.012877,
          "delta_ci_lo": 0.006887,
          "delta_ci_hi": 0.019178,
          "p_value": 0.0002
        },
        "vjepa_2_1_vitg_full_ft_encoder_minus_vjepa_2_1_vitg_lpft_encoder": {
          "n": 1825,
          "delta_mean": -0.012877,
          "delta_ci_lo": -0.01863,
          "delta_ci_hi": -0.006986,
          "p_value": 0.0
        },
        "vjepa_2_1_vitg_full_ft_encoder_minus_vjepa_2_1_vitg_peft_dora_encoder": {
          "n": 1825,
          "delta_mean": -0.014247,
          "delta_ci_lo": -0.02,
          "delta_ci_hi": -0.008493,
          "p_value": 0.0
        },
        "vjepa_2_1_vitg_full_ft_encoder_minus_vjepa_2_1_vitg_peft_lora_encoder": {
          "n": 1825,
          "delta_mean": -0.009726,
          "delta_ci_lo": -0.015753,
          "delta_ci_hi": -0.003836,
          "p_value": 0.0012
        },
        "vjepa_2_1_vitg_full_ft_encoder_minus_vjepa_2_1_vitg_pretrain_encoder": {
          "n": 1825,
          "delta_mean": -0.014521,
          "delta_ci_lo": -0.020274,
          "delta_ci_hi": -0.00863,
          "p_value": 0.0
        },
        "vjepa_2_1_vitg_full_ft_encoder_minus_vjepa_2_1_vitg_surgery_raw_encoder": {
          "n": 1825,
          "delta_mean": -0.004384,
          "delta_ci_lo": -0.010548,
          "delta_ci_hi": 0.001781,
          "p_value": 0.1692
        },
        "vjepa_2_1_vitg_full_ft_encoder_minus_vjepa_2_1_vitg_surgical_3stage_DI_diheavy_encoder": {
          "n": 1825,
          "delta_mean": -0.01274,
          "delta_ci_lo": -0.018904,
          "delta_ci_hi": -0.006712,
          "p_value": 0.0
        },
        "vjepa_2_1_vitg_full_ft_encoder_minus_vjepa_2_1_vitg_surgical_3stage_DI_encoder": {
          "n": 1825,
          "delta_mean": -0.010685,
          "delta_ci_lo": -0.016575,
          "delta_ci_hi": -0.004932,
          "p_value": 0.0006
        },
        "vjepa_2_1_vitg_full_ft_encoder_minus_vjepa_2_1_vitg_surgical_autorgn_encoder": {
          "n": 1825,
          "delta_mean": 0.002329,
          "delta_ci_lo": -0.00306,
          "delta_ci_hi": 0.007671,
          "p_value": 0.409
        },
        "vjepa_2_1_vitg_lpft_encoder_minus_vjepa_2_1_vitg_peft_dora_encoder": {
          "n": 1825,
          "delta_mean": -0.00137,
          "delta_ci_lo": -0.005616,
          "delta_ci_hi": 0.002877,
          "p_value": 0.5478
        },
        "vjepa_2_1_vitg_lpft_encoder_minus_vjepa_2_1_vitg_peft_lora_encoder": {
          "n": 1825,
          "delta_mean": 0.003151,
          "delta_ci_lo": -0.001507,
          "delta_ci_hi": 0.008082,
          "p_value": 0.2138
        },
        "vjepa_2_1_vitg_lpft_encoder_minus_vjepa_2_1_vitg_pretrain_encoder": {
          "n": 1825,
          "delta_mean": -0.001644,
          "delta_ci_lo": -0.006712,
          "delta_ci_hi": 0.003288,
          "p_value": 0.5344
        },
        "vjepa_2_1_vitg_lpft_encoder_minus_vjepa_2_1_vitg_surgery_raw_encoder": {
          "n": 1825,
          "delta_mean": 0.008493,
          "delta_ci_lo": 0.003562,
          "delta_ci_hi": 0.013699,
          "p_value": 0.0012
        },
        "vjepa_2_1_vitg_lpft_encoder_minus_vjepa_2_1_vitg_surgical_3stage_DI_diheavy_encoder": {
          "n": 1825,
          "delta_mean": 0.000137,
          "delta_ci_lo": -0.003973,
          "delta_ci_hi": 0.004247,
          "p_value": 0.973
        },
        "vjepa_2_1_vitg_lpft_encoder_minus_vjepa_2_1_vitg_surgical_3stage_DI_encoder": {
          "n": 1825,
          "delta_mean": 0.002192,
          "delta_ci_lo": -0.002466,
          "delta_ci_hi": 0.006712,
          "p_value": 0.3668
        },
        "vjepa_2_1_vitg_lpft_encoder_minus_vjepa_2_1_vitg_surgical_autorgn_encoder": {
          "n": 1825,
          "delta_mean": 0.015205,
          "delta_ci_lo": 0.009726,
          "delta_ci_hi": 0.020548,
          "p_value": 0.0
        },
        "vjepa_2_1_vitg_peft_dora_encoder_minus_vjepa_2_1_vitg_peft_lora_encoder": {
          "n": 1825,
          "delta_mean": 0.004521,
          "delta_ci_lo": 0.000137,
          "delta_ci_hi": 0.008767,
          "p_value": 0.043
        },
        "vjepa_2_1_vitg_peft_dora_encoder_minus_vjepa_2_1_vitg_pretrain_encoder": {
          "n": 1825,
          "delta_mean": -0.000274,
          "delta_ci_lo": -0.004932,
          "delta_ci_hi": 0.004384,
          "p_value": 0.931
        },
        "vjepa_2_1_vitg_peft_dora_encoder_minus_vjepa_2_1_vitg_surgery_raw_encoder": {
          "n": 1825,
          "delta_mean": 0.009863,
          "delta_ci_lo": 0.004932,
          "delta_ci_hi": 0.014795,
          "p_value": 0.0
        },
        "vjepa_2_1_vitg_peft_dora_encoder_minus_vjepa_2_1_vitg_surgical_3stage_DI_diheavy_encoder": {
          "n": 1825,
          "delta_mean": 0.001507,
          "delta_ci_lo": -0.00274,
          "delta_ci_hi": 0.005616,
          "p_value": 0.4964
        },
        "vjepa_2_1_vitg_peft_dora_encoder_minus_vjepa_2_1_vitg_surgical_3stage_DI_encoder": {
          "n": 1825,
          "delta_mean": 0.003562,
          "delta_ci_lo": -0.000822,
          "delta_ci_hi": 0.008082,
          "p_value": 0.125
        },
        "vjepa_2_1_vitg_peft_dora_encoder_minus_vjepa_2_1_vitg_surgical_autorgn_encoder": {
          "n": 1825,
          "delta_mean": 0.016575,
          "delta_ci_lo": 0.011233,
          "delta_ci_hi": 0.021962,
          "p_value": 0.0
        },
        "vjepa_2_1_vitg_peft_lora_encoder_minus_vjepa_2_1_vitg_pretrain_encoder": {
          "n": 1825,
          "delta_mean": -0.004795,
          "delta_ci_lo": -0.009863,
          "delta_ci_hi": 0.0,
          "p_value": 0.0548
        },
        "vjepa_2_1_vitg_peft_lora_encoder_minus_vjepa_2_1_vitg_surgery_raw_encoder": {
          "n": 1825,
          "delta_mean": 0.005342,
          "delta_ci_lo": 0.0,
          "delta_ci_hi": 0.010822,
          "p_value": 0.0572
        },
        "vjepa_2_1_vitg_peft_lora_encoder_minus_vjepa_2_1_vitg_surgical_3stage_DI_diheavy_encoder": {
          "n": 1825,
          "delta_mean": -0.003014,
          "delta_ci_lo": -0.007534,
          "delta_ci_hi": 0.001507,
          "p_value": 0.2022
        },
        "vjepa_2_1_vitg_peft_lora_encoder_minus_vjepa_2_1_vitg_surgical_3stage_DI_encoder": {
          "n": 1825,
          "delta_mean": -0.000959,
          "delta_ci_lo": -0.006438,
          "delta_ci_hi": 0.004247,
          "p_value": 0.741
        },
        "vjepa_2_1_vitg_peft_lora_encoder_minus_vjepa_2_1_vitg_surgical_autorgn_encoder": {
          "n": 1825,
          "delta_mean": 0.012055,
          "delta_ci_lo": 0.006438,
          "delta_ci_hi": 0.017808,
          "p_value": 0.0002
        },
        "vjepa_2_1_vitg_pretrain_encoder_minus_vjepa_2_1_vitg_surgery_raw_encoder": {
          "n": 1825,
          "delta_mean": 0.010137,
          "delta_ci_lo": 0.004795,
          "delta_ci_hi": 0.015479,
          "p_value": 0.0
        },
        "vjepa_2_1_vitg_pretrain_encoder_minus_vjepa_2_1_vitg_surgical_3stage_DI_diheavy_encoder": {
          "n": 1825,
          "delta_mean": 0.001781,
          "delta_ci_lo": -0.003151,
          "delta_ci_hi": 0.006575,
          "p_value": 0.4808
        },
        "vjepa_2_1_vitg_pretrain_encoder_minus_vjepa_2_1_vitg_surgical_3stage_DI_encoder": {
          "n": 1825,
          "delta_mean": 0.003836,
          "delta_ci_lo": -0.001096,
          "delta_ci_hi": 0.008904,
          "p_value": 0.1456
        },
        "vjepa_2_1_vitg_pretrain_encoder_minus_vjepa_2_1_vitg_surgical_autorgn_encoder": {
          "n": 1825,
          "delta_mean": 0.016849,
          "delta_ci_lo": 0.010959,
          "delta_ci_hi": 0.022877,
          "p_value": 0.0
        },
        "vjepa_2_1_vitg_surgery_raw_encoder_minus_vjepa_2_1_vitg_surgical_3stage_DI_diheavy_encoder": {
          "n": 1825,
          "delta_mean": -0.008356,
          "delta_ci_lo": -0.013014,
          "delta_ci_hi": -0.003973,
          "p_value": 0.0002
        },
        "vjepa_2_1_vitg_surgery_raw_encoder_minus_vjepa_2_1_vitg_surgical_3stage_DI_encoder": {
          "n": 1825,
          "delta_mean": -0.006301,
          "delta_ci_lo": -0.010959,
          "delta_ci_hi": -0.001781,
          "p_value": 0.0054
        },
        "vjepa_2_1_vitg_surgery_raw_encoder_minus_vjepa_2_1_vitg_surgical_autorgn_encoder": {
          "n": 1825,
          "delta_mean": 0.006712,
          "delta_ci_lo": 0.000548,
          "delta_ci_hi": 0.013014,
          "p_value": 0.0364
        },
        "vjepa_2_1_vitg_surgical_3stage_DI_diheavy_encoder_minus_vjepa_2_1_vitg_surgical_3stage_DI_encoder": {
          "n": 1825,
          "delta_mean": 0.002055,
          "delta_ci_lo": -0.002192,
          "delta_ci_hi": 0.006301,
          "p_value": 0.3656
        },
        "vjepa_2_1_vitg_surgical_3stage_DI_diheavy_encoder_minus_vjepa_2_1_vitg_surgical_autorgn_encoder": {
          "n": 1825,
          "delta_mean": 0.015068,
          "delta_ci_lo": 0.009452,
          "delta_ci_hi": 0.020959,
          "p_value": 0.0
        },
        "vjepa_2_1_vitg_surgical_3stage_DI_encoder_minus_vjepa_2_1_vitg_surgical_autorgn_encoder": {
          "n": 1825,
          "delta_mean": 0.013014,
          "delta_ci_lo": 0.007397,
          "delta_ci_hi": 0.018904,
          "p_value": 0.0
        }
      },
      "lower_is_better": false
    },
    "pace": {
      "by_variant": {
        "vjepa_2_1_vitg_frozen": {
          "variant": "vjepa_2_1_vitg_frozen",
          "metric": "pace",
          "n_test": 1825,
          "k_per_clip": 3,
          "mean": 0.728584,
          "std": 0.271422,
          "ci": {
            "mean": 0.728584,
            "ci_lo": 0.715982,
            "ci_hi": 0.741005,
            "ci_half": 0.012511
          },
          "lower_is_better": false,
          "interpretation": "Pace top-1 over playback rates; higher = encoder is rate-sensitive",
          "num_frames": 16,
          "tubelet_size": 2,
          "encoder_ckpt": "checkpoints/vjepa2_1_vitg_384.pt",
          "head_lr": 0.001,
          "head_epochs": 20,
          "head_weight_decay": 0.0001,
          "head_batch_size": 64,
          "strides": "1,2,4",
          "source_frames": 64
        },
        "vjepa_2_1_vitg_full_ft_encoder": {
          "variant": "vjepa_2_1_vitg_full_ft_encoder",
          "metric": "pace",
          "n_test": 1825,
          "k_per_clip": 3,
          "mean": 0.704292,
          "std": 0.279677,
          "ci": {
            "mean": 0.704292,
            "ci_lo": 0.691324,
            "ci_hi": 0.717078,
            "ci_half": 0.012877
          },
          "lower_is_better": false,
          "interpretation": "Pace top-1 over playback rates; higher = encoder is rate-sensitive",
          "num_frames": 16,
          "tubelet_size": 2,
          "encoder_ckpt": "outputs/poc/vjepa_2_1_vitg_1B/train/m09f_full_ft_encoder/student_encoder.pt",
          "head_lr": 0.001,
          "head_epochs": 20,
          "head_weight_decay": 0.0001,
          "head_batch_size": 64,
          "strides": "1,2,4",
          "source_frames": 64
        },
        "vjepa_2_1_vitg_lpft_encoder": {
          "variant": "vjepa_2_1_vitg_lpft_encoder",
          "metric": "pace",
          "n_test": 1825,
          "k_per_clip": 3,
          "mean": 0.720365,
          "std": 0.273724,
          "ci": {
            "mean": 0.720365,
            "ci_lo": 0.707763,
            "ci_hi": 0.732968,
            "ci_half": 0.012603
          },
          "lower_is_better": false,
          "interpretation": "Pace top-1 over playback rates; higher = encoder is rate-sensitive",
          "num_frames": 16,
          "tubelet_size": 2,
          "encoder_ckpt": "outputs/poc/vjepa_2_1_vitg_1B/train/m09f_lpft_encoder/student_encoder.pt",
          "head_lr": 0.001,
          "head_epochs": 20,
          "head_weight_decay": 0.0001,
          "head_batch_size": 64,
          "strides": "1,2,4",
          "source_frames": 64
        },
        "vjepa_2_1_vitg_peft_lora_encoder": {
          "variant": "vjepa_2_1_vitg_peft_lora_encoder",
          "metric": "pace",
          "n_test": 1825,
          "k_per_clip": 3,
          "mean": 0.725297,
          "std": 0.278782,
          "ci": {
            "mean": 0.725297,
            "ci_lo": 0.711963,
            "ci_hi": 0.738082,
            "ci_half": 0.013059
          },
          "lower_is_better": false,
          "interpretation": "Pace top-1 over playback rates; higher = encoder is rate-sensitive",
          "num_frames": 16,
          "tubelet_size": 2,
          "encoder_ckpt": "outputs/poc/vjepa_2_1_vitg_1B/train/m09b_peft_lora_encoder/student_encoder.pt",
          "head_lr": 0.001,
          "head_epochs": 20,
          "head_weight_decay": 0.0001,
          "head_batch_size": 64,
          "strides": "1,2,4",
          "source_frames": 64
        },
        "vjepa_2_1_vitg_pretrain_encoder": {
          "variant": "vjepa_2_1_vitg_pretrain_encoder",
          "metric": "pace",
          "n_test": 1825,
          "k_per_clip": 3,
          "mean": 0.70137,
          "std": 0.254305,
          "ci": {
            "mean": 0.70137,
            "ci_lo": 0.689498,
            "ci_hi": 0.712949,
            "ci_half": 0.011726
          },
          "lower_is_better": false,
          "interpretation": "Pace top-1 over playback rates; higher = encoder is rate-sensitive",
          "num_frames": 16,
          "tubelet_size": 2,
          "encoder_ckpt": "outputs/poc/vjepa_2_1_vitg_1B/train/m09a_pretrain_encoder/student_encoder.pt",
          "head_lr": 0.001,
          "head_epochs": 20,
          "head_weight_decay": 0.0001,
          "head_batch_size": 64,
          "strides": "1,2,4",
          "source_frames": 64
        },
        "vjepa_2_1_vitg_surgery_raw_encoder": {
          "variant": "vjepa_2_1_vitg_surgery_raw_encoder",
          "metric": "pace",
          "n_test": 1825,
          "k_per_clip": 3,
          "mean": 0.701552,
          "std": 0.27421,
          "ci": {
            "mean": 0.701553,
            "ci_lo": 0.68895,
            "ci_hi": 0.714155,
            "ci_half": 0.012603
          },
          "lower_is_better": false,
          "interpretation": "Pace top-1 over playback rates; higher = encoder is rate-sensitive",
          "num_frames": 16,
          "tubelet_size": 2,
          "encoder_ckpt": "outputs/poc/vjepa_2_1_vitg_1B/train/m09c_surgery_raw_encoder/student_encoder.pt",
          "head_lr": 0.001,
          "head_epochs": 20,
          "head_weight_decay": 0.0001,
          "head_batch_size": 64,
          "strides": "1,2,4",
          "source_frames": 64
        },
        "vjepa_2_1_vitg_surgical_3stage_DI_diheavy_encoder": {
          "variant": "vjepa_2_1_vitg_surgical_3stage_DI_diheavy_encoder",
          "metric": "pace",
          "n_test": 1825,
          "k_per_clip": 3,
          "mean": 0.710868,
          "std": 0.258542,
          "ci": {
            "mean": 0.710868,
            "ci_lo": 0.698492,
            "ci_hi": 0.722478,
            "ci_half": 0.011993
          },
          "lower_is_better": false,
          "interpretation": "Pace top-1 over playback rates; higher = encoder is rate-sensitive",
          "num_frames": 16,
          "tubelet_size": 2,
          "encoder_ckpt": "outputs/poc/vjepa_2_1_vitg_1B/train/m09c_surgery_3stage_DI_diheavy_encoder/student_encoder.pt",
          "head_lr": 0.001,
          "head_epochs": 20,
          "head_weight_decay": 0.0001,
          "head_batch_size": 64,
          "strides": "1,2,4",
          "source_frames": 64
        },
        "vjepa_2_1_vitg_surgical_3stage_DI_encoder": {
          "variant": "vjepa_2_1_vitg_surgical_3stage_DI_encoder",
          "metric": "pace",
          "n_test": 1825,
          "k_per_clip": 3,
          "mean": 0.722009,
          "std": 0.269019,
          "ci": {
            "mean": 0.722009,
            "ci_lo": 0.709954,
            "ci_hi": 0.734247,
            "ci_half": 0.012146
          },
          "lower_is_better": false,
          "interpretation": "Pace top-1 over playback rates; higher = encoder is rate-sensitive",
          "num_frames": 16,
          "tubelet_size": 2,
          "encoder_ckpt": "outputs/poc/vjepa_2_1_vitg_1B/train/m09c_surgery_3stage_DI_encoder/student_encoder.pt",
          "head_lr": 0.001,
          "head_epochs": 20,
          "head_weight_decay": 0.0001,
          "head_batch_size": 64,
          "strides": "1,2,4",
          "source_frames": 64
        },
        "vjepa_2_1_vitg_surgical_autorgn_encoder": {
          "variant": "vjepa_2_1_vitg_surgical_autorgn_encoder",
          "metric": "pace",
          "n_test": 1825,
          "k_per_clip": 3,
          "mean": 0.719087,
          "std": 0.270055,
          "ci": {
            "mean": 0.719087,
            "ci_lo": 0.706667,
            "ci_hi": 0.731324,
            "ci_half": 0.012329
          },
          "lower_is_better": false,
          "interpretation": "Pace top-1 over playback rates; higher = encoder is rate-sensitive",
          "num_frames": 16,
          "tubelet_size": 2,
          "encoder_ckpt": "outputs/poc/vjepa_2_1_vitg_1B/train/m09e_autorgn_encoder/student_encoder.pt",
          "head_lr": 0.001,
          "head_epochs": 20,
          "head_weight_decay": 0.0001,
          "head_batch_size": 64,
          "strides": "1,2,4",
          "source_frames": 64
        }
      },
      "pairwise_deltas": {
        "vjepa_2_1_vitg_frozen_minus_vjepa_2_1_vitg_full_ft_encoder": {
          "n": 1825,
          "delta_mean": 0.024292,
          "delta_ci_lo": 0.012968,
          "delta_ci_hi": 0.035799,
          "p_value": 0.0
        },
        "vjepa_2_1_vitg_frozen_minus_vjepa_2_1_vitg_lpft_encoder": {
          "n": 1825,
          "delta_mean": 0.008219,
          "delta_ci_lo": -0.000913,
          "delta_ci_hi": 0.017169,
          "p_value": 0.0756
        },
        "vjepa_2_1_vitg_frozen_minus_vjepa_2_1_vitg_peft_lora_encoder": {
          "n": 1825,
          "delta_mean": 0.003288,
          "delta_ci_lo": -0.00621,
          "delta_ci_hi": 0.012785,
          "p_value": 0.4906
        },
        "vjepa_2_1_vitg_frozen_minus_vjepa_2_1_vitg_pretrain_encoder": {
          "n": 1825,
          "delta_mean": 0.027215,
          "delta_ci_lo": 0.016438,
          "delta_ci_hi": 0.038356,
          "p_value": 0.0
        },
        "vjepa_2_1_vitg_frozen_minus_vjepa_2_1_vitg_surgery_raw_encoder": {
          "n": 1825,
          "delta_mean": 0.027032,
          "delta_ci_lo": 0.016621,
          "delta_ci_hi": 0.037808,
          "p_value": 0.0
        },
        "vjepa_2_1_vitg_frozen_minus_vjepa_2_1_vitg_surgical_3stage_DI_diheavy_encoder": {
          "n": 1825,
          "delta_mean": 0.017717,
          "delta_ci_lo": 0.008219,
          "delta_ci_hi": 0.027397,
          "p_value": 0.0
        },
        "vjepa_2_1_vitg_frozen_minus_vjepa_2_1_vitg_surgical_3stage_DI_encoder": {
          "n": 1825,
          "delta_mean": 0.006575,
          "delta_ci_lo": -0.00274,
          "delta_ci_hi": 0.015708,
          "p_value": 0.1744
        },
        "vjepa_2_1_vitg_frozen_minus_vjepa_2_1_vitg_surgical_autorgn_encoder": {
          "n": 1825,
          "delta_mean": 0.009498,
          "delta_ci_lo": -0.000913,
          "delta_ci_hi": 0.019726,
          "p_value": 0.0732
        },
        "vjepa_2_1_vitg_full_ft_encoder_minus_vjepa_2_1_vitg_lpft_encoder": {
          "n": 1825,
          "delta_mean": -0.016073,
          "delta_ci_lo": -0.026301,
          "delta_ci_hi": -0.005662,
          "p_value": 0.002
        },
        "vjepa_2_1_vitg_full_ft_encoder_minus_vjepa_2_1_vitg_peft_lora_encoder": {
          "n": 1825,
          "delta_mean": -0.021005,
          "delta_ci_lo": -0.03105,
          "delta_ci_hi": -0.011142,
          "p_value": 0.0
        },
        "vjepa_2_1_vitg_full_ft_encoder_minus_vjepa_2_1_vitg_pretrain_encoder": {
          "n": 1825,
          "delta_mean": 0.002922,
          "delta_ci_lo": -0.006758,
          "delta_ci_hi": 0.012603,
          "p_value": 0.562
        },
        "vjepa_2_1_vitg_full_ft_encoder_minus_vjepa_2_1_vitg_surgery_raw_encoder": {
          "n": 1825,
          "delta_mean": 0.00274,
          "delta_ci_lo": -0.010411,
          "delta_ci_hi": 0.01589,
          "p_value": 0.7004
        },
        "vjepa_2_1_vitg_full_ft_encoder_minus_vjepa_2_1_vitg_surgical_3stage_DI_diheavy_encoder": {
          "n": 1825,
          "delta_mean": -0.006575,
          "delta_ci_lo": -0.016068,
          "delta_ci_hi": 0.003105,
          "p_value": 0.1792
        },
        "vjepa_2_1_vitg_full_ft_encoder_minus_vjepa_2_1_vitg_surgical_3stage_DI_encoder": {
          "n": 1825,
          "delta_mean": -0.017717,
          "delta_ci_lo": -0.027397,
          "delta_ci_hi": -0.008394,
          "p_value": 0.0002
        },
        "vjepa_2_1_vitg_full_ft_encoder_minus_vjepa_2_1_vitg_surgical_autorgn_encoder": {
          "n": 1825,
          "delta_mean": -0.014795,
          "delta_ci_lo": -0.026484,
          "delta_ci_hi": -0.003105,
          "p_value": 0.0086
        },
        "vjepa_2_1_vitg_lpft_encoder_minus_vjepa_2_1_vitg_peft_lora_encoder": {
          "n": 1825,
          "delta_mean": -0.004932,
          "delta_ci_lo": -0.012899,
          "delta_ci_hi": 0.002922,
          "p_value": 0.2364
        },
        "vjepa_2_1_vitg_lpft_encoder_minus_vjepa_2_1_vitg_pretrain_encoder": {
          "n": 1825,
          "delta_mean": 0.018995,
          "delta_ci_lo": 0.009132,
          "delta_ci_hi": 0.028676,
          "p_value": 0.0
        },
        "vjepa_2_1_vitg_lpft_encoder_minus_vjepa_2_1_vitg_surgery_raw_encoder": {
          "n": 1825,
          "delta_mean": 0.018813,
          "delta_ci_lo": 0.007869,
          "delta_ci_hi": 0.029589,
          "p_value": 0.0002
        },
        "vjepa_2_1_vitg_lpft_encoder_minus_vjepa_2_1_vitg_surgical_3stage_DI_diheavy_encoder": {
          "n": 1825,
          "delta_mean": 0.009498,
          "delta_ci_lo": 0.001279,
          "delta_ci_hi": 0.0179,
          "p_value": 0.0222
        },
        "vjepa_2_1_vitg_lpft_encoder_minus_vjepa_2_1_vitg_surgical_3stage_DI_encoder": {
          "n": 1825,
          "delta_mean": -0.001644,
          "delta_ci_lo": -0.00968,
          "delta_ci_hi": 0.00621,
          "p_value": 0.685
        },
        "vjepa_2_1_vitg_lpft_encoder_minus_vjepa_2_1_vitg_surgical_autorgn_encoder": {
          "n": 1825,
          "delta_mean": 0.001279,
          "delta_ci_lo": -0.008219,
          "delta_ci_hi": 0.010959,
          "p_value": 0.8128
        },
        "vjepa_2_1_vitg_peft_lora_encoder_minus_vjepa_2_1_vitg_pretrain_encoder": {
          "n": 1825,
          "delta_mean": 0.023927,
          "delta_ci_lo": 0.014064,
          "delta_ci_hi": 0.03379,
          "p_value": 0.0
        },
        "vjepa_2_1_vitg_peft_lora_encoder_minus_vjepa_2_1_vitg_surgery_raw_encoder": {
          "n": 1825,
          "delta_mean": 0.023744,
          "delta_ci_lo": 0.013699,
          "delta_ci_hi": 0.033607,
          "p_value": 0.0
        },
        "vjepa_2_1_vitg_peft_lora_encoder_minus_vjepa_2_1_vitg_surgical_3stage_DI_diheavy_encoder": {
          "n": 1825,
          "delta_mean": 0.014429,
          "delta_ci_lo": 0.005114,
          "delta_ci_hi": 0.023927,
          "p_value": 0.002
        },
        "vjepa_2_1_vitg_peft_lora_encoder_minus_vjepa_2_1_vitg_surgical_3stage_DI_encoder": {
          "n": 1825,
          "delta_mean": 0.003288,
          "delta_ci_lo": -0.004018,
          "delta_ci_hi": 0.010776,
          "p_value": 0.3882
        },
        "vjepa_2_1_vitg_peft_lora_encoder_minus_vjepa_2_1_vitg_surgical_autorgn_encoder": {
          "n": 1825,
          "delta_mean": 0.00621,
          "delta_ci_lo": -0.002374,
          "delta_ci_hi": 0.014612,
          "p_value": 0.1636
        },
        "vjepa_2_1_vitg_pretrain_encoder_minus_vjepa_2_1_vitg_surgery_raw_encoder": {
          "n": 1825,
          "delta_mean": -0.000183,
          "delta_ci_lo": -0.012603,
          "delta_ci_hi": 0.012603,
          "p_value": 0.977
        },
        "vjepa_2_1_vitg_pretrain_encoder_minus_vjepa_2_1_vitg_surgical_3stage_DI_diheavy_encoder": {
          "n": 1825,
          "delta_mean": -0.009498,
          "delta_ci_lo": -0.019361,
          "delta_ci_hi": 0.000365,
          "p_value": 0.0594
        },
        "vjepa_2_1_vitg_pretrain_encoder_minus_vjepa_2_1_vitg_surgical_3stage_DI_encoder": {
          "n": 1825,
          "delta_mean": -0.020639,
          "delta_ci_lo": -0.029224,
          "delta_ci_hi": -0.011872,
          "p_value": 0.0
        },
        "vjepa_2_1_vitg_pretrain_encoder_minus_vjepa_2_1_vitg_surgical_autorgn_encoder": {
          "n": 1825,
          "delta_mean": -0.017717,
          "delta_ci_lo": -0.028493,
          "delta_ci_hi": -0.006649,
          "p_value": 0.0024
        },
        "vjepa_2_1_vitg_surgery_raw_encoder_minus_vjepa_2_1_vitg_surgical_3stage_DI_diheavy_encoder": {
          "n": 1825,
          "delta_mean": -0.009315,
          "delta_ci_lo": -0.020274,
          "delta_ci_hi": 0.001826,
          "p_value": 0.0934
        },
        "vjepa_2_1_vitg_surgery_raw_encoder_minus_vjepa_2_1_vitg_surgical_3stage_DI_encoder": {
          "n": 1825,
          "delta_mean": -0.020457,
          "delta_ci_lo": -0.031598,
          "delta_ci_hi": -0.009498,
          "p_value": 0.0
        },
        "vjepa_2_1_vitg_surgery_raw_encoder_minus_vjepa_2_1_vitg_surgical_autorgn_encoder": {
          "n": 1825,
          "delta_mean": -0.017534,
          "delta_ci_lo": -0.026301,
          "delta_ci_hi": -0.00895,
          "p_value": 0.0
        },
        "vjepa_2_1_vitg_surgical_3stage_DI_diheavy_encoder_minus_vjepa_2_1_vitg_surgical_3stage_DI_encoder": {
          "n": 1825,
          "delta_mean": -0.011142,
          "delta_ci_lo": -0.020639,
          "delta_ci_hi": -0.002374,
          "p_value": 0.0162
        },
        "vjepa_2_1_vitg_surgical_3stage_DI_diheavy_encoder_minus_vjepa_2_1_vitg_surgical_autorgn_encoder": {
          "n": 1825,
          "delta_mean": -0.008219,
          "delta_ci_lo": -0.018265,
          "delta_ci_hi": 0.002009,
          "p_value": 0.1176
        },
        "vjepa_2_1_vitg_surgical_3stage_DI_encoder_minus_vjepa_2_1_vitg_surgical_autorgn_encoder": {
          "n": 1825,
          "delta_mean": 0.002922,
          "delta_ci_lo": -0.006575,
          "delta_ci_hi": 0.01242,
          "p_value": 0.5442
        }
      },
      "lower_is_better": false
    },
    "tcc": {
      "by_variant": {
        "vjepa_2_1_vitg_frozen": {
          "variant": "vjepa_2_1_vitg_frozen",
          "metric": "tcc",
          "n_test": 1825,
          "n_pairs": 226571,
          "cycle_back": {
            "mean": 2.195203,
            "std": 0.177425,
            "ci": {
              "mean": 2.195203,
              "ci_lo": 2.187209,
              "ci_hi": 2.20362,
              "ci_half": 0.008206
            },
            "lower_is_better": true
          },
          "kendalls_tau": {
            "mean": 0.33376,
            "std": 0.12401,
            "ci": {
              "mean": 0.33376,
              "ci_lo": 0.32808,
              "ci_hi": 0.339533,
              "ci_half": 0.005727
            },
            "lower_is_better": false
          },
          "temperature": 0.1,
          "num_frames": 16,
          "tubelet_size": 2,
          "encoder_ckpt": "checkpoints/vjepa2_1_vitg_384.pt"
        },
        "vjepa_2_1_vitg_full_ft_encoder": {
          "variant": "vjepa_2_1_vitg_full_ft_encoder",
          "metric": "tcc",
          "n_test": 1825,
          "n_pairs": 226571,
          "cycle_back": {
            "mean": 2.615728,
            "std": 0.23658,
            "ci": {
              "mean": 2.615728,
              "ci_lo": 2.604962,
              "ci_hi": 2.626611,
              "ci_half": 0.010825
            },
            "lower_is_better": true
          },
          "kendalls_tau": {
            "mean": 0.306817,
            "std": 0.109508,
            "ci": {
              "mean": 0.306817,
              "ci_lo": 0.301797,
              "ci_hi": 0.311816,
              "ci_half": 0.005009
            },
            "lower_is_better": false
          },
          "temperature": 0.1,
          "num_frames": 16,
          "tubelet_size": 2,
          "encoder_ckpt": "outputs/poc/vjepa_2_1_vitg_1B/train/m09f_full_ft_encoder/student_encoder.pt"
        },
        "vjepa_2_1_vitg_lpft_encoder": {
          "variant": "vjepa_2_1_vitg_lpft_encoder",
          "metric": "tcc",
          "n_test": 1825,
          "n_pairs": 226571,
          "cycle_back": {
            "mean": 2.408632,
            "std": 0.207485,
            "ci": {
              "mean": 2.408632,
              "ci_lo": 2.398934,
              "ci_hi": 2.418418,
              "ci_half": 0.009742
            },
            "lower_is_better": true
          },
          "kendalls_tau": {
            "mean": 0.289546,
            "std": 0.11395,
            "ci": {
              "mean": 0.289546,
              "ci_lo": 0.28423,
              "ci_hi": 0.294646,
              "ci_half": 0.005208
            },
            "lower_is_better": false
          },
          "temperature": 0.1,
          "num_frames": 16,
          "tubelet_size": 2,
          "encoder_ckpt": "outputs/poc/vjepa_2_1_vitg_1B/train/m09f_lpft_encoder/student_encoder.pt"
        },
        "vjepa_2_1_vitg_peft_dora_encoder": {
          "variant": "vjepa_2_1_vitg_peft_dora_encoder",
          "metric": "tcc",
          "n_test": 1825,
          "n_pairs": 226571,
          "cycle_back": {
            "mean": 2.430572,
            "std": 0.20861,
            "ci": {
              "mean": 2.430572,
              "ci_lo": 2.421129,
              "ci_hi": 2.440279,
              "ci_half": 0.009575
            },
            "lower_is_better": true
          },
          "kendalls_tau": {
            "mean": 0.285652,
            "std": 0.112491,
            "ci": {
              "mean": 0.285652,
              "ci_lo": 0.280395,
              "ci_hi": 0.290789,
              "ci_half": 0.005197
            },
            "lower_is_better": false
          },
          "temperature": 0.1,
          "num_frames": 16,
          "tubelet_size": 2,
          "encoder_ckpt": "outputs/poc/vjepa_2_1_vitg_1B/train/m09b_peft_dora_encoder/student_encoder.pt"
        },
        "vjepa_2_1_vitg_peft_lora_encoder": {
          "variant": "vjepa_2_1_vitg_peft_lora_encoder",
          "metric": "tcc",
          "n_test": 1825,
          "n_pairs": 226571,
          "cycle_back": {
            "mean": 2.431989,
            "std": 0.209111,
            "ci": {
              "mean": 2.431989,
              "ci_lo": 2.422593,
              "ci_hi": 2.441729,
              "ci_half": 0.009568
            },
            "lower_is_better": true
          },
          "kendalls_tau": {
            "mean": 0.284778,
            "std": 0.112496,
            "ci": {
              "mean": 0.284778,
              "ci_lo": 0.279579,
              "ci_hi": 0.289958,
              "ci_half": 0.00519
            },
            "lower_is_better": false
          },
          "temperature": 0.1,
          "num_frames": 16,
          "tubelet_size": 2,
          "encoder_ckpt": "outputs/poc/vjepa_2_1_vitg_1B/train/m09b_peft_lora_encoder/student_encoder.pt"
        },
        "vjepa_2_1_vitg_pretrain_encoder": {
          "variant": "vjepa_2_1_vitg_pretrain_encoder",
          "metric": "tcc",
          "n_test": 1825,
          "n_pairs": 226571,
          "cycle_back": {
            "mean": 2.464678,
            "std": 0.218236,
            "ci": {
              "mean": 2.464678,
              "ci_lo": 2.454471,
              "ci_hi": 2.474577,
              "ci_half": 0.010053
            },
            "lower_is_better": true
          },
          "kendalls_tau": {
            "mean": 0.296002,
            "std": 0.116351,
            "ci": {
              "mean": 0.296002,
              "ci_lo": 0.290574,
              "ci_hi": 0.30138,
              "ci_half": 0.005403
            },
            "lower_is_better": false
          },
          "temperature": 0.1,
          "num_frames": 16,
          "tubelet_size": 2,
          "encoder_ckpt": "outputs/poc/vjepa_2_1_vitg_1B/train/m09a_pretrain_encoder/student_encoder.pt"
        },
        "vjepa_2_1_vitg_surgery_raw_encoder": {
          "variant": "vjepa_2_1_vitg_surgery_raw_encoder",
          "metric": "tcc",
          "n_test": 1825,
          "n_pairs": 226571,
          "cycle_back": {
            "mean": 2.411343,
            "std": 0.20647,
            "ci": {
              "mean": 2.411343,
              "ci_lo": 2.402089,
              "ci_hi": 2.421208,
              "ci_half": 0.00956
            },
            "lower_is_better": true
          },
          "kendalls_tau": {
            "mean": 0.289262,
            "std": 0.114779,
            "ci": {
              "mean": 0.289262,
              "ci_lo": 0.283959,
              "ci_hi": 0.294402,
              "ci_half": 0.005222
            },
            "lower_is_better": false
          },
          "temperature": 0.1,
          "num_frames": 16,
          "tubelet_size": 2,
          "encoder_ckpt": "outputs/poc/vjepa_2_1_vitg_1B/train/m09c_surgery_raw_encoder/student_encoder.pt"
        },
        "vjepa_2_1_vitg_surgical_3stage_DI_diheavy_encoder": {
          "variant": "vjepa_2_1_vitg_surgical_3stage_DI_diheavy_encoder",
          "metric": "tcc",
          "n_test": 1825,
          "n_pairs": 226571,
          "cycle_back": {
            "mean": 2.416069,
            "std": 0.210661,
            "ci": {
              "mean": 2.416069,
              "ci_lo": 2.406353,
              "ci_hi": 2.425643,
              "ci_half": 0.009645
            },
            "lower_is_better": true
          },
          "kendalls_tau": {
            "mean": 0.286819,
            "std": 0.114877,
            "ci": {
              "mean": 0.286819,
              "ci_lo": 0.281431,
              "ci_hi": 0.292074,
              "ci_half": 0.005322
            },
            "lower_is_better": false
          },
          "temperature": 0.1,
          "num_frames": 16,
          "tubelet_size": 2,
          "encoder_ckpt": "outputs/poc/vjepa_2_1_vitg_1B/train/m09c_surgery_3stage_DI_diheavy_encoder/student_encoder.pt"
        },
        "vjepa_2_1_vitg_surgical_3stage_DI_encoder": {
          "variant": "vjepa_2_1_vitg_surgical_3stage_DI_encoder",
          "metric": "tcc",
          "n_test": 1825,
          "n_pairs": 226571,
          "cycle_back": {
            "mean": 2.412469,
            "std": 0.208119,
            "ci": {
              "mean": 2.41247,
              "ci_lo": 2.402996,
              "ci_hi": 2.422327,
              "ci_half": 0.009665
            },
            "lower_is_better": true
          },
          "kendalls_tau": {
            "mean": 0.287679,
            "std": 0.113179,
            "ci": {
              "mean": 0.287679,
              "ci_lo": 0.282662,
              "ci_hi": 0.293037,
              "ci_half": 0.005187
            },
            "lower_is_better": false
          },
          "temperature": 0.1,
          "num_frames": 16,
          "tubelet_size": 2,
          "encoder_ckpt": "outputs/poc/vjepa_2_1_vitg_1B/train/m09c_surgery_3stage_DI_encoder/student_encoder.pt"
        },
        "vjepa_2_1_vitg_surgical_autorgn_encoder": {
          "variant": "vjepa_2_1_vitg_surgical_autorgn_encoder",
          "metric": "tcc",
          "n_test": 1825,
          "n_pairs": 226571,
          "cycle_back": {
            "mean": 2.531829,
            "std": 0.231382,
            "ci": {
              "mean": 2.531829,
              "ci_lo": 2.521261,
              "ci_hi": 2.542496,
              "ci_half": 0.010618
            },
            "lower_is_better": true
          },
          "kendalls_tau": {
            "mean": 0.292081,
            "std": 0.112969,
            "ci": {
              "mean": 0.292081,
              "ci_lo": 0.28701,
              "ci_hi": 0.297354,
              "ci_half": 0.005172
            },
            "lower_is_better": false
          },
          "temperature": 0.1,
          "num_frames": 16,
          "tubelet_size": 2,
          "encoder_ckpt": "outputs/poc/vjepa_2_1_vitg_1B/train/m09e_autorgn_encoder/student_encoder.pt"
        }
      },
      "pairwise_deltas": {
        "cycle_back": {
          "vjepa_2_1_vitg_frozen_minus_vjepa_2_1_vitg_full_ft_encoder": {
            "n": 1825,
            "delta_mean": -0.420525,
            "delta_ci_lo": -0.431785,
            "delta_ci_hi": -0.40946,
            "p_value": 0.0
          },
          "vjepa_2_1_vitg_frozen_minus_vjepa_2_1_vitg_lpft_encoder": {
            "n": 1825,
            "delta_mean": -0.213429,
            "delta_ci_lo": -0.221834,
            "delta_ci_hi": -0.205565,
            "p_value": 0.0
          },
          "vjepa_2_1_vitg_frozen_minus_vjepa_2_1_vitg_peft_dora_encoder": {
            "n": 1825,
            "delta_mean": -0.235369,
            "delta_ci_lo": -0.244095,
            "delta_ci_hi": -0.22712,
            "p_value": 0.0
          },
          "vjepa_2_1_vitg_frozen_minus_vjepa_2_1_vitg_peft_lora_encoder": {
            "n": 1825,
            "delta_mean": -0.236786,
            "delta_ci_lo": -0.245636,
            "delta_ci_hi": -0.228628,
            "p_value": 0.0
          },
          "vjepa_2_1_vitg_frozen_minus_vjepa_2_1_vitg_pretrain_encoder": {
            "n": 1825,
            "delta_mean": -0.269475,
            "delta_ci_lo": -0.278903,
            "delta_ci_hi": -0.260343,
            "p_value": 0.0
          },
          "vjepa_2_1_vitg_frozen_minus_vjepa_2_1_vitg_surgery_raw_encoder": {
            "n": 1825,
            "delta_mean": -0.21614,
            "delta_ci_lo": -0.224357,
            "delta_ci_hi": -0.208347,
            "p_value": 0.0
          },
          "vjepa_2_1_vitg_frozen_minus_vjepa_2_1_vitg_surgical_3stage_DI_diheavy_encoder": {
            "n": 1825,
            "delta_mean": -0.220866,
            "delta_ci_lo": -0.229558,
            "delta_ci_hi": -0.21282,
            "p_value": 0.0
          },
          "vjepa_2_1_vitg_frozen_minus_vjepa_2_1_vitg_surgical_3stage_DI_encoder": {
            "n": 1825,
            "delta_mean": -0.217267,
            "delta_ci_lo": -0.225793,
            "delta_ci_hi": -0.209101,
            "p_value": 0.0
          },
          "vjepa_2_1_vitg_frozen_minus_vjepa_2_1_vitg_surgical_autorgn_encoder": {
            "n": 1825,
            "delta_mean": -0.336626,
            "delta_ci_lo": -0.346991,
            "delta_ci_hi": -0.326503,
            "p_value": 0.0
          },
          "vjepa_2_1_vitg_full_ft_encoder_minus_vjepa_2_1_vitg_lpft_encoder": {
            "n": 1825,
            "delta_mean": 0.207096,
            "delta_ci_lo": 0.200376,
            "delta_ci_hi": 0.213769,
            "p_value": 0.0
          },
          "vjepa_2_1_vitg_full_ft_encoder_minus_vjepa_2_1_vitg_peft_dora_encoder": {
            "n": 1825,
            "delta_mean": 0.185156,
            "delta_ci_lo": 0.179203,
            "delta_ci_hi": 0.191167,
            "p_value": 0.0
          },
          "vjepa_2_1_vitg_full_ft_encoder_minus_vjepa_2_1_vitg_peft_lora_encoder": {
            "n": 1825,
            "delta_mean": 0.183739,
            "delta_ci_lo": 0.177785,
            "delta_ci_hi": 0.189799,
            "p_value": 0.0
          },
          "vjepa_2_1_vitg_full_ft_encoder_minus_vjepa_2_1_vitg_pretrain_encoder": {
            "n": 1825,
            "delta_mean": 0.15105,
            "delta_ci_lo": 0.145012,
            "delta_ci_hi": 0.156991,
            "p_value": 0.0
          },
          "vjepa_2_1_vitg_full_ft_encoder_minus_vjepa_2_1_vitg_surgery_raw_encoder": {
            "n": 1825,
            "delta_mean": 0.204385,
            "delta_ci_lo": 0.197793,
            "delta_ci_hi": 0.211062,
            "p_value": 0.0
          },
          "vjepa_2_1_vitg_full_ft_encoder_minus_vjepa_2_1_vitg_surgical_3stage_DI_diheavy_encoder": {
            "n": 1825,
            "delta_mean": 0.199659,
            "delta_ci_lo": 0.1932,
            "delta_ci_hi": 0.206228,
            "p_value": 0.0
          },
          "vjepa_2_1_vitg_full_ft_encoder_minus_vjepa_2_1_vitg_surgical_3stage_DI_encoder": {
            "n": 1825,
            "delta_mean": 0.203258,
            "delta_ci_lo": 0.196774,
            "delta_ci_hi": 0.209757,
            "p_value": 0.0
          },
          "vjepa_2_1_vitg_full_ft_encoder_minus_vjepa_2_1_vitg_surgical_autorgn_encoder": {
            "n": 1825,
            "delta_mean": 0.083899,
            "delta_ci_lo": 0.079934,
            "delta_ci_hi": 0.087995,
            "p_value": 0.0
          },
          "vjepa_2_1_vitg_lpft_encoder_minus_vjepa_2_1_vitg_peft_dora_encoder": {
            "n": 1825,
            "delta_mean": -0.02194,
            "delta_ci_lo": -0.024583,
            "delta_ci_hi": -0.019365,
            "p_value": 0.0
          },
          "vjepa_2_1_vitg_lpft_encoder_minus_vjepa_2_1_vitg_peft_lora_encoder": {
            "n": 1825,
            "delta_mean": -0.023357,
            "delta_ci_lo": -0.026071,
            "delta_ci_hi": -0.020694,
            "p_value": 0.0
          },
          "vjepa_2_1_vitg_lpft_encoder_minus_vjepa_2_1_vitg_pretrain_encoder": {
            "n": 1825,
            "delta_mean": -0.056046,
            "delta_ci_lo": -0.060659,
            "delta_ci_hi": -0.051426,
            "p_value": 0.0
          },
          "vjepa_2_1_vitg_lpft_encoder_minus_vjepa_2_1_vitg_surgery_raw_encoder": {
            "n": 1825,
            "delta_mean": -0.002711,
            "delta_ci_lo": -0.005776,
            "delta_ci_hi": 0.000304,
            "p_value": 0.087
          },
          "vjepa_2_1_vitg_lpft_encoder_minus_vjepa_2_1_vitg_surgical_3stage_DI_diheavy_encoder": {
            "n": 1825,
            "delta_mean": -0.007436,
            "delta_ci_lo": -0.010319,
            "delta_ci_hi": -0.00469,
            "p_value": 0.0
          },
          "vjepa_2_1_vitg_lpft_encoder_minus_vjepa_2_1_vitg_surgical_3stage_DI_encoder": {
            "n": 1825,
            "delta_mean": -0.003837,
            "delta_ci_lo": -0.006394,
            "delta_ci_hi": -0.001261,
            "p_value": 0.0032
          },
          "vjepa_2_1_vitg_lpft_encoder_minus_vjepa_2_1_vitg_surgical_autorgn_encoder": {
            "n": 1825,
            "delta_mean": -0.123197,
            "delta_ci_lo": -0.128545,
            "delta_ci_hi": -0.118003,
            "p_value": 0.0
          },
          "vjepa_2_1_vitg_peft_dora_encoder_minus_vjepa_2_1_vitg_peft_lora_encoder": {
            "n": 1825,
            "delta_mean": -0.001417,
            "delta_ci_lo": -0.002617,
            "delta_ci_hi": -0.000157,
            "p_value": 0.0244
          },
          "vjepa_2_1_vitg_peft_dora_encoder_minus_vjepa_2_1_vitg_pretrain_encoder": {
            "n": 1825,
            "delta_mean": -0.034106,
            "delta_ci_lo": -0.038375,
            "delta_ci_hi": -0.030003,
            "p_value": 0.0
          },
          "vjepa_2_1_vitg_peft_dora_encoder_minus_vjepa_2_1_vitg_surgery_raw_encoder": {
            "n": 1825,
            "delta_mean": 0.019229,
            "delta_ci_lo": 0.016927,
            "delta_ci_hi": 0.021578,
            "p_value": 0.0
          },
          "vjepa_2_1_vitg_peft_dora_encoder_minus_vjepa_2_1_vitg_surgical_3stage_DI_diheavy_encoder": {
            "n": 1825,
            "delta_mean": 0.014503,
            "delta_ci_lo": 0.012123,
            "delta_ci_hi": 0.016808,
            "p_value": 0.0
          },
          "vjepa_2_1_vitg_peft_dora_encoder_minus_vjepa_2_1_vitg_surgical_3stage_DI_encoder": {
            "n": 1825,
            "delta_mean": 0.018102,
            "delta_ci_lo": 0.015745,
            "delta_ci_hi": 0.020443,
            "p_value": 0.0
          },
          "vjepa_2_1_vitg_peft_dora_encoder_minus_vjepa_2_1_vitg_surgical_autorgn_encoder": {
            "n": 1825,
            "delta_mean": -0.101257,
            "delta_ci_lo": -0.105796,
            "delta_ci_hi": -0.096889,
            "p_value": 0.0
          },
          "vjepa_2_1_vitg_peft_lora_encoder_minus_vjepa_2_1_vitg_pretrain_encoder": {
            "n": 1825,
            "delta_mean": -0.032689,
            "delta_ci_lo": -0.03696,
            "delta_ci_hi": -0.028568,
            "p_value": 0.0
          },
          "vjepa_2_1_vitg_peft_lora_encoder_minus_vjepa_2_1_vitg_surgery_raw_encoder": {
            "n": 1825,
            "delta_mean": 0.020646,
            "delta_ci_lo": 0.018568,
            "delta_ci_hi": 0.022843,
            "p_value": 0.0
          },
          "vjepa_2_1_vitg_peft_lora_encoder_minus_vjepa_2_1_vitg_surgical_3stage_DI_diheavy_encoder": {
            "n": 1825,
            "delta_mean": 0.015921,
            "delta_ci_lo": 0.013799,
            "delta_ci_hi": 0.017981,
            "p_value": 0.0
          },
          "vjepa_2_1_vitg_peft_lora_encoder_minus_vjepa_2_1_vitg_surgical_3stage_DI_encoder": {
            "n": 1825,
            "delta_mean": 0.01952,
            "delta_ci_lo": 0.016565,
            "delta_ci_hi": 0.022446,
            "p_value": 0.0
          },
          "vjepa_2_1_vitg_peft_lora_encoder_minus_vjepa_2_1_vitg_surgical_autorgn_encoder": {
            "n": 1825,
            "delta_mean": -0.09984,
            "delta_ci_lo": -0.104416,
            "delta_ci_hi": -0.095401,
            "p_value": 0.0
          },
          "vjepa_2_1_vitg_pretrain_encoder_minus_vjepa_2_1_vitg_surgery_raw_encoder": {
            "n": 1825,
            "delta_mean": 0.053335,
            "delta_ci_lo": 0.048634,
            "delta_ci_hi": 0.058151,
            "p_value": 0.0
          },
          "vjepa_2_1_vitg_pretrain_encoder_minus_vjepa_2_1_vitg_surgical_3stage_DI_diheavy_encoder": {
            "n": 1825,
            "delta_mean": 0.04861,
            "delta_ci_lo": 0.044153,
            "delta_ci_hi": 0.053134,
            "p_value": 0.0
          },
          "vjepa_2_1_vitg_pretrain_encoder_minus_vjepa_2_1_vitg_surgical_3stage_DI_encoder": {
            "n": 1825,
            "delta_mean": 0.052209,
            "delta_ci_lo": 0.047834,
            "delta_ci_hi": 0.056654,
            "p_value": 0.0
          },
          "vjepa_2_1_vitg_pretrain_encoder_minus_vjepa_2_1_vitg_surgical_autorgn_encoder": {
            "n": 1825,
            "delta_mean": -0.067151,
            "delta_ci_lo": -0.071242,
            "delta_ci_hi": -0.063063,
            "p_value": 0.0
          },
          "vjepa_2_1_vitg_surgery_raw_encoder_minus_vjepa_2_1_vitg_surgical_3stage_DI_diheavy_encoder": {
            "n": 1825,
            "delta_mean": -0.004725,
            "delta_ci_lo": -0.007268,
            "delta_ci_hi": -0.002161,
            "p_value": 0.0
          },
          "vjepa_2_1_vitg_surgery_raw_encoder_minus_vjepa_2_1_vitg_surgical_3stage_DI_encoder": {
            "n": 1825,
            "delta_mean": -0.001126,
            "delta_ci_lo": -0.00424,
            "delta_ci_hi": 0.002025,
            "p_value": 0.4826
          },
          "vjepa_2_1_vitg_surgery_raw_encoder_minus_vjepa_2_1_vitg_surgical_autorgn_encoder": {
            "n": 1825,
            "delta_mean": -0.120486,
            "delta_ci_lo": -0.125509,
            "delta_ci_hi": -0.115651,
            "p_value": 0.0
          },
          "vjepa_2_1_vitg_surgical_3stage_DI_diheavy_encoder_minus_vjepa_2_1_vitg_surgical_3stage_DI_encoder": {
            "n": 1825,
            "delta_mean": 0.003599,
            "delta_ci_lo": 0.000369,
            "delta_ci_hi": 0.006808,
            "p_value": 0.0274
          },
          "vjepa_2_1_vitg_surgical_3stage_DI_diheavy_encoder_minus_vjepa_2_1_vitg_surgical_autorgn_encoder": {
            "n": 1825,
            "delta_mean": -0.11576,
            "delta_ci_lo": -0.120822,
            "delta_ci_hi": -0.110794,
            "p_value": 0.0
          },
          "vjepa_2_1_vitg_surgical_3stage_DI_encoder_minus_vjepa_2_1_vitg_surgical_autorgn_encoder": {
            "n": 1825,
            "delta_mean": -0.119359,
            "delta_ci_lo": -0.124069,
            "delta_ci_hi": -0.114647,
            "p_value": 0.0
          }
        },
        "kendalls_tau": {
          "vjepa_2_1_vitg_frozen_minus_vjepa_2_1_vitg_full_ft_encoder": {
            "n": 1825,
            "delta_mean": 0.026943,
            "delta_ci_lo": 0.023666,
            "delta_ci_hi": 0.03037,
            "p_value": 0.0
          },
          "vjepa_2_1_vitg_frozen_minus_vjepa_2_1_vitg_lpft_encoder": {
            "n": 1825,
            "delta_mean": 0.044214,
            "delta_ci_lo": 0.041557,
            "delta_ci_hi": 0.046972,
            "p_value": 0.0
          },
          "vjepa_2_1_vitg_frozen_minus_vjepa_2_1_vitg_peft_dora_encoder": {
            "n": 1825,
            "delta_mean": 0.048108,
            "delta_ci_lo": 0.045288,
            "delta_ci_hi": 0.050829,
            "p_value": 0.0
          },
          "vjepa_2_1_vitg_frozen_minus_vjepa_2_1_vitg_peft_lora_encoder": {
            "n": 1825,
            "delta_mean": 0.048982,
            "delta_ci_lo": 0.046125,
            "delta_ci_hi": 0.051725,
            "p_value": 0.0
          },
          "vjepa_2_1_vitg_frozen_minus_vjepa_2_1_vitg_pretrain_encoder": {
            "n": 1825,
            "delta_mean": 0.037758,
            "delta_ci_lo": 0.034761,
            "delta_ci_hi": 0.040736,
            "p_value": 0.0
          },
          "vjepa_2_1_vitg_frozen_minus_vjepa_2_1_vitg_surgery_raw_encoder": {
            "n": 1825,
            "delta_mean": 0.044499,
            "delta_ci_lo": 0.041751,
            "delta_ci_hi": 0.047077,
            "p_value": 0.0
          },
          "vjepa_2_1_vitg_frozen_minus_vjepa_2_1_vitg_surgical_3stage_DI_diheavy_encoder": {
            "n": 1825,
            "delta_mean": 0.046942,
            "delta_ci_lo": 0.044165,
            "delta_ci_hi": 0.049645,
            "p_value": 0.0
          },
          "vjepa_2_1_vitg_frozen_minus_vjepa_2_1_vitg_surgical_3stage_DI_encoder": {
            "n": 1825,
            "delta_mean": 0.046081,
            "delta_ci_lo": 0.043256,
            "delta_ci_hi": 0.048848,
            "p_value": 0.0
          },
          "vjepa_2_1_vitg_frozen_minus_vjepa_2_1_vitg_surgical_autorgn_encoder": {
            "n": 1825,
            "delta_mean": 0.041679,
            "delta_ci_lo": 0.038577,
            "delta_ci_hi": 0.044749,
            "p_value": 0.0
          },
          "vjepa_2_1_vitg_full_ft_encoder_minus_vjepa_2_1_vitg_lpft_encoder": {
            "n": 1825,
            "delta_mean": 0.017271,
            "delta_ci_lo": 0.015013,
            "delta_ci_hi": 0.019465,
            "p_value": 0.0
          },
          "vjepa_2_1_vitg_full_ft_encoder_minus_vjepa_2_1_vitg_peft_dora_encoder": {
            "n": 1825,
            "delta_mean": 0.021165,
            "delta_ci_lo": 0.019165,
            "delta_ci_hi": 0.023088,
            "p_value": 0.0
          },
          "vjepa_2_1_vitg_full_ft_encoder_minus_vjepa_2_1_vitg_peft_lora_encoder": {
            "n": 1825,
            "delta_mean": 0.022039,
            "delta_ci_lo": 0.02003,
            "delta_ci_hi": 0.02398,
            "p_value": 0.0
          },
          "vjepa_2_1_vitg_full_ft_encoder_minus_vjepa_2_1_vitg_pretrain_encoder": {
            "n": 1825,
            "delta_mean": 0.010815,
            "delta_ci_lo": 0.008685,
            "delta_ci_hi": 0.012881,
            "p_value": 0.0
          },
          "vjepa_2_1_vitg_full_ft_encoder_minus_vjepa_2_1_vitg_surgery_raw_encoder": {
            "n": 1825,
            "delta_mean": 0.017555,
            "delta_ci_lo": 0.01543,
            "delta_ci_hi": 0.019642,
            "p_value": 0.0
          },
          "vjepa_2_1_vitg_full_ft_encoder_minus_vjepa_2_1_vitg_surgical_3stage_DI_diheavy_encoder": {
            "n": 1825,
            "delta_mean": 0.019998,
            "delta_ci_lo": 0.017867,
            "delta_ci_hi": 0.022049,
            "p_value": 0.0
          },
          "vjepa_2_1_vitg_full_ft_encoder_minus_vjepa_2_1_vitg_surgical_3stage_DI_encoder": {
            "n": 1825,
            "delta_mean": 0.019138,
            "delta_ci_lo": 0.016963,
            "delta_ci_hi": 0.021243,
            "p_value": 0.0
          },
          "vjepa_2_1_vitg_full_ft_encoder_minus_vjepa_2_1_vitg_surgical_autorgn_encoder": {
            "n": 1825,
            "delta_mean": 0.014735,
            "delta_ci_lo": 0.01304,
            "delta_ci_hi": 0.016412,
            "p_value": 0.0
          },
          "vjepa_2_1_vitg_lpft_encoder_minus_vjepa_2_1_vitg_peft_dora_encoder": {
            "n": 1825,
            "delta_mean": 0.003894,
            "delta_ci_lo": 0.002658,
            "delta_ci_hi": 0.005167,
            "p_value": 0.0
          },
          "vjepa_2_1_vitg_lpft_encoder_minus_vjepa_2_1_vitg_peft_lora_encoder": {
            "n": 1825,
            "delta_mean": 0.004768,
            "delta_ci_lo": 0.003515,
            "delta_ci_hi": 0.006053,
            "p_value": 0.0
          },
          "vjepa_2_1_vitg_lpft_encoder_minus_vjepa_2_1_vitg_pretrain_encoder": {
            "n": 1825,
            "delta_mean": -0.006456,
            "delta_ci_lo": -0.008384,
            "delta_ci_hi": -0.004648,
            "p_value": 0.0
          },
          "vjepa_2_1_vitg_lpft_encoder_minus_vjepa_2_1_vitg_surgery_raw_encoder": {
            "n": 1825,
            "delta_mean": 0.000284,
            "delta_ci_lo": -0.001187,
            "delta_ci_hi": 0.001675,
            "p_value": 0.6888
          },
          "vjepa_2_1_vitg_lpft_encoder_minus_vjepa_2_1_vitg_surgical_3stage_DI_diheavy_encoder": {
            "n": 1825,
            "delta_mean": 0.002727,
            "delta_ci_lo": 0.001418,
            "delta_ci_hi": 0.004069,
            "p_value": 0.0002
          },
          "vjepa_2_1_vitg_lpft_encoder_minus_vjepa_2_1_vitg_surgical_3stage_DI_encoder": {
            "n": 1825,
            "delta_mean": 0.001867,
            "delta_ci_lo": 0.000641,
            "delta_ci_hi": 0.003115,
            "p_value": 0.004
          },
          "vjepa_2_1_vitg_lpft_encoder_minus_vjepa_2_1_vitg_surgical_autorgn_encoder": {
            "n": 1825,
            "delta_mean": -0.002536,
            "delta_ci_lo": -0.004493,
            "delta_ci_hi": -0.000513,
            "p_value": 0.0128
          },
          "vjepa_2_1_vitg_peft_dora_encoder_minus_vjepa_2_1_vitg_peft_lora_encoder": {
            "n": 1825,
            "delta_mean": 0.000874,
            "delta_ci_lo": 0.000191,
            "delta_ci_hi": 0.001555,
            "p_value": 0.0096
          },
          "vjepa_2_1_vitg_peft_dora_encoder_minus_vjepa_2_1_vitg_pretrain_encoder": {
            "n": 1825,
            "delta_mean": -0.01035,
            "delta_ci_lo": -0.01207,
            "delta_ci_hi": -0.008594,
            "p_value": 0.0
          },
          "vjepa_2_1_vitg_peft_dora_encoder_minus_vjepa_2_1_vitg_surgery_raw_encoder": {
            "n": 1825,
            "delta_mean": -0.00361,
            "delta_ci_lo": -0.004771,
            "delta_ci_hi": -0.002469,
            "p_value": 0.0
          },
          "vjepa_2_1_vitg_peft_dora_encoder_minus_vjepa_2_1_vitg_surgical_3stage_DI_diheavy_encoder": {
            "n": 1825,
            "delta_mean": -0.001167,
            "delta_ci_lo": -0.002332,
            "delta_ci_hi": -1.5e-05,
            "p_value": 0.0512
          },
          "vjepa_2_1_vitg_peft_dora_encoder_minus_vjepa_2_1_vitg_surgical_3stage_DI_encoder": {
            "n": 1825,
            "delta_mean": -0.002027,
            "delta_ci_lo": -0.003269,
            "delta_ci_hi": -0.000806,
            "p_value": 0.0016
          },
          "vjepa_2_1_vitg_peft_dora_encoder_minus_vjepa_2_1_vitg_surgical_autorgn_encoder": {
            "n": 1825,
            "delta_mean": -0.006429,
            "delta_ci_lo": -0.00809,
            "delta_ci_hi": -0.004795,
            "p_value": 0.0
          },
          "vjepa_2_1_vitg_peft_lora_encoder_minus_vjepa_2_1_vitg_pretrain_encoder": {
            "n": 1825,
            "delta_mean": -0.011224,
            "delta_ci_lo": -0.012996,
            "delta_ci_hi": -0.009484,
            "p_value": 0.0
          },
          "vjepa_2_1_vitg_peft_lora_encoder_minus_vjepa_2_1_vitg_surgery_raw_encoder": {
            "n": 1825,
            "delta_mean": -0.004484,
            "delta_ci_lo": -0.005574,
            "delta_ci_hi": -0.00342,
            "p_value": 0.0
          },
          "vjepa_2_1_vitg_peft_lora_encoder_minus_vjepa_2_1_vitg_surgical_3stage_DI_diheavy_encoder": {
            "n": 1825,
            "delta_mean": -0.002041,
            "delta_ci_lo": -0.003061,
            "delta_ci_hi": -0.000979,
            "p_value": 0.0
          },
          "vjepa_2_1_vitg_peft_lora_encoder_minus_vjepa_2_1_vitg_surgical_3stage_DI_encoder": {
            "n": 1825,
            "delta_mean": -0.002901,
            "delta_ci_lo": -0.004309,
            "delta_ci_hi": -0.001522,
            "p_value": 0.0
          },
          "vjepa_2_1_vitg_peft_lora_encoder_minus_vjepa_2_1_vitg_surgical_autorgn_encoder": {
            "n": 1825,
            "delta_mean": -0.007304,
            "delta_ci_lo": -0.008993,
            "delta_ci_hi": -0.005632,
            "p_value": 0.0
          },
          "vjepa_2_1_vitg_pretrain_encoder_minus_vjepa_2_1_vitg_surgery_raw_encoder": {
            "n": 1825,
            "delta_mean": 0.00674,
            "delta_ci_lo": 0.004872,
            "delta_ci_hi": 0.008579,
            "p_value": 0.0
          },
          "vjepa_2_1_vitg_pretrain_encoder_minus_vjepa_2_1_vitg_surgical_3stage_DI_diheavy_encoder": {
            "n": 1825,
            "delta_mean": 0.009183,
            "delta_ci_lo": 0.007441,
            "delta_ci_hi": 0.010937,
            "p_value": 0.0
          },
          "vjepa_2_1_vitg_pretrain_encoder_minus_vjepa_2_1_vitg_surgical_3stage_DI_encoder": {
            "n": 1825,
            "delta_mean": 0.008323,
            "delta_ci_lo": 0.006548,
            "delta_ci_hi": 0.010093,
            "p_value": 0.0
          },
          "vjepa_2_1_vitg_pretrain_encoder_minus_vjepa_2_1_vitg_surgical_autorgn_encoder": {
            "n": 1825,
            "delta_mean": 0.00392,
            "delta_ci_lo": 0.00229,
            "delta_ci_hi": 0.005549,
            "p_value": 0.0
          },
          "vjepa_2_1_vitg_surgery_raw_encoder_minus_vjepa_2_1_vitg_surgical_3stage_DI_diheavy_encoder": {
            "n": 1825,
            "delta_mean": 0.002443,
            "delta_ci_lo": 0.001327,
            "delta_ci_hi": 0.003622,
            "p_value": 0.0
          },
          "vjepa_2_1_vitg_surgery_raw_encoder_minus_vjepa_2_1_vitg_surgical_3stage_DI_encoder": {
            "n": 1825,
            "delta_mean": 0.001583,
            "delta_ci_lo": 0.00016,
            "delta_ci_hi": 0.003061,
            "p_value": 0.0314
          },
          "vjepa_2_1_vitg_surgery_raw_encoder_minus_vjepa_2_1_vitg_surgical_autorgn_encoder": {
            "n": 1825,
            "delta_mean": -0.00282,
            "delta_ci_lo": -0.00453,
            "delta_ci_hi": -0.001069,
            "p_value": 0.002
          },
          "vjepa_2_1_vitg_surgical_3stage_DI_diheavy_encoder_minus_vjepa_2_1_vitg_surgical_3stage_DI_encoder": {
            "n": 1825,
            "delta_mean": -0.00086,
            "delta_ci_lo": -0.002295,
            "delta_ci_hi": 0.00056,
            "p_value": 0.2364
          },
          "vjepa_2_1_vitg_surgical_3stage_DI_diheavy_encoder_minus_vjepa_2_1_vitg_surgical_autorgn_encoder": {
            "n": 1825,
            "delta_mean": -0.005263,
            "delta_ci_lo": -0.007037,
            "delta_ci_hi": -0.00345,
            "p_value": 0.0
          },
          "vjepa_2_1_vitg_surgical_3stage_DI_encoder_minus_vjepa_2_1_vitg_surgical_autorgn_encoder": {
            "n": 1825,
            "delta_mean": -0.004402,
            "delta_ci_lo": -0.00613,
            "delta_ci_hi": -0.00268,
            "p_value": 0.0
          }
        }
      }
    }
  }
}

═══ 07:21:49 · STAGE 10 · m13 eval plot — 14 bars + HERO (CPU, ~5s) ═══
  [m13_eval_plot] wiping eval/ — 43 stale file(s)
m13_eval_plot:   0%|          | 0/15 [00:00<?, ?panel/s]  Saved: outputs/poc/vjepa_2_1_vitg_1B/eval/eval_10k/probe_plot/eval/head/probe_action_acc_compare.png + .pdf
  Saved: outputs/poc/vjepa_2_1_vitg_1B/eval/eval_10k/probe_plot/eval/head/probe_motion_cos_compare.png + .pdf
  Saved: outputs/poc/vjepa_2_1_vitg_1B/eval/eval_10k/probe_plot/eval/head/m13_taxonomy_f1_compare.png + .pdf
  Saved: outputs/poc/vjepa_2_1_vitg_1B/eval/eval_10k/probe_plot/eval/head/probe_future_mse_compare.png + .pdf
  Saved: outputs/poc/vjepa_2_1_vitg_1B/eval/eval_10k/probe_plot/eval/predictor/m13_rollout_compare.png + .pdf
  Saved: outputs/poc/vjepa_2_1_vitg_1B/eval/eval_10k/probe_plot/eval/predictor/m13_causal_compare.png + .pdf
  Saved: outputs/poc/vjepa_2_1_vitg_1B/eval/eval_10k/probe_plot/eval/predictor/m13_tdist_compare.png + .pdf
  Saved: outputs/poc/vjepa_2_1_vitg_1B/eval/eval_10k/probe_plot/eval/predictor/m13_teacher_free_compare.png + .pdf
  Saved: outputs/poc/vjepa_2_1_vitg_1B/eval/eval_10k/probe_plot/eval/predictor/m13_maskratio_compare.png + .pdf
  [skip] order: signed (no better/worse direction) — diagnostic only, kept in CSV not plotted
  Saved: outputs/poc/vjepa_2_1_vitg_1B/eval/eval_10k/probe_plot/eval/encoder/m13_aot_compare.png + .pdf
  Saved: outputs/poc/vjepa_2_1_vitg_1B/eval/eval_10k/probe_plot/eval/encoder/m13_tov_compare.png + .pdf
  Saved: outputs/poc/vjepa_2_1_vitg_1B/eval/eval_10k/probe_plot/eval/encoder/m13_pace_compare.png + .pdf
  Saved: outputs/poc/vjepa_2_1_vitg_1B/eval/eval_10k/probe_plot/eval/encoder/m13_tcc_tau_compare.png + .pdf
  Saved: outputs/poc/vjepa_2_1_vitg_1B/eval/eval_10k/probe_plot/eval/encoder/m13_tcc_cycle_compare.png + .pdf
m13_eval_plot: 100%|██████████| 15/15 [00:08<00:00,  1.72panel/s]m13_eval_plot: 100%|██████████| 15/15 [00:08<00:00,  1.72panel/s]
  14/15 bar panels written (14 plotted): ['action_top1', 'aot', 'causal', 'future_mse', 'maskratio', 'motion_cos', 'pace', 'rollout', 'taxonomy_f1', 'tcc_cycle', 'tcc_tau', 'tdist', 'teacher_free', 'tov']  ·  signed (CSV-only, not plotted): ['order']
  [per-backbone] vjepa_2_1_vitg → eval/vjepa_2_1_vitg/  (11 arms vs g-frozen)
  Saved: outputs/poc/vjepa_2_1_vitg_1B/eval/eval_10k/probe_plot/eval/vjepa_2_1_vitg/m13_hero_table.png + .pdf
  [hero-table] m13_hero_table.{png,pdf,csv} — 13 metric rows drawn (+signed 'order' in CSV only) × 12 cols (transposed) · WINNER col = champion duel (ties shown)
  Saved: outputs/poc/vjepa_2_1_vitg_1B/eval/eval_10k/probe_plot/eval/vjepa_2_1_vitg/m13_hero_raw_values.png + .pdf
  [hero-heatmap] m13_hero_raw_values.{png,pdf} — 11 rows (frozen + 10 arms) × 13 (raw value CI)
  Saved: outputs/poc/vjepa_2_1_vitg_1B/eval/eval_10k/probe_plot/eval/vjepa_2_1_vitg/m13_scoreboard_surgery_vs_pretrain.png + .pdf
  [scoreboard] m13_scoreboard_surgery_vs_pretrain — surgery 8 pretrain 2 tie 3
  Saved: outputs/poc/vjepa_2_1_vitg_1B/eval/eval_10k/probe_plot/eval/vjepa_2_1_vitg/m13_grouped_winner_surgery_vs_pretrain.png + .pdf
  [grouped] m13_grouped_winner_surgery_vs_pretrain — surgery 8 pretrain 2 tie 3
  Saved: outputs/poc/vjepa_2_1_vitg_1B/eval/eval_10k/probe_plot/eval/vjepa_2_1_vitg/m13_paired_forest_surgery_vs_pretrain.png + .pdf
  [forest] m13_paired_forest_surgery_vs_pretrain.{png,pdf} — 13 metrics · surgery 8 pretrain 2 tie 3
  [stack] m13_hero_raw_values.{png,pdf} — vertical append of 1 LABELLED backbone panels (vjepa_2_1_vitg) · NO averaging
  Saved: outputs/poc/vjepa_2_1_vitg_1B/eval/eval_10k/probe_plot/eval/m13_paired_diff_heatmap.png + .pdf
  [paired-heatmap] m13_paired_diff_heatmap.{png,pdf} — 13 metrics × 1 backbones
  Plots written to: outputs/poc/vjepa_2_1_vitg_1B/eval/eval_10k/probe_plot/eval

═══ 07:22:11 · DONE · total wall = 4 min ═══
Artifacts:
  🔥 P1 GATE     outputs/poc/vjepa_2_1_vitg_1B/eval/eval_10k/probe_action/probe_paired_delta.json
  motion_cos     outputs/poc/vjepa_2_1_vitg_1B/eval/eval_10k/probe_motion_cos/probe_motion_cos_paired.json
  future_mse     outputs/poc/vjepa_2_1_vitg_1B/eval/eval_10k/probe_future_mse/probe_future_mse_per_variant.json
  enc_temporal   outputs/poc/vjepa_2_1_vitg_1B/eval/eval_10k/encoder_temporal/encoder_temporal_per_variant.json (aot/tov/pace/tcc)
  taxonomy lbls  outputs/poc/vjepa_2_1_vitg_1B/eval/eval_10k/probe_taxonomy/taxonomy_labels.json (consumed by run_train.sh multi-task path)
  plots          outputs/poc/vjepa_2_1_vitg_1B/eval/eval_10k/probe_plot/eval/{probe_action_loss,probe_action_acc,probe_action_acc_compare,probe_motion_cos_compare,probe_future_mse_compare}.{png,pdf}
Per-encoder probe ckpts:
  outputs/poc/vjepa_2_1_vitg_1B/eval/eval_10k/probe_action/vjepa_2_1_vitg_frozen/probe.pt
  outputs/poc/vjepa_2_1_vitg_1B/eval/eval_10k/probe_action/vjepa_2_1_vitg_pretrain_encoder/probe.pt
  outputs/poc/vjepa_2_1_vitg_1B/eval/eval_10k/probe_action/vjepa_2_1_vitg_surgical_3stage_DI_encoder/probe.pt
  outputs/poc/vjepa_2_1_vitg_1B/eval/eval_10k/probe_action/vjepa_2_1_vitg_surgical_autorgn_encoder/probe.pt
  outputs/poc/vjepa_2_1_vitg_1B/eval/eval_10k/probe_action/vjepa_2_1_vitg_surgery_raw_encoder/probe.pt
  outputs/poc/vjepa_2_1_vitg_1B/eval/eval_10k/probe_action/vjepa_2_1_vitg_full_ft_encoder/probe.pt
  outputs/poc/vjepa_2_1_vitg_1B/eval/eval_10k/probe_action/vjepa_2_1_vitg_lpft_encoder/probe.pt
  outputs/poc/vjepa_2_1_vitg_1B/eval/eval_10k/probe_action/vjepa_2_1_vitg_peft_lora_encoder/probe.pt
  outputs/poc/vjepa_2_1_vitg_1B/eval/eval_10k/probe_action/vjepa_2_1_vitg_peft_dora_encoder/probe.pt
  outputs/poc/vjepa_2_1_vitg_1B/eval/eval_10k/probe_action/vjepa_2_1_vitg_surgical_3stage_DI_diheavy_encoder/probe.pt
  outputs/poc/vjepa_2_1_vitg_1B/eval/eval_10k/probe_action/vjepa_2_1_vitg_surgical_3stage_DI_intervene_encoder/probe.pt
  outputs/poc/vjepa_2_1_vitg_1B/eval/eval_10k/probe_action/vjepa_2_1_vitg_surgical_intervene_wiseft_f30_encoder/probe.pt
  outputs/poc/vjepa_2_1_vitg_1B/eval/eval_10k/probe_action/vjepa_2_1_vitg_surgical_intervene_wiseft_f50_encoder/probe.pt
  outputs/poc/vjepa_2_1_vitg_1B/eval/eval_10k/probe_action/vjepa_2_1_vitg_surgical_intervene_wiseft_f70_encoder/probe.pt
