scale,metric,direction,unit,arm_a,arm_b,side_a,side_b,n,raw_delta_a_minus_b,raw_ci_lo,raw_ci_hi,a_advantage,a_adv_ci_lo,a_adv_ci_hi,separated,p_value,source
POC-2B,act,higher,pp,full_ft_encoder,surgery_raw_encoder,COMP,OURS,1825,2.0274,0.0,3.9924,2.0274,0.0,3.9924,False,0.0476,probe_action/probe_paired_delta.json
POC-2B,act,higher,pp,full_ft_encoder,surgical_3stage_DI_diheavy_encoder,COMP,OURS,1825,2.6849,0.7671,4.6027,2.6849,0.7671,4.6027,True,0.0054,probe_action/probe_paired_delta.json
POC-2B,act,higher,pp,full_ft_encoder,surgical_3stage_DI_encoder,COMP,OURS,1825,3.5616,1.5342,5.589,3.5616,1.5342,5.589,True,0.0012,probe_action/probe_paired_delta.json
POC-2B,act,higher,pp,full_ft_encoder,surgical_3stage_DI_head,COMP,OURS,1825,2.7397,0.7671,4.7671,2.7397,0.7671,4.7671,True,0.0092,probe_action/probe_paired_delta.json
POC-2B,act,higher,pp,full_ft_encoder,surgical_3stage_DI_intervene_encoder,COMP,OURS,1825,1.863,-0.0548,3.8356,1.863,-0.0548,3.8356,False,0.0606,probe_action/probe_paired_delta.json
POC-2B,act,higher,pp,full_ft_encoder,surgical_3stage_DI_replay25_encoder,COMP,OURS,1825,2.6849,0.7671,4.6027,2.6849,0.7671,4.6027,True,0.0056,probe_action/probe_paired_delta.json
POC-2B,act,higher,pp,full_ft_encoder,surgical_3stage_DI_tccaux_encoder,COMP,OURS,1825,3.2877,1.3151,5.2603,3.2877,1.3151,5.2603,True,0.0016,probe_action/probe_paired_delta.json
POC-2B,act,higher,pp,full_ft_encoder,surgical_3stage_DI_wiseft_encoder,COMP,OURS,1825,4.1644,2.0822,6.137,4.1644,2.0822,6.137,True,0.0,probe_action/probe_paired_delta.json
POC-2B,act,higher,pp,full_ft_encoder,surgical_intervene_wiseft_f30_encoder,COMP,OURS,1825,4.5479,2.4658,6.6301,4.5479,2.4658,6.6301,True,0.0,probe_action/probe_paired_delta.json
POC-2B,act,higher,pp,full_ft_encoder,surgical_intervene_wiseft_f50_encoder,COMP,OURS,1825,5.1507,2.9589,7.3425,5.1507,2.9589,7.3425,True,0.0,probe_action/probe_paired_delta.json
POC-2B,act,higher,pp,full_ft_encoder,surgical_intervene_wiseft_f70_encoder,COMP,OURS,1825,5.2603,3.0685,7.5068,5.2603,3.0685,7.5068,True,0.0,probe_action/probe_paired_delta.json
POC-2B,act,higher,pp,full_ft_encoder,surgical_noDI_encoder,COMP,OURS,1825,2.137,0.274,4.0,2.137,0.274,4.0,True,0.0236,probe_action/probe_paired_delta.json
POC-2B,act,higher,pp,full_ft_encoder,surgical_noDI_head,COMP,OURS,1825,3.0685,0.9315,5.1507,3.0685,0.9315,5.1507,True,0.0058,probe_action/probe_paired_delta.json
POC-2B,act,higher,pp,lpft_encoder,surgery_raw_encoder,COMP,OURS,1825,-1.6438,-3.3425,0.0,-1.6438,-3.3425,0.0,False,0.056,probe_action/probe_paired_delta.json
POC-2B,act,higher,pp,lpft_encoder,surgical_3stage_DI_diheavy_encoder,COMP,OURS,1825,-0.9863,-2.6301,0.6575,-0.9863,-2.6301,0.6575,False,0.2522,probe_action/probe_paired_delta.json
POC-2B,act,higher,pp,lpft_encoder,surgical_3stage_DI_encoder,COMP,OURS,1825,-0.1096,-1.863,1.6986,-0.1096,-1.863,1.6986,False,0.9212,probe_action/probe_paired_delta.json
POC-2B,act,higher,pp,lpft_encoder,surgical_3stage_DI_head,COMP,OURS,1825,-0.9315,-2.5205,0.7123,-0.9315,-2.5205,0.7123,False,0.2626,probe_action/probe_paired_delta.json
POC-2B,act,higher,pp,lpft_encoder,surgical_3stage_DI_intervene_encoder,COMP,OURS,1825,-1.8082,-3.3973,-0.2192,-1.8082,-3.3973,-0.2192,True,0.0272,probe_action/probe_paired_delta.json
POC-2B,act,higher,pp,lpft_encoder,surgical_3stage_DI_replay25_encoder,COMP,OURS,1825,-0.9863,-2.7397,0.7123,-0.9863,-2.7397,0.7123,False,0.281,probe_action/probe_paired_delta.json
POC-2B,act,higher,pp,lpft_encoder,surgical_3stage_DI_tccaux_encoder,COMP,OURS,1825,-0.3836,-2.137,1.4247,-0.3836,-2.137,1.4247,False,0.6788,probe_action/probe_paired_delta.json
POC-2B,act,higher,pp,lpft_encoder,surgical_3stage_DI_wiseft_encoder,COMP,OURS,1825,0.4932,-1.3151,2.3014,0.4932,-1.3151,2.3014,False,0.616,probe_action/probe_paired_delta.json
POC-2B,act,higher,pp,lpft_encoder,surgical_intervene_wiseft_f30_encoder,COMP,OURS,1825,0.8767,-0.8767,2.6849,0.8767,-0.8767,2.6849,False,0.353,probe_action/probe_paired_delta.json
POC-2B,act,higher,pp,lpft_encoder,surgical_intervene_wiseft_f50_encoder,COMP,OURS,1825,1.4795,-0.4932,3.4521,1.4795,-0.4932,3.4521,False,0.1566,probe_action/probe_paired_delta.json
POC-2B,act,higher,pp,lpft_encoder,surgical_intervene_wiseft_f70_encoder,COMP,OURS,1825,1.589,-0.4384,3.6164,1.589,-0.4384,3.6164,False,0.137,probe_action/probe_paired_delta.json
POC-2B,act,higher,pp,lpft_encoder,surgical_noDI_encoder,COMP,OURS,1825,-1.5342,-3.2183,0.1096,-1.5342,-3.2183,0.1096,False,0.0688,probe_action/probe_paired_delta.json
POC-2B,act,higher,pp,lpft_encoder,surgical_noDI_head,COMP,OURS,1825,-0.6027,-2.2466,0.9863,-0.6027,-2.2466,0.9863,False,0.4894,probe_action/probe_paired_delta.json
POC-2B,act,higher,pp,peft_dora_encoder,surgery_raw_encoder,COMP,OURS,1825,1.9178,0.3288,3.5616,1.9178,0.3288,3.5616,True,0.0178,probe_action/probe_paired_delta.json
POC-2B,act,higher,pp,peft_dora_encoder,surgical_3stage_DI_diheavy_encoder,COMP,OURS,1825,2.5753,1.0959,4.0548,2.5753,1.0959,4.0548,True,0.0002,probe_action/probe_paired_delta.json
POC-2B,act,higher,pp,peft_dora_encoder,surgical_3stage_DI_encoder,COMP,OURS,1825,3.4521,1.7534,5.1507,3.4521,1.7534,5.1507,True,0.0,probe_action/probe_paired_delta.json
POC-2B,act,higher,pp,peft_dora_encoder,surgical_3stage_DI_head,COMP,OURS,1825,2.6301,0.9863,4.274,2.6301,0.9863,4.274,True,0.0012,probe_action/probe_paired_delta.json
POC-2B,act,higher,pp,peft_dora_encoder,surgical_3stage_DI_intervene_encoder,COMP,OURS,1825,1.7534,0.1644,3.3973,1.7534,0.1644,3.3973,True,0.0352,probe_action/probe_paired_delta.json
POC-2B,act,higher,pp,peft_dora_encoder,surgical_3stage_DI_replay25_encoder,COMP,OURS,1825,2.5753,0.9315,4.2192,2.5753,0.9315,4.2192,True,0.003,probe_action/probe_paired_delta.json
POC-2B,act,higher,pp,peft_dora_encoder,surgical_3stage_DI_tccaux_encoder,COMP,OURS,1825,3.1781,1.2603,5.0411,3.1781,1.2603,5.0411,True,0.001,probe_action/probe_paired_delta.json
POC-2B,act,higher,pp,peft_dora_encoder,surgical_3stage_DI_wiseft_encoder,COMP,OURS,1825,4.0548,2.2466,5.863,4.0548,2.2466,5.863,True,0.0,probe_action/probe_paired_delta.json
POC-2B,act,higher,pp,peft_dora_encoder,surgical_intervene_wiseft_f30_encoder,COMP,OURS,1825,4.4384,2.7397,6.1918,4.4384,2.7397,6.1918,True,0.0,probe_action/probe_paired_delta.json
POC-2B,act,higher,pp,peft_dora_encoder,surgical_intervene_wiseft_f50_encoder,COMP,OURS,1825,5.0411,3.0137,7.1233,5.0411,3.0137,7.1233,True,0.0,probe_action/probe_paired_delta.json
POC-2B,act,higher,pp,peft_dora_encoder,surgical_intervene_wiseft_f70_encoder,COMP,OURS,1825,5.1507,3.1781,7.1781,5.1507,3.1781,7.1781,True,0.0,probe_action/probe_paired_delta.json
POC-2B,act,higher,pp,peft_dora_encoder,surgical_noDI_encoder,COMP,OURS,1825,2.0274,0.5479,3.5616,2.0274,0.5479,3.5616,True,0.008,probe_action/probe_paired_delta.json
POC-2B,act,higher,pp,peft_dora_encoder,surgical_noDI_head,COMP,OURS,1825,2.9589,1.0411,4.8767,2.9589,1.0411,4.8767,True,0.003,probe_action/probe_paired_delta.json
POC-2B,act,higher,pp,peft_lora_encoder,surgery_raw_encoder,COMP,OURS,1825,0.2192,-1.5342,1.9726,0.2192,-1.5342,1.9726,False,0.8326,probe_action/probe_paired_delta.json
POC-2B,act,higher,pp,peft_lora_encoder,surgical_3stage_DI_diheavy_encoder,COMP,OURS,1825,0.8767,-0.8219,2.6297,0.8767,-0.8219,2.6297,False,0.3294,probe_action/probe_paired_delta.json
POC-2B,act,higher,pp,peft_lora_encoder,surgical_3stage_DI_encoder,COMP,OURS,1825,1.7534,-0.0548,3.605,1.7534,-0.0548,3.605,False,0.0632,probe_action/probe_paired_delta.json
POC-2B,act,higher,pp,peft_lora_encoder,surgical_3stage_DI_head,COMP,OURS,1825,0.9315,-0.8219,2.7397,0.9315,-0.8219,2.7397,False,0.3204,probe_action/probe_paired_delta.json
POC-2B,act,higher,pp,peft_lora_encoder,surgical_3stage_DI_intervene_encoder,COMP,OURS,1825,0.0548,-1.6986,1.863,0.0548,-1.6986,1.863,False,0.9772,probe_action/probe_paired_delta.json
POC-2B,act,higher,pp,peft_lora_encoder,surgical_3stage_DI_replay25_encoder,COMP,OURS,1825,0.8767,-0.9315,2.5753,0.8767,-0.9315,2.5753,False,0.3476,probe_action/probe_paired_delta.json
POC-2B,act,higher,pp,peft_lora_encoder,surgical_3stage_DI_tccaux_encoder,COMP,OURS,1825,1.4795,-0.3836,3.4521,1.4795,-0.3836,3.4521,False,0.1342,probe_action/probe_paired_delta.json
POC-2B,act,higher,pp,peft_lora_encoder,surgical_3stage_DI_wiseft_encoder,COMP,OURS,1825,2.3562,0.4932,4.1644,2.3562,0.4932,4.1644,True,0.0122,probe_action/probe_paired_delta.json
POC-2B,act,higher,pp,peft_lora_encoder,surgical_intervene_wiseft_f30_encoder,COMP,OURS,1825,2.7397,0.8767,4.6027,2.7397,0.8767,4.6027,True,0.0034,probe_action/probe_paired_delta.json
POC-2B,act,higher,pp,peft_lora_encoder,surgical_intervene_wiseft_f50_encoder,COMP,OURS,1825,3.3425,1.3151,5.4795,3.3425,1.3151,5.4795,True,0.0018,probe_action/probe_paired_delta.json
POC-2B,act,higher,pp,peft_lora_encoder,surgical_intervene_wiseft_f70_encoder,COMP,OURS,1825,3.4521,1.3151,5.589,3.4521,1.3151,5.589,True,0.0014,probe_action/probe_paired_delta.json
POC-2B,act,higher,pp,peft_lora_encoder,surgical_noDI_encoder,COMP,OURS,1825,0.3288,-1.2055,1.9178,0.3288,-1.2055,1.9178,False,0.713,probe_action/probe_paired_delta.json
POC-2B,act,higher,pp,peft_lora_encoder,surgical_noDI_head,COMP,OURS,1825,1.2603,-0.8219,3.2877,1.2603,-0.8219,3.2877,False,0.2436,probe_action/probe_paired_delta.json
POC-2B,act,higher,pp,pretrain_encoder,surgery_raw_encoder,COMP,OURS,1825,2.137,0.274,3.971,2.137,0.274,3.971,True,0.0258,probe_action/probe_paired_delta.json
POC-2B,act,higher,pp,pretrain_encoder,surgical_3stage_DI_diheavy_encoder,COMP,OURS,1825,2.7945,0.9863,4.5479,2.7945,0.9863,4.5479,True,0.0034,probe_action/probe_paired_delta.json
POC-2B,act,higher,pp,pretrain_encoder,surgical_3stage_DI_encoder,COMP,OURS,1825,3.6712,1.6986,5.589,3.6712,1.6986,5.589,True,0.0,probe_action/probe_paired_delta.json
POC-2B,act,higher,pp,pretrain_encoder,surgical_3stage_DI_head,COMP,OURS,1825,2.8493,1.0198,4.6575,2.8493,1.0198,4.6575,True,0.0022,probe_action/probe_paired_delta.json
POC-2B,act,higher,pp,pretrain_encoder,surgical_3stage_DI_intervene_encoder,COMP,OURS,1825,1.9726,0.1216,3.8356,1.9726,0.1216,3.8356,True,0.0406,probe_action/probe_paired_delta.json
POC-2B,act,higher,pp,pretrain_encoder,surgical_3stage_DI_replay25_encoder,COMP,OURS,1825,2.7945,0.9863,4.6575,2.7945,0.9863,4.6575,True,0.0052,probe_action/probe_paired_delta.json
POC-2B,act,higher,pp,pretrain_encoder,surgical_3stage_DI_tccaux_encoder,COMP,OURS,1825,3.3973,1.4795,5.3151,3.3973,1.4795,5.3151,True,0.001,probe_action/probe_paired_delta.json
POC-2B,act,higher,pp,pretrain_encoder,surgical_3stage_DI_wiseft_encoder,COMP,OURS,1825,4.274,2.369,6.1918,4.274,2.369,6.1918,True,0.0,probe_action/probe_paired_delta.json
POC-2B,act,higher,pp,pretrain_encoder,surgical_intervene_wiseft_f30_encoder,COMP,OURS,1825,4.6575,2.7945,6.5753,4.6575,2.7945,6.5753,True,0.0,probe_action/probe_paired_delta.json
POC-2B,act,higher,pp,pretrain_encoder,surgical_intervene_wiseft_f50_encoder,COMP,OURS,1825,5.2603,3.2329,7.2877,5.2603,3.2329,7.2877,True,0.0,probe_action/probe_paired_delta.json
POC-2B,act,higher,pp,pretrain_encoder,surgical_intervene_wiseft_f70_encoder,COMP,OURS,1825,5.3699,3.2329,7.4521,5.3699,3.2329,7.4521,True,0.0,probe_action/probe_paired_delta.json
POC-2B,act,higher,pp,pretrain_encoder,surgical_noDI_encoder,COMP,OURS,1825,2.2466,0.5479,3.9452,2.2466,0.5479,3.9452,True,0.0126,probe_action/probe_paired_delta.json
POC-2B,act,higher,pp,pretrain_encoder,surgical_noDI_head,COMP,OURS,1825,3.1781,1.1507,5.0959,3.1781,1.1507,5.0959,True,0.0016,probe_action/probe_paired_delta.json
POC-2B,act,higher,pp,surgery_raw_encoder,surgical_autorgn_encoder,OURS,COMP,1825,-1.589,-3.2877,0.0,-1.589,-3.2877,0.0,False,0.0602,probe_action/probe_paired_delta.json
POC-2B,act,higher,pp,surgical_3stage_DI_diheavy_encoder,surgical_autorgn_encoder,OURS,COMP,1825,-2.2466,-3.8904,-0.5818,-2.2466,-3.8904,-0.5818,True,0.0092,probe_action/probe_paired_delta.json
POC-2B,act,higher,pp,surgical_3stage_DI_encoder,surgical_autorgn_encoder,OURS,COMP,1825,-3.1233,-5.0411,-1.1507,-3.1233,-5.0411,-1.1507,True,0.0016,probe_action/probe_paired_delta.json
POC-2B,act,higher,pp,surgical_3stage_DI_head,surgical_autorgn_encoder,OURS,COMP,1825,-2.3014,-3.9452,-0.6575,-2.3014,-3.9452,-0.6575,True,0.0076,probe_action/probe_paired_delta.json
POC-2B,act,higher,pp,surgical_3stage_DI_intervene_encoder,surgical_autorgn_encoder,OURS,COMP,1825,-1.4247,-3.1781,0.3228,-1.4247,-3.1781,0.3228,False,0.1204,probe_action/probe_paired_delta.json
POC-2B,act,higher,pp,surgical_3stage_DI_replay25_encoder,surgical_autorgn_encoder,OURS,COMP,1825,-2.2466,-4.0,-0.5479,-2.2466,-4.0,-0.5479,True,0.0096,probe_action/probe_paired_delta.json
POC-2B,act,higher,pp,surgical_3stage_DI_tccaux_encoder,surgical_autorgn_encoder,OURS,COMP,1825,-2.8493,-4.7671,-1.0293,-2.8493,-4.7671,-1.0293,True,0.0044,probe_action/probe_paired_delta.json
POC-2B,act,higher,pp,surgical_3stage_DI_wiseft_encoder,surgical_autorgn_encoder,OURS,COMP,1825,-3.726,-5.5342,-1.9726,-3.726,-5.5342,-1.9726,True,0.0002,probe_action/probe_paired_delta.json
POC-2B,act,higher,pp,surgical_autorgn_encoder,surgical_intervene_wiseft_f30_encoder,COMP,OURS,1825,4.1096,2.1918,6.0822,4.1096,2.1918,6.0822,True,0.0,probe_action/probe_paired_delta.json
POC-2B,act,higher,pp,surgical_autorgn_encoder,surgical_intervene_wiseft_f50_encoder,COMP,OURS,1825,4.7123,2.6849,6.7945,4.7123,2.6849,6.7945,True,0.0,probe_action/probe_paired_delta.json
POC-2B,act,higher,pp,surgical_autorgn_encoder,surgical_intervene_wiseft_f70_encoder,COMP,OURS,1825,4.8219,2.7945,6.8493,4.8219,2.7945,6.8493,True,0.0,probe_action/probe_paired_delta.json
POC-2B,act,higher,pp,surgical_autorgn_encoder,surgical_noDI_encoder,COMP,OURS,1825,1.6986,0.1096,3.2329,1.6986,0.1096,3.2329,True,0.0404,probe_action/probe_paired_delta.json
POC-2B,act,higher,pp,surgical_autorgn_encoder,surgical_noDI_head,COMP,OURS,1825,2.6301,0.8219,4.4384,2.6301,0.8219,4.4384,True,0.0056,probe_action/probe_paired_delta.json
POC-2B,mcos,higher,raw,full_ft_encoder,surgery_raw_encoder,COMP,OURS,1825,0.110975,0.107656,0.114395,0.110975,0.107656,0.114395,True,0.0,probe_motion_cos/probe_motion_cos_paired.json
POC-2B,mcos,higher,raw,full_ft_encoder,surgical_3stage_DI_diheavy_encoder,COMP,OURS,1825,0.128701,0.125247,0.13232,0.128701,0.125247,0.13232,True,0.0,probe_motion_cos/probe_motion_cos_paired.json
POC-2B,mcos,higher,raw,full_ft_encoder,surgical_3stage_DI_encoder,COMP,OURS,1825,0.12565,0.122304,0.129198,0.12565,0.122304,0.129198,True,0.0,probe_motion_cos/probe_motion_cos_paired.json
POC-2B,mcos,higher,raw,full_ft_encoder,surgical_3stage_DI_head,COMP,OURS,1825,0.116998,0.113583,0.120565,0.116998,0.113583,0.120565,True,0.0,probe_motion_cos/probe_motion_cos_paired.json
POC-2B,mcos,higher,raw,full_ft_encoder,surgical_3stage_DI_intervene_encoder,COMP,OURS,1825,0.123435,0.119985,0.127009,0.123435,0.119985,0.127009,True,0.0,probe_motion_cos/probe_motion_cos_paired.json
POC-2B,mcos,higher,raw,full_ft_encoder,surgical_3stage_DI_replay25_encoder,COMP,OURS,1825,0.127551,0.124061,0.131177,0.127551,0.124061,0.131177,True,0.0,probe_motion_cos/probe_motion_cos_paired.json
POC-2B,mcos,higher,raw,full_ft_encoder,surgical_3stage_DI_tccaux_encoder,COMP,OURS,1825,0.126568,0.123113,0.130147,0.126568,0.123113,0.130147,True,0.0,probe_motion_cos/probe_motion_cos_paired.json
POC-2B,mcos,higher,raw,full_ft_encoder,surgical_3stage_DI_wiseft_encoder,COMP,OURS,1825,0.182297,0.17801,0.186585,0.182297,0.17801,0.186585,True,0.0,probe_motion_cos/probe_motion_cos_paired.json
POC-2B,mcos,higher,raw,full_ft_encoder,surgical_intervene_wiseft_f30_encoder,COMP,OURS,1825,0.182029,0.177727,0.186313,0.182029,0.177727,0.186313,True,0.0,probe_motion_cos/probe_motion_cos_paired.json
POC-2B,mcos,higher,raw,full_ft_encoder,surgical_intervene_wiseft_f50_encoder,COMP,OURS,1825,0.209693,0.20475,0.214637,0.209693,0.20475,0.214637,True,0.0,probe_motion_cos/probe_motion_cos_paired.json
POC-2B,mcos,higher,raw,full_ft_encoder,surgical_intervene_wiseft_f70_encoder,COMP,OURS,1825,0.226293,0.22088,0.231706,0.226293,0.22088,0.231706,True,0.0,probe_motion_cos/probe_motion_cos_paired.json
POC-2B,mcos,higher,raw,full_ft_encoder,surgical_noDI_encoder,COMP,OURS,1825,0.116914,0.113535,0.120463,0.116914,0.113535,0.120463,True,0.0,probe_motion_cos/probe_motion_cos_paired.json
POC-2B,mcos,higher,raw,full_ft_encoder,surgical_noDI_head,COMP,OURS,1825,0.10976,0.106462,0.113207,0.10976,0.106462,0.113207,True,0.0,probe_motion_cos/probe_motion_cos_paired.json
POC-2B,mcos,higher,raw,lpft_encoder,surgery_raw_encoder,COMP,OURS,1825,-0.014224,-0.015222,-0.013288,-0.014224,-0.015222,-0.013288,True,0.0,probe_motion_cos/probe_motion_cos_paired.json
POC-2B,mcos,higher,raw,lpft_encoder,surgical_3stage_DI_diheavy_encoder,COMP,OURS,1825,0.003502,0.002592,0.004371,0.003502,0.002592,0.004371,True,0.0,probe_motion_cos/probe_motion_cos_paired.json
POC-2B,mcos,higher,raw,lpft_encoder,surgical_3stage_DI_encoder,COMP,OURS,1825,0.000451,-0.000443,0.001302,0.000451,-0.000443,0.001302,False,0.311,probe_motion_cos/probe_motion_cos_paired.json
POC-2B,mcos,higher,raw,lpft_encoder,surgical_3stage_DI_head,COMP,OURS,1825,-0.0082,-0.008573,-0.007838,-0.0082,-0.008573,-0.007838,True,0.0,probe_motion_cos/probe_motion_cos_paired.json
POC-2B,mcos,higher,raw,lpft_encoder,surgical_3stage_DI_intervene_encoder,COMP,OURS,1825,-0.001764,-0.002413,-0.001182,-0.001764,-0.002413,-0.001182,True,0.0,probe_motion_cos/probe_motion_cos_paired.json
POC-2B,mcos,higher,raw,lpft_encoder,surgical_3stage_DI_replay25_encoder,COMP,OURS,1825,0.002353,0.001539,0.003108,0.002353,0.001539,0.003108,True,0.0,probe_motion_cos/probe_motion_cos_paired.json
POC-2B,mcos,higher,raw,lpft_encoder,surgical_3stage_DI_tccaux_encoder,COMP,OURS,1825,0.00137,0.000638,0.002033,0.00137,0.000638,0.002033,True,0.0002,probe_motion_cos/probe_motion_cos_paired.json
POC-2B,mcos,higher,raw,lpft_encoder,surgical_3stage_DI_wiseft_encoder,COMP,OURS,1825,0.057099,0.054768,0.05945,0.057099,0.054768,0.05945,True,0.0,probe_motion_cos/probe_motion_cos_paired.json
POC-2B,mcos,higher,raw,lpft_encoder,surgical_intervene_wiseft_f30_encoder,COMP,OURS,1825,0.056831,0.054556,0.059145,0.056831,0.054556,0.059145,True,0.0,probe_motion_cos/probe_motion_cos_paired.json
POC-2B,mcos,higher,raw,lpft_encoder,surgical_intervene_wiseft_f50_encoder,COMP,OURS,1825,0.084494,0.081259,0.087819,0.084494,0.081259,0.087819,True,0.0,probe_motion_cos/probe_motion_cos_paired.json
POC-2B,mcos,higher,raw,lpft_encoder,surgical_intervene_wiseft_f70_encoder,COMP,OURS,1825,0.101095,0.09728,0.105015,0.101095,0.09728,0.105015,True,0.0,probe_motion_cos/probe_motion_cos_paired.json
POC-2B,mcos,higher,raw,lpft_encoder,surgical_noDI_encoder,COMP,OURS,1825,-0.008285,-0.009076,-0.007583,-0.008285,-0.009076,-0.007583,True,0.0,probe_motion_cos/probe_motion_cos_paired.json
POC-2B,mcos,higher,raw,lpft_encoder,surgical_noDI_head,COMP,OURS,1825,-0.015438,-0.016016,-0.014884,-0.015438,-0.016016,-0.014884,True,0.0,probe_motion_cos/probe_motion_cos_paired.json
POC-2B,mcos,higher,raw,peft_dora_encoder,surgery_raw_encoder,COMP,OURS,1825,0.027726,0.026433,0.029065,0.027726,0.026433,0.029065,True,0.0,probe_motion_cos/probe_motion_cos_paired.json
POC-2B,mcos,higher,raw,peft_dora_encoder,surgical_3stage_DI_diheavy_encoder,COMP,OURS,1825,0.045452,0.043892,0.047107,0.045452,0.043892,0.047107,True,0.0,probe_motion_cos/probe_motion_cos_paired.json
POC-2B,mcos,higher,raw,peft_dora_encoder,surgical_3stage_DI_encoder,COMP,OURS,1825,0.042401,0.04091,0.043996,0.042401,0.04091,0.043996,True,0.0,probe_motion_cos/probe_motion_cos_paired.json
POC-2B,mcos,higher,raw,peft_dora_encoder,surgical_3stage_DI_head,COMP,OURS,1825,0.03375,0.031992,0.035593,0.03375,0.031992,0.035593,True,0.0,probe_motion_cos/probe_motion_cos_paired.json
POC-2B,mcos,higher,raw,peft_dora_encoder,surgical_3stage_DI_intervene_encoder,COMP,OURS,1825,0.040186,0.038577,0.041853,0.040186,0.038577,0.041853,True,0.0,probe_motion_cos/probe_motion_cos_paired.json
POC-2B,mcos,higher,raw,peft_dora_encoder,surgical_3stage_DI_replay25_encoder,COMP,OURS,1825,0.044303,0.042634,0.046037,0.044303,0.042634,0.046037,True,0.0,probe_motion_cos/probe_motion_cos_paired.json
POC-2B,mcos,higher,raw,peft_dora_encoder,surgical_3stage_DI_tccaux_encoder,COMP,OURS,1825,0.04332,0.041723,0.045012,0.04332,0.041723,0.045012,True,0.0,probe_motion_cos/probe_motion_cos_paired.json
POC-2B,mcos,higher,raw,peft_dora_encoder,surgical_3stage_DI_wiseft_encoder,COMP,OURS,1825,0.099049,0.096135,0.101962,0.099049,0.096135,0.101962,True,0.0,probe_motion_cos/probe_motion_cos_paired.json
POC-2B,mcos,higher,raw,peft_dora_encoder,surgical_intervene_wiseft_f30_encoder,COMP,OURS,1825,0.098781,0.095871,0.101691,0.098781,0.095871,0.101691,True,0.0,probe_motion_cos/probe_motion_cos_paired.json
POC-2B,mcos,higher,raw,peft_dora_encoder,surgical_intervene_wiseft_f50_encoder,COMP,OURS,1825,0.126444,0.122686,0.130233,0.126444,0.122686,0.130233,True,0.0,probe_motion_cos/probe_motion_cos_paired.json
POC-2B,mcos,higher,raw,peft_dora_encoder,surgical_intervene_wiseft_f70_encoder,COMP,OURS,1825,0.143045,0.138742,0.147354,0.143045,0.138742,0.147354,True,0.0,probe_motion_cos/probe_motion_cos_paired.json
POC-2B,mcos,higher,raw,peft_dora_encoder,surgical_noDI_encoder,COMP,OURS,1825,0.033665,0.032193,0.035176,0.033665,0.032193,0.035176,True,0.0,probe_motion_cos/probe_motion_cos_paired.json
POC-2B,mcos,higher,raw,peft_dora_encoder,surgical_noDI_head,COMP,OURS,1825,0.026512,0.024837,0.028307,0.026512,0.024837,0.028307,True,0.0,probe_motion_cos/probe_motion_cos_paired.json
POC-2B,mcos,higher,raw,peft_lora_encoder,surgery_raw_encoder,COMP,OURS,1825,0.036207,0.0348,0.037671,0.036207,0.0348,0.037671,True,0.0,probe_motion_cos/probe_motion_cos_paired.json
POC-2B,mcos,higher,raw,peft_lora_encoder,surgical_3stage_DI_diheavy_encoder,COMP,OURS,1825,0.053933,0.052254,0.055704,0.053933,0.052254,0.055704,True,0.0,probe_motion_cos/probe_motion_cos_paired.json
POC-2B,mcos,higher,raw,peft_lora_encoder,surgical_3stage_DI_encoder,COMP,OURS,1825,0.050882,0.049287,0.0526,0.050882,0.049287,0.0526,True,0.0,probe_motion_cos/probe_motion_cos_paired.json
POC-2B,mcos,higher,raw,peft_lora_encoder,surgical_3stage_DI_head,COMP,OURS,1825,0.04223,0.040402,0.044189,0.04223,0.040402,0.044189,True,0.0,probe_motion_cos/probe_motion_cos_paired.json
POC-2B,mcos,higher,raw,peft_lora_encoder,surgical_3stage_DI_intervene_encoder,COMP,OURS,1825,0.048667,0.046949,0.050459,0.048667,0.046949,0.050459,True,0.0,probe_motion_cos/probe_motion_cos_paired.json
POC-2B,mcos,higher,raw,peft_lora_encoder,surgical_3stage_DI_replay25_encoder,COMP,OURS,1825,0.052783,0.051013,0.05464,0.052783,0.051013,0.05464,True,0.0,probe_motion_cos/probe_motion_cos_paired.json
POC-2B,mcos,higher,raw,peft_lora_encoder,surgical_3stage_DI_tccaux_encoder,COMP,OURS,1825,0.0518,0.050059,0.053607,0.0518,0.050059,0.053607,True,0.0,probe_motion_cos/probe_motion_cos_paired.json
POC-2B,mcos,higher,raw,peft_lora_encoder,surgical_3stage_DI_wiseft_encoder,COMP,OURS,1825,0.107529,0.104498,0.110534,0.107529,0.104498,0.110534,True,0.0,probe_motion_cos/probe_motion_cos_paired.json
POC-2B,mcos,higher,raw,peft_lora_encoder,surgical_intervene_wiseft_f30_encoder,COMP,OURS,1825,0.107261,0.104218,0.110264,0.107261,0.104218,0.110264,True,0.0,probe_motion_cos/probe_motion_cos_paired.json
POC-2B,mcos,higher,raw,peft_lora_encoder,surgical_intervene_wiseft_f50_encoder,COMP,OURS,1825,0.134925,0.131104,0.138828,0.134925,0.131104,0.138828,True,0.0,probe_motion_cos/probe_motion_cos_paired.json
POC-2B,mcos,higher,raw,peft_lora_encoder,surgical_intervene_wiseft_f70_encoder,COMP,OURS,1825,0.151525,0.147146,0.155949,0.151525,0.147146,0.155949,True,0.0,probe_motion_cos/probe_motion_cos_paired.json
POC-2B,mcos,higher,raw,peft_lora_encoder,surgical_noDI_encoder,COMP,OURS,1825,0.042146,0.040556,0.04378,0.042146,0.040556,0.04378,True,0.0,probe_motion_cos/probe_motion_cos_paired.json
POC-2B,mcos,higher,raw,peft_lora_encoder,surgical_noDI_head,COMP,OURS,1825,0.034992,0.033261,0.036844,0.034992,0.033261,0.036844,True,0.0,probe_motion_cos/probe_motion_cos_paired.json
POC-2B,mcos,higher,raw,pretrain_encoder,surgery_raw_encoder,COMP,OURS,1825,0.017917,0.015587,0.020383,0.017917,0.015587,0.020383,True,0.0,probe_motion_cos/probe_motion_cos_paired.json
POC-2B,mcos,higher,raw,pretrain_encoder,surgical_3stage_DI_diheavy_encoder,COMP,OURS,1825,0.035643,0.033428,0.037939,0.035643,0.033428,0.037939,True,0.0,probe_motion_cos/probe_motion_cos_paired.json
POC-2B,mcos,higher,raw,pretrain_encoder,surgical_3stage_DI_encoder,COMP,OURS,1825,0.032592,0.030355,0.034896,0.032592,0.030355,0.034896,True,0.0,probe_motion_cos/probe_motion_cos_paired.json
POC-2B,mcos,higher,raw,pretrain_encoder,surgical_3stage_DI_head,COMP,OURS,1825,0.02394,0.021437,0.026579,0.02394,0.021437,0.026579,True,0.0,probe_motion_cos/probe_motion_cos_paired.json
POC-2B,mcos,higher,raw,pretrain_encoder,surgical_3stage_DI_intervene_encoder,COMP,OURS,1825,0.030377,0.028051,0.032808,0.030377,0.028051,0.032808,True,0.0,probe_motion_cos/probe_motion_cos_paired.json
POC-2B,mcos,higher,raw,pretrain_encoder,surgical_3stage_DI_replay25_encoder,COMP,OURS,1825,0.034493,0.032254,0.036809,0.034493,0.032254,0.036809,True,0.0,probe_motion_cos/probe_motion_cos_paired.json
POC-2B,mcos,higher,raw,pretrain_encoder,surgical_3stage_DI_tccaux_encoder,COMP,OURS,1825,0.03351,0.031166,0.035949,0.03351,0.031166,0.035949,True,0.0,probe_motion_cos/probe_motion_cos_paired.json
POC-2B,mcos,higher,raw,pretrain_encoder,surgical_3stage_DI_wiseft_encoder,COMP,OURS,1825,0.08924,0.086649,0.091863,0.08924,0.086649,0.091863,True,0.0,probe_motion_cos/probe_motion_cos_paired.json
POC-2B,mcos,higher,raw,pretrain_encoder,surgical_intervene_wiseft_f30_encoder,COMP,OURS,1825,0.088972,0.086393,0.091577,0.088972,0.086393,0.091577,True,0.0,probe_motion_cos/probe_motion_cos_paired.json
POC-2B,mcos,higher,raw,pretrain_encoder,surgical_intervene_wiseft_f50_encoder,COMP,OURS,1825,0.116635,0.113518,0.119838,0.116635,0.113518,0.119838,True,0.0,probe_motion_cos/probe_motion_cos_paired.json
POC-2B,mcos,higher,raw,pretrain_encoder,surgical_intervene_wiseft_f70_encoder,COMP,OURS,1825,0.133235,0.129697,0.136913,0.133235,0.129697,0.136913,True,0.0,probe_motion_cos/probe_motion_cos_paired.json
POC-2B,mcos,higher,raw,pretrain_encoder,surgical_noDI_encoder,COMP,OURS,1825,0.023856,0.021442,0.026393,0.023856,0.021442,0.026393,True,0.0,probe_motion_cos/probe_motion_cos_paired.json
POC-2B,mcos,higher,raw,pretrain_encoder,surgical_noDI_head,COMP,OURS,1825,0.016702,0.014153,0.019376,0.016702,0.014153,0.019376,True,0.0,probe_motion_cos/probe_motion_cos_paired.json
POC-2B,mcos,higher,raw,surgery_raw_encoder,surgical_autorgn_encoder,OURS,COMP,1825,-0.055227,-0.057172,-0.053337,-0.055227,-0.057172,-0.053337,True,0.0,probe_motion_cos/probe_motion_cos_paired.json
POC-2B,mcos,higher,raw,surgical_3stage_DI_diheavy_encoder,surgical_autorgn_encoder,OURS,COMP,1825,-0.072953,-0.075235,-0.070776,-0.072953,-0.075235,-0.070776,True,0.0,probe_motion_cos/probe_motion_cos_paired.json
POC-2B,mcos,higher,raw,surgical_3stage_DI_encoder,surgical_autorgn_encoder,OURS,COMP,1825,-0.069902,-0.072074,-0.06782,-0.069902,-0.072074,-0.06782,True,0.0,probe_motion_cos/probe_motion_cos_paired.json
POC-2B,mcos,higher,raw,surgical_3stage_DI_head,surgical_autorgn_encoder,OURS,COMP,1825,-0.061251,-0.063465,-0.05908,-0.061251,-0.063465,-0.05908,True,0.0,probe_motion_cos/probe_motion_cos_paired.json
POC-2B,mcos,higher,raw,surgical_3stage_DI_intervene_encoder,surgical_autorgn_encoder,OURS,COMP,1825,-0.067687,-0.069898,-0.065536,-0.067687,-0.069898,-0.065536,True,0.0,probe_motion_cos/probe_motion_cos_paired.json
POC-2B,mcos,higher,raw,surgical_3stage_DI_replay25_encoder,surgical_autorgn_encoder,OURS,COMP,1825,-0.071804,-0.074134,-0.069569,-0.071804,-0.074134,-0.069569,True,0.0,probe_motion_cos/probe_motion_cos_paired.json
POC-2B,mcos,higher,raw,surgical_3stage_DI_tccaux_encoder,surgical_autorgn_encoder,OURS,COMP,1825,-0.070821,-0.073028,-0.06866,-0.070821,-0.073028,-0.06866,True,0.0,probe_motion_cos/probe_motion_cos_paired.json
POC-2B,mcos,higher,raw,surgical_3stage_DI_wiseft_encoder,surgical_autorgn_encoder,OURS,COMP,1825,-0.12655,-0.129991,-0.123128,-0.12655,-0.129991,-0.123128,True,0.0,probe_motion_cos/probe_motion_cos_paired.json
POC-2B,mcos,higher,raw,surgical_autorgn_encoder,surgical_intervene_wiseft_f30_encoder,COMP,OURS,1825,0.126282,0.122853,0.129713,0.126282,0.122853,0.129713,True,0.0,probe_motion_cos/probe_motion_cos_paired.json
POC-2B,mcos,higher,raw,surgical_autorgn_encoder,surgical_intervene_wiseft_f50_encoder,COMP,OURS,1825,0.153945,0.14972,0.158216,0.153945,0.14972,0.158216,True,0.0,probe_motion_cos/probe_motion_cos_paired.json
POC-2B,mcos,higher,raw,surgical_autorgn_encoder,surgical_intervene_wiseft_f70_encoder,COMP,OURS,1825,0.170546,0.165802,0.175297,0.170546,0.165802,0.175297,True,0.0,probe_motion_cos/probe_motion_cos_paired.json
POC-2B,mcos,higher,raw,surgical_autorgn_encoder,surgical_noDI_encoder,COMP,OURS,1825,0.061166,0.05914,0.063275,0.061166,0.05914,0.063275,True,0.0,probe_motion_cos/probe_motion_cos_paired.json
POC-2B,mcos,higher,raw,surgical_autorgn_encoder,surgical_noDI_head,COMP,OURS,1825,0.054013,0.05196,0.05614,0.054013,0.05196,0.05614,True,0.0,probe_motion_cos/probe_motion_cos_paired.json
POC-2B,fut,lower,raw,pretrain_encoder,surgical_3stage_DI_encoder,COMP,OURS,1825,0.03543,0.034548,0.036347,-0.03543,-0.034548,-0.036347,True,0.0,probe_future_mse/probe_future_mse_per_variant.json
POC-2B,fut,lower,raw,pretrain_encoder,surgical_3stage_DI_replay25_encoder,COMP,OURS,1825,0.035505,0.034637,0.036424,-0.035505,-0.034637,-0.036424,True,0.0,probe_future_mse/probe_future_mse_per_variant.json
POC-2B,fut,lower,raw,pretrain_encoder,surgical_3stage_DI_diheavy_encoder,COMP,OURS,1825,0.037063,0.036122,0.038014,-0.037063,-0.036122,-0.038014,True,0.0,probe_future_mse/probe_future_mse_per_variant.json
POC-2B,fut,lower,raw,pretrain_encoder,surgical_3stage_DI_tccaux_encoder,COMP,OURS,1825,0.037442,0.036569,0.03837,-0.037442,-0.036569,-0.03837,True,0.0,probe_future_mse/probe_future_mse_per_variant.json
POC-2B,fut,lower,raw,pretrain_encoder,surgical_3stage_DI_intervene_encoder,COMP,OURS,1825,0.037468,0.03656,0.038402,-0.037468,-0.03656,-0.038402,True,0.0,probe_future_mse/probe_future_mse_per_variant.json
POC-2B,fut,lower,raw,pretrain_encoder,surgical_intervene_wiseft_f30_encoder,COMP,OURS,1825,0.025167,0.024272,0.026084,-0.025167,-0.024272,-0.026084,True,0.0,probe_future_mse/probe_future_mse_per_variant.json
POC-2B,fut,lower,raw,pretrain_encoder,surgical_intervene_wiseft_f50_encoder,COMP,OURS,1825,0.013605,0.012718,0.014481,-0.013605,-0.012718,-0.014481,True,0.0,probe_future_mse/probe_future_mse_per_variant.json
POC-2B,fut,lower,raw,pretrain_encoder,surgical_intervene_wiseft_f70_encoder,COMP,OURS,1825,0.000321,-0.000573,0.001233,-0.000321,0.000573,-0.001233,True,0.4836,probe_future_mse/probe_future_mse_per_variant.json
POC-2B,fut,lower,raw,pretrain_encoder,surgical_noDI_encoder,COMP,OURS,1825,0.034607,0.033713,0.035505,-0.034607,-0.033713,-0.035505,True,0.0,probe_future_mse/probe_future_mse_per_variant.json
POC-2B,fut,lower,raw,pretrain_encoder,surgery_raw_encoder,COMP,OURS,1825,0.036373,0.035452,0.037287,-0.036373,-0.035452,-0.037287,True,0.0,probe_future_mse/probe_future_mse_per_variant.json
POC-2B,fut,lower,raw,pretrain_encoder,surgical_3stage_DI_head,COMP,OURS,1825,-0.000102,-0.00069,0.000466,0.000102,0.00069,-0.000466,True,0.707,probe_future_mse/probe_future_mse_per_variant.json
POC-2B,fut,lower,raw,pretrain_encoder,surgical_noDI_head,COMP,OURS,1825,-4.5e-05,-0.000616,0.000533,4.5e-05,0.000616,-0.000533,True,0.8608,probe_future_mse/probe_future_mse_per_variant.json
POC-2B,fut,lower,raw,surgical_3stage_DI_encoder,surgical_autorgn_encoder,OURS,COMP,1825,-0.027955,-0.028781,-0.027124,0.027955,0.028781,0.027124,True,0.0,probe_future_mse/probe_future_mse_per_variant.json
POC-2B,fut,lower,raw,surgical_3stage_DI_encoder,full_ft_encoder,OURS,COMP,1825,-0.043579,-0.044472,-0.04266,0.043579,0.044472,0.04266,True,0.0,probe_future_mse/probe_future_mse_per_variant.json
POC-2B,fut,lower,raw,surgical_3stage_DI_encoder,lpft_encoder,OURS,COMP,1825,-0.038598,-0.039471,-0.037709,0.038598,0.039471,0.037709,True,0.0,probe_future_mse/probe_future_mse_per_variant.json
POC-2B,fut,lower,raw,surgical_3stage_DI_encoder,peft_lora_encoder,OURS,COMP,1825,-0.006465,-0.007237,-0.005703,0.006465,0.007237,0.005703,True,0.0,probe_future_mse/probe_future_mse_per_variant.json
POC-2B,fut,lower,raw,surgical_3stage_DI_encoder,peft_dora_encoder,OURS,COMP,1825,-0.016434,-0.017309,-0.015582,0.016434,0.017309,0.015582,True,0.0,probe_future_mse/probe_future_mse_per_variant.json
POC-2B,fut,lower,raw,surgical_3stage_DI_replay25_encoder,surgical_autorgn_encoder,OURS,COMP,1825,-0.028029,-0.028862,-0.027168,0.028029,0.028862,0.027168,True,0.0,probe_future_mse/probe_future_mse_per_variant.json
POC-2B,fut,lower,raw,surgical_3stage_DI_replay25_encoder,full_ft_encoder,OURS,COMP,1825,-0.043653,-0.044577,-0.042695,0.043653,0.044577,0.042695,True,0.0,probe_future_mse/probe_future_mse_per_variant.json
POC-2B,fut,lower,raw,surgical_3stage_DI_replay25_encoder,lpft_encoder,OURS,COMP,1825,-0.038672,-0.039579,-0.037776,0.038672,0.039579,0.037776,True,0.0,probe_future_mse/probe_future_mse_per_variant.json
POC-2B,fut,lower,raw,surgical_3stage_DI_replay25_encoder,peft_lora_encoder,OURS,COMP,1825,-0.006539,-0.007289,-0.005731,0.006539,0.007289,0.005731,True,0.0,probe_future_mse/probe_future_mse_per_variant.json
POC-2B,fut,lower,raw,surgical_3stage_DI_replay25_encoder,peft_dora_encoder,OURS,COMP,1825,-0.016509,-0.017375,-0.015611,0.016509,0.017375,0.015611,True,0.0,probe_future_mse/probe_future_mse_per_variant.json
POC-2B,fut,lower,raw,surgical_3stage_DI_diheavy_encoder,surgical_autorgn_encoder,OURS,COMP,1825,-0.029587,-0.03046,-0.028724,0.029587,0.03046,0.028724,True,0.0,probe_future_mse/probe_future_mse_per_variant.json
POC-2B,fut,lower,raw,surgical_3stage_DI_diheavy_encoder,full_ft_encoder,OURS,COMP,1825,-0.045211,-0.046158,-0.044287,0.045211,0.046158,0.044287,True,0.0,probe_future_mse/probe_future_mse_per_variant.json
POC-2B,fut,lower,raw,surgical_3stage_DI_diheavy_encoder,lpft_encoder,OURS,COMP,1825,-0.04023,-0.041167,-0.039308,0.04023,0.041167,0.039308,True,0.0,probe_future_mse/probe_future_mse_per_variant.json
POC-2B,fut,lower,raw,surgical_3stage_DI_diheavy_encoder,peft_lora_encoder,OURS,COMP,1825,-0.008097,-0.008897,-0.007291,0.008097,0.008897,0.007291,True,0.0,probe_future_mse/probe_future_mse_per_variant.json
POC-2B,fut,lower,raw,surgical_3stage_DI_diheavy_encoder,peft_dora_encoder,OURS,COMP,1825,-0.018067,-0.018973,-0.017184,0.018067,0.018973,0.017184,True,0.0,probe_future_mse/probe_future_mse_per_variant.json
POC-2B,fut,lower,raw,surgical_3stage_DI_tccaux_encoder,surgical_autorgn_encoder,OURS,COMP,1825,-0.029966,-0.030855,-0.029099,0.029966,0.030855,0.029099,True,0.0,probe_future_mse/probe_future_mse_per_variant.json
POC-2B,fut,lower,raw,surgical_3stage_DI_tccaux_encoder,full_ft_encoder,OURS,COMP,1825,-0.04559,-0.046558,-0.044638,0.04559,0.046558,0.044638,True,0.0,probe_future_mse/probe_future_mse_per_variant.json
POC-2B,fut,lower,raw,surgical_3stage_DI_tccaux_encoder,lpft_encoder,OURS,COMP,1825,-0.040609,-0.041528,-0.039691,0.040609,0.041528,0.039691,True,0.0,probe_future_mse/probe_future_mse_per_variant.json
POC-2B,fut,lower,raw,surgical_3stage_DI_tccaux_encoder,peft_lora_encoder,OURS,COMP,1825,-0.008476,-0.009262,-0.007651,0.008476,0.009262,0.007651,True,0.0,probe_future_mse/probe_future_mse_per_variant.json
POC-2B,fut,lower,raw,surgical_3stage_DI_tccaux_encoder,peft_dora_encoder,OURS,COMP,1825,-0.018446,-0.019321,-0.017547,0.018446,0.019321,0.017547,True,0.0,probe_future_mse/probe_future_mse_per_variant.json
POC-2B,fut,lower,raw,surgical_3stage_DI_intervene_encoder,surgical_autorgn_encoder,OURS,COMP,1825,-0.029992,-0.030872,-0.029143,0.029992,0.030872,0.029143,True,0.0,probe_future_mse/probe_future_mse_per_variant.json
POC-2B,fut,lower,raw,surgical_3stage_DI_intervene_encoder,full_ft_encoder,OURS,COMP,1825,-0.045616,-0.046535,-0.044696,0.045616,0.046535,0.044696,True,0.0,probe_future_mse/probe_future_mse_per_variant.json
POC-2B,fut,lower,raw,surgical_3stage_DI_intervene_encoder,lpft_encoder,OURS,COMP,1825,-0.040635,-0.041555,-0.03975,0.040635,0.041555,0.03975,True,0.0,probe_future_mse/probe_future_mse_per_variant.json
POC-2B,fut,lower,raw,surgical_3stage_DI_intervene_encoder,peft_lora_encoder,OURS,COMP,1825,-0.008502,-0.009286,-0.007736,0.008502,0.009286,0.007736,True,0.0,probe_future_mse/probe_future_mse_per_variant.json
POC-2B,fut,lower,raw,surgical_3stage_DI_intervene_encoder,peft_dora_encoder,OURS,COMP,1825,-0.018472,-0.019332,-0.017623,0.018472,0.019332,0.017623,True,0.0,probe_future_mse/probe_future_mse_per_variant.json
POC-2B,fut,lower,raw,surgical_intervene_wiseft_f30_encoder,surgical_autorgn_encoder,OURS,COMP,1825,-0.017692,-0.018556,-0.016876,0.017692,0.018556,0.016876,True,0.0,probe_future_mse/probe_future_mse_per_variant.json
POC-2B,fut,lower,raw,surgical_intervene_wiseft_f30_encoder,full_ft_encoder,OURS,COMP,1825,-0.033316,-0.034271,-0.032414,0.033316,0.034271,0.032414,True,0.0,probe_future_mse/probe_future_mse_per_variant.json
POC-2B,fut,lower,raw,surgical_intervene_wiseft_f30_encoder,lpft_encoder,OURS,COMP,1825,-0.028335,-0.029269,-0.027431,0.028335,0.029269,0.027431,True,0.0,probe_future_mse/probe_future_mse_per_variant.json
POC-2B,fut,lower,raw,surgical_intervene_wiseft_f30_encoder,peft_lora_encoder,OURS,COMP,1825,0.003798,0.003021,0.004561,-0.003798,-0.003021,-0.004561,True,0.0,probe_future_mse/probe_future_mse_per_variant.json
POC-2B,fut,lower,raw,surgical_intervene_wiseft_f30_encoder,peft_dora_encoder,OURS,COMP,1825,-0.006171,-0.007065,-0.005337,0.006171,0.007065,0.005337,True,0.0,probe_future_mse/probe_future_mse_per_variant.json
POC-2B,fut,lower,raw,surgical_intervene_wiseft_f50_encoder,surgical_autorgn_encoder,OURS,COMP,1825,-0.00613,-0.006993,-0.005252,0.00613,0.006993,0.005252,True,0.0,probe_future_mse/probe_future_mse_per_variant.json
POC-2B,fut,lower,raw,surgical_intervene_wiseft_f50_encoder,full_ft_encoder,OURS,COMP,1825,-0.021754,-0.022707,-0.020858,0.021754,0.022707,0.020858,True,0.0,probe_future_mse/probe_future_mse_per_variant.json
POC-2B,fut,lower,raw,surgical_intervene_wiseft_f50_encoder,lpft_encoder,OURS,COMP,1825,-0.016773,-0.017684,-0.015867,0.016773,0.017684,0.015867,True,0.0,probe_future_mse/probe_future_mse_per_variant.json
POC-2B,fut,lower,raw,surgical_intervene_wiseft_f50_encoder,peft_lora_encoder,OURS,COMP,1825,0.01536,0.014567,0.016151,-0.01536,-0.014567,-0.016151,True,0.0,probe_future_mse/probe_future_mse_per_variant.json
POC-2B,fut,lower,raw,surgical_intervene_wiseft_f50_encoder,peft_dora_encoder,OURS,COMP,1825,0.005391,0.004516,0.006285,-0.005391,-0.004516,-0.006285,True,0.0,probe_future_mse/probe_future_mse_per_variant.json
POC-2B,fut,lower,raw,surgical_intervene_wiseft_f70_encoder,surgical_autorgn_encoder,OURS,COMP,1825,0.007154,0.006214,0.008014,-0.007154,-0.006214,-0.008014,True,0.0,probe_future_mse/probe_future_mse_per_variant.json
POC-2B,fut,lower,raw,surgical_intervene_wiseft_f70_encoder,full_ft_encoder,OURS,COMP,1825,-0.00847,-0.009437,-0.007529,0.00847,0.009437,0.007529,True,0.0,probe_future_mse/probe_future_mse_per_variant.json
POC-2B,fut,lower,raw,surgical_intervene_wiseft_f70_encoder,lpft_encoder,OURS,COMP,1825,-0.003489,-0.004447,-0.002593,0.003489,0.004447,0.002593,True,0.0,probe_future_mse/probe_future_mse_per_variant.json
POC-2B,fut,lower,raw,surgical_intervene_wiseft_f70_encoder,peft_lora_encoder,OURS,COMP,1825,0.028644,0.027816,0.02943,-0.028644,-0.027816,-0.02943,True,0.0,probe_future_mse/probe_future_mse_per_variant.json
POC-2B,fut,lower,raw,surgical_intervene_wiseft_f70_encoder,peft_dora_encoder,OURS,COMP,1825,0.018675,0.017761,0.019537,-0.018675,-0.017761,-0.019537,True,0.0,probe_future_mse/probe_future_mse_per_variant.json
POC-2B,fut,lower,raw,surgical_noDI_encoder,surgical_autorgn_encoder,OURS,COMP,1825,-0.027132,-0.027967,-0.026324,0.027132,0.027967,0.026324,True,0.0,probe_future_mse/probe_future_mse_per_variant.json
POC-2B,fut,lower,raw,surgical_noDI_encoder,full_ft_encoder,OURS,COMP,1825,-0.042756,-0.043673,-0.041859,0.042756,0.043673,0.041859,True,0.0,probe_future_mse/probe_future_mse_per_variant.json
POC-2B,fut,lower,raw,surgical_noDI_encoder,lpft_encoder,OURS,COMP,1825,-0.037774,-0.038678,-0.036883,0.037774,0.038678,0.036883,True,0.0,probe_future_mse/probe_future_mse_per_variant.json
POC-2B,fut,lower,raw,surgical_noDI_encoder,peft_lora_encoder,OURS,COMP,1825,-0.005642,-0.006402,-0.004879,0.005642,0.006402,0.004879,True,0.0,probe_future_mse/probe_future_mse_per_variant.json
POC-2B,fut,lower,raw,surgical_noDI_encoder,peft_dora_encoder,OURS,COMP,1825,-0.015611,-0.016455,-0.014761,0.015611,0.016455,0.014761,True,0.0,probe_future_mse/probe_future_mse_per_variant.json
POC-2B,fut,lower,raw,surgical_autorgn_encoder,surgery_raw_encoder,COMP,OURS,1825,0.028898,0.02808,0.029749,-0.028898,-0.02808,-0.029749,True,0.0,probe_future_mse/probe_future_mse_per_variant.json
POC-2B,fut,lower,raw,surgical_autorgn_encoder,surgical_3stage_DI_head,COMP,OURS,1825,-0.007578,-0.008461,-0.006652,0.007578,0.008461,0.006652,True,0.0,probe_future_mse/probe_future_mse_per_variant.json
POC-2B,fut,lower,raw,surgical_autorgn_encoder,surgical_noDI_head,COMP,OURS,1825,-0.007521,-0.008428,-0.006577,0.007521,0.008428,0.006577,True,0.0,probe_future_mse/probe_future_mse_per_variant.json
POC-2B,fut,lower,raw,surgery_raw_encoder,full_ft_encoder,OURS,COMP,1825,-0.044522,-0.045434,-0.043638,0.044522,0.045434,0.043638,True,0.0,probe_future_mse/probe_future_mse_per_variant.json
POC-2B,fut,lower,raw,surgery_raw_encoder,lpft_encoder,OURS,COMP,1825,-0.03954,-0.040407,-0.038621,0.03954,0.040407,0.038621,True,0.0,probe_future_mse/probe_future_mse_per_variant.json
POC-2B,fut,lower,raw,surgery_raw_encoder,peft_lora_encoder,OURS,COMP,1825,-0.007408,-0.008156,-0.006643,0.007408,0.008156,0.006643,True,0.0,probe_future_mse/probe_future_mse_per_variant.json
POC-2B,fut,lower,raw,surgery_raw_encoder,peft_dora_encoder,OURS,COMP,1825,-0.017377,-0.018218,-0.01654,0.017377,0.018218,0.01654,True,0.0,probe_future_mse/probe_future_mse_per_variant.json
POC-2B,fut,lower,raw,full_ft_encoder,surgical_3stage_DI_head,COMP,OURS,1825,0.008046,0.007116,0.008977,-0.008046,-0.007116,-0.008977,True,0.0,probe_future_mse/probe_future_mse_per_variant.json
POC-2B,fut,lower,raw,full_ft_encoder,surgical_noDI_head,COMP,OURS,1825,0.008103,0.007177,0.009023,-0.008103,-0.007177,-0.009023,True,0.0,probe_future_mse/probe_future_mse_per_variant.json
POC-2B,fut,lower,raw,lpft_encoder,surgical_3stage_DI_head,COMP,OURS,1825,0.003065,0.002273,0.003906,-0.003065,-0.002273,-0.003906,True,0.0,probe_future_mse/probe_future_mse_per_variant.json
POC-2B,fut,lower,raw,lpft_encoder,surgical_noDI_head,COMP,OURS,1825,0.003122,0.002323,0.003987,-0.003122,-0.002323,-0.003987,True,0.0,probe_future_mse/probe_future_mse_per_variant.json
POC-2B,fut,lower,raw,peft_lora_encoder,surgical_3stage_DI_head,COMP,OURS,1825,-0.029068,-0.029959,-0.028165,0.029068,0.029959,0.028165,True,0.0,probe_future_mse/probe_future_mse_per_variant.json
POC-2B,fut,lower,raw,peft_lora_encoder,surgical_noDI_head,COMP,OURS,1825,-0.029011,-0.029912,-0.028119,0.029011,0.029912,0.028119,True,0.0,probe_future_mse/probe_future_mse_per_variant.json
POC-2B,fut,lower,raw,peft_dora_encoder,surgical_3stage_DI_head,COMP,OURS,1825,-0.019098,-0.020019,-0.018216,0.019098,0.020019,0.018216,True,0.0,probe_future_mse/probe_future_mse_per_variant.json
POC-2B,fut,lower,raw,peft_dora_encoder,surgical_noDI_head,COMP,OURS,1825,-0.019041,-0.019939,-0.018146,0.019041,0.019939,0.018146,True,0.0,probe_future_mse/probe_future_mse_per_variant.json
POC-2B,rollout,lower,raw,full_ft_encoder,surgery_raw_encoder,COMP,OURS,1825,-9.8e-05,-0.000234,3.3e-05,9.8e-05,0.000234,-3.3e-05,True,0.1358,predictor_temporal/predictor_temporal_per_variant.json::rollout
POC-2B,rollout,lower,raw,full_ft_encoder,surgical_3stage_DI_diheavy_encoder,COMP,OURS,1825,-0.001194,-0.001346,-0.001045,0.001194,0.001346,0.001045,True,0.0,predictor_temporal/predictor_temporal_per_variant.json::rollout
POC-2B,rollout,lower,raw,full_ft_encoder,surgical_3stage_DI_encoder,COMP,OURS,1825,-1.5e-05,-0.000133,9.7e-05,1.5e-05,0.000133,-9.7e-05,True,0.8098,predictor_temporal/predictor_temporal_per_variant.json::rollout
POC-2B,rollout,lower,raw,full_ft_encoder,surgical_3stage_DI_head,COMP,OURS,1825,0.001989,0.001884,0.002092,-0.001989,-0.001884,-0.002092,True,0.0,predictor_temporal/predictor_temporal_per_variant.json::rollout
POC-2B,rollout,lower,raw,full_ft_encoder,surgical_3stage_DI_intervene_encoder,COMP,OURS,1825,-0.000314,-0.000446,-0.000187,0.000314,0.000446,0.000187,True,0.0,predictor_temporal/predictor_temporal_per_variant.json::rollout
POC-2B,rollout,lower,raw,full_ft_encoder,surgical_3stage_DI_replay25_encoder,COMP,OURS,1825,-0.000756,-0.000884,-0.00063,0.000756,0.000884,0.00063,True,0.0,predictor_temporal/predictor_temporal_per_variant.json::rollout
POC-2B,rollout,lower,raw,full_ft_encoder,surgical_3stage_DI_tccaux_encoder,COMP,OURS,1825,-0.002324,-0.002478,-0.002174,0.002324,0.002478,0.002174,True,0.0,predictor_temporal/predictor_temporal_per_variant.json::rollout
POC-2B,rollout,lower,raw,full_ft_encoder,surgical_intervene_wiseft_f30_encoder,COMP,OURS,1825,0.000611,0.000501,0.000721,-0.000611,-0.000501,-0.000721,True,0.0,predictor_temporal/predictor_temporal_per_variant.json::rollout
POC-2B,rollout,lower,raw,full_ft_encoder,surgical_intervene_wiseft_f50_encoder,COMP,OURS,1825,0.000953,0.00084,0.001065,-0.000953,-0.00084,-0.001065,True,0.0,predictor_temporal/predictor_temporal_per_variant.json::rollout
POC-2B,rollout,lower,raw,full_ft_encoder,surgical_intervene_wiseft_f70_encoder,COMP,OURS,1825,0.001314,0.001197,0.001431,-0.001314,-0.001197,-0.001431,True,0.0,predictor_temporal/predictor_temporal_per_variant.json::rollout
POC-2B,rollout,lower,raw,full_ft_encoder,surgical_noDI_encoder,COMP,OURS,1825,-0.002685,-0.002859,-0.002516,0.002685,0.002859,0.002516,True,0.0,predictor_temporal/predictor_temporal_per_variant.json::rollout
POC-2B,rollout,lower,raw,full_ft_encoder,surgical_noDI_head,COMP,OURS,1825,0.001989,0.001884,0.002092,-0.001989,-0.001884,-0.002092,True,0.0,predictor_temporal/predictor_temporal_per_variant.json::rollout
POC-2B,rollout,lower,raw,lpft_encoder,surgery_raw_encoder,COMP,OURS,1825,-0.000203,-0.000347,-5.8e-05,0.000203,0.000347,5.8e-05,True,0.0046,predictor_temporal/predictor_temporal_per_variant.json::rollout
POC-2B,rollout,lower,raw,lpft_encoder,surgical_3stage_DI_diheavy_encoder,COMP,OURS,1825,-0.001299,-0.001453,-0.001141,0.001299,0.001453,0.001141,True,0.0,predictor_temporal/predictor_temporal_per_variant.json::rollout
POC-2B,rollout,lower,raw,lpft_encoder,surgical_3stage_DI_encoder,COMP,OURS,1825,-0.00012,-0.000248,5e-06,0.00012,0.000248,-5e-06,True,0.0602,predictor_temporal/predictor_temporal_per_variant.json::rollout
POC-2B,rollout,lower,raw,lpft_encoder,surgical_3stage_DI_head,COMP,OURS,1825,0.001884,0.001764,0.002004,-0.001884,-0.001764,-0.002004,True,0.0,predictor_temporal/predictor_temporal_per_variant.json::rollout
POC-2B,rollout,lower,raw,lpft_encoder,surgical_3stage_DI_intervene_encoder,COMP,OURS,1825,-0.000419,-0.000539,-0.000297,0.000419,0.000539,0.000297,True,0.0,predictor_temporal/predictor_temporal_per_variant.json::rollout
POC-2B,rollout,lower,raw,lpft_encoder,surgical_3stage_DI_replay25_encoder,COMP,OURS,1825,-0.000861,-0.000988,-0.000733,0.000861,0.000988,0.000733,True,0.0,predictor_temporal/predictor_temporal_per_variant.json::rollout
POC-2B,rollout,lower,raw,lpft_encoder,surgical_3stage_DI_tccaux_encoder,COMP,OURS,1825,-0.002429,-0.002559,-0.002299,0.002429,0.002559,0.002299,True,0.0,predictor_temporal/predictor_temporal_per_variant.json::rollout
POC-2B,rollout,lower,raw,lpft_encoder,surgical_intervene_wiseft_f30_encoder,COMP,OURS,1825,0.000506,0.000386,0.000627,-0.000506,-0.000386,-0.000627,True,0.0,predictor_temporal/predictor_temporal_per_variant.json::rollout
POC-2B,rollout,lower,raw,lpft_encoder,surgical_intervene_wiseft_f50_encoder,COMP,OURS,1825,0.000848,0.000722,0.000975,-0.000848,-0.000722,-0.000975,True,0.0,predictor_temporal/predictor_temporal_per_variant.json::rollout
POC-2B,rollout,lower,raw,lpft_encoder,surgical_intervene_wiseft_f70_encoder,COMP,OURS,1825,0.001209,0.001079,0.001341,-0.001209,-0.001079,-0.001341,True,0.0,predictor_temporal/predictor_temporal_per_variant.json::rollout
POC-2B,rollout,lower,raw,lpft_encoder,surgical_noDI_encoder,COMP,OURS,1825,-0.00279,-0.002948,-0.00263,0.00279,0.002948,0.00263,True,0.0,predictor_temporal/predictor_temporal_per_variant.json::rollout
POC-2B,rollout,lower,raw,lpft_encoder,surgical_noDI_head,COMP,OURS,1825,0.001884,0.001764,0.002004,-0.001884,-0.001764,-0.002004,True,0.0,predictor_temporal/predictor_temporal_per_variant.json::rollout
POC-2B,rollout,lower,raw,peft_dora_encoder,surgery_raw_encoder,COMP,OURS,1825,0.001252,0.001098,0.001414,-0.001252,-0.001098,-0.001414,True,0.0,predictor_temporal/predictor_temporal_per_variant.json::rollout
POC-2B,rollout,lower,raw,peft_dora_encoder,surgical_3stage_DI_diheavy_encoder,COMP,OURS,1825,0.000156,-1.1e-05,0.000324,-0.000156,1.1e-05,-0.000324,True,0.072,predictor_temporal/predictor_temporal_per_variant.json::rollout
POC-2B,rollout,lower,raw,peft_dora_encoder,surgical_3stage_DI_encoder,COMP,OURS,1825,0.001335,0.001179,0.001497,-0.001335,-0.001179,-0.001497,True,0.0,predictor_temporal/predictor_temporal_per_variant.json::rollout
POC-2B,rollout,lower,raw,peft_dora_encoder,surgical_3stage_DI_head,COMP,OURS,1825,0.003339,0.003171,0.003509,-0.003339,-0.003171,-0.003509,True,0.0,predictor_temporal/predictor_temporal_per_variant.json::rollout
POC-2B,rollout,lower,raw,peft_dora_encoder,surgical_3stage_DI_intervene_encoder,COMP,OURS,1825,0.001036,0.0009,0.001174,-0.001036,-0.0009,-0.001174,True,0.0,predictor_temporal/predictor_temporal_per_variant.json::rollout
POC-2B,rollout,lower,raw,peft_dora_encoder,surgical_3stage_DI_replay25_encoder,COMP,OURS,1825,0.000594,0.000441,0.000749,-0.000594,-0.000441,-0.000749,True,0.0,predictor_temporal/predictor_temporal_per_variant.json::rollout
POC-2B,rollout,lower,raw,peft_dora_encoder,surgical_3stage_DI_tccaux_encoder,COMP,OURS,1825,-0.000974,-0.001109,-0.000838,0.000974,0.001109,0.000838,True,0.0,predictor_temporal/predictor_temporal_per_variant.json::rollout
POC-2B,rollout,lower,raw,peft_dora_encoder,surgical_intervene_wiseft_f30_encoder,COMP,OURS,1825,0.001961,0.001803,0.00212,-0.001961,-0.001803,-0.00212,True,0.0,predictor_temporal/predictor_temporal_per_variant.json::rollout
POC-2B,rollout,lower,raw,peft_dora_encoder,surgical_intervene_wiseft_f50_encoder,COMP,OURS,1825,0.002303,0.002133,0.002472,-0.002303,-0.002133,-0.002472,True,0.0,predictor_temporal/predictor_temporal_per_variant.json::rollout
POC-2B,rollout,lower,raw,peft_dora_encoder,surgical_intervene_wiseft_f70_encoder,COMP,OURS,1825,0.002664,0.002488,0.002837,-0.002664,-0.002488,-0.002837,True,0.0,predictor_temporal/predictor_temporal_per_variant.json::rollout
POC-2B,rollout,lower,raw,peft_dora_encoder,surgical_noDI_encoder,COMP,OURS,1825,-0.001335,-0.001483,-0.001183,0.001335,0.001483,0.001183,True,0.0,predictor_temporal/predictor_temporal_per_variant.json::rollout
POC-2B,rollout,lower,raw,peft_dora_encoder,surgical_noDI_head,COMP,OURS,1825,0.003339,0.003171,0.003509,-0.003339,-0.003171,-0.003509,True,0.0,predictor_temporal/predictor_temporal_per_variant.json::rollout
POC-2B,rollout,lower,raw,peft_lora_encoder,surgery_raw_encoder,COMP,OURS,1825,-0.000281,-0.000376,-0.000188,0.000281,0.000376,0.000188,True,0.0,predictor_temporal/predictor_temporal_per_variant.json::rollout
POC-2B,rollout,lower,raw,peft_lora_encoder,surgical_3stage_DI_diheavy_encoder,COMP,OURS,1825,-0.001378,-0.001493,-0.001266,0.001378,0.001493,0.001266,True,0.0,predictor_temporal/predictor_temporal_per_variant.json::rollout
POC-2B,rollout,lower,raw,peft_lora_encoder,surgical_3stage_DI_encoder,COMP,OURS,1825,-0.000198,-0.00029,-0.000113,0.000198,0.00029,0.000113,True,0.0,predictor_temporal/predictor_temporal_per_variant.json::rollout
POC-2B,rollout,lower,raw,peft_lora_encoder,surgical_3stage_DI_head,COMP,OURS,1825,0.001805,0.001688,0.001918,-0.001805,-0.001688,-0.001918,True,0.0,predictor_temporal/predictor_temporal_per_variant.json::rollout
POC-2B,rollout,lower,raw,peft_lora_encoder,surgical_3stage_DI_intervene_encoder,COMP,OURS,1825,-0.000498,-0.0006,-0.0004,0.000498,0.0006,0.0004,True,0.0,predictor_temporal/predictor_temporal_per_variant.json::rollout
POC-2B,rollout,lower,raw,peft_lora_encoder,surgical_3stage_DI_replay25_encoder,COMP,OURS,1825,-0.000939,-0.001036,-0.000846,0.000939,0.001036,0.000846,True,0.0,predictor_temporal/predictor_temporal_per_variant.json::rollout
POC-2B,rollout,lower,raw,peft_lora_encoder,surgical_3stage_DI_tccaux_encoder,COMP,OURS,1825,-0.002508,-0.002626,-0.002397,0.002508,0.002626,0.002397,True,0.0,predictor_temporal/predictor_temporal_per_variant.json::rollout
POC-2B,rollout,lower,raw,peft_lora_encoder,surgical_intervene_wiseft_f30_encoder,COMP,OURS,1825,0.000428,0.000325,0.000527,-0.000428,-0.000325,-0.000527,True,0.0,predictor_temporal/predictor_temporal_per_variant.json::rollout
POC-2B,rollout,lower,raw,peft_lora_encoder,surgical_intervene_wiseft_f50_encoder,COMP,OURS,1825,0.00077,0.000657,0.00088,-0.00077,-0.000657,-0.00088,True,0.0,predictor_temporal/predictor_temporal_per_variant.json::rollout
POC-2B,rollout,lower,raw,peft_lora_encoder,surgical_intervene_wiseft_f70_encoder,COMP,OURS,1825,0.001131,0.001009,0.001251,-0.001131,-0.001009,-0.001251,True,0.0,predictor_temporal/predictor_temporal_per_variant.json::rollout
POC-2B,rollout,lower,raw,peft_lora_encoder,surgical_noDI_encoder,COMP,OURS,1825,-0.002868,-0.003004,-0.002737,0.002868,0.003004,0.002737,True,0.0,predictor_temporal/predictor_temporal_per_variant.json::rollout
POC-2B,rollout,lower,raw,peft_lora_encoder,surgical_noDI_head,COMP,OURS,1825,0.001805,0.001688,0.001918,-0.001805,-0.001688,-0.001918,True,0.0,predictor_temporal/predictor_temporal_per_variant.json::rollout
POC-2B,rollout,lower,raw,pretrain_encoder,surgery_raw_encoder,COMP,OURS,1825,-0.002087,-0.002222,-0.001953,0.002087,0.002222,0.001953,True,0.0,predictor_temporal/predictor_temporal_per_variant.json::rollout
POC-2B,rollout,lower,raw,pretrain_encoder,surgical_3stage_DI_diheavy_encoder,COMP,OURS,1825,-0.003183,-0.003328,-0.003037,0.003183,0.003328,0.003037,True,0.0,predictor_temporal/predictor_temporal_per_variant.json::rollout
POC-2B,rollout,lower,raw,pretrain_encoder,surgical_3stage_DI_encoder,COMP,OURS,1825,-0.002003,-0.002123,-0.001885,0.002003,0.002123,0.001885,True,0.0,predictor_temporal/predictor_temporal_per_variant.json::rollout
POC-2B,rollout,lower,raw,pretrain_encoder,surgical_3stage_DI_head,COMP,OURS,1825,0.0,nan,nan,-0.0,nan,nan,False,1.0,predictor_temporal/predictor_temporal_per_variant.json::rollout
POC-2B,rollout,lower,raw,pretrain_encoder,surgical_3stage_DI_intervene_encoder,COMP,OURS,1825,-0.002303,-0.002431,-0.002174,0.002303,0.002431,0.002174,True,0.0,predictor_temporal/predictor_temporal_per_variant.json::rollout
POC-2B,rollout,lower,raw,pretrain_encoder,surgical_3stage_DI_replay25_encoder,COMP,OURS,1825,-0.002744,-0.002875,-0.002613,0.002744,0.002875,0.002613,True,0.0,predictor_temporal/predictor_temporal_per_variant.json::rollout
POC-2B,rollout,lower,raw,pretrain_encoder,surgical_3stage_DI_tccaux_encoder,COMP,OURS,1825,-0.004313,-0.004464,-0.004162,0.004313,0.004464,0.004162,True,0.0,predictor_temporal/predictor_temporal_per_variant.json::rollout
POC-2B,rollout,lower,raw,pretrain_encoder,surgical_intervene_wiseft_f30_encoder,COMP,OURS,1825,-0.001377,-0.001474,-0.001277,0.001377,0.001474,0.001277,True,0.0,predictor_temporal/predictor_temporal_per_variant.json::rollout
POC-2B,rollout,lower,raw,pretrain_encoder,surgical_intervene_wiseft_f50_encoder,COMP,OURS,1825,-0.001036,-0.001127,-0.000941,0.001036,0.001127,0.000941,True,0.0,predictor_temporal/predictor_temporal_per_variant.json::rollout
POC-2B,rollout,lower,raw,pretrain_encoder,surgical_intervene_wiseft_f70_encoder,COMP,OURS,1825,-0.000675,-0.000761,-0.000584,0.000675,0.000761,0.000584,True,0.0,predictor_temporal/predictor_temporal_per_variant.json::rollout
POC-2B,rollout,lower,raw,pretrain_encoder,surgical_noDI_encoder,COMP,OURS,1825,-0.004673,-0.004839,-0.004508,0.004673,0.004839,0.004508,True,0.0,predictor_temporal/predictor_temporal_per_variant.json::rollout
POC-2B,rollout,lower,raw,pretrain_encoder,surgical_noDI_head,COMP,OURS,1825,0.0,nan,nan,-0.0,nan,nan,False,1.0,predictor_temporal/predictor_temporal_per_variant.json::rollout
POC-2B,rollout,lower,raw,surgery_raw_encoder,surgical_autorgn_encoder,OURS,COMP,1825,0.000425,0.00031,0.000542,-0.000425,-0.00031,-0.000542,True,0.0,predictor_temporal/predictor_temporal_per_variant.json::rollout
POC-2B,rollout,lower,raw,surgical_3stage_DI_diheavy_encoder,surgical_autorgn_encoder,OURS,COMP,1825,0.001521,0.001391,0.001649,-0.001521,-0.001391,-0.001649,True,0.0,predictor_temporal/predictor_temporal_per_variant.json::rollout
POC-2B,rollout,lower,raw,surgical_3stage_DI_encoder,surgical_autorgn_encoder,OURS,COMP,1825,0.000341,0.000233,0.000451,-0.000341,-0.000233,-0.000451,True,0.0,predictor_temporal/predictor_temporal_per_variant.json::rollout
POC-2B,rollout,lower,raw,surgical_3stage_DI_head,surgical_autorgn_encoder,OURS,COMP,1825,-0.001662,-0.001784,-0.001536,0.001662,0.001784,0.001536,True,0.0,predictor_temporal/predictor_temporal_per_variant.json::rollout
POC-2B,rollout,lower,raw,surgical_3stage_DI_intervene_encoder,surgical_autorgn_encoder,OURS,COMP,1825,0.000641,0.00054,0.000741,-0.000641,-0.00054,-0.000741,True,0.0,predictor_temporal/predictor_temporal_per_variant.json::rollout
POC-2B,rollout,lower,raw,surgical_3stage_DI_replay25_encoder,surgical_autorgn_encoder,OURS,COMP,1825,0.001082,0.000976,0.001188,-0.001082,-0.000976,-0.001188,True,0.0,predictor_temporal/predictor_temporal_per_variant.json::rollout
POC-2B,rollout,lower,raw,surgical_3stage_DI_tccaux_encoder,surgical_autorgn_encoder,OURS,COMP,1825,0.002651,0.002544,0.002763,-0.002651,-0.002544,-0.002763,True,0.0,predictor_temporal/predictor_temporal_per_variant.json::rollout
POC-2B,rollout,lower,raw,surgical_autorgn_encoder,surgical_intervene_wiseft_f30_encoder,COMP,OURS,1825,0.000285,0.000177,0.00039,-0.000285,-0.000177,-0.00039,True,0.0,predictor_temporal/predictor_temporal_per_variant.json::rollout
POC-2B,rollout,lower,raw,surgical_autorgn_encoder,surgical_intervene_wiseft_f50_encoder,COMP,OURS,1825,0.000626,0.000508,0.000743,-0.000626,-0.000508,-0.000743,True,0.0,predictor_temporal/predictor_temporal_per_variant.json::rollout
POC-2B,rollout,lower,raw,surgical_autorgn_encoder,surgical_intervene_wiseft_f70_encoder,COMP,OURS,1825,0.000988,0.00086,0.001111,-0.000988,-0.00086,-0.001111,True,0.0,predictor_temporal/predictor_temporal_per_variant.json::rollout
POC-2B,rollout,lower,raw,surgical_autorgn_encoder,surgical_noDI_encoder,COMP,OURS,1825,-0.003011,-0.003144,-0.002874,0.003011,0.003144,0.002874,True,0.0,predictor_temporal/predictor_temporal_per_variant.json::rollout
POC-2B,rollout,lower,raw,surgical_autorgn_encoder,surgical_noDI_head,COMP,OURS,1825,0.001662,0.001536,0.001784,-0.001662,-0.001536,-0.001784,True,0.0,predictor_temporal/predictor_temporal_per_variant.json::rollout
POC-2B,causal,lower,raw,full_ft_encoder,surgery_raw_encoder,COMP,OURS,1825,0.038128,0.037618,0.03863,-0.038128,-0.037618,-0.03863,True,0.0,predictor_temporal/predictor_temporal_per_variant.json::causal
POC-2B,causal,lower,raw,full_ft_encoder,surgical_3stage_DI_diheavy_encoder,COMP,OURS,1825,0.037469,0.036909,0.038021,-0.037469,-0.036909,-0.038021,True,0.0,predictor_temporal/predictor_temporal_per_variant.json::causal
POC-2B,causal,lower,raw,full_ft_encoder,surgical_3stage_DI_encoder,COMP,OURS,1825,0.035956,0.035439,0.036467,-0.035956,-0.035439,-0.036467,True,0.0,predictor_temporal/predictor_temporal_per_variant.json::causal
POC-2B,causal,lower,raw,full_ft_encoder,surgical_3stage_DI_head,COMP,OURS,1825,0.007866,0.007168,0.008537,-0.007866,-0.007168,-0.008537,True,0.0,predictor_temporal/predictor_temporal_per_variant.json::causal
POC-2B,causal,lower,raw,full_ft_encoder,surgical_3stage_DI_intervene_encoder,COMP,OURS,1825,0.037734,0.037192,0.038268,-0.037734,-0.037192,-0.038268,True,0.0,predictor_temporal/predictor_temporal_per_variant.json::causal
POC-2B,causal,lower,raw,full_ft_encoder,surgical_3stage_DI_replay25_encoder,COMP,OURS,1825,0.035672,0.035146,0.036188,-0.035672,-0.035146,-0.036188,True,0.0,predictor_temporal/predictor_temporal_per_variant.json::causal
POC-2B,causal,lower,raw,full_ft_encoder,surgical_3stage_DI_tccaux_encoder,COMP,OURS,1825,0.037665,0.037099,0.038216,-0.037665,-0.037099,-0.038216,True,0.0,predictor_temporal/predictor_temporal_per_variant.json::causal
POC-2B,causal,lower,raw,full_ft_encoder,surgical_intervene_wiseft_f30_encoder,COMP,OURS,1825,0.026395,0.025846,0.026942,-0.026395,-0.025846,-0.026942,True,0.0,predictor_temporal/predictor_temporal_per_variant.json::causal
POC-2B,causal,lower,raw,full_ft_encoder,surgical_intervene_wiseft_f50_encoder,COMP,OURS,1825,0.016455,0.015859,0.01704,-0.016455,-0.015859,-0.01704,True,0.0,predictor_temporal/predictor_temporal_per_variant.json::causal
POC-2B,causal,lower,raw,full_ft_encoder,surgical_intervene_wiseft_f70_encoder,COMP,OURS,1825,0.005027,0.004381,0.005664,-0.005027,-0.004381,-0.005664,True,0.0,predictor_temporal/predictor_temporal_per_variant.json::causal
POC-2B,causal,lower,raw,full_ft_encoder,surgical_noDI_encoder,COMP,OURS,1825,0.03618,0.035638,0.036716,-0.03618,-0.035638,-0.036716,True,0.0,predictor_temporal/predictor_temporal_per_variant.json::causal
POC-2B,causal,lower,raw,full_ft_encoder,surgical_noDI_head,COMP,OURS,1825,0.007866,0.007168,0.008537,-0.007866,-0.007168,-0.008537,True,0.0,predictor_temporal/predictor_temporal_per_variant.json::causal
POC-2B,causal,lower,raw,lpft_encoder,surgery_raw_encoder,COMP,OURS,1825,0.033449,0.032949,0.033952,-0.033449,-0.032949,-0.033952,True,0.0,predictor_temporal/predictor_temporal_per_variant.json::causal
POC-2B,causal,lower,raw,lpft_encoder,surgical_3stage_DI_diheavy_encoder,COMP,OURS,1825,0.032789,0.032235,0.033348,-0.032789,-0.032235,-0.033348,True,0.0,predictor_temporal/predictor_temporal_per_variant.json::causal
POC-2B,causal,lower,raw,lpft_encoder,surgical_3stage_DI_encoder,COMP,OURS,1825,0.031276,0.030762,0.031789,-0.031276,-0.030762,-0.031789,True,0.0,predictor_temporal/predictor_temporal_per_variant.json::causal
POC-2B,causal,lower,raw,lpft_encoder,surgical_3stage_DI_head,COMP,OURS,1825,0.003186,0.002605,0.003789,-0.003186,-0.002605,-0.003789,True,0.0,predictor_temporal/predictor_temporal_per_variant.json::causal
POC-2B,causal,lower,raw,lpft_encoder,surgical_3stage_DI_intervene_encoder,COMP,OURS,1825,0.033055,0.032504,0.033598,-0.033055,-0.032504,-0.033598,True,0.0,predictor_temporal/predictor_temporal_per_variant.json::causal
POC-2B,causal,lower,raw,lpft_encoder,surgical_3stage_DI_replay25_encoder,COMP,OURS,1825,0.030992,0.030473,0.031507,-0.030992,-0.030473,-0.031507,True,0.0,predictor_temporal/predictor_temporal_per_variant.json::causal
POC-2B,causal,lower,raw,lpft_encoder,surgical_3stage_DI_tccaux_encoder,COMP,OURS,1825,0.032985,0.032421,0.033547,-0.032985,-0.032421,-0.033547,True,0.0,predictor_temporal/predictor_temporal_per_variant.json::causal
POC-2B,causal,lower,raw,lpft_encoder,surgical_intervene_wiseft_f30_encoder,COMP,OURS,1825,0.021716,0.021157,0.02229,-0.021716,-0.021157,-0.02229,True,0.0,predictor_temporal/predictor_temporal_per_variant.json::causal
POC-2B,causal,lower,raw,lpft_encoder,surgical_intervene_wiseft_f50_encoder,COMP,OURS,1825,0.011776,0.011184,0.012389,-0.011776,-0.011184,-0.012389,True,0.0,predictor_temporal/predictor_temporal_per_variant.json::causal
POC-2B,causal,lower,raw,lpft_encoder,surgical_intervene_wiseft_f70_encoder,COMP,OURS,1825,0.000347,-0.000282,0.001005,-0.000347,0.000282,-0.001005,True,0.2856,predictor_temporal/predictor_temporal_per_variant.json::causal
POC-2B,causal,lower,raw,lpft_encoder,surgical_noDI_encoder,COMP,OURS,1825,0.0315,0.030971,0.032044,-0.0315,-0.030971,-0.032044,True,0.0,predictor_temporal/predictor_temporal_per_variant.json::causal
POC-2B,causal,lower,raw,lpft_encoder,surgical_noDI_head,COMP,OURS,1825,0.003186,0.002605,0.003789,-0.003186,-0.002605,-0.003789,True,0.0,predictor_temporal/predictor_temporal_per_variant.json::causal
POC-2B,causal,lower,raw,peft_dora_encoder,surgery_raw_encoder,COMP,OURS,1825,0.013971,0.013582,0.014353,-0.013971,-0.013582,-0.014353,True,0.0,predictor_temporal/predictor_temporal_per_variant.json::causal
POC-2B,causal,lower,raw,peft_dora_encoder,surgical_3stage_DI_diheavy_encoder,COMP,OURS,1825,0.013312,0.012863,0.013743,-0.013312,-0.012863,-0.013743,True,0.0,predictor_temporal/predictor_temporal_per_variant.json::causal
POC-2B,causal,lower,raw,peft_dora_encoder,surgical_3stage_DI_encoder,COMP,OURS,1825,0.011799,0.011399,0.012197,-0.011799,-0.011399,-0.012197,True,0.0,predictor_temporal/predictor_temporal_per_variant.json::causal
POC-2B,causal,lower,raw,peft_dora_encoder,surgical_3stage_DI_head,COMP,OURS,1825,-0.016291,-0.016975,-0.015635,0.016291,0.016975,0.015635,True,0.0,predictor_temporal/predictor_temporal_per_variant.json::causal
POC-2B,causal,lower,raw,peft_dora_encoder,surgical_3stage_DI_intervene_encoder,COMP,OURS,1825,0.013578,0.013146,0.013994,-0.013578,-0.013146,-0.013994,True,0.0,predictor_temporal/predictor_temporal_per_variant.json::causal
POC-2B,causal,lower,raw,peft_dora_encoder,surgical_3stage_DI_replay25_encoder,COMP,OURS,1825,0.011515,0.011103,0.011919,-0.011515,-0.011103,-0.011919,True,0.0,predictor_temporal/predictor_temporal_per_variant.json::causal
POC-2B,causal,lower,raw,peft_dora_encoder,surgical_3stage_DI_tccaux_encoder,COMP,OURS,1825,0.013508,0.01305,0.013943,-0.013508,-0.01305,-0.013943,True,0.0,predictor_temporal/predictor_temporal_per_variant.json::causal
POC-2B,causal,lower,raw,peft_dora_encoder,surgical_intervene_wiseft_f30_encoder,COMP,OURS,1825,0.002238,0.001805,0.002686,-0.002238,-0.001805,-0.002686,True,0.0,predictor_temporal/predictor_temporal_per_variant.json::causal
POC-2B,causal,lower,raw,peft_dora_encoder,surgical_intervene_wiseft_f50_encoder,COMP,OURS,1825,-0.007702,-0.008177,-0.007197,0.007702,0.008177,0.007197,True,0.0,predictor_temporal/predictor_temporal_per_variant.json::causal
POC-2B,causal,lower,raw,peft_dora_encoder,surgical_intervene_wiseft_f70_encoder,COMP,OURS,1825,-0.01913,-0.019661,-0.018566,0.01913,0.019661,0.018566,True,0.0,predictor_temporal/predictor_temporal_per_variant.json::causal
POC-2B,causal,lower,raw,peft_dora_encoder,surgical_noDI_encoder,COMP,OURS,1825,0.012023,0.011599,0.012431,-0.012023,-0.011599,-0.012431,True,0.0,predictor_temporal/predictor_temporal_per_variant.json::causal
POC-2B,causal,lower,raw,peft_dora_encoder,surgical_noDI_head,COMP,OURS,1825,-0.016291,-0.016975,-0.015635,0.016291,0.016975,0.015635,True,0.0,predictor_temporal/predictor_temporal_per_variant.json::causal
POC-2B,causal,lower,raw,peft_lora_encoder,surgery_raw_encoder,COMP,OURS,1825,0.004774,0.0045,0.005058,-0.004774,-0.0045,-0.005058,True,0.0,predictor_temporal/predictor_temporal_per_variant.json::causal
POC-2B,causal,lower,raw,peft_lora_encoder,surgical_3stage_DI_diheavy_encoder,COMP,OURS,1825,0.004115,0.003783,0.004449,-0.004115,-0.003783,-0.004449,True,0.0,predictor_temporal/predictor_temporal_per_variant.json::causal
POC-2B,causal,lower,raw,peft_lora_encoder,surgical_3stage_DI_encoder,COMP,OURS,1825,0.002601,0.002308,0.002901,-0.002601,-0.002308,-0.002901,True,0.0,predictor_temporal/predictor_temporal_per_variant.json::causal
POC-2B,causal,lower,raw,peft_lora_encoder,surgical_3stage_DI_head,COMP,OURS,1825,-0.025488,-0.026188,-0.024808,0.025488,0.026188,0.024808,True,0.0,predictor_temporal/predictor_temporal_per_variant.json::causal
POC-2B,causal,lower,raw,peft_lora_encoder,surgical_3stage_DI_intervene_encoder,COMP,OURS,1825,0.00438,0.00406,0.004709,-0.00438,-0.00406,-0.004709,True,0.0,predictor_temporal/predictor_temporal_per_variant.json::causal
POC-2B,causal,lower,raw,peft_lora_encoder,surgical_3stage_DI_replay25_encoder,COMP,OURS,1825,0.002318,0.002021,0.002622,-0.002318,-0.002021,-0.002622,True,0.0,predictor_temporal/predictor_temporal_per_variant.json::causal
POC-2B,causal,lower,raw,peft_lora_encoder,surgical_3stage_DI_tccaux_encoder,COMP,OURS,1825,0.004311,0.00397,0.004648,-0.004311,-0.00397,-0.004648,True,0.0,predictor_temporal/predictor_temporal_per_variant.json::causal
POC-2B,causal,lower,raw,peft_lora_encoder,surgical_intervene_wiseft_f30_encoder,COMP,OURS,1825,-0.006959,-0.007316,-0.006584,0.006959,0.007316,0.006584,True,0.0,predictor_temporal/predictor_temporal_per_variant.json::causal
POC-2B,causal,lower,raw,peft_lora_encoder,surgical_intervene_wiseft_f50_encoder,COMP,OURS,1825,-0.016899,-0.017328,-0.01644,0.016899,0.017328,0.01644,True,0.0,predictor_temporal/predictor_temporal_per_variant.json::causal
POC-2B,causal,lower,raw,peft_lora_encoder,surgical_intervene_wiseft_f70_encoder,COMP,OURS,1825,-0.028327,-0.028827,-0.027798,0.028327,0.028827,0.027798,True,0.0,predictor_temporal/predictor_temporal_per_variant.json::causal
POC-2B,causal,lower,raw,peft_lora_encoder,surgical_noDI_encoder,COMP,OURS,1825,0.002825,0.002512,0.003151,-0.002825,-0.002512,-0.003151,True,0.0,predictor_temporal/predictor_temporal_per_variant.json::causal
POC-2B,causal,lower,raw,peft_lora_encoder,surgical_noDI_head,COMP,OURS,1825,-0.025488,-0.026188,-0.024809,0.025488,0.026188,0.024809,True,0.0,predictor_temporal/predictor_temporal_per_variant.json::causal
POC-2B,causal,lower,raw,pretrain_encoder,surgery_raw_encoder,COMP,OURS,1825,0.030262,0.02956,0.030971,-0.030262,-0.02956,-0.030971,True,0.0,predictor_temporal/predictor_temporal_per_variant.json::causal
POC-2B,causal,lower,raw,pretrain_encoder,surgical_3stage_DI_diheavy_encoder,COMP,OURS,1825,0.029603,0.028899,0.030334,-0.029603,-0.028899,-0.030334,True,0.0,predictor_temporal/predictor_temporal_per_variant.json::causal
POC-2B,causal,lower,raw,pretrain_encoder,surgical_3stage_DI_encoder,COMP,OURS,1825,0.02809,0.027417,0.028795,-0.02809,-0.027417,-0.028795,True,0.0,predictor_temporal/predictor_temporal_per_variant.json::causal
POC-2B,causal,lower,raw,pretrain_encoder,surgical_3stage_DI_head,COMP,OURS,1825,0.0,0.0,0.0,-0.0,-0.0,-0.0,False,0.2624,predictor_temporal/predictor_temporal_per_variant.json::causal
POC-2B,causal,lower,raw,pretrain_encoder,surgical_3stage_DI_intervene_encoder,COMP,OURS,1825,0.029868,0.029167,0.030599,-0.029868,-0.029167,-0.030599,True,0.0,predictor_temporal/predictor_temporal_per_variant.json::causal
POC-2B,causal,lower,raw,pretrain_encoder,surgical_3stage_DI_replay25_encoder,COMP,OURS,1825,0.027806,0.02712,0.028501,-0.027806,-0.02712,-0.028501,True,0.0,predictor_temporal/predictor_temporal_per_variant.json::causal
POC-2B,causal,lower,raw,pretrain_encoder,surgical_3stage_DI_tccaux_encoder,COMP,OURS,1825,0.029799,0.029071,0.030532,-0.029799,-0.029071,-0.030532,True,0.0,predictor_temporal/predictor_temporal_per_variant.json::causal
POC-2B,causal,lower,raw,pretrain_encoder,surgical_intervene_wiseft_f30_encoder,COMP,OURS,1825,0.018529,0.017902,0.019216,-0.018529,-0.017902,-0.019216,True,0.0,predictor_temporal/predictor_temporal_per_variant.json::causal
POC-2B,causal,lower,raw,pretrain_encoder,surgical_intervene_wiseft_f50_encoder,COMP,OURS,1825,0.008589,0.007974,0.009262,-0.008589,-0.007974,-0.009262,True,0.0,predictor_temporal/predictor_temporal_per_variant.json::causal
POC-2B,causal,lower,raw,pretrain_encoder,surgical_intervene_wiseft_f70_encoder,COMP,OURS,1825,-0.002839,-0.003465,-0.002168,0.002839,0.003465,0.002168,True,0.0,predictor_temporal/predictor_temporal_per_variant.json::causal
POC-2B,causal,lower,raw,pretrain_encoder,surgical_noDI_encoder,COMP,OURS,1825,0.028314,0.027616,0.029014,-0.028314,-0.027616,-0.029014,True,0.0,predictor_temporal/predictor_temporal_per_variant.json::causal
POC-2B,causal,lower,raw,pretrain_encoder,surgical_noDI_head,COMP,OURS,1825,0.0,nan,nan,-0.0,nan,nan,False,1.0,predictor_temporal/predictor_temporal_per_variant.json::causal
POC-2B,causal,lower,raw,surgery_raw_encoder,surgical_autorgn_encoder,OURS,COMP,1825,-0.022858,-0.023242,-0.02249,0.022858,0.023242,0.02249,True,0.0,predictor_temporal/predictor_temporal_per_variant.json::causal
POC-2B,causal,lower,raw,surgical_3stage_DI_diheavy_encoder,surgical_autorgn_encoder,OURS,COMP,1825,-0.022198,-0.022639,-0.021762,0.022198,0.022639,0.021762,True,0.0,predictor_temporal/predictor_temporal_per_variant.json::causal
POC-2B,causal,lower,raw,surgical_3stage_DI_encoder,surgical_autorgn_encoder,OURS,COMP,1825,-0.020685,-0.021087,-0.02029,0.020685,0.021087,0.02029,True,0.0,predictor_temporal/predictor_temporal_per_variant.json::causal
POC-2B,causal,lower,raw,surgical_3stage_DI_head,surgical_autorgn_encoder,OURS,COMP,1825,0.007405,0.006731,0.008104,-0.007405,-0.006731,-0.008104,True,0.0,predictor_temporal/predictor_temporal_per_variant.json::causal
POC-2B,causal,lower,raw,surgical_3stage_DI_intervene_encoder,surgical_autorgn_encoder,OURS,COMP,1825,-0.022464,-0.022893,-0.022052,0.022464,0.022893,0.022052,True,0.0,predictor_temporal/predictor_temporal_per_variant.json::causal
POC-2B,causal,lower,raw,surgical_3stage_DI_replay25_encoder,surgical_autorgn_encoder,OURS,COMP,1825,-0.020401,-0.02081,-0.020004,0.020401,0.02081,0.020004,True,0.0,predictor_temporal/predictor_temporal_per_variant.json::causal
POC-2B,causal,lower,raw,surgical_3stage_DI_tccaux_encoder,surgical_autorgn_encoder,OURS,COMP,1825,-0.022394,-0.022834,-0.021956,0.022394,0.022834,0.021956,True,0.0,predictor_temporal/predictor_temporal_per_variant.json::causal
POC-2B,causal,lower,raw,surgical_autorgn_encoder,surgical_intervene_wiseft_f30_encoder,COMP,OURS,1825,0.011125,0.010688,0.011583,-0.011125,-0.010688,-0.011583,True,0.0,predictor_temporal/predictor_temporal_per_variant.json::causal
POC-2B,causal,lower,raw,surgical_autorgn_encoder,surgical_intervene_wiseft_f50_encoder,COMP,OURS,1825,0.001185,0.000692,0.001698,-0.001185,-0.000692,-0.001698,True,0.0,predictor_temporal/predictor_temporal_per_variant.json::causal
POC-2B,causal,lower,raw,surgical_autorgn_encoder,surgical_intervene_wiseft_f70_encoder,COMP,OURS,1825,-0.010244,-0.010799,-0.009672,0.010244,0.010799,0.009672,True,0.0,predictor_temporal/predictor_temporal_per_variant.json::causal
POC-2B,causal,lower,raw,surgical_autorgn_encoder,surgical_noDI_encoder,COMP,OURS,1825,0.020909,0.020503,0.021327,-0.020909,-0.020503,-0.021327,True,0.0,predictor_temporal/predictor_temporal_per_variant.json::causal
POC-2B,causal,lower,raw,surgical_autorgn_encoder,surgical_noDI_head,COMP,OURS,1825,-0.007405,-0.008104,-0.006731,0.007405,0.008104,0.006731,True,0.0,predictor_temporal/predictor_temporal_per_variant.json::causal
POC-2B,tdist,lower,raw,full_ft_encoder,surgery_raw_encoder,COMP,OURS,1825,-0.00013,-0.000235,-2e-05,0.00013,0.000235,2e-05,True,0.0196,predictor_temporal/predictor_temporal_per_variant.json::tdist
POC-2B,tdist,lower,raw,full_ft_encoder,surgical_3stage_DI_diheavy_encoder,COMP,OURS,1825,0.000302,0.000163,0.000438,-0.000302,-0.000163,-0.000438,True,0.0,predictor_temporal/predictor_temporal_per_variant.json::tdist
POC-2B,tdist,lower,raw,full_ft_encoder,surgical_3stage_DI_encoder,COMP,OURS,1825,0.001186,0.001064,0.001303,-0.001186,-0.001064,-0.001303,True,0.0,predictor_temporal/predictor_temporal_per_variant.json::tdist
POC-2B,tdist,lower,raw,full_ft_encoder,surgical_3stage_DI_head,COMP,OURS,1825,0.001861,0.001721,0.002012,-0.001861,-0.001721,-0.002012,True,0.0,predictor_temporal/predictor_temporal_per_variant.json::tdist
POC-2B,tdist,lower,raw,full_ft_encoder,surgical_3stage_DI_intervene_encoder,COMP,OURS,1825,0.000594,0.000473,0.000715,-0.000594,-0.000473,-0.000715,True,0.0,predictor_temporal/predictor_temporal_per_variant.json::tdist
POC-2B,tdist,lower,raw,full_ft_encoder,surgical_3stage_DI_replay25_encoder,COMP,OURS,1825,0.000685,0.000561,0.000808,-0.000685,-0.000561,-0.000808,True,0.0,predictor_temporal/predictor_temporal_per_variant.json::tdist
POC-2B,tdist,lower,raw,full_ft_encoder,surgical_3stage_DI_tccaux_encoder,COMP,OURS,1825,1.2e-05,-0.000117,0.000142,-1.2e-05,0.000117,-0.000142,True,0.8514,predictor_temporal/predictor_temporal_per_variant.json::tdist
POC-2B,tdist,lower,raw,full_ft_encoder,surgical_intervene_wiseft_f30_encoder,COMP,OURS,1825,0.001082,0.000949,0.001226,-0.001082,-0.000949,-0.001226,True,0.0,predictor_temporal/predictor_temporal_per_variant.json::tdist
POC-2B,tdist,lower,raw,full_ft_encoder,surgical_intervene_wiseft_f50_encoder,COMP,OURS,1825,0.001297,0.001149,0.001462,-0.001297,-0.001149,-0.001462,True,0.0,predictor_temporal/predictor_temporal_per_variant.json::tdist
POC-2B,tdist,lower,raw,full_ft_encoder,surgical_intervene_wiseft_f70_encoder,COMP,OURS,1825,0.001426,0.001259,0.001609,-0.001426,-0.001259,-0.001609,True,0.0,predictor_temporal/predictor_temporal_per_variant.json::tdist
POC-2B,tdist,lower,raw,full_ft_encoder,surgical_noDI_encoder,COMP,OURS,1825,-8.5e-05,-0.000203,3.6e-05,8.5e-05,0.000203,-3.6e-05,True,0.177,predictor_temporal/predictor_temporal_per_variant.json::tdist
POC-2B,tdist,lower,raw,full_ft_encoder,surgical_noDI_head,COMP,OURS,1825,0.001861,0.001721,0.002012,-0.001861,-0.001721,-0.002012,True,0.0,predictor_temporal/predictor_temporal_per_variant.json::tdist
POC-2B,tdist,lower,raw,lpft_encoder,surgery_raw_encoder,COMP,OURS,1825,-0.000507,-0.000622,-0.000397,0.000507,0.000622,0.000397,True,0.0,predictor_temporal/predictor_temporal_per_variant.json::tdist
POC-2B,tdist,lower,raw,lpft_encoder,surgical_3stage_DI_diheavy_encoder,COMP,OURS,1825,-7.5e-05,-0.000226,6.9e-05,7.5e-05,0.000226,-6.9e-05,True,0.3108,predictor_temporal/predictor_temporal_per_variant.json::tdist
POC-2B,tdist,lower,raw,lpft_encoder,surgical_3stage_DI_encoder,COMP,OURS,1825,0.000809,0.000678,0.000931,-0.000809,-0.000678,-0.000931,True,0.0,predictor_temporal/predictor_temporal_per_variant.json::tdist
POC-2B,tdist,lower,raw,lpft_encoder,surgical_3stage_DI_head,COMP,OURS,1825,0.001484,0.001364,0.001609,-0.001484,-0.001364,-0.001609,True,0.0,predictor_temporal/predictor_temporal_per_variant.json::tdist
POC-2B,tdist,lower,raw,lpft_encoder,surgical_3stage_DI_intervene_encoder,COMP,OURS,1825,0.000217,8.6e-05,0.000343,-0.000217,-8.6e-05,-0.000343,True,0.001,predictor_temporal/predictor_temporal_per_variant.json::tdist
POC-2B,tdist,lower,raw,lpft_encoder,surgical_3stage_DI_replay25_encoder,COMP,OURS,1825,0.000308,0.000173,0.000434,-0.000308,-0.000173,-0.000434,True,0.0,predictor_temporal/predictor_temporal_per_variant.json::tdist
POC-2B,tdist,lower,raw,lpft_encoder,surgical_3stage_DI_tccaux_encoder,COMP,OURS,1825,-0.000365,-0.00051,-0.000229,0.000365,0.00051,0.000229,True,0.0,predictor_temporal/predictor_temporal_per_variant.json::tdist
POC-2B,tdist,lower,raw,lpft_encoder,surgical_intervene_wiseft_f30_encoder,COMP,OURS,1825,0.000705,0.000562,0.000847,-0.000705,-0.000562,-0.000847,True,0.0,predictor_temporal/predictor_temporal_per_variant.json::tdist
POC-2B,tdist,lower,raw,lpft_encoder,surgical_intervene_wiseft_f50_encoder,COMP,OURS,1825,0.00092,0.000766,0.001081,-0.00092,-0.000766,-0.001081,True,0.0,predictor_temporal/predictor_temporal_per_variant.json::tdist
POC-2B,tdist,lower,raw,lpft_encoder,surgical_intervene_wiseft_f70_encoder,COMP,OURS,1825,0.001048,0.000882,0.001228,-0.001048,-0.000882,-0.001228,True,0.0,predictor_temporal/predictor_temporal_per_variant.json::tdist
POC-2B,tdist,lower,raw,lpft_encoder,surgical_noDI_encoder,COMP,OURS,1825,-0.000462,-0.00059,-0.000334,0.000462,0.00059,0.000334,True,0.0,predictor_temporal/predictor_temporal_per_variant.json::tdist
POC-2B,tdist,lower,raw,lpft_encoder,surgical_noDI_head,COMP,OURS,1825,0.001484,0.001364,0.001609,-0.001484,-0.001364,-0.001609,True,0.0,predictor_temporal/predictor_temporal_per_variant.json::tdist
POC-2B,tdist,lower,raw,peft_dora_encoder,surgery_raw_encoder,COMP,OURS,1825,-0.001056,-0.001159,-0.000956,0.001056,0.001159,0.000956,True,0.0,predictor_temporal/predictor_temporal_per_variant.json::tdist
POC-2B,tdist,lower,raw,peft_dora_encoder,surgical_3stage_DI_diheavy_encoder,COMP,OURS,1825,-0.000624,-0.000761,-0.000498,0.000624,0.000761,0.000498,True,0.0,predictor_temporal/predictor_temporal_per_variant.json::tdist
POC-2B,tdist,lower,raw,peft_dora_encoder,surgical_3stage_DI_encoder,COMP,OURS,1825,0.00026,0.000146,0.000366,-0.00026,-0.000146,-0.000366,True,0.0,predictor_temporal/predictor_temporal_per_variant.json::tdist
POC-2B,tdist,lower,raw,peft_dora_encoder,surgical_3stage_DI_head,COMP,OURS,1825,0.000935,0.000806,0.00107,-0.000935,-0.000806,-0.00107,True,0.0,predictor_temporal/predictor_temporal_per_variant.json::tdist
POC-2B,tdist,lower,raw,peft_dora_encoder,surgical_3stage_DI_intervene_encoder,COMP,OURS,1825,-0.000332,-0.000448,-0.000223,0.000332,0.000448,0.000223,True,0.0,predictor_temporal/predictor_temporal_per_variant.json::tdist
POC-2B,tdist,lower,raw,peft_dora_encoder,surgical_3stage_DI_replay25_encoder,COMP,OURS,1825,-0.000241,-0.000359,-0.00013,0.000241,0.000359,0.00013,True,0.0,predictor_temporal/predictor_temporal_per_variant.json::tdist
POC-2B,tdist,lower,raw,peft_dora_encoder,surgical_3stage_DI_tccaux_encoder,COMP,OURS,1825,-0.000914,-0.001043,-0.000793,0.000914,0.001043,0.000793,True,0.0,predictor_temporal/predictor_temporal_per_variant.json::tdist
POC-2B,tdist,lower,raw,peft_dora_encoder,surgical_intervene_wiseft_f30_encoder,COMP,OURS,1825,0.000156,2.1e-05,0.000288,-0.000156,-2.1e-05,-0.000288,True,0.0236,predictor_temporal/predictor_temporal_per_variant.json::tdist
POC-2B,tdist,lower,raw,peft_dora_encoder,surgical_intervene_wiseft_f50_encoder,COMP,OURS,1825,0.000371,0.000219,0.000527,-0.000371,-0.000219,-0.000527,True,0.0,predictor_temporal/predictor_temporal_per_variant.json::tdist
POC-2B,tdist,lower,raw,peft_dora_encoder,surgical_intervene_wiseft_f70_encoder,COMP,OURS,1825,0.0005,0.000331,0.000676,-0.0005,-0.000331,-0.000676,True,0.0,predictor_temporal/predictor_temporal_per_variant.json::tdist
POC-2B,tdist,lower,raw,peft_dora_encoder,surgical_noDI_encoder,COMP,OURS,1825,-0.001011,-0.001126,-0.000902,0.001011,0.001126,0.000902,True,0.0,predictor_temporal/predictor_temporal_per_variant.json::tdist
POC-2B,tdist,lower,raw,peft_dora_encoder,surgical_noDI_head,COMP,OURS,1825,0.000935,0.000806,0.00107,-0.000935,-0.000806,-0.00107,True,0.0,predictor_temporal/predictor_temporal_per_variant.json::tdist
POC-2B,tdist,lower,raw,peft_lora_encoder,surgery_raw_encoder,COMP,OURS,1825,-0.000813,-0.000892,-0.000734,0.000813,0.000892,0.000734,True,0.0,predictor_temporal/predictor_temporal_per_variant.json::tdist
POC-2B,tdist,lower,raw,peft_lora_encoder,surgical_3stage_DI_diheavy_encoder,COMP,OURS,1825,-0.000381,-0.000489,-0.000278,0.000381,0.000489,0.000278,True,0.0,predictor_temporal/predictor_temporal_per_variant.json::tdist
POC-2B,tdist,lower,raw,peft_lora_encoder,surgical_3stage_DI_encoder,COMP,OURS,1825,0.000502,0.000416,0.000585,-0.000502,-0.000416,-0.000585,True,0.0,predictor_temporal/predictor_temporal_per_variant.json::tdist
POC-2B,tdist,lower,raw,peft_lora_encoder,surgical_3stage_DI_head,COMP,OURS,1825,0.001178,0.001058,0.001304,-0.001178,-0.001058,-0.001304,True,0.0,predictor_temporal/predictor_temporal_per_variant.json::tdist
POC-2B,tdist,lower,raw,peft_lora_encoder,surgical_3stage_DI_intervene_encoder,COMP,OURS,1825,-8.9e-05,-0.000181,-1e-06,8.9e-05,0.000181,1e-06,True,0.0496,predictor_temporal/predictor_temporal_per_variant.json::tdist
POC-2B,tdist,lower,raw,peft_lora_encoder,surgical_3stage_DI_replay25_encoder,COMP,OURS,1825,2e-06,-8.9e-05,8.9e-05,-2e-06,8.9e-05,-8.9e-05,True,0.959,predictor_temporal/predictor_temporal_per_variant.json::tdist
POC-2B,tdist,lower,raw,peft_lora_encoder,surgical_3stage_DI_tccaux_encoder,COMP,OURS,1825,-0.000671,-0.000773,-0.000574,0.000671,0.000773,0.000574,True,0.0,predictor_temporal/predictor_temporal_per_variant.json::tdist
POC-2B,tdist,lower,raw,peft_lora_encoder,surgical_intervene_wiseft_f30_encoder,COMP,OURS,1825,0.000399,0.000287,0.000512,-0.000399,-0.000287,-0.000512,True,0.0,predictor_temporal/predictor_temporal_per_variant.json::tdist
POC-2B,tdist,lower,raw,peft_lora_encoder,surgical_intervene_wiseft_f50_encoder,COMP,OURS,1825,0.000613,0.000483,0.000753,-0.000613,-0.000483,-0.000753,True,0.0,predictor_temporal/predictor_temporal_per_variant.json::tdist
POC-2B,tdist,lower,raw,peft_lora_encoder,surgical_intervene_wiseft_f70_encoder,COMP,OURS,1825,0.000742,0.000592,0.000905,-0.000742,-0.000592,-0.000905,True,0.0,predictor_temporal/predictor_temporal_per_variant.json::tdist
POC-2B,tdist,lower,raw,peft_lora_encoder,surgical_noDI_encoder,COMP,OURS,1825,-0.000768,-0.000862,-0.000676,0.000768,0.000862,0.000676,True,0.0,predictor_temporal/predictor_temporal_per_variant.json::tdist
POC-2B,tdist,lower,raw,peft_lora_encoder,surgical_noDI_head,COMP,OURS,1825,0.001178,0.001058,0.001304,-0.001178,-0.001058,-0.001304,True,0.0,predictor_temporal/predictor_temporal_per_variant.json::tdist
POC-2B,tdist,lower,raw,pretrain_encoder,surgery_raw_encoder,COMP,OURS,1825,-0.001991,-0.002109,-0.001885,0.001991,0.002109,0.001885,True,0.0,predictor_temporal/predictor_temporal_per_variant.json::tdist
POC-2B,tdist,lower,raw,pretrain_encoder,surgical_3stage_DI_diheavy_encoder,COMP,OURS,1825,-0.001559,-0.001701,-0.001428,0.001559,0.001701,0.001428,True,0.0,predictor_temporal/predictor_temporal_per_variant.json::tdist
POC-2B,tdist,lower,raw,pretrain_encoder,surgical_3stage_DI_encoder,COMP,OURS,1825,-0.000675,-0.000807,-0.000554,0.000675,0.000807,0.000554,True,0.0,predictor_temporal/predictor_temporal_per_variant.json::tdist
POC-2B,tdist,lower,raw,pretrain_encoder,surgical_3stage_DI_head,COMP,OURS,1825,0.0,nan,nan,-0.0,nan,nan,False,1.0,predictor_temporal/predictor_temporal_per_variant.json::tdist
POC-2B,tdist,lower,raw,pretrain_encoder,surgical_3stage_DI_intervene_encoder,COMP,OURS,1825,-0.001267,-0.001394,-0.001152,0.001267,0.001394,0.001152,True,0.0,predictor_temporal/predictor_temporal_per_variant.json::tdist
POC-2B,tdist,lower,raw,pretrain_encoder,surgical_3stage_DI_replay25_encoder,COMP,OURS,1825,-0.001176,-0.001309,-0.001055,0.001176,0.001309,0.001055,True,0.0,predictor_temporal/predictor_temporal_per_variant.json::tdist
POC-2B,tdist,lower,raw,pretrain_encoder,surgical_3stage_DI_tccaux_encoder,COMP,OURS,1825,-0.001849,-0.001987,-0.001722,0.001849,0.001987,0.001722,True,0.0,predictor_temporal/predictor_temporal_per_variant.json::tdist
POC-2B,tdist,lower,raw,pretrain_encoder,surgical_intervene_wiseft_f30_encoder,COMP,OURS,1825,-0.000779,-0.000889,-0.000678,0.000779,0.000889,0.000678,True,0.0,predictor_temporal/predictor_temporal_per_variant.json::tdist
POC-2B,tdist,lower,raw,pretrain_encoder,surgical_intervene_wiseft_f50_encoder,COMP,OURS,1825,-0.000564,-0.000676,-0.000461,0.000564,0.000676,0.000461,True,0.0,predictor_temporal/predictor_temporal_per_variant.json::tdist
POC-2B,tdist,lower,raw,pretrain_encoder,surgical_intervene_wiseft_f70_encoder,COMP,OURS,1825,-0.000435,-0.000552,-0.000323,0.000435,0.000552,0.000323,True,0.0,predictor_temporal/predictor_temporal_per_variant.json::tdist
POC-2B,tdist,lower,raw,pretrain_encoder,surgical_noDI_encoder,COMP,OURS,1825,-0.001946,-0.00207,-0.001835,0.001946,0.00207,0.001835,True,0.0,predictor_temporal/predictor_temporal_per_variant.json::tdist
POC-2B,tdist,lower,raw,pretrain_encoder,surgical_noDI_head,COMP,OURS,1825,0.0,nan,nan,-0.0,nan,nan,False,1.0,predictor_temporal/predictor_temporal_per_variant.json::tdist
POC-2B,tdist,lower,raw,surgery_raw_encoder,surgical_autorgn_encoder,OURS,COMP,1825,-1.1e-05,-0.000108,8.7e-05,1.1e-05,0.000108,-8.7e-05,True,0.811,predictor_temporal/predictor_temporal_per_variant.json::tdist
POC-2B,tdist,lower,raw,surgical_3stage_DI_diheavy_encoder,surgical_autorgn_encoder,OURS,COMP,1825,-0.000443,-0.00057,-0.000311,0.000443,0.00057,0.000311,True,0.0,predictor_temporal/predictor_temporal_per_variant.json::tdist
POC-2B,tdist,lower,raw,surgical_3stage_DI_encoder,surgical_autorgn_encoder,OURS,COMP,1825,-0.001327,-0.00144,-0.001208,0.001327,0.00144,0.001208,True,0.0,predictor_temporal/predictor_temporal_per_variant.json::tdist
POC-2B,tdist,lower,raw,surgical_3stage_DI_head,surgical_autorgn_encoder,OURS,COMP,1825,-0.002002,-0.002132,-0.001878,0.002002,0.002132,0.001878,True,0.0,predictor_temporal/predictor_temporal_per_variant.json::tdist
POC-2B,tdist,lower,raw,surgical_3stage_DI_intervene_encoder,surgical_autorgn_encoder,OURS,COMP,1825,-0.000735,-0.00085,-0.000618,0.000735,0.00085,0.000618,True,0.0,predictor_temporal/predictor_temporal_per_variant.json::tdist
POC-2B,tdist,lower,raw,surgical_3stage_DI_replay25_encoder,surgical_autorgn_encoder,OURS,COMP,1825,-0.000826,-0.000945,-0.000706,0.000826,0.000945,0.000706,True,0.0,predictor_temporal/predictor_temporal_per_variant.json::tdist
POC-2B,tdist,lower,raw,surgical_3stage_DI_tccaux_encoder,surgical_autorgn_encoder,OURS,COMP,1825,-0.000153,-0.000275,-2.7e-05,0.000153,0.000275,2.7e-05,True,0.0164,predictor_temporal/predictor_temporal_per_variant.json::tdist
POC-2B,tdist,lower,raw,surgical_autorgn_encoder,surgical_intervene_wiseft_f30_encoder,COMP,OURS,1825,0.001223,0.001093,0.001354,-0.001223,-0.001093,-0.001354,True,0.0,predictor_temporal/predictor_temporal_per_variant.json::tdist
POC-2B,tdist,lower,raw,surgical_autorgn_encoder,surgical_intervene_wiseft_f50_encoder,COMP,OURS,1825,0.001438,0.001292,0.001591,-0.001438,-0.001292,-0.001591,True,0.0,predictor_temporal/predictor_temporal_per_variant.json::tdist
POC-2B,tdist,lower,raw,surgical_autorgn_encoder,surgical_intervene_wiseft_f70_encoder,COMP,OURS,1825,0.001567,0.001405,0.001739,-0.001567,-0.001405,-0.001739,True,0.0,predictor_temporal/predictor_temporal_per_variant.json::tdist
POC-2B,tdist,lower,raw,surgical_autorgn_encoder,surgical_noDI_encoder,COMP,OURS,1825,5.6e-05,-5.3e-05,0.000162,-5.6e-05,5.3e-05,-0.000162,True,0.2984,predictor_temporal/predictor_temporal_per_variant.json::tdist
POC-2B,tdist,lower,raw,surgical_autorgn_encoder,surgical_noDI_head,COMP,OURS,1825,0.002002,0.001878,0.002132,-0.002002,-0.001878,-0.002132,True,0.0,predictor_temporal/predictor_temporal_per_variant.json::tdist
POC-2B,teacher_free,lower,raw,full_ft_encoder,surgery_raw_encoder,COMP,OURS,1825,0.004727,0.004248,0.005194,-0.004727,-0.004248,-0.005194,True,0.0,predictor_temporal/predictor_temporal_per_variant.json::teacher_free
POC-2B,teacher_free,lower,raw,full_ft_encoder,surgical_3stage_DI_diheavy_encoder,COMP,OURS,1825,0.001459,0.000932,0.001964,-0.001459,-0.000932,-0.001964,True,0.0,predictor_temporal/predictor_temporal_per_variant.json::teacher_free
POC-2B,teacher_free,lower,raw,full_ft_encoder,surgical_3stage_DI_encoder,COMP,OURS,1825,0.003925,0.003476,0.004354,-0.003925,-0.003476,-0.004354,True,0.0,predictor_temporal/predictor_temporal_per_variant.json::teacher_free
POC-2B,teacher_free,lower,raw,full_ft_encoder,surgical_3stage_DI_head,COMP,OURS,1825,0.011613,0.011236,0.011991,-0.011613,-0.011236,-0.011991,True,0.0,predictor_temporal/predictor_temporal_per_variant.json::teacher_free
POC-2B,teacher_free,lower,raw,full_ft_encoder,surgical_3stage_DI_intervene_encoder,COMP,OURS,1825,0.002806,0.00233,0.003267,-0.002806,-0.00233,-0.003267,True,0.0,predictor_temporal/predictor_temporal_per_variant.json::teacher_free
POC-2B,teacher_free,lower,raw,full_ft_encoder,surgical_3stage_DI_replay25_encoder,COMP,OURS,1825,0.002132,0.001659,0.002591,-0.002132,-0.001659,-0.002591,True,0.0,predictor_temporal/predictor_temporal_per_variant.json::teacher_free
POC-2B,teacher_free,lower,raw,full_ft_encoder,surgical_3stage_DI_tccaux_encoder,COMP,OURS,1825,-0.002486,-0.003029,-0.001953,0.002486,0.003029,0.001953,True,0.0,predictor_temporal/predictor_temporal_per_variant.json::teacher_free
POC-2B,teacher_free,lower,raw,full_ft_encoder,surgical_intervene_wiseft_f30_encoder,COMP,OURS,1825,0.005218,0.004838,0.0056,-0.005218,-0.004838,-0.0056,True,0.0,predictor_temporal/predictor_temporal_per_variant.json::teacher_free
POC-2B,teacher_free,lower,raw,full_ft_encoder,surgical_intervene_wiseft_f50_encoder,COMP,OURS,1825,0.005688,0.005305,0.006065,-0.005688,-0.005305,-0.006065,True,0.0,predictor_temporal/predictor_temporal_per_variant.json::teacher_free
POC-2B,teacher_free,lower,raw,full_ft_encoder,surgical_intervene_wiseft_f70_encoder,COMP,OURS,1825,0.006448,0.006062,0.006824,-0.006448,-0.006062,-0.006824,True,0.0,predictor_temporal/predictor_temporal_per_variant.json::teacher_free
POC-2B,teacher_free,lower,raw,full_ft_encoder,surgical_noDI_encoder,COMP,OURS,1825,-0.002674,-0.003282,-0.002095,0.002674,0.003282,0.002095,True,0.0,predictor_temporal/predictor_temporal_per_variant.json::teacher_free
POC-2B,teacher_free,lower,raw,full_ft_encoder,surgical_noDI_head,COMP,OURS,1825,0.011613,0.011236,0.011991,-0.011613,-0.011236,-0.011991,True,0.0,predictor_temporal/predictor_temporal_per_variant.json::teacher_free
POC-2B,teacher_free,lower,raw,lpft_encoder,surgery_raw_encoder,COMP,OURS,1825,0.003158,0.002701,0.003612,-0.003158,-0.002701,-0.003612,True,0.0,predictor_temporal/predictor_temporal_per_variant.json::teacher_free
POC-2B,teacher_free,lower,raw,lpft_encoder,surgical_3stage_DI_diheavy_encoder,COMP,OURS,1825,-0.00011,-0.000591,0.000381,0.00011,0.000591,-0.000381,True,0.6696,predictor_temporal/predictor_temporal_per_variant.json::teacher_free
POC-2B,teacher_free,lower,raw,lpft_encoder,surgical_3stage_DI_encoder,COMP,OURS,1825,0.002356,0.00195,0.00278,-0.002356,-0.00195,-0.00278,True,0.0,predictor_temporal/predictor_temporal_per_variant.json::teacher_free
POC-2B,teacher_free,lower,raw,lpft_encoder,surgical_3stage_DI_head,COMP,OURS,1825,0.010044,0.009663,0.010451,-0.010044,-0.009663,-0.010451,True,0.0,predictor_temporal/predictor_temporal_per_variant.json::teacher_free
POC-2B,teacher_free,lower,raw,lpft_encoder,surgical_3stage_DI_intervene_encoder,COMP,OURS,1825,0.001237,0.000829,0.001642,-0.001237,-0.000829,-0.001642,True,0.0,predictor_temporal/predictor_temporal_per_variant.json::teacher_free
POC-2B,teacher_free,lower,raw,lpft_encoder,surgical_3stage_DI_replay25_encoder,COMP,OURS,1825,0.000563,0.000142,0.00099,-0.000563,-0.000142,-0.00099,True,0.0074,predictor_temporal/predictor_temporal_per_variant.json::teacher_free
POC-2B,teacher_free,lower,raw,lpft_encoder,surgical_3stage_DI_tccaux_encoder,COMP,OURS,1825,-0.004055,-0.004506,-0.003614,0.004055,0.004506,0.003614,True,0.0,predictor_temporal/predictor_temporal_per_variant.json::teacher_free
POC-2B,teacher_free,lower,raw,lpft_encoder,surgical_intervene_wiseft_f30_encoder,COMP,OURS,1825,0.003649,0.003293,0.004027,-0.003649,-0.003293,-0.004027,True,0.0,predictor_temporal/predictor_temporal_per_variant.json::teacher_free
POC-2B,teacher_free,lower,raw,lpft_encoder,surgical_intervene_wiseft_f50_encoder,COMP,OURS,1825,0.004119,0.003749,0.0045,-0.004119,-0.003749,-0.0045,True,0.0,predictor_temporal/predictor_temporal_per_variant.json::teacher_free
POC-2B,teacher_free,lower,raw,lpft_encoder,surgical_intervene_wiseft_f70_encoder,COMP,OURS,1825,0.004879,0.004499,0.00528,-0.004879,-0.004499,-0.00528,True,0.0,predictor_temporal/predictor_temporal_per_variant.json::teacher_free
POC-2B,teacher_free,lower,raw,lpft_encoder,surgical_noDI_encoder,COMP,OURS,1825,-0.004243,-0.004765,-0.003729,0.004243,0.004765,0.003729,True,0.0,predictor_temporal/predictor_temporal_per_variant.json::teacher_free
POC-2B,teacher_free,lower,raw,lpft_encoder,surgical_noDI_head,COMP,OURS,1825,0.010044,0.009663,0.010451,-0.010044,-0.009663,-0.010451,True,0.0,predictor_temporal/predictor_temporal_per_variant.json::teacher_free
POC-2B,teacher_free,lower,raw,peft_dora_encoder,surgery_raw_encoder,COMP,OURS,1825,0.006805,0.006327,0.007296,-0.006805,-0.006327,-0.007296,True,0.0,predictor_temporal/predictor_temporal_per_variant.json::teacher_free
POC-2B,teacher_free,lower,raw,peft_dora_encoder,surgical_3stage_DI_diheavy_encoder,COMP,OURS,1825,0.003537,0.003051,0.004053,-0.003537,-0.003051,-0.004053,True,0.0,predictor_temporal/predictor_temporal_per_variant.json::teacher_free
POC-2B,teacher_free,lower,raw,peft_dora_encoder,surgical_3stage_DI_encoder,COMP,OURS,1825,0.006003,0.005505,0.006527,-0.006003,-0.005505,-0.006527,True,0.0,predictor_temporal/predictor_temporal_per_variant.json::teacher_free
POC-2B,teacher_free,lower,raw,peft_dora_encoder,surgical_3stage_DI_head,COMP,OURS,1825,0.013691,0.01315,0.014264,-0.013691,-0.01315,-0.014264,True,0.0,predictor_temporal/predictor_temporal_per_variant.json::teacher_free
POC-2B,teacher_free,lower,raw,peft_dora_encoder,surgical_3stage_DI_intervene_encoder,COMP,OURS,1825,0.004884,0.004465,0.005325,-0.004884,-0.004465,-0.005325,True,0.0,predictor_temporal/predictor_temporal_per_variant.json::teacher_free
POC-2B,teacher_free,lower,raw,peft_dora_encoder,surgical_3stage_DI_replay25_encoder,COMP,OURS,1825,0.00421,0.00374,0.004704,-0.00421,-0.00374,-0.004704,True,0.0,predictor_temporal/predictor_temporal_per_variant.json::teacher_free
POC-2B,teacher_free,lower,raw,peft_dora_encoder,surgical_3stage_DI_tccaux_encoder,COMP,OURS,1825,-0.000408,-0.000832,2.7e-05,0.000408,0.000832,-2.7e-05,True,0.0644,predictor_temporal/predictor_temporal_per_variant.json::teacher_free
POC-2B,teacher_free,lower,raw,peft_dora_encoder,surgical_intervene_wiseft_f30_encoder,COMP,OURS,1825,0.007296,0.006819,0.007808,-0.007296,-0.006819,-0.007808,True,0.0,predictor_temporal/predictor_temporal_per_variant.json::teacher_free
POC-2B,teacher_free,lower,raw,peft_dora_encoder,surgical_intervene_wiseft_f50_encoder,COMP,OURS,1825,0.007766,0.007251,0.008309,-0.007766,-0.007251,-0.008309,True,0.0,predictor_temporal/predictor_temporal_per_variant.json::teacher_free
POC-2B,teacher_free,lower,raw,peft_dora_encoder,surgical_intervene_wiseft_f70_encoder,COMP,OURS,1825,0.008527,0.007992,0.009095,-0.008527,-0.007992,-0.009095,True,0.0,predictor_temporal/predictor_temporal_per_variant.json::teacher_free
POC-2B,teacher_free,lower,raw,peft_dora_encoder,surgical_noDI_encoder,COMP,OURS,1825,-0.000596,-0.001043,-0.000113,0.000596,0.001043,0.000113,True,0.01,predictor_temporal/predictor_temporal_per_variant.json::teacher_free
POC-2B,teacher_free,lower,raw,peft_dora_encoder,surgical_noDI_head,COMP,OURS,1825,0.013691,0.01315,0.014264,-0.013691,-0.01315,-0.014264,True,0.0,predictor_temporal/predictor_temporal_per_variant.json::teacher_free
POC-2B,teacher_free,lower,raw,peft_lora_encoder,surgery_raw_encoder,COMP,OURS,1825,0.000613,0.000305,0.000908,-0.000613,-0.000305,-0.000908,True,0.0002,predictor_temporal/predictor_temporal_per_variant.json::teacher_free
POC-2B,teacher_free,lower,raw,peft_lora_encoder,surgical_3stage_DI_diheavy_encoder,COMP,OURS,1825,-0.002655,-0.003025,-0.002303,0.002655,0.003025,0.002303,True,0.0,predictor_temporal/predictor_temporal_per_variant.json::teacher_free
POC-2B,teacher_free,lower,raw,peft_lora_encoder,surgical_3stage_DI_encoder,COMP,OURS,1825,-0.000189,-0.00049,0.000107,0.000189,0.00049,-0.000107,True,0.2172,predictor_temporal/predictor_temporal_per_variant.json::teacher_free
POC-2B,teacher_free,lower,raw,peft_lora_encoder,surgical_3stage_DI_head,COMP,OURS,1825,0.0075,0.007107,0.007911,-0.0075,-0.007107,-0.007911,True,0.0,predictor_temporal/predictor_temporal_per_variant.json::teacher_free
POC-2B,teacher_free,lower,raw,peft_lora_encoder,surgical_3stage_DI_intervene_encoder,COMP,OURS,1825,-0.001308,-0.001635,-0.000991,0.001308,0.001635,0.000991,True,0.0,predictor_temporal/predictor_temporal_per_variant.json::teacher_free
POC-2B,teacher_free,lower,raw,peft_lora_encoder,surgical_3stage_DI_replay25_encoder,COMP,OURS,1825,-0.001981,-0.002297,-0.001677,0.001981,0.002297,0.001677,True,0.0,predictor_temporal/predictor_temporal_per_variant.json::teacher_free
POC-2B,teacher_free,lower,raw,peft_lora_encoder,surgical_3stage_DI_tccaux_encoder,COMP,OURS,1825,-0.0066,-0.006984,-0.006239,0.0066,0.006984,0.006239,True,0.0,predictor_temporal/predictor_temporal_per_variant.json::teacher_free
POC-2B,teacher_free,lower,raw,peft_lora_encoder,surgical_intervene_wiseft_f30_encoder,COMP,OURS,1825,0.001104,0.000792,0.001416,-0.001104,-0.000792,-0.001416,True,0.0,predictor_temporal/predictor_temporal_per_variant.json::teacher_free
POC-2B,teacher_free,lower,raw,peft_lora_encoder,surgical_intervene_wiseft_f50_encoder,COMP,OURS,1825,0.001574,0.001224,0.001925,-0.001574,-0.001224,-0.001925,True,0.0,predictor_temporal/predictor_temporal_per_variant.json::teacher_free
POC-2B,teacher_free,lower,raw,peft_lora_encoder,surgical_intervene_wiseft_f70_encoder,COMP,OURS,1825,0.002335,0.001953,0.002714,-0.002335,-0.001953,-0.002714,True,0.0,predictor_temporal/predictor_temporal_per_variant.json::teacher_free
POC-2B,teacher_free,lower,raw,peft_lora_encoder,surgical_noDI_encoder,COMP,OURS,1825,-0.006788,-0.007214,-0.006365,0.006788,0.007214,0.006365,True,0.0,predictor_temporal/predictor_temporal_per_variant.json::teacher_free
POC-2B,teacher_free,lower,raw,peft_lora_encoder,surgical_noDI_head,COMP,OURS,1825,0.0075,0.007107,0.007911,-0.0075,-0.007107,-0.007911,True,0.0,predictor_temporal/predictor_temporal_per_variant.json::teacher_free
POC-2B,teacher_free,lower,raw,pretrain_encoder,surgery_raw_encoder,COMP,OURS,1825,-0.006886,-0.007319,-0.006451,0.006886,0.007319,0.006451,True,0.0,predictor_temporal/predictor_temporal_per_variant.json::teacher_free
POC-2B,teacher_free,lower,raw,pretrain_encoder,surgical_3stage_DI_diheavy_encoder,COMP,OURS,1825,-0.010154,-0.010619,-0.009699,0.010154,0.010619,0.009699,True,0.0,predictor_temporal/predictor_temporal_per_variant.json::teacher_free
POC-2B,teacher_free,lower,raw,pretrain_encoder,surgical_3stage_DI_encoder,COMP,OURS,1825,-0.007688,-0.00815,-0.007262,0.007688,0.00815,0.007262,True,0.0,predictor_temporal/predictor_temporal_per_variant.json::teacher_free
POC-2B,teacher_free,lower,raw,pretrain_encoder,surgical_3stage_DI_head,COMP,OURS,1825,0.0,nan,nan,-0.0,nan,nan,False,1.0,predictor_temporal/predictor_temporal_per_variant.json::teacher_free
POC-2B,teacher_free,lower,raw,pretrain_encoder,surgical_3stage_DI_intervene_encoder,COMP,OURS,1825,-0.008807,-0.009258,-0.008386,0.008807,0.009258,0.008386,True,0.0,predictor_temporal/predictor_temporal_per_variant.json::teacher_free
POC-2B,teacher_free,lower,raw,pretrain_encoder,surgical_3stage_DI_replay25_encoder,COMP,OURS,1825,-0.009481,-0.009931,-0.009042,0.009481,0.009931,0.009042,True,0.0,predictor_temporal/predictor_temporal_per_variant.json::teacher_free
POC-2B,teacher_free,lower,raw,pretrain_encoder,surgical_3stage_DI_tccaux_encoder,COMP,OURS,1825,-0.014099,-0.014616,-0.01362,0.014099,0.014616,0.01362,True,0.0,predictor_temporal/predictor_temporal_per_variant.json::teacher_free
POC-2B,teacher_free,lower,raw,pretrain_encoder,surgical_intervene_wiseft_f30_encoder,COMP,OURS,1825,-0.006395,-0.006693,-0.006105,0.006395,0.006693,0.006105,True,0.0,predictor_temporal/predictor_temporal_per_variant.json::teacher_free
POC-2B,teacher_free,lower,raw,pretrain_encoder,surgical_intervene_wiseft_f50_encoder,COMP,OURS,1825,-0.005925,-0.006187,-0.005672,0.005925,0.006187,0.005672,True,0.0,predictor_temporal/predictor_temporal_per_variant.json::teacher_free
POC-2B,teacher_free,lower,raw,pretrain_encoder,surgical_intervene_wiseft_f70_encoder,COMP,OURS,1825,-0.005165,-0.005405,-0.004926,0.005165,0.005405,0.004926,True,0.0,predictor_temporal/predictor_temporal_per_variant.json::teacher_free
POC-2B,teacher_free,lower,raw,pretrain_encoder,surgical_noDI_encoder,COMP,OURS,1825,-0.014287,-0.014825,-0.013757,0.014287,0.014825,0.013757,True,0.0,predictor_temporal/predictor_temporal_per_variant.json::teacher_free
POC-2B,teacher_free,lower,raw,pretrain_encoder,surgical_noDI_head,COMP,OURS,1825,0.0,nan,nan,-0.0,nan,nan,False,1.0,predictor_temporal/predictor_temporal_per_variant.json::teacher_free
POC-2B,teacher_free,lower,raw,surgery_raw_encoder,surgical_autorgn_encoder,OURS,COMP,1825,-0.002858,-0.003246,-0.002473,0.002858,0.003246,0.002473,True,0.0,predictor_temporal/predictor_temporal_per_variant.json::teacher_free
POC-2B,teacher_free,lower,raw,surgical_3stage_DI_diheavy_encoder,surgical_autorgn_encoder,OURS,COMP,1825,0.000409,-1.7e-05,0.000841,-0.000409,1.7e-05,-0.000841,True,0.0578,predictor_temporal/predictor_temporal_per_variant.json::teacher_free
POC-2B,teacher_free,lower,raw,surgical_3stage_DI_encoder,surgical_autorgn_encoder,OURS,COMP,1825,-0.002056,-0.002455,-0.001675,0.002056,0.002455,0.001675,True,0.0,predictor_temporal/predictor_temporal_per_variant.json::teacher_free
POC-2B,teacher_free,lower,raw,surgical_3stage_DI_head,surgical_autorgn_encoder,OURS,COMP,1825,-0.009745,-0.010188,-0.009339,0.009745,0.010188,0.009339,True,0.0,predictor_temporal/predictor_temporal_per_variant.json::teacher_free
POC-2B,teacher_free,lower,raw,surgical_3stage_DI_intervene_encoder,surgical_autorgn_encoder,OURS,COMP,1825,-0.000937,-0.001299,-0.000578,0.000937,0.001299,0.000578,True,0.0,predictor_temporal/predictor_temporal_per_variant.json::teacher_free
POC-2B,teacher_free,lower,raw,surgical_3stage_DI_replay25_encoder,surgical_autorgn_encoder,OURS,COMP,1825,-0.000264,-0.000642,0.000116,0.000264,0.000642,-0.000116,True,0.174,predictor_temporal/predictor_temporal_per_variant.json::teacher_free
POC-2B,teacher_free,lower,raw,surgical_3stage_DI_tccaux_encoder,surgical_autorgn_encoder,OURS,COMP,1825,0.004354,0.003978,0.00476,-0.004354,-0.003978,-0.00476,True,0.0,predictor_temporal/predictor_temporal_per_variant.json::teacher_free
POC-2B,teacher_free,lower,raw,surgical_autorgn_encoder,surgical_intervene_wiseft_f30_encoder,COMP,OURS,1825,0.003349,0.002998,0.003722,-0.003349,-0.002998,-0.003722,True,0.0,predictor_temporal/predictor_temporal_per_variant.json::teacher_free
POC-2B,teacher_free,lower,raw,surgical_autorgn_encoder,surgical_intervene_wiseft_f50_encoder,COMP,OURS,1825,0.003819,0.003436,0.00423,-0.003819,-0.003436,-0.00423,True,0.0,predictor_temporal/predictor_temporal_per_variant.json::teacher_free
POC-2B,teacher_free,lower,raw,surgical_autorgn_encoder,surgical_intervene_wiseft_f70_encoder,COMP,OURS,1825,0.00458,0.004172,0.005012,-0.00458,-0.004172,-0.005012,True,0.0,predictor_temporal/predictor_temporal_per_variant.json::teacher_free
POC-2B,teacher_free,lower,raw,surgical_autorgn_encoder,surgical_noDI_encoder,COMP,OURS,1825,-0.004543,-0.004988,-0.004091,0.004543,0.004988,0.004091,True,0.0,predictor_temporal/predictor_temporal_per_variant.json::teacher_free
POC-2B,teacher_free,lower,raw,surgical_autorgn_encoder,surgical_noDI_head,COMP,OURS,1825,0.009745,0.009339,0.010188,-0.009745,-0.009339,-0.010188,True,0.0,predictor_temporal/predictor_temporal_per_variant.json::teacher_free
POC-2B,maskratio,lower,raw,full_ft_encoder,surgery_raw_encoder,COMP,OURS,1825,0.009378,0.009101,0.00965,-0.009378,-0.009101,-0.00965,True,0.0,predictor_temporal/predictor_temporal_per_variant.json::maskratio
POC-2B,maskratio,lower,raw,full_ft_encoder,surgical_3stage_DI_diheavy_encoder,COMP,OURS,1825,0.012748,0.012468,0.013027,-0.012748,-0.012468,-0.013027,True,0.0,predictor_temporal/predictor_temporal_per_variant.json::maskratio
POC-2B,maskratio,lower,raw,full_ft_encoder,surgical_3stage_DI_encoder,COMP,OURS,1825,0.009008,0.00873,0.00928,-0.009008,-0.00873,-0.00928,True,0.0,predictor_temporal/predictor_temporal_per_variant.json::maskratio
POC-2B,maskratio,lower,raw,full_ft_encoder,surgical_3stage_DI_head,COMP,OURS,1825,0.003327,0.003072,0.00358,-0.003327,-0.003072,-0.00358,True,0.0,predictor_temporal/predictor_temporal_per_variant.json::maskratio
POC-2B,maskratio,lower,raw,full_ft_encoder,surgical_3stage_DI_intervene_encoder,COMP,OURS,1825,0.005369,0.00511,0.005626,-0.005369,-0.00511,-0.005626,True,0.0,predictor_temporal/predictor_temporal_per_variant.json::maskratio
POC-2B,maskratio,lower,raw,full_ft_encoder,surgical_3stage_DI_replay25_encoder,COMP,OURS,1825,0.009337,0.009056,0.009611,-0.009337,-0.009056,-0.009611,True,0.0,predictor_temporal/predictor_temporal_per_variant.json::maskratio
POC-2B,maskratio,lower,raw,full_ft_encoder,surgical_3stage_DI_tccaux_encoder,COMP,OURS,1825,0.011477,0.011204,0.011745,-0.011477,-0.011204,-0.011745,True,0.0,predictor_temporal/predictor_temporal_per_variant.json::maskratio
POC-2B,maskratio,lower,raw,full_ft_encoder,surgical_intervene_wiseft_f30_encoder,COMP,OURS,1825,0.002175,0.001894,0.002446,-0.002175,-0.001894,-0.002446,True,0.0,predictor_temporal/predictor_temporal_per_variant.json::maskratio
POC-2B,maskratio,lower,raw,full_ft_encoder,surgical_intervene_wiseft_f50_encoder,COMP,OURS,1825,-0.000619,-0.000924,-0.000326,0.000619,0.000924,0.000326,True,0.0,predictor_temporal/predictor_temporal_per_variant.json::maskratio
POC-2B,maskratio,lower,raw,full_ft_encoder,surgical_intervene_wiseft_f70_encoder,COMP,OURS,1825,-0.003761,-0.004089,-0.003445,0.003761,0.004089,0.003445,True,0.0,predictor_temporal/predictor_temporal_per_variant.json::maskratio
POC-2B,maskratio,lower,raw,full_ft_encoder,surgical_noDI_encoder,COMP,OURS,1825,0.009015,0.00873,0.009286,-0.009015,-0.00873,-0.009286,True,0.0,predictor_temporal/predictor_temporal_per_variant.json::maskratio
POC-2B,maskratio,lower,raw,full_ft_encoder,surgical_noDI_head,COMP,OURS,1825,0.003327,0.003072,0.00358,-0.003327,-0.003072,-0.00358,True,0.0,predictor_temporal/predictor_temporal_per_variant.json::maskratio
POC-2B,maskratio,lower,raw,lpft_encoder,surgery_raw_encoder,COMP,OURS,1825,0.004444,0.004221,0.004665,-0.004444,-0.004221,-0.004665,True,0.0,predictor_temporal/predictor_temporal_per_variant.json::maskratio
POC-2B,maskratio,lower,raw,lpft_encoder,surgical_3stage_DI_diheavy_encoder,COMP,OURS,1825,0.007814,0.007569,0.008056,-0.007814,-0.007569,-0.008056,True,0.0,predictor_temporal/predictor_temporal_per_variant.json::maskratio
POC-2B,maskratio,lower,raw,lpft_encoder,surgical_3stage_DI_encoder,COMP,OURS,1825,0.004074,0.003845,0.004297,-0.004074,-0.003845,-0.004297,True,0.0,predictor_temporal/predictor_temporal_per_variant.json::maskratio
POC-2B,maskratio,lower,raw,lpft_encoder,surgical_3stage_DI_head,COMP,OURS,1825,-0.001607,-0.001866,-0.001353,0.001607,0.001866,0.001353,True,0.0,predictor_temporal/predictor_temporal_per_variant.json::maskratio
POC-2B,maskratio,lower,raw,lpft_encoder,surgical_3stage_DI_intervene_encoder,COMP,OURS,1825,0.000435,0.000203,0.000658,-0.000435,-0.000203,-0.000658,True,0.0,predictor_temporal/predictor_temporal_per_variant.json::maskratio
POC-2B,maskratio,lower,raw,lpft_encoder,surgical_3stage_DI_replay25_encoder,COMP,OURS,1825,0.004403,0.004166,0.004641,-0.004403,-0.004166,-0.004641,True,0.0,predictor_temporal/predictor_temporal_per_variant.json::maskratio
POC-2B,maskratio,lower,raw,lpft_encoder,surgical_3stage_DI_tccaux_encoder,COMP,OURS,1825,0.006543,0.006301,0.006779,-0.006543,-0.006301,-0.006779,True,0.0,predictor_temporal/predictor_temporal_per_variant.json::maskratio
POC-2B,maskratio,lower,raw,lpft_encoder,surgical_intervene_wiseft_f30_encoder,COMP,OURS,1825,-0.002759,-0.003021,-0.002509,0.002759,0.003021,0.002509,True,0.0,predictor_temporal/predictor_temporal_per_variant.json::maskratio
POC-2B,maskratio,lower,raw,lpft_encoder,surgical_intervene_wiseft_f50_encoder,COMP,OURS,1825,-0.005553,-0.005855,-0.005265,0.005553,0.005855,0.005265,True,0.0,predictor_temporal/predictor_temporal_per_variant.json::maskratio
POC-2B,maskratio,lower,raw,lpft_encoder,surgical_intervene_wiseft_f70_encoder,COMP,OURS,1825,-0.008695,-0.009039,-0.008367,0.008695,0.009039,0.008367,True,0.0,predictor_temporal/predictor_temporal_per_variant.json::maskratio
POC-2B,maskratio,lower,raw,lpft_encoder,surgical_noDI_encoder,COMP,OURS,1825,0.004081,0.003823,0.004343,-0.004081,-0.003823,-0.004343,True,0.0,predictor_temporal/predictor_temporal_per_variant.json::maskratio
POC-2B,maskratio,lower,raw,lpft_encoder,surgical_noDI_head,COMP,OURS,1825,-0.001607,-0.001866,-0.001353,0.001607,0.001866,0.001353,True,0.0,predictor_temporal/predictor_temporal_per_variant.json::maskratio
POC-2B,maskratio,lower,raw,peft_dora_encoder,surgery_raw_encoder,COMP,OURS,1825,8.4e-05,-0.000156,0.000322,-8.4e-05,0.000156,-0.000322,True,0.468,predictor_temporal/predictor_temporal_per_variant.json::maskratio
POC-2B,maskratio,lower,raw,peft_dora_encoder,surgical_3stage_DI_diheavy_encoder,COMP,OURS,1825,0.003454,0.003231,0.003678,-0.003454,-0.003231,-0.003678,True,0.0,predictor_temporal/predictor_temporal_per_variant.json::maskratio
POC-2B,maskratio,lower,raw,peft_dora_encoder,surgical_3stage_DI_encoder,COMP,OURS,1825,-0.000286,-0.000514,-5.9e-05,0.000286,0.000514,5.9e-05,True,0.0132,predictor_temporal/predictor_temporal_per_variant.json::maskratio
POC-2B,maskratio,lower,raw,peft_dora_encoder,surgical_3stage_DI_head,COMP,OURS,1825,-0.005967,-0.006277,-0.00567,0.005967,0.006277,0.00567,True,0.0,predictor_temporal/predictor_temporal_per_variant.json::maskratio
POC-2B,maskratio,lower,raw,peft_dora_encoder,surgical_3stage_DI_intervene_encoder,COMP,OURS,1825,-0.003925,-0.004182,-0.003667,0.003925,0.004182,0.003667,True,0.0,predictor_temporal/predictor_temporal_per_variant.json::maskratio
POC-2B,maskratio,lower,raw,peft_dora_encoder,surgical_3stage_DI_replay25_encoder,COMP,OURS,1825,4.3e-05,-0.000187,0.000271,-4.3e-05,0.000187,-0.000271,True,0.6858,predictor_temporal/predictor_temporal_per_variant.json::maskratio
POC-2B,maskratio,lower,raw,peft_dora_encoder,surgical_3stage_DI_tccaux_encoder,COMP,OURS,1825,0.002183,0.001941,0.002427,-0.002183,-0.001941,-0.002427,True,0.0,predictor_temporal/predictor_temporal_per_variant.json::maskratio
POC-2B,maskratio,lower,raw,peft_dora_encoder,surgical_intervene_wiseft_f30_encoder,COMP,OURS,1825,-0.007119,-0.007396,-0.00685,0.007119,0.007396,0.00685,True,0.0,predictor_temporal/predictor_temporal_per_variant.json::maskratio
POC-2B,maskratio,lower,raw,peft_dora_encoder,surgical_intervene_wiseft_f50_encoder,COMP,OURS,1825,-0.009913,-0.010226,-0.009608,0.009913,0.010226,0.009608,True,0.0,predictor_temporal/predictor_temporal_per_variant.json::maskratio
POC-2B,maskratio,lower,raw,peft_dora_encoder,surgical_intervene_wiseft_f70_encoder,COMP,OURS,1825,-0.013054,-0.01342,-0.012704,0.013054,0.01342,0.012704,True,0.0,predictor_temporal/predictor_temporal_per_variant.json::maskratio
POC-2B,maskratio,lower,raw,peft_dora_encoder,surgical_noDI_encoder,COMP,OURS,1825,-0.000279,-0.000538,-1.4e-05,0.000279,0.000538,1.4e-05,True,0.038,predictor_temporal/predictor_temporal_per_variant.json::maskratio
POC-2B,maskratio,lower,raw,peft_dora_encoder,surgical_noDI_head,COMP,OURS,1825,-0.005967,-0.006277,-0.00567,0.005967,0.006277,0.00567,True,0.0,predictor_temporal/predictor_temporal_per_variant.json::maskratio
POC-2B,maskratio,lower,raw,peft_lora_encoder,surgery_raw_encoder,COMP,OURS,1825,-0.002755,-0.002947,-0.002569,0.002755,0.002947,0.002569,True,0.0,predictor_temporal/predictor_temporal_per_variant.json::maskratio
POC-2B,maskratio,lower,raw,peft_lora_encoder,surgical_3stage_DI_diheavy_encoder,COMP,OURS,1825,0.000616,0.000438,0.000797,-0.000616,-0.000438,-0.000797,True,0.0,predictor_temporal/predictor_temporal_per_variant.json::maskratio
POC-2B,maskratio,lower,raw,peft_lora_encoder,surgical_3stage_DI_encoder,COMP,OURS,1825,-0.003124,-0.003303,-0.002945,0.003124,0.003303,0.002945,True,0.0,predictor_temporal/predictor_temporal_per_variant.json::maskratio
POC-2B,maskratio,lower,raw,peft_lora_encoder,surgical_3stage_DI_head,COMP,OURS,1825,-0.008806,-0.009087,-0.008534,0.008806,0.009087,0.008534,True,0.0,predictor_temporal/predictor_temporal_per_variant.json::maskratio
POC-2B,maskratio,lower,raw,peft_lora_encoder,surgical_3stage_DI_intervene_encoder,COMP,OURS,1825,-0.006764,-0.006987,-0.006546,0.006764,0.006987,0.006546,True,0.0,predictor_temporal/predictor_temporal_per_variant.json::maskratio
POC-2B,maskratio,lower,raw,peft_lora_encoder,surgical_3stage_DI_replay25_encoder,COMP,OURS,1825,-0.002795,-0.00298,-0.002608,0.002795,0.00298,0.002608,True,0.0,predictor_temporal/predictor_temporal_per_variant.json::maskratio
POC-2B,maskratio,lower,raw,peft_lora_encoder,surgical_3stage_DI_tccaux_encoder,COMP,OURS,1825,-0.000656,-0.000857,-0.000457,0.000656,0.000857,0.000457,True,0.0,predictor_temporal/predictor_temporal_per_variant.json::maskratio
POC-2B,maskratio,lower,raw,peft_lora_encoder,surgical_intervene_wiseft_f30_encoder,COMP,OURS,1825,-0.009957,-0.010207,-0.009717,0.009957,0.010207,0.009717,True,0.0,predictor_temporal/predictor_temporal_per_variant.json::maskratio
POC-2B,maskratio,lower,raw,peft_lora_encoder,surgical_intervene_wiseft_f50_encoder,COMP,OURS,1825,-0.012752,-0.013043,-0.012474,0.012752,0.013043,0.012474,True,0.0,predictor_temporal/predictor_temporal_per_variant.json::maskratio
POC-2B,maskratio,lower,raw,peft_lora_encoder,surgical_intervene_wiseft_f70_encoder,COMP,OURS,1825,-0.015893,-0.016232,-0.015564,0.015893,0.016232,0.015564,True,0.0,predictor_temporal/predictor_temporal_per_variant.json::maskratio
POC-2B,maskratio,lower,raw,peft_lora_encoder,surgical_noDI_encoder,COMP,OURS,1825,-0.003117,-0.003349,-0.002883,0.003117,0.003349,0.002883,True,0.0,predictor_temporal/predictor_temporal_per_variant.json::maskratio
POC-2B,maskratio,lower,raw,peft_lora_encoder,surgical_noDI_head,COMP,OURS,1825,-0.008806,-0.009087,-0.008534,0.008806,0.009087,0.008534,True,0.0,predictor_temporal/predictor_temporal_per_variant.json::maskratio
POC-2B,maskratio,lower,raw,pretrain_encoder,surgery_raw_encoder,COMP,OURS,1825,0.006051,0.00587,0.006227,-0.006051,-0.00587,-0.006227,True,0.0,predictor_temporal/predictor_temporal_per_variant.json::maskratio
POC-2B,maskratio,lower,raw,pretrain_encoder,surgical_3stage_DI_diheavy_encoder,COMP,OURS,1825,0.009422,0.00923,0.009612,-0.009422,-0.00923,-0.009612,True,0.0,predictor_temporal/predictor_temporal_per_variant.json::maskratio
POC-2B,maskratio,lower,raw,pretrain_encoder,surgical_3stage_DI_encoder,COMP,OURS,1825,0.005681,0.005483,0.005884,-0.005681,-0.005483,-0.005884,True,0.0,predictor_temporal/predictor_temporal_per_variant.json::maskratio
POC-2B,maskratio,lower,raw,pretrain_encoder,surgical_3stage_DI_head,COMP,OURS,1825,0.0,nan,nan,-0.0,nan,nan,False,1.0,predictor_temporal/predictor_temporal_per_variant.json::maskratio
POC-2B,maskratio,lower,raw,pretrain_encoder,surgical_3stage_DI_intervene_encoder,COMP,OURS,1825,0.002042,0.001891,0.002191,-0.002042,-0.001891,-0.002191,True,0.0,predictor_temporal/predictor_temporal_per_variant.json::maskratio
POC-2B,maskratio,lower,raw,pretrain_encoder,surgical_3stage_DI_replay25_encoder,COMP,OURS,1825,0.00601,0.005821,0.006201,-0.00601,-0.005821,-0.006201,True,0.0,predictor_temporal/predictor_temporal_per_variant.json::maskratio
POC-2B,maskratio,lower,raw,pretrain_encoder,surgical_3stage_DI_tccaux_encoder,COMP,OURS,1825,0.00815,0.00798,0.008315,-0.00815,-0.00798,-0.008315,True,0.0,predictor_temporal/predictor_temporal_per_variant.json::maskratio
POC-2B,maskratio,lower,raw,pretrain_encoder,surgical_intervene_wiseft_f30_encoder,COMP,OURS,1825,-0.001152,-0.0013,-0.001001,0.001152,0.0013,0.001001,True,0.0,predictor_temporal/predictor_temporal_per_variant.json::maskratio
POC-2B,maskratio,lower,raw,pretrain_encoder,surgical_intervene_wiseft_f50_encoder,COMP,OURS,1825,-0.003946,-0.004119,-0.003777,0.003946,0.004119,0.003777,True,0.0,predictor_temporal/predictor_temporal_per_variant.json::maskratio
POC-2B,maskratio,lower,raw,pretrain_encoder,surgical_intervene_wiseft_f70_encoder,COMP,OURS,1825,-0.007087,-0.00729,-0.00688,0.007087,0.00729,0.00688,True,0.0,predictor_temporal/predictor_temporal_per_variant.json::maskratio
POC-2B,maskratio,lower,raw,pretrain_encoder,surgical_noDI_encoder,COMP,OURS,1825,0.005689,0.005482,0.005886,-0.005689,-0.005482,-0.005886,True,0.0,predictor_temporal/predictor_temporal_per_variant.json::maskratio
POC-2B,maskratio,lower,raw,pretrain_encoder,surgical_noDI_head,COMP,OURS,1825,0.0,nan,nan,-0.0,nan,nan,False,1.0,predictor_temporal/predictor_temporal_per_variant.json::maskratio
POC-2B,maskratio,lower,raw,surgery_raw_encoder,surgical_autorgn_encoder,OURS,COMP,1825,-0.004719,-0.004941,-0.004501,0.004719,0.004941,0.004501,True,0.0,predictor_temporal/predictor_temporal_per_variant.json::maskratio
POC-2B,maskratio,lower,raw,surgical_3stage_DI_diheavy_encoder,surgical_autorgn_encoder,OURS,COMP,1825,-0.00809,-0.008324,-0.007863,0.00809,0.008324,0.007863,True,0.0,predictor_temporal/predictor_temporal_per_variant.json::maskratio
POC-2B,maskratio,lower,raw,surgical_3stage_DI_encoder,surgical_autorgn_encoder,OURS,COMP,1825,-0.00435,-0.004586,-0.004126,0.00435,0.004586,0.004126,True,0.0,predictor_temporal/predictor_temporal_per_variant.json::maskratio
POC-2B,maskratio,lower,raw,surgical_3stage_DI_head,surgical_autorgn_encoder,OURS,COMP,1825,0.001332,0.001094,0.001569,-0.001332,-0.001094,-0.001569,True,0.0,predictor_temporal/predictor_temporal_per_variant.json::maskratio
POC-2B,maskratio,lower,raw,surgical_3stage_DI_intervene_encoder,surgical_autorgn_encoder,OURS,COMP,1825,-0.00071,-0.000932,-0.0005,0.00071,0.000932,0.0005,True,0.0,predictor_temporal/predictor_temporal_per_variant.json::maskratio
POC-2B,maskratio,lower,raw,surgical_3stage_DI_replay25_encoder,surgical_autorgn_encoder,OURS,COMP,1825,-0.004679,-0.004913,-0.00445,0.004679,0.004913,0.00445,True,0.0,predictor_temporal/predictor_temporal_per_variant.json::maskratio
POC-2B,maskratio,lower,raw,surgical_3stage_DI_tccaux_encoder,surgical_autorgn_encoder,OURS,COMP,1825,-0.006818,-0.007044,-0.006602,0.006818,0.007044,0.006602,True,0.0,predictor_temporal/predictor_temporal_per_variant.json::maskratio
POC-2B,maskratio,lower,raw,surgical_autorgn_encoder,surgical_intervene_wiseft_f30_encoder,COMP,OURS,1825,-0.002483,-0.002734,-0.002239,0.002483,0.002734,0.002239,True,0.0,predictor_temporal/predictor_temporal_per_variant.json::maskratio
POC-2B,maskratio,lower,raw,surgical_autorgn_encoder,surgical_intervene_wiseft_f50_encoder,COMP,OURS,1825,-0.005277,-0.005556,-0.005002,0.005277,0.005556,0.005002,True,0.0,predictor_temporal/predictor_temporal_per_variant.json::maskratio
POC-2B,maskratio,lower,raw,surgical_autorgn_encoder,surgical_intervene_wiseft_f70_encoder,COMP,OURS,1825,-0.008419,-0.008729,-0.008107,0.008419,0.008729,0.008107,True,0.0,predictor_temporal/predictor_temporal_per_variant.json::maskratio
POC-2B,maskratio,lower,raw,surgical_autorgn_encoder,surgical_noDI_encoder,COMP,OURS,1825,0.004357,0.004131,0.004586,-0.004357,-0.004131,-0.004586,True,0.0,predictor_temporal/predictor_temporal_per_variant.json::maskratio
POC-2B,maskratio,lower,raw,surgical_autorgn_encoder,surgical_noDI_head,COMP,OURS,1825,-0.001332,-0.001569,-0.001094,0.001332,0.001569,0.001094,True,0.0,predictor_temporal/predictor_temporal_per_variant.json::maskratio
POC-2B,order,signed,raw,full_ft_encoder,surgery_raw_encoder,COMP,OURS,1825,0.001348,0.001021,0.001669,,,,,0.0,predictor_temporal/predictor_temporal_per_variant.json::order
POC-2B,order,signed,raw,full_ft_encoder,surgical_3stage_DI_diheavy_encoder,COMP,OURS,1825,0.000664,0.000311,0.001015,,,,,0.0002,predictor_temporal/predictor_temporal_per_variant.json::order
POC-2B,order,signed,raw,full_ft_encoder,surgical_3stage_DI_encoder,COMP,OURS,1825,0.002329,0.002011,0.002638,,,,,0.0,predictor_temporal/predictor_temporal_per_variant.json::order
POC-2B,order,signed,raw,full_ft_encoder,surgical_3stage_DI_head,COMP,OURS,1825,0.004516,0.0041,0.004955,,,,,0.0,predictor_temporal/predictor_temporal_per_variant.json::order
POC-2B,order,signed,raw,full_ft_encoder,surgical_3stage_DI_intervene_encoder,COMP,OURS,1825,-7.7e-05,-0.000399,0.00024,,,,,0.6232,predictor_temporal/predictor_temporal_per_variant.json::order
POC-2B,order,signed,raw,full_ft_encoder,surgical_3stage_DI_replay25_encoder,COMP,OURS,1825,0.001763,0.00144,0.002076,,,,,0.0,predictor_temporal/predictor_temporal_per_variant.json::order
POC-2B,order,signed,raw,full_ft_encoder,surgical_3stage_DI_tccaux_encoder,COMP,OURS,1825,-0.00025,-0.000616,9.8e-05,,,,,0.167,predictor_temporal/predictor_temporal_per_variant.json::order
POC-2B,order,signed,raw,full_ft_encoder,surgical_intervene_wiseft_f30_encoder,COMP,OURS,1825,-0.000485,-0.000815,-0.000158,,,,,0.0042,predictor_temporal/predictor_temporal_per_variant.json::order
POC-2B,order,signed,raw,full_ft_encoder,surgical_intervene_wiseft_f50_encoder,COMP,OURS,1825,-0.000592,-0.000953,-0.000237,,,,,0.002,predictor_temporal/predictor_temporal_per_variant.json::order
POC-2B,order,signed,raw,full_ft_encoder,surgical_intervene_wiseft_f70_encoder,COMP,OURS,1825,-0.000234,-0.000642,0.000163,,,,,0.2552,predictor_temporal/predictor_temporal_per_variant.json::order
POC-2B,order,signed,raw,full_ft_encoder,surgical_noDI_encoder,COMP,OURS,1825,0.000347,3e-06,0.000684,,,,,0.0494,predictor_temporal/predictor_temporal_per_variant.json::order
POC-2B,order,signed,raw,full_ft_encoder,surgical_noDI_head,COMP,OURS,1825,0.004516,0.0041,0.004955,,,,,0.0,predictor_temporal/predictor_temporal_per_variant.json::order
POC-2B,order,signed,raw,lpft_encoder,surgery_raw_encoder,COMP,OURS,1825,-0.00133,-0.001657,-0.001013,,,,,0.0,predictor_temporal/predictor_temporal_per_variant.json::order
POC-2B,order,signed,raw,lpft_encoder,surgical_3stage_DI_diheavy_encoder,COMP,OURS,1825,-0.002013,-0.002377,-0.001652,,,,,0.0,predictor_temporal/predictor_temporal_per_variant.json::order
POC-2B,order,signed,raw,lpft_encoder,surgical_3stage_DI_encoder,COMP,OURS,1825,-0.000349,-0.000692,-1.9e-05,,,,,0.0416,predictor_temporal/predictor_temporal_per_variant.json::order
POC-2B,order,signed,raw,lpft_encoder,surgical_3stage_DI_head,COMP,OURS,1825,0.001839,0.001528,0.00216,,,,,0.0,predictor_temporal/predictor_temporal_per_variant.json::order
POC-2B,order,signed,raw,lpft_encoder,surgical_3stage_DI_intervene_encoder,COMP,OURS,1825,-0.002754,-0.003101,-0.0024,,,,,0.0,predictor_temporal/predictor_temporal_per_variant.json::order
POC-2B,order,signed,raw,lpft_encoder,surgical_3stage_DI_replay25_encoder,COMP,OURS,1825,-0.000915,-0.001258,-0.000586,,,,,0.0,predictor_temporal/predictor_temporal_per_variant.json::order
POC-2B,order,signed,raw,lpft_encoder,surgical_3stage_DI_tccaux_encoder,COMP,OURS,1825,-0.002927,-0.003308,-0.002551,,,,,0.0,predictor_temporal/predictor_temporal_per_variant.json::order
POC-2B,order,signed,raw,lpft_encoder,surgical_intervene_wiseft_f30_encoder,COMP,OURS,1825,-0.003163,-0.003508,-0.002807,,,,,0.0,predictor_temporal/predictor_temporal_per_variant.json::order
POC-2B,order,signed,raw,lpft_encoder,surgical_intervene_wiseft_f50_encoder,COMP,OURS,1825,-0.003269,-0.003635,-0.002905,,,,,0.0,predictor_temporal/predictor_temporal_per_variant.json::order
POC-2B,order,signed,raw,lpft_encoder,surgical_intervene_wiseft_f70_encoder,COMP,OURS,1825,-0.002912,-0.003314,-0.002524,,,,,0.0,predictor_temporal/predictor_temporal_per_variant.json::order
POC-2B,order,signed,raw,lpft_encoder,surgical_noDI_encoder,COMP,OURS,1825,-0.00233,-0.00267,-0.001982,,,,,0.0,predictor_temporal/predictor_temporal_per_variant.json::order
POC-2B,order,signed,raw,lpft_encoder,surgical_noDI_head,COMP,OURS,1825,0.001839,0.001528,0.00216,,,,,0.0,predictor_temporal/predictor_temporal_per_variant.json::order
POC-2B,order,signed,raw,peft_dora_encoder,surgery_raw_encoder,COMP,OURS,1825,-0.001242,-0.001537,-0.000966,,,,,0.0,predictor_temporal/predictor_temporal_per_variant.json::order
POC-2B,order,signed,raw,peft_dora_encoder,surgical_3stage_DI_diheavy_encoder,COMP,OURS,1825,-0.001926,-0.00226,-0.001597,,,,,0.0,predictor_temporal/predictor_temporal_per_variant.json::order
POC-2B,order,signed,raw,peft_dora_encoder,surgical_3stage_DI_encoder,COMP,OURS,1825,-0.000261,-0.00058,5e-05,,,,,0.1024,predictor_temporal/predictor_temporal_per_variant.json::order
POC-2B,order,signed,raw,peft_dora_encoder,surgical_3stage_DI_head,COMP,OURS,1825,0.001926,0.001566,0.0023,,,,,0.0,predictor_temporal/predictor_temporal_per_variant.json::order
POC-2B,order,signed,raw,peft_dora_encoder,surgical_3stage_DI_intervene_encoder,COMP,OURS,1825,-0.002667,-0.002985,-0.002354,,,,,0.0,predictor_temporal/predictor_temporal_per_variant.json::order
POC-2B,order,signed,raw,peft_dora_encoder,surgical_3stage_DI_replay25_encoder,COMP,OURS,1825,-0.000827,-0.001139,-0.000523,,,,,0.0,predictor_temporal/predictor_temporal_per_variant.json::order
POC-2B,order,signed,raw,peft_dora_encoder,surgical_3stage_DI_tccaux_encoder,COMP,OURS,1825,-0.00284,-0.003187,-0.002504,,,,,0.0,predictor_temporal/predictor_temporal_per_variant.json::order
POC-2B,order,signed,raw,peft_dora_encoder,surgical_intervene_wiseft_f30_encoder,COMP,OURS,1825,-0.003075,-0.003425,-0.002746,,,,,0.0,predictor_temporal/predictor_temporal_per_variant.json::order
POC-2B,order,signed,raw,peft_dora_encoder,surgical_intervene_wiseft_f50_encoder,COMP,OURS,1825,-0.003182,-0.003568,-0.002822,,,,,0.0,predictor_temporal/predictor_temporal_per_variant.json::order
POC-2B,order,signed,raw,peft_dora_encoder,surgical_intervene_wiseft_f70_encoder,COMP,OURS,1825,-0.002824,-0.003257,-0.002419,,,,,0.0,predictor_temporal/predictor_temporal_per_variant.json::order
POC-2B,order,signed,raw,peft_dora_encoder,surgical_noDI_encoder,COMP,OURS,1825,-0.002243,-0.002549,-0.001943,,,,,0.0,predictor_temporal/predictor_temporal_per_variant.json::order
POC-2B,order,signed,raw,peft_dora_encoder,surgical_noDI_head,COMP,OURS,1825,0.001926,0.001566,0.0023,,,,,0.0,predictor_temporal/predictor_temporal_per_variant.json::order
POC-2B,order,signed,raw,peft_lora_encoder,surgery_raw_encoder,COMP,OURS,1825,-0.000687,-0.000938,-0.000451,,,,,0.0,predictor_temporal/predictor_temporal_per_variant.json::order
POC-2B,order,signed,raw,peft_lora_encoder,surgical_3stage_DI_diheavy_encoder,COMP,OURS,1825,-0.00137,-0.001648,-0.001112,,,,,0.0,predictor_temporal/predictor_temporal_per_variant.json::order
POC-2B,order,signed,raw,peft_lora_encoder,surgical_3stage_DI_encoder,COMP,OURS,1825,0.000294,6.8e-05,0.000512,,,,,0.008,predictor_temporal/predictor_temporal_per_variant.json::order
POC-2B,order,signed,raw,peft_lora_encoder,surgical_3stage_DI_head,COMP,OURS,1825,0.002482,0.002111,0.002855,,,,,0.0,predictor_temporal/predictor_temporal_per_variant.json::order
POC-2B,order,signed,raw,peft_lora_encoder,surgical_3stage_DI_intervene_encoder,COMP,OURS,1825,-0.002111,-0.002365,-0.001862,,,,,0.0,predictor_temporal/predictor_temporal_per_variant.json::order
POC-2B,order,signed,raw,peft_lora_encoder,surgical_3stage_DI_replay25_encoder,COMP,OURS,1825,-0.000272,-0.000502,-4.7e-05,,,,,0.0164,predictor_temporal/predictor_temporal_per_variant.json::order
POC-2B,order,signed,raw,peft_lora_encoder,surgical_3stage_DI_tccaux_encoder,COMP,OURS,1825,-0.002284,-0.002571,-0.00201,,,,,0.0,predictor_temporal/predictor_temporal_per_variant.json::order
POC-2B,order,signed,raw,peft_lora_encoder,surgical_intervene_wiseft_f30_encoder,COMP,OURS,1825,-0.00252,-0.002818,-0.002255,,,,,0.0,predictor_temporal/predictor_temporal_per_variant.json::order
POC-2B,order,signed,raw,peft_lora_encoder,surgical_intervene_wiseft_f50_encoder,COMP,OURS,1825,-0.002626,-0.002973,-0.002315,,,,,0.0,predictor_temporal/predictor_temporal_per_variant.json::order
POC-2B,order,signed,raw,peft_lora_encoder,surgical_intervene_wiseft_f70_encoder,COMP,OURS,1825,-0.002269,-0.002671,-0.001905,,,,,0.0,predictor_temporal/predictor_temporal_per_variant.json::order
POC-2B,order,signed,raw,peft_lora_encoder,surgical_noDI_encoder,COMP,OURS,1825,-0.001687,-0.001963,-0.001421,,,,,0.0,predictor_temporal/predictor_temporal_per_variant.json::order
POC-2B,order,signed,raw,peft_lora_encoder,surgical_noDI_head,COMP,OURS,1825,0.002482,0.002111,0.002855,,,,,0.0,predictor_temporal/predictor_temporal_per_variant.json::order
POC-2B,order,signed,raw,pretrain_encoder,surgery_raw_encoder,COMP,OURS,1825,-0.003169,-0.00358,-0.002762,,,,,0.0,predictor_temporal/predictor_temporal_per_variant.json::order
POC-2B,order,signed,raw,pretrain_encoder,surgical_3stage_DI_diheavy_encoder,COMP,OURS,1825,-0.003852,-0.004275,-0.003447,,,,,0.0,predictor_temporal/predictor_temporal_per_variant.json::order
POC-2B,order,signed,raw,pretrain_encoder,surgical_3stage_DI_encoder,COMP,OURS,1825,-0.002187,-0.002605,-0.001782,,,,,0.0,predictor_temporal/predictor_temporal_per_variant.json::order
POC-2B,order,signed,raw,pretrain_encoder,surgical_3stage_DI_head,COMP,OURS,1825,0.0,nan,nan,,,,,1.0,predictor_temporal/predictor_temporal_per_variant.json::order
POC-2B,order,signed,raw,pretrain_encoder,surgical_3stage_DI_intervene_encoder,COMP,OURS,1825,-0.004593,-0.005008,-0.004183,,,,,0.0,predictor_temporal/predictor_temporal_per_variant.json::order
POC-2B,order,signed,raw,pretrain_encoder,surgical_3stage_DI_replay25_encoder,COMP,OURS,1825,-0.002754,-0.003156,-0.002366,,,,,0.0,predictor_temporal/predictor_temporal_per_variant.json::order
POC-2B,order,signed,raw,pretrain_encoder,surgical_3stage_DI_tccaux_encoder,COMP,OURS,1825,-0.004766,-0.005224,-0.004331,,,,,0.0,predictor_temporal/predictor_temporal_per_variant.json::order
POC-2B,order,signed,raw,pretrain_encoder,surgical_intervene_wiseft_f30_encoder,COMP,OURS,1825,-0.005001,-0.005387,-0.004633,,,,,0.0,predictor_temporal/predictor_temporal_per_variant.json::order
POC-2B,order,signed,raw,pretrain_encoder,surgical_intervene_wiseft_f50_encoder,COMP,OURS,1825,-0.005108,-0.005488,-0.00475,,,,,0.0,predictor_temporal/predictor_temporal_per_variant.json::order
POC-2B,order,signed,raw,pretrain_encoder,surgical_intervene_wiseft_f70_encoder,COMP,OURS,1825,-0.00475,-0.005154,-0.004395,,,,,0.0,predictor_temporal/predictor_temporal_per_variant.json::order
POC-2B,order,signed,raw,pretrain_encoder,surgical_noDI_encoder,COMP,OURS,1825,-0.004169,-0.004584,-0.003765,,,,,0.0,predictor_temporal/predictor_temporal_per_variant.json::order
POC-2B,order,signed,raw,pretrain_encoder,surgical_noDI_head,COMP,OURS,1825,0.0,0.0,0.0,,,,,0.2624,predictor_temporal/predictor_temporal_per_variant.json::order
POC-2B,order,signed,raw,surgery_raw_encoder,surgical_autorgn_encoder,OURS,COMP,1825,-9.3e-05,-0.000355,0.000181,,,,,0.5044,predictor_temporal/predictor_temporal_per_variant.json::order
POC-2B,order,signed,raw,surgical_3stage_DI_diheavy_encoder,surgical_autorgn_encoder,OURS,COMP,1825,0.000591,0.000278,0.000904,,,,,0.0,predictor_temporal/predictor_temporal_per_variant.json::order
POC-2B,order,signed,raw,surgical_3stage_DI_encoder,surgical_autorgn_encoder,OURS,COMP,1825,-0.001074,-0.001369,-0.000772,,,,,0.0,predictor_temporal/predictor_temporal_per_variant.json::order
POC-2B,order,signed,raw,surgical_3stage_DI_head,surgical_autorgn_encoder,OURS,COMP,1825,-0.003261,-0.003633,-0.002896,,,,,0.0,predictor_temporal/predictor_temporal_per_variant.json::order
POC-2B,order,signed,raw,surgical_3stage_DI_intervene_encoder,surgical_autorgn_encoder,OURS,COMP,1825,0.001332,0.001023,0.001642,,,,,0.0,predictor_temporal/predictor_temporal_per_variant.json::order
POC-2B,order,signed,raw,surgical_3stage_DI_replay25_encoder,surgical_autorgn_encoder,OURS,COMP,1825,-0.000508,-0.000805,-0.000207,,,,,0.0014,predictor_temporal/predictor_temporal_per_variant.json::order
POC-2B,order,signed,raw,surgical_3stage_DI_tccaux_encoder,surgical_autorgn_encoder,OURS,COMP,1825,0.001505,0.001184,0.00183,,,,,0.0,predictor_temporal/predictor_temporal_per_variant.json::order
POC-2B,order,signed,raw,surgical_autorgn_encoder,surgical_intervene_wiseft_f30_encoder,COMP,OURS,1825,-0.00174,-0.002053,-0.001425,,,,,0.0,predictor_temporal/predictor_temporal_per_variant.json::order
POC-2B,order,signed,raw,surgical_autorgn_encoder,surgical_intervene_wiseft_f50_encoder,COMP,OURS,1825,-0.001847,-0.002186,-0.001516,,,,,0.0,predictor_temporal/predictor_temporal_per_variant.json::order
POC-2B,order,signed,raw,surgical_autorgn_encoder,surgical_intervene_wiseft_f70_encoder,COMP,OURS,1825,-0.001489,-0.001866,-0.001126,,,,,0.0,predictor_temporal/predictor_temporal_per_variant.json::order
POC-2B,order,signed,raw,surgical_autorgn_encoder,surgical_noDI_encoder,COMP,OURS,1825,-0.000908,-0.001198,-0.000619,,,,,0.0,predictor_temporal/predictor_temporal_per_variant.json::order
POC-2B,order,signed,raw,surgical_autorgn_encoder,surgical_noDI_head,COMP,OURS,1825,0.003261,0.002896,0.003633,,,,,0.0,predictor_temporal/predictor_temporal_per_variant.json::order
POC-2B,aot,higher,raw,full_ft_encoder,surgery_raw_encoder,COMP,OURS,1825,0.000274,-0.005753,0.006575,0.000274,-0.005753,0.006575,False,0.9654,encoder_temporal/encoder_temporal_per_variant.json::aot
POC-2B,aot,higher,raw,full_ft_encoder,surgical_3stage_DI_diheavy_encoder,COMP,OURS,1825,0.0,-0.006301,0.006027,0.0,-0.006301,0.006027,False,1.0,encoder_temporal/encoder_temporal_per_variant.json::aot
POC-2B,aot,higher,raw,full_ft_encoder,surgical_3stage_DI_encoder,COMP,OURS,1825,0.003562,-0.001918,0.009041,0.003562,-0.001918,0.009041,False,0.2186,encoder_temporal/encoder_temporal_per_variant.json::aot
POC-2B,aot,higher,raw,full_ft_encoder,surgical_3stage_DI_intervene_encoder,COMP,OURS,1825,0.000822,-0.005479,0.007123,0.000822,-0.005479,0.007123,False,0.8386,encoder_temporal/encoder_temporal_per_variant.json::aot
POC-2B,aot,higher,raw,full_ft_encoder,surgical_3stage_DI_replay25_encoder,COMP,OURS,1825,0.000822,-0.005753,0.007123,0.000822,-0.005753,0.007123,False,0.8278,encoder_temporal/encoder_temporal_per_variant.json::aot
POC-2B,aot,higher,raw,full_ft_encoder,surgical_3stage_DI_tccaux_encoder,COMP,OURS,1825,-0.006849,-0.012877,-0.00137,-0.006849,-0.012877,-0.00137,True,0.0204,encoder_temporal/encoder_temporal_per_variant.json::aot
POC-2B,aot,higher,raw,full_ft_encoder,surgical_3stage_DI_wiseft_encoder,COMP,OURS,1825,-0.020822,-0.027671,-0.014521,-0.020822,-0.027671,-0.014521,True,0.0,encoder_temporal/encoder_temporal_per_variant.json::aot
POC-2B,aot,higher,raw,full_ft_encoder,surgical_intervene_wiseft_f30_encoder,COMP,OURS,1825,-0.01863,-0.025205,-0.012329,-0.01863,-0.025205,-0.012329,True,0.0,encoder_temporal/encoder_temporal_per_variant.json::aot
POC-2B,aot,higher,raw,full_ft_encoder,surgical_intervene_wiseft_f50_encoder,COMP,OURS,1825,-0.02411,-0.031781,-0.016986,-0.02411,-0.031781,-0.016986,True,0.0,encoder_temporal/encoder_temporal_per_variant.json::aot
POC-2B,aot,higher,raw,full_ft_encoder,surgical_intervene_wiseft_f70_encoder,COMP,OURS,1825,-0.028493,-0.036438,-0.021096,-0.028493,-0.036438,-0.021096,True,0.0,encoder_temporal/encoder_temporal_per_variant.json::aot
POC-2B,aot,higher,raw,full_ft_encoder,surgical_noDI_encoder,COMP,OURS,1825,-0.005205,-0.011233,0.000548,-0.005205,-0.011233,0.000548,False,0.0942,encoder_temporal/encoder_temporal_per_variant.json::aot
POC-2B,aot,higher,raw,lpft_encoder,surgery_raw_encoder,COMP,OURS,1825,0.010959,0.005479,0.016986,0.010959,0.005479,0.016986,True,0.0002,encoder_temporal/encoder_temporal_per_variant.json::aot
POC-2B,aot,higher,raw,lpft_encoder,surgical_3stage_DI_diheavy_encoder,COMP,OURS,1825,0.010685,0.004932,0.016986,0.010685,0.004932,0.016986,True,0.0006,encoder_temporal/encoder_temporal_per_variant.json::aot
POC-2B,aot,higher,raw,lpft_encoder,surgical_3stage_DI_encoder,COMP,OURS,1825,0.014247,0.008767,0.020274,0.014247,0.008767,0.020274,True,0.0,encoder_temporal/encoder_temporal_per_variant.json::aot
POC-2B,aot,higher,raw,lpft_encoder,surgical_3stage_DI_intervene_encoder,COMP,OURS,1825,0.011507,0.005753,0.017808,0.011507,0.005753,0.017808,True,0.0002,encoder_temporal/encoder_temporal_per_variant.json::aot
POC-2B,aot,higher,raw,lpft_encoder,surgical_3stage_DI_replay25_encoder,COMP,OURS,1825,0.011507,0.005205,0.017831,0.011507,0.005205,0.017831,True,0.0012,encoder_temporal/encoder_temporal_per_variant.json::aot
POC-2B,aot,higher,raw,lpft_encoder,surgical_3stage_DI_tccaux_encoder,COMP,OURS,1825,0.003836,-0.001096,0.008767,0.003836,-0.001096,0.008767,False,0.1486,encoder_temporal/encoder_temporal_per_variant.json::aot
POC-2B,aot,higher,raw,lpft_encoder,surgical_3stage_DI_wiseft_encoder,COMP,OURS,1825,-0.010137,-0.01589,-0.004932,-0.010137,-0.01589,-0.004932,True,0.0004,encoder_temporal/encoder_temporal_per_variant.json::aot
POC-2B,aot,higher,raw,lpft_encoder,surgical_intervene_wiseft_f30_encoder,COMP,OURS,1825,-0.007945,-0.013425,-0.002466,-0.007945,-0.013425,-0.002466,True,0.004,encoder_temporal/encoder_temporal_per_variant.json::aot
POC-2B,aot,higher,raw,lpft_encoder,surgical_intervene_wiseft_f50_encoder,COMP,OURS,1825,-0.013425,-0.019178,-0.007671,-0.013425,-0.019178,-0.007671,True,0.0,encoder_temporal/encoder_temporal_per_variant.json::aot
POC-2B,aot,higher,raw,lpft_encoder,surgical_intervene_wiseft_f70_encoder,COMP,OURS,1825,-0.017808,-0.02411,-0.011781,-0.017808,-0.02411,-0.011781,True,0.0,encoder_temporal/encoder_temporal_per_variant.json::aot
POC-2B,aot,higher,raw,lpft_encoder,surgical_noDI_encoder,COMP,OURS,1825,0.005479,0.0,0.011233,0.005479,0.0,0.011233,False,0.0562,encoder_temporal/encoder_temporal_per_variant.json::aot
POC-2B,aot,higher,raw,peft_dora_encoder,surgery_raw_encoder,COMP,OURS,1825,0.006575,0.000822,0.012603,0.006575,0.000822,0.012603,True,0.0272,encoder_temporal/encoder_temporal_per_variant.json::aot
POC-2B,aot,higher,raw,peft_dora_encoder,surgical_3stage_DI_diheavy_encoder,COMP,OURS,1825,0.006301,0.000274,0.012603,0.006301,0.000274,0.012603,True,0.05,encoder_temporal/encoder_temporal_per_variant.json::aot
POC-2B,aot,higher,raw,peft_dora_encoder,surgical_3stage_DI_encoder,COMP,OURS,1825,0.009863,0.00411,0.016164,0.009863,0.00411,0.016164,True,0.0016,encoder_temporal/encoder_temporal_per_variant.json::aot
POC-2B,aot,higher,raw,peft_dora_encoder,surgical_3stage_DI_intervene_encoder,COMP,OURS,1825,0.007123,0.001096,0.013151,0.007123,0.001096,0.013151,True,0.0246,encoder_temporal/encoder_temporal_per_variant.json::aot
POC-2B,aot,higher,raw,peft_dora_encoder,surgical_3stage_DI_replay25_encoder,COMP,OURS,1825,0.007123,0.000822,0.013425,0.007123,0.000822,0.013425,True,0.0322,encoder_temporal/encoder_temporal_per_variant.json::aot
POC-2B,aot,higher,raw,peft_dora_encoder,surgical_3stage_DI_tccaux_encoder,COMP,OURS,1825,-0.000548,-0.006301,0.005205,-0.000548,-0.006301,0.005205,False,0.9036,encoder_temporal/encoder_temporal_per_variant.json::aot
POC-2B,aot,higher,raw,peft_dora_encoder,surgical_3stage_DI_wiseft_encoder,COMP,OURS,1825,-0.014521,-0.020822,-0.008767,-0.014521,-0.020822,-0.008767,True,0.0,encoder_temporal/encoder_temporal_per_variant.json::aot
POC-2B,aot,higher,raw,peft_dora_encoder,surgical_intervene_wiseft_f30_encoder,COMP,OURS,1825,-0.012329,-0.01863,-0.006027,-0.012329,-0.01863,-0.006027,True,0.0,encoder_temporal/encoder_temporal_per_variant.json::aot
POC-2B,aot,higher,raw,peft_dora_encoder,surgical_intervene_wiseft_f50_encoder,COMP,OURS,1825,-0.017808,-0.024384,-0.011507,-0.017808,-0.024384,-0.011507,True,0.0,encoder_temporal/encoder_temporal_per_variant.json::aot
POC-2B,aot,higher,raw,peft_dora_encoder,surgical_intervene_wiseft_f70_encoder,COMP,OURS,1825,-0.022192,-0.029041,-0.015342,-0.022192,-0.029041,-0.015342,True,0.0,encoder_temporal/encoder_temporal_per_variant.json::aot
POC-2B,aot,higher,raw,peft_dora_encoder,surgical_noDI_encoder,COMP,OURS,1825,0.001096,-0.004384,0.006301,0.001096,-0.004384,0.006301,False,0.7112,encoder_temporal/encoder_temporal_per_variant.json::aot
POC-2B,aot,higher,raw,peft_lora_encoder,surgery_raw_encoder,COMP,OURS,1825,0.003014,-0.00274,0.008767,0.003014,-0.00274,0.008767,False,0.3232,encoder_temporal/encoder_temporal_per_variant.json::aot
POC-2B,aot,higher,raw,peft_lora_encoder,surgical_3stage_DI_diheavy_encoder,COMP,OURS,1825,0.00274,-0.00274,0.008493,0.00274,-0.00274,0.008493,False,0.3632,encoder_temporal/encoder_temporal_per_variant.json::aot
POC-2B,aot,higher,raw,peft_lora_encoder,surgical_3stage_DI_encoder,COMP,OURS,1825,0.006301,0.000822,0.012055,0.006301,0.000822,0.012055,True,0.034,encoder_temporal/encoder_temporal_per_variant.json::aot
POC-2B,aot,higher,raw,peft_lora_encoder,surgical_3stage_DI_intervene_encoder,COMP,OURS,1825,0.003562,-0.001644,0.009041,0.003562,-0.001644,0.009041,False,0.2122,encoder_temporal/encoder_temporal_per_variant.json::aot
POC-2B,aot,higher,raw,peft_lora_encoder,surgical_3stage_DI_replay25_encoder,COMP,OURS,1825,0.003562,-0.002466,0.009041,0.003562,-0.002466,0.009041,False,0.2348,encoder_temporal/encoder_temporal_per_variant.json::aot
POC-2B,aot,higher,raw,peft_lora_encoder,surgical_3stage_DI_tccaux_encoder,COMP,OURS,1825,-0.00411,-0.009863,0.00137,-0.00411,-0.009863,0.00137,False,0.1548,encoder_temporal/encoder_temporal_per_variant.json::aot
POC-2B,aot,higher,raw,peft_lora_encoder,surgical_3stage_DI_wiseft_encoder,COMP,OURS,1825,-0.018082,-0.024384,-0.012329,-0.018082,-0.024384,-0.012329,True,0.0,encoder_temporal/encoder_temporal_per_variant.json::aot
POC-2B,aot,higher,raw,peft_lora_encoder,surgical_intervene_wiseft_f30_encoder,COMP,OURS,1825,-0.01589,-0.022192,-0.009863,-0.01589,-0.022192,-0.009863,True,0.0,encoder_temporal/encoder_temporal_per_variant.json::aot
POC-2B,aot,higher,raw,peft_lora_encoder,surgical_intervene_wiseft_f50_encoder,COMP,OURS,1825,-0.02137,-0.028219,-0.015342,-0.02137,-0.028219,-0.015342,True,0.0,encoder_temporal/encoder_temporal_per_variant.json::aot
POC-2B,aot,higher,raw,peft_lora_encoder,surgical_intervene_wiseft_f70_encoder,COMP,OURS,1825,-0.025753,-0.033151,-0.018904,-0.025753,-0.033151,-0.018904,True,0.0,encoder_temporal/encoder_temporal_per_variant.json::aot
POC-2B,aot,higher,raw,peft_lora_encoder,surgical_noDI_encoder,COMP,OURS,1825,-0.002466,-0.007671,0.002466,-0.002466,-0.007671,0.002466,False,0.369,encoder_temporal/encoder_temporal_per_variant.json::aot
POC-2B,aot,higher,raw,pretrain_encoder,surgery_raw_encoder,COMP,OURS,1825,0.011507,0.005753,0.017808,0.011507,0.005753,0.017808,True,0.0002,encoder_temporal/encoder_temporal_per_variant.json::aot
POC-2B,aot,higher,raw,pretrain_encoder,surgical_3stage_DI_diheavy_encoder,COMP,OURS,1825,0.011233,0.00411,0.01863,0.011233,0.00411,0.01863,True,0.0024,encoder_temporal/encoder_temporal_per_variant.json::aot
POC-2B,aot,higher,raw,pretrain_encoder,surgical_3stage_DI_encoder,COMP,OURS,1825,0.014795,0.008219,0.021644,0.014795,0.008219,0.021644,True,0.0,encoder_temporal/encoder_temporal_per_variant.json::aot
POC-2B,aot,higher,raw,pretrain_encoder,surgical_3stage_DI_intervene_encoder,COMP,OURS,1825,0.012055,0.004932,0.019178,0.012055,0.004932,0.019178,True,0.0006,encoder_temporal/encoder_temporal_per_variant.json::aot
POC-2B,aot,higher,raw,pretrain_encoder,surgical_3stage_DI_replay25_encoder,COMP,OURS,1825,0.012055,0.004932,0.019452,0.012055,0.004932,0.019452,True,0.0022,encoder_temporal/encoder_temporal_per_variant.json::aot
POC-2B,aot,higher,raw,pretrain_encoder,surgical_3stage_DI_tccaux_encoder,COMP,OURS,1825,0.004384,-0.001096,0.010137,0.004384,-0.001096,0.010137,False,0.1422,encoder_temporal/encoder_temporal_per_variant.json::aot
POC-2B,aot,higher,raw,pretrain_encoder,surgical_3stage_DI_wiseft_encoder,COMP,OURS,1825,-0.009589,-0.015342,-0.00411,-0.009589,-0.015342,-0.00411,True,0.0004,encoder_temporal/encoder_temporal_per_variant.json::aot
POC-2B,aot,higher,raw,pretrain_encoder,surgical_intervene_wiseft_f30_encoder,COMP,OURS,1825,-0.007397,-0.012877,-0.002192,-0.007397,-0.012877,-0.002192,True,0.0066,encoder_temporal/encoder_temporal_per_variant.json::aot
POC-2B,aot,higher,raw,pretrain_encoder,surgical_intervene_wiseft_f50_encoder,COMP,OURS,1825,-0.012877,-0.019178,-0.006849,-0.012877,-0.019178,-0.006849,True,0.0,encoder_temporal/encoder_temporal_per_variant.json::aot
POC-2B,aot,higher,raw,pretrain_encoder,surgical_intervene_wiseft_f70_encoder,COMP,OURS,1825,-0.01726,-0.023288,-0.011507,-0.01726,-0.023288,-0.011507,True,0.0,encoder_temporal/encoder_temporal_per_variant.json::aot
POC-2B,aot,higher,raw,pretrain_encoder,surgical_noDI_encoder,COMP,OURS,1825,0.006027,-0.000274,0.012329,0.006027,-0.000274,0.012329,False,0.0632,encoder_temporal/encoder_temporal_per_variant.json::aot
POC-2B,aot,higher,raw,surgery_raw_encoder,surgical_autorgn_encoder,OURS,COMP,1825,-0.006301,-0.012055,-0.000822,-0.006301,-0.012055,-0.000822,True,0.0284,encoder_temporal/encoder_temporal_per_variant.json::aot
POC-2B,aot,higher,raw,surgical_3stage_DI_diheavy_encoder,surgical_autorgn_encoder,OURS,COMP,1825,-0.006027,-0.012603,0.000274,-0.006027,-0.012603,0.000274,False,0.0712,encoder_temporal/encoder_temporal_per_variant.json::aot
POC-2B,aot,higher,raw,surgical_3stage_DI_encoder,surgical_autorgn_encoder,OURS,COMP,1825,-0.009589,-0.016164,-0.003288,-0.009589,-0.016164,-0.003288,True,0.0036,encoder_temporal/encoder_temporal_per_variant.json::aot
POC-2B,aot,higher,raw,surgical_3stage_DI_intervene_encoder,surgical_autorgn_encoder,OURS,COMP,1825,-0.006849,-0.013151,-0.000548,-0.006849,-0.013151,-0.000548,True,0.034,encoder_temporal/encoder_temporal_per_variant.json::aot
POC-2B,aot,higher,raw,surgical_3stage_DI_replay25_encoder,surgical_autorgn_encoder,OURS,COMP,1825,-0.006849,-0.013151,-0.000548,-0.006849,-0.013151,-0.000548,True,0.0404,encoder_temporal/encoder_temporal_per_variant.json::aot
POC-2B,aot,higher,raw,surgical_3stage_DI_tccaux_encoder,surgical_autorgn_encoder,OURS,COMP,1825,0.000822,-0.004658,0.006301,0.000822,-0.004658,0.006301,False,0.8304,encoder_temporal/encoder_temporal_per_variant.json::aot
POC-2B,aot,higher,raw,surgical_3stage_DI_wiseft_encoder,surgical_autorgn_encoder,OURS,COMP,1825,0.014795,0.008607,0.021096,0.014795,0.008607,0.021096,True,0.0,encoder_temporal/encoder_temporal_per_variant.json::aot
POC-2B,aot,higher,raw,surgical_autorgn_encoder,surgical_intervene_wiseft_f30_encoder,COMP,OURS,1825,-0.012603,-0.018904,-0.006575,-0.012603,-0.018904,-0.006575,True,0.0,encoder_temporal/encoder_temporal_per_variant.json::aot
POC-2B,aot,higher,raw,surgical_autorgn_encoder,surgical_intervene_wiseft_f50_encoder,COMP,OURS,1825,-0.018082,-0.024932,-0.011781,-0.018082,-0.024932,-0.011781,True,0.0,encoder_temporal/encoder_temporal_per_variant.json::aot
POC-2B,aot,higher,raw,surgical_autorgn_encoder,surgical_intervene_wiseft_f70_encoder,COMP,OURS,1825,-0.022466,-0.029315,-0.015616,-0.022466,-0.029315,-0.015616,True,0.0,encoder_temporal/encoder_temporal_per_variant.json::aot
POC-2B,aot,higher,raw,surgical_autorgn_encoder,surgical_noDI_encoder,COMP,OURS,1825,0.000822,-0.004658,0.006301,0.000822,-0.004658,0.006301,False,0.7934,encoder_temporal/encoder_temporal_per_variant.json::aot
POC-2B,tov,higher,raw,full_ft_encoder,surgery_raw_encoder,COMP,OURS,1825,-0.005205,-0.010411,0.0,-0.005205,-0.010411,0.0,False,0.0574,encoder_temporal/encoder_temporal_per_variant.json::tov
POC-2B,tov,higher,raw,full_ft_encoder,surgical_3stage_DI_diheavy_encoder,COMP,OURS,1825,-0.012329,-0.016849,-0.007808,-0.012329,-0.016849,-0.007808,True,0.0,encoder_temporal/encoder_temporal_per_variant.json::tov
POC-2B,tov,higher,raw,full_ft_encoder,surgical_3stage_DI_encoder,COMP,OURS,1825,-0.011507,-0.016301,-0.006986,-0.011507,-0.016301,-0.006986,True,0.0,encoder_temporal/encoder_temporal_per_variant.json::tov
POC-2B,tov,higher,raw,full_ft_encoder,surgical_3stage_DI_intervene_encoder,COMP,OURS,1825,-0.011781,-0.017123,-0.006551,-0.011781,-0.017123,-0.006551,True,0.0,encoder_temporal/encoder_temporal_per_variant.json::tov
POC-2B,tov,higher,raw,full_ft_encoder,surgical_3stage_DI_replay25_encoder,COMP,OURS,1825,-0.009863,-0.015068,-0.004795,-0.009863,-0.015068,-0.004795,True,0.0,encoder_temporal/encoder_temporal_per_variant.json::tov
POC-2B,tov,higher,raw,full_ft_encoder,surgical_3stage_DI_tccaux_encoder,COMP,OURS,1825,0.001918,-0.003151,0.007011,0.001918,-0.003151,0.007011,False,0.4754,encoder_temporal/encoder_temporal_per_variant.json::tov
POC-2B,tov,higher,raw,full_ft_encoder,surgical_3stage_DI_wiseft_encoder,COMP,OURS,1825,-0.009041,-0.014521,-0.003562,-0.009041,-0.014521,-0.003562,True,0.0008,encoder_temporal/encoder_temporal_per_variant.json::tov
POC-2B,tov,higher,raw,full_ft_encoder,surgical_intervene_wiseft_f30_encoder,COMP,OURS,1825,-0.014932,-0.020137,-0.009726,-0.014932,-0.020137,-0.009726,True,0.0,encoder_temporal/encoder_temporal_per_variant.json::tov
POC-2B,tov,higher,raw,full_ft_encoder,surgical_intervene_wiseft_f50_encoder,COMP,OURS,1825,-0.018219,-0.023425,-0.013151,-0.018219,-0.023425,-0.013151,True,0.0,encoder_temporal/encoder_temporal_per_variant.json::tov
POC-2B,tov,higher,raw,full_ft_encoder,surgical_intervene_wiseft_f70_encoder,COMP,OURS,1825,-0.021096,-0.026301,-0.01589,-0.021096,-0.026301,-0.01589,True,0.0,encoder_temporal/encoder_temporal_per_variant.json::tov
POC-2B,tov,higher,raw,full_ft_encoder,surgical_noDI_encoder,COMP,OURS,1825,-0.010959,-0.015616,-0.006301,-0.010959,-0.015616,-0.006301,True,0.0,encoder_temporal/encoder_temporal_per_variant.json::tov
POC-2B,tov,higher,raw,lpft_encoder,surgery_raw_encoder,COMP,OURS,1825,0.005205,0.001096,0.009315,0.005205,0.001096,0.009315,True,0.016,encoder_temporal/encoder_temporal_per_variant.json::tov
POC-2B,tov,higher,raw,lpft_encoder,surgical_3stage_DI_diheavy_encoder,COMP,OURS,1825,-0.001918,-0.006232,0.002466,-0.001918,-0.006232,0.002466,False,0.4152,encoder_temporal/encoder_temporal_per_variant.json::tov
POC-2B,tov,higher,raw,lpft_encoder,surgical_3stage_DI_encoder,COMP,OURS,1825,-0.001096,-0.005479,0.003425,-0.001096,-0.005479,0.003425,False,0.6434,encoder_temporal/encoder_temporal_per_variant.json::tov
POC-2B,tov,higher,raw,lpft_encoder,surgical_3stage_DI_intervene_encoder,COMP,OURS,1825,-0.00137,-0.005205,0.002466,-0.00137,-0.005205,0.002466,False,0.5132,encoder_temporal/encoder_temporal_per_variant.json::tov
POC-2B,tov,higher,raw,lpft_encoder,surgical_3stage_DI_replay25_encoder,COMP,OURS,1825,0.000548,-0.003425,0.004521,0.000548,-0.003425,0.004521,False,0.8106,encoder_temporal/encoder_temporal_per_variant.json::tov
POC-2B,tov,higher,raw,lpft_encoder,surgical_3stage_DI_tccaux_encoder,COMP,OURS,1825,0.012329,0.007534,0.01726,0.012329,0.007534,0.01726,True,0.0,encoder_temporal/encoder_temporal_per_variant.json::tov
POC-2B,tov,higher,raw,lpft_encoder,surgical_3stage_DI_wiseft_encoder,COMP,OURS,1825,0.00137,-0.003055,0.005753,0.00137,-0.003055,0.005753,False,0.567,encoder_temporal/encoder_temporal_per_variant.json::tov
POC-2B,tov,higher,raw,lpft_encoder,surgical_intervene_wiseft_f30_encoder,COMP,OURS,1825,-0.004521,-0.008356,-0.000685,-0.004521,-0.008356,-0.000685,True,0.0256,encoder_temporal/encoder_temporal_per_variant.json::tov
POC-2B,tov,higher,raw,lpft_encoder,surgical_intervene_wiseft_f50_encoder,COMP,OURS,1825,-0.007808,-0.012055,-0.003562,-0.007808,-0.012055,-0.003562,True,0.0008,encoder_temporal/encoder_temporal_per_variant.json::tov
POC-2B,tov,higher,raw,lpft_encoder,surgical_intervene_wiseft_f70_encoder,COMP,OURS,1825,-0.010685,-0.015205,-0.006301,-0.010685,-0.015205,-0.006301,True,0.0,encoder_temporal/encoder_temporal_per_variant.json::tov
POC-2B,tov,higher,raw,lpft_encoder,surgical_noDI_encoder,COMP,OURS,1825,-0.000548,-0.004795,0.003836,-0.000548,-0.004795,0.003836,False,0.8208,encoder_temporal/encoder_temporal_per_variant.json::tov
POC-2B,tov,higher,raw,peft_dora_encoder,surgery_raw_encoder,COMP,OURS,1825,-0.000137,-0.004384,0.003973,-0.000137,-0.004384,0.003973,False,0.9866,encoder_temporal/encoder_temporal_per_variant.json::tov
POC-2B,tov,higher,raw,peft_dora_encoder,surgical_3stage_DI_diheavy_encoder,COMP,OURS,1825,-0.00726,-0.011918,-0.002603,-0.00726,-0.011918,-0.002603,True,0.0038,encoder_temporal/encoder_temporal_per_variant.json::tov
POC-2B,tov,higher,raw,peft_dora_encoder,surgical_3stage_DI_encoder,COMP,OURS,1825,-0.006438,-0.011233,-0.001507,-0.006438,-0.011233,-0.001507,True,0.0106,encoder_temporal/encoder_temporal_per_variant.json::tov
POC-2B,tov,higher,raw,peft_dora_encoder,surgical_3stage_DI_intervene_encoder,COMP,OURS,1825,-0.006712,-0.010822,-0.00274,-0.006712,-0.010822,-0.00274,True,0.0016,encoder_temporal/encoder_temporal_per_variant.json::tov
POC-2B,tov,higher,raw,peft_dora_encoder,surgical_3stage_DI_replay25_encoder,COMP,OURS,1825,-0.004795,-0.009178,-0.000274,-0.004795,-0.009178,-0.000274,True,0.0378,encoder_temporal/encoder_temporal_per_variant.json::tov
POC-2B,tov,higher,raw,peft_dora_encoder,surgical_3stage_DI_tccaux_encoder,COMP,OURS,1825,0.006986,0.002603,0.011233,0.006986,0.002603,0.011233,True,0.0008,encoder_temporal/encoder_temporal_per_variant.json::tov
POC-2B,tov,higher,raw,peft_dora_encoder,surgical_3stage_DI_wiseft_encoder,COMP,OURS,1825,-0.003973,-0.008493,0.000411,-0.003973,-0.008493,0.000411,False,0.079,encoder_temporal/encoder_temporal_per_variant.json::tov
POC-2B,tov,higher,raw,peft_dora_encoder,surgical_intervene_wiseft_f30_encoder,COMP,OURS,1825,-0.009863,-0.014658,-0.005205,-0.009863,-0.014658,-0.005205,True,0.0,encoder_temporal/encoder_temporal_per_variant.json::tov
POC-2B,tov,higher,raw,peft_dora_encoder,surgical_intervene_wiseft_f50_encoder,COMP,OURS,1825,-0.013151,-0.017945,-0.00863,-0.013151,-0.017945,-0.00863,True,0.0,encoder_temporal/encoder_temporal_per_variant.json::tov
POC-2B,tov,higher,raw,peft_dora_encoder,surgical_intervene_wiseft_f70_encoder,COMP,OURS,1825,-0.016027,-0.021096,-0.011096,-0.016027,-0.021096,-0.011096,True,0.0,encoder_temporal/encoder_temporal_per_variant.json::tov
POC-2B,tov,higher,raw,peft_dora_encoder,surgical_noDI_encoder,COMP,OURS,1825,-0.00589,-0.010274,-0.001233,-0.00589,-0.010274,-0.001233,True,0.013,encoder_temporal/encoder_temporal_per_variant.json::tov
POC-2B,tov,higher,raw,peft_lora_encoder,surgery_raw_encoder,COMP,OURS,1825,-0.010822,-0.016027,-0.006027,-0.010822,-0.016027,-0.006027,True,0.0,encoder_temporal/encoder_temporal_per_variant.json::tov
POC-2B,tov,higher,raw,peft_lora_encoder,surgical_3stage_DI_diheavy_encoder,COMP,OURS,1825,-0.017945,-0.022877,-0.013151,-0.017945,-0.022877,-0.013151,True,0.0,encoder_temporal/encoder_temporal_per_variant.json::tov
POC-2B,tov,higher,raw,peft_lora_encoder,surgical_3stage_DI_encoder,COMP,OURS,1825,-0.017123,-0.022055,-0.012466,-0.017123,-0.022055,-0.012466,True,0.0,encoder_temporal/encoder_temporal_per_variant.json::tov
POC-2B,tov,higher,raw,peft_lora_encoder,surgical_3stage_DI_intervene_encoder,COMP,OURS,1825,-0.017397,-0.023014,-0.011837,-0.017397,-0.023014,-0.011837,True,0.0,encoder_temporal/encoder_temporal_per_variant.json::tov
POC-2B,tov,higher,raw,peft_lora_encoder,surgical_3stage_DI_replay25_encoder,COMP,OURS,1825,-0.015479,-0.020822,-0.010411,-0.015479,-0.020822,-0.010411,True,0.0,encoder_temporal/encoder_temporal_per_variant.json::tov
POC-2B,tov,higher,raw,peft_lora_encoder,surgical_3stage_DI_tccaux_encoder,COMP,OURS,1825,-0.003699,-0.008904,0.001507,-0.003699,-0.008904,0.001507,False,0.1706,encoder_temporal/encoder_temporal_per_variant.json::tov
POC-2B,tov,higher,raw,peft_lora_encoder,surgical_3stage_DI_wiseft_encoder,COMP,OURS,1825,-0.014658,-0.020548,-0.008904,-0.014658,-0.020548,-0.008904,True,0.0,encoder_temporal/encoder_temporal_per_variant.json::tov
POC-2B,tov,higher,raw,peft_lora_encoder,surgical_intervene_wiseft_f30_encoder,COMP,OURS,1825,-0.020548,-0.026027,-0.015205,-0.020548,-0.026027,-0.015205,True,0.0,encoder_temporal/encoder_temporal_per_variant.json::tov
POC-2B,tov,higher,raw,peft_lora_encoder,surgical_intervene_wiseft_f50_encoder,COMP,OURS,1825,-0.023836,-0.029452,-0.018493,-0.023836,-0.029452,-0.018493,True,0.0,encoder_temporal/encoder_temporal_per_variant.json::tov
POC-2B,tov,higher,raw,peft_lora_encoder,surgical_intervene_wiseft_f70_encoder,COMP,OURS,1825,-0.026712,-0.032329,-0.021233,-0.026712,-0.032329,-0.021233,True,0.0,encoder_temporal/encoder_temporal_per_variant.json::tov
POC-2B,tov,higher,raw,peft_lora_encoder,surgical_noDI_encoder,COMP,OURS,1825,-0.016575,-0.02137,-0.011644,-0.016575,-0.02137,-0.011644,True,0.0,encoder_temporal/encoder_temporal_per_variant.json::tov
POC-2B,tov,higher,raw,pretrain_encoder,surgery_raw_encoder,COMP,OURS,1825,-0.009178,-0.014247,-0.004384,-0.009178,-0.014247,-0.004384,True,0.0008,encoder_temporal/encoder_temporal_per_variant.json::tov
POC-2B,tov,higher,raw,pretrain_encoder,surgical_3stage_DI_diheavy_encoder,COMP,OURS,1825,-0.016301,-0.021781,-0.010685,-0.016301,-0.021781,-0.010685,True,0.0,encoder_temporal/encoder_temporal_per_variant.json::tov
POC-2B,tov,higher,raw,pretrain_encoder,surgical_3stage_DI_encoder,COMP,OURS,1825,-0.015479,-0.020959,-0.010137,-0.015479,-0.020959,-0.010137,True,0.0,encoder_temporal/encoder_temporal_per_variant.json::tov
POC-2B,tov,higher,raw,pretrain_encoder,surgical_3stage_DI_intervene_encoder,COMP,OURS,1825,-0.015753,-0.020548,-0.011096,-0.015753,-0.020548,-0.011096,True,0.0,encoder_temporal/encoder_temporal_per_variant.json::tov
POC-2B,tov,higher,raw,pretrain_encoder,surgical_3stage_DI_replay25_encoder,COMP,OURS,1825,-0.013836,-0.019041,-0.008767,-0.013836,-0.019041,-0.008767,True,0.0,encoder_temporal/encoder_temporal_per_variant.json::tov
POC-2B,tov,higher,raw,pretrain_encoder,surgical_3stage_DI_tccaux_encoder,COMP,OURS,1825,-0.002055,-0.007123,0.003014,-0.002055,-0.007123,0.003014,False,0.4524,encoder_temporal/encoder_temporal_per_variant.json::tov
POC-2B,tov,higher,raw,pretrain_encoder,surgical_3stage_DI_wiseft_encoder,COMP,OURS,1825,-0.013014,-0.017534,-0.008356,-0.013014,-0.017534,-0.008356,True,0.0,encoder_temporal/encoder_temporal_per_variant.json::tov
POC-2B,tov,higher,raw,pretrain_encoder,surgical_intervene_wiseft_f30_encoder,COMP,OURS,1825,-0.018904,-0.024247,-0.013562,-0.018904,-0.024247,-0.013562,True,0.0,encoder_temporal/encoder_temporal_per_variant.json::tov
POC-2B,tov,higher,raw,pretrain_encoder,surgical_intervene_wiseft_f50_encoder,COMP,OURS,1825,-0.022192,-0.02705,-0.017397,-0.022192,-0.02705,-0.017397,True,0.0,encoder_temporal/encoder_temporal_per_variant.json::tov
POC-2B,tov,higher,raw,pretrain_encoder,surgical_intervene_wiseft_f70_encoder,COMP,OURS,1825,-0.025068,-0.030411,-0.019452,-0.025068,-0.030411,-0.019452,True,0.0,encoder_temporal/encoder_temporal_per_variant.json::tov
POC-2B,tov,higher,raw,pretrain_encoder,surgical_noDI_encoder,COMP,OURS,1825,-0.014932,-0.020137,-0.009726,-0.014932,-0.020137,-0.009726,True,0.0,encoder_temporal/encoder_temporal_per_variant.json::tov
POC-2B,tov,higher,raw,surgery_raw_encoder,surgical_autorgn_encoder,OURS,COMP,1825,-0.006301,-0.010274,-0.002466,-0.006301,-0.010274,-0.002466,True,0.0014,encoder_temporal/encoder_temporal_per_variant.json::tov
POC-2B,tov,higher,raw,surgical_3stage_DI_diheavy_encoder,surgical_autorgn_encoder,OURS,COMP,1825,0.000822,-0.003562,0.005069,0.000822,-0.003562,0.005069,False,0.7432,encoder_temporal/encoder_temporal_per_variant.json::tov
POC-2B,tov,higher,raw,surgical_3stage_DI_encoder,surgical_autorgn_encoder,OURS,COMP,1825,0.0,-0.004658,0.004384,0.0,-0.004658,0.004384,False,1.0,encoder_temporal/encoder_temporal_per_variant.json::tov
POC-2B,tov,higher,raw,surgical_3stage_DI_intervene_encoder,surgical_autorgn_encoder,OURS,COMP,1825,0.000274,-0.003973,0.004521,0.000274,-0.003973,0.004521,False,0.9296,encoder_temporal/encoder_temporal_per_variant.json::tov
POC-2B,tov,higher,raw,surgical_3stage_DI_replay25_encoder,surgical_autorgn_encoder,OURS,COMP,1825,-0.001644,-0.006027,0.002603,-0.001644,-0.006027,0.002603,False,0.4734,encoder_temporal/encoder_temporal_per_variant.json::tov
POC-2B,tov,higher,raw,surgical_3stage_DI_tccaux_encoder,surgical_autorgn_encoder,OURS,COMP,1825,-0.013425,-0.018356,-0.008356,-0.013425,-0.018356,-0.008356,True,0.0,encoder_temporal/encoder_temporal_per_variant.json::tov
POC-2B,tov,higher,raw,surgical_3stage_DI_wiseft_encoder,surgical_autorgn_encoder,OURS,COMP,1825,-0.002466,-0.00726,0.002466,-0.002466,-0.00726,0.002466,False,0.3198,encoder_temporal/encoder_temporal_per_variant.json::tov
POC-2B,tov,higher,raw,surgical_autorgn_encoder,surgical_intervene_wiseft_f30_encoder,COMP,OURS,1825,-0.003425,-0.007808,0.001096,-0.003425,-0.007808,0.001096,False,0.1412,encoder_temporal/encoder_temporal_per_variant.json::tov
POC-2B,tov,higher,raw,surgical_autorgn_encoder,surgical_intervene_wiseft_f50_encoder,COMP,OURS,1825,-0.006712,-0.01137,-0.002055,-0.006712,-0.01137,-0.002055,True,0.0044,encoder_temporal/encoder_temporal_per_variant.json::tov
POC-2B,tov,higher,raw,surgical_autorgn_encoder,surgical_intervene_wiseft_f70_encoder,COMP,OURS,1825,-0.009589,-0.014247,-0.004795,-0.009589,-0.014247,-0.004795,True,0.0004,encoder_temporal/encoder_temporal_per_variant.json::tov
POC-2B,tov,higher,raw,surgical_autorgn_encoder,surgical_noDI_encoder,COMP,OURS,1825,0.000548,-0.003425,0.004521,0.000548,-0.003425,0.004521,False,0.8198,encoder_temporal/encoder_temporal_per_variant.json::tov
POC-2B,pace,higher,raw,full_ft_encoder,surgery_raw_encoder,COMP,OURS,1825,-0.013151,-0.022283,-0.003981,-0.013151,-0.022283,-0.003981,True,0.006,encoder_temporal/encoder_temporal_per_variant.json::pace
POC-2B,pace,higher,raw,full_ft_encoder,surgical_3stage_DI_diheavy_encoder,COMP,OURS,1825,-0.002009,-0.011142,0.007123,-0.002009,-0.011142,0.007123,False,0.6908,encoder_temporal/encoder_temporal_per_variant.json::pace
POC-2B,pace,higher,raw,full_ft_encoder,surgical_3stage_DI_encoder,COMP,OURS,1825,-0.013516,-0.0221,-0.004749,-0.013516,-0.0221,-0.004749,True,0.0026,encoder_temporal/encoder_temporal_per_variant.json::pace
POC-2B,pace,higher,raw,full_ft_encoder,surgical_3stage_DI_intervene_encoder,COMP,OURS,1825,-0.012055,-0.020457,-0.003653,-0.012055,-0.020457,-0.003653,True,0.0062,encoder_temporal/encoder_temporal_per_variant.json::pace
POC-2B,pace,higher,raw,full_ft_encoder,surgical_3stage_DI_replay25_encoder,COMP,OURS,1825,-0.006575,-0.015342,0.002192,-0.006575,-0.015342,0.002192,False,0.1544,encoder_temporal/encoder_temporal_per_variant.json::pace
POC-2B,pace,higher,raw,full_ft_encoder,surgical_3stage_DI_tccaux_encoder,COMP,OURS,1825,0.000183,-0.009315,0.009315,0.000183,-0.009315,0.009315,False,0.9312,encoder_temporal/encoder_temporal_per_variant.json::pace
POC-2B,pace,higher,raw,full_ft_encoder,surgical_3stage_DI_wiseft_encoder,COMP,OURS,1825,0.013516,0.004201,0.023379,0.013516,0.004201,0.023379,True,0.0052,encoder_temporal/encoder_temporal_per_variant.json::pace
POC-2B,pace,higher,raw,full_ft_encoder,surgical_intervene_wiseft_f30_encoder,COMP,OURS,1825,-0.018813,-0.02758,-0.010228,-0.018813,-0.02758,-0.010228,True,0.0,encoder_temporal/encoder_temporal_per_variant.json::pace
POC-2B,pace,higher,raw,full_ft_encoder,surgical_intervene_wiseft_f50_encoder,COMP,OURS,1825,-0.007854,-0.017534,0.001461,-0.007854,-0.017534,0.001461,False,0.1106,encoder_temporal/encoder_temporal_per_variant.json::pace
POC-2B,pace,higher,raw,full_ft_encoder,surgical_intervene_wiseft_f70_encoder,COMP,OURS,1825,-0.010411,-0.020639,0.0,-0.010411,-0.020639,0.0,False,0.051,encoder_temporal/encoder_temporal_per_variant.json::pace
POC-2B,pace,higher,raw,full_ft_encoder,surgical_noDI_encoder,COMP,OURS,1825,0.005297,-0.004201,0.014429,0.005297,-0.004201,0.014429,False,0.2516,encoder_temporal/encoder_temporal_per_variant.json::pace
POC-2B,pace,higher,raw,lpft_encoder,surgery_raw_encoder,COMP,OURS,1825,-0.022648,-0.030685,-0.014612,-0.022648,-0.030685,-0.014612,True,0.0,encoder_temporal/encoder_temporal_per_variant.json::pace
POC-2B,pace,higher,raw,lpft_encoder,surgical_3stage_DI_diheavy_encoder,COMP,OURS,1825,-0.011507,-0.018995,-0.004566,-0.011507,-0.018995,-0.004566,True,0.0022,encoder_temporal/encoder_temporal_per_variant.json::pace
POC-2B,pace,higher,raw,lpft_encoder,surgical_3stage_DI_encoder,COMP,OURS,1825,-0.023014,-0.03105,-0.014247,-0.023014,-0.03105,-0.014247,True,0.0,encoder_temporal/encoder_temporal_per_variant.json::pace
POC-2B,pace,higher,raw,lpft_encoder,surgical_3stage_DI_intervene_encoder,COMP,OURS,1825,-0.021553,-0.030137,-0.012785,-0.021553,-0.030137,-0.012785,True,0.0,encoder_temporal/encoder_temporal_per_variant.json::pace
POC-2B,pace,higher,raw,lpft_encoder,surgical_3stage_DI_replay25_encoder,COMP,OURS,1825,-0.016073,-0.025571,-0.006575,-0.016073,-0.025571,-0.006575,True,0.0008,encoder_temporal/encoder_temporal_per_variant.json::pace
POC-2B,pace,higher,raw,lpft_encoder,surgical_3stage_DI_tccaux_encoder,COMP,OURS,1825,-0.009315,-0.017169,-0.001461,-0.009315,-0.017169,-0.001461,True,0.0222,encoder_temporal/encoder_temporal_per_variant.json::pace
POC-2B,pace,higher,raw,lpft_encoder,surgical_3stage_DI_wiseft_encoder,COMP,OURS,1825,0.004018,-0.005114,0.013151,0.004018,-0.005114,0.013151,False,0.3954,encoder_temporal/encoder_temporal_per_variant.json::pace
POC-2B,pace,higher,raw,lpft_encoder,surgical_intervene_wiseft_f30_encoder,COMP,OURS,1825,-0.028311,-0.037078,-0.019543,-0.028311,-0.037078,-0.019543,True,0.0,encoder_temporal/encoder_temporal_per_variant.json::pace
POC-2B,pace,higher,raw,lpft_encoder,surgical_intervene_wiseft_f50_encoder,COMP,OURS,1825,-0.017352,-0.026849,-0.008219,-0.017352,-0.026849,-0.008219,True,0.0,encoder_temporal/encoder_temporal_per_variant.json::pace
POC-2B,pace,higher,raw,lpft_encoder,surgical_intervene_wiseft_f70_encoder,COMP,OURS,1825,-0.019909,-0.03086,-0.00895,-0.019909,-0.03086,-0.00895,True,0.0,encoder_temporal/encoder_temporal_per_variant.json::pace
POC-2B,pace,higher,raw,lpft_encoder,surgical_noDI_encoder,COMP,OURS,1825,-0.004201,-0.013333,0.005114,-0.004201,-0.013333,0.005114,False,0.3946,encoder_temporal/encoder_temporal_per_variant.json::pace
POC-2B,pace,higher,raw,peft_dora_encoder,surgery_raw_encoder,COMP,OURS,1825,-0.012968,-0.021735,-0.004018,-0.012968,-0.021735,-0.004018,True,0.0034,encoder_temporal/encoder_temporal_per_variant.json::pace
POC-2B,pace,higher,raw,peft_dora_encoder,surgical_3stage_DI_diheavy_encoder,COMP,OURS,1825,-0.001826,-0.010594,0.006575,-0.001826,-0.010594,0.006575,False,0.677,encoder_temporal/encoder_temporal_per_variant.json::pace
POC-2B,pace,higher,raw,peft_dora_encoder,surgical_3stage_DI_encoder,COMP,OURS,1825,-0.013333,-0.021187,-0.005662,-0.013333,-0.021187,-0.005662,True,0.0008,encoder_temporal/encoder_temporal_per_variant.json::pace
POC-2B,pace,higher,raw,peft_dora_encoder,surgical_3stage_DI_intervene_encoder,COMP,OURS,1825,-0.011872,-0.020274,-0.00347,-0.011872,-0.020274,-0.00347,True,0.0058,encoder_temporal/encoder_temporal_per_variant.json::pace
POC-2B,pace,higher,raw,peft_dora_encoder,surgical_3stage_DI_replay25_encoder,COMP,OURS,1825,-0.006393,-0.01589,0.003105,-0.006393,-0.01589,0.003105,False,0.207,encoder_temporal/encoder_temporal_per_variant.json::pace
POC-2B,pace,higher,raw,peft_dora_encoder,surgical_3stage_DI_tccaux_encoder,COMP,OURS,1825,0.000365,-0.008584,0.008767,0.000365,-0.008584,0.008767,False,0.9234,encoder_temporal/encoder_temporal_per_variant.json::pace
POC-2B,pace,higher,raw,peft_dora_encoder,surgical_3stage_DI_wiseft_encoder,COMP,OURS,1825,0.013699,0.005114,0.0221,0.013699,0.005114,0.0221,True,0.0016,encoder_temporal/encoder_temporal_per_variant.json::pace
POC-2B,pace,higher,raw,peft_dora_encoder,surgical_intervene_wiseft_f30_encoder,COMP,OURS,1825,-0.01863,-0.027763,-0.009863,-0.01863,-0.027763,-0.009863,True,0.0,encoder_temporal/encoder_temporal_per_variant.json::pace
POC-2B,pace,higher,raw,peft_dora_encoder,surgical_intervene_wiseft_f50_encoder,COMP,OURS,1825,-0.007671,-0.017352,0.001644,-0.007671,-0.017352,0.001644,False,0.1156,encoder_temporal/encoder_temporal_per_variant.json::pace
POC-2B,pace,higher,raw,peft_dora_encoder,surgical_intervene_wiseft_f70_encoder,COMP,OURS,1825,-0.010228,-0.022648,0.001826,-0.010228,-0.022648,0.001826,False,0.1024,encoder_temporal/encoder_temporal_per_variant.json::pace
POC-2B,pace,higher,raw,peft_dora_encoder,surgical_noDI_encoder,COMP,OURS,1825,0.005479,-0.003105,0.014064,0.005479,-0.003105,0.014064,False,0.2106,encoder_temporal/encoder_temporal_per_variant.json::pace
POC-2B,pace,higher,raw,peft_lora_encoder,surgery_raw_encoder,COMP,OURS,1825,-0.00621,-0.014247,0.001644,-0.00621,-0.014247,0.001644,False,0.1178,encoder_temporal/encoder_temporal_per_variant.json::pace
POC-2B,pace,higher,raw,peft_lora_encoder,surgical_3stage_DI_diheavy_encoder,COMP,OURS,1825,0.004932,-0.005114,0.014429,0.004932,-0.005114,0.014429,False,0.3292,encoder_temporal/encoder_temporal_per_variant.json::pace
POC-2B,pace,higher,raw,peft_lora_encoder,surgical_3stage_DI_encoder,COMP,OURS,1825,-0.006575,-0.016438,0.002922,-0.006575,-0.016438,0.002922,False,0.187,encoder_temporal/encoder_temporal_per_variant.json::pace
POC-2B,pace,higher,raw,peft_lora_encoder,surgical_3stage_DI_intervene_encoder,COMP,OURS,1825,-0.005114,-0.013699,0.003836,-0.005114,-0.013699,0.003836,False,0.2538,encoder_temporal/encoder_temporal_per_variant.json::pace
POC-2B,pace,higher,raw,peft_lora_encoder,surgical_3stage_DI_replay25_encoder,COMP,OURS,1825,0.000365,-0.007489,0.008037,0.000365,-0.007489,0.008037,False,0.926,encoder_temporal/encoder_temporal_per_variant.json::pace
POC-2B,pace,higher,raw,peft_lora_encoder,surgical_3stage_DI_tccaux_encoder,COMP,OURS,1825,0.007123,-0.002653,0.016438,0.007123,-0.002653,0.016438,False,0.1464,encoder_temporal/encoder_temporal_per_variant.json::pace
POC-2B,pace,higher,raw,peft_lora_encoder,surgical_3stage_DI_wiseft_encoder,COMP,OURS,1825,0.020457,0.00895,0.031781,0.020457,0.00895,0.031781,True,0.0004,encoder_temporal/encoder_temporal_per_variant.json::pace
POC-2B,pace,higher,raw,peft_lora_encoder,surgical_intervene_wiseft_f30_encoder,COMP,OURS,1825,-0.011872,-0.021005,-0.00274,-0.011872,-0.021005,-0.00274,True,0.0108,encoder_temporal/encoder_temporal_per_variant.json::pace
POC-2B,pace,higher,raw,peft_lora_encoder,surgical_intervene_wiseft_f50_encoder,COMP,OURS,1825,-0.000913,-0.010594,0.00895,-0.000913,-0.010594,0.00895,False,0.8484,encoder_temporal/encoder_temporal_per_variant.json::pace
POC-2B,pace,higher,raw,peft_lora_encoder,surgical_intervene_wiseft_f70_encoder,COMP,OURS,1825,-0.00347,-0.01242,0.004932,-0.00347,-0.01242,0.004932,False,0.4196,encoder_temporal/encoder_temporal_per_variant.json::pace
POC-2B,pace,higher,raw,peft_lora_encoder,surgical_noDI_encoder,COMP,OURS,1825,0.012237,0.002557,0.021735,0.012237,0.002557,0.021735,True,0.0122,encoder_temporal/encoder_temporal_per_variant.json::pace
POC-2B,pace,higher,raw,pretrain_encoder,surgery_raw_encoder,COMP,OURS,1825,0.000913,-0.007306,0.009315,0.000913,-0.007306,0.009315,False,0.8312,encoder_temporal/encoder_temporal_per_variant.json::pace
POC-2B,pace,higher,raw,pretrain_encoder,surgical_3stage_DI_diheavy_encoder,COMP,OURS,1825,0.012055,0.003653,0.020457,0.012055,0.003653,0.020457,True,0.0054,encoder_temporal/encoder_temporal_per_variant.json::pace
POC-2B,pace,higher,raw,pretrain_encoder,surgical_3stage_DI_encoder,COMP,OURS,1825,0.000548,-0.007671,0.009132,0.000548,-0.007671,0.009132,False,0.8952,encoder_temporal/encoder_temporal_per_variant.json::pace
POC-2B,pace,higher,raw,pretrain_encoder,surgical_3stage_DI_intervene_encoder,COMP,OURS,1825,0.002009,-0.00621,0.010228,0.002009,-0.00621,0.010228,False,0.6192,encoder_temporal/encoder_temporal_per_variant.json::pace
POC-2B,pace,higher,raw,pretrain_encoder,surgical_3stage_DI_replay25_encoder,COMP,OURS,1825,0.007489,-0.000548,0.016256,0.007489,-0.000548,0.016256,False,0.078,encoder_temporal/encoder_temporal_per_variant.json::pace
POC-2B,pace,higher,raw,pretrain_encoder,surgical_3stage_DI_tccaux_encoder,COMP,OURS,1825,0.014247,0.006575,0.021918,0.014247,0.006575,0.021918,True,0.0,encoder_temporal/encoder_temporal_per_variant.json::pace
POC-2B,pace,higher,raw,pretrain_encoder,surgical_3stage_DI_wiseft_encoder,COMP,OURS,1825,0.02758,0.01863,0.03653,0.02758,0.01863,0.03653,True,0.0,encoder_temporal/encoder_temporal_per_variant.json::pace
POC-2B,pace,higher,raw,pretrain_encoder,surgical_intervene_wiseft_f30_encoder,COMP,OURS,1825,-0.004749,-0.012968,0.003836,-0.004749,-0.012968,0.003836,False,0.2704,encoder_temporal/encoder_temporal_per_variant.json::pace
POC-2B,pace,higher,raw,pretrain_encoder,surgical_intervene_wiseft_f50_encoder,COMP,OURS,1825,0.00621,-0.002009,0.014612,0.00621,-0.002009,0.014612,False,0.1374,encoder_temporal/encoder_temporal_per_variant.json::pace
POC-2B,pace,higher,raw,pretrain_encoder,surgical_intervene_wiseft_f70_encoder,COMP,OURS,1825,0.003653,-0.00621,0.013699,0.003653,-0.00621,0.013699,False,0.4732,encoder_temporal/encoder_temporal_per_variant.json::pace
POC-2B,pace,higher,raw,pretrain_encoder,surgical_noDI_encoder,COMP,OURS,1825,0.019361,0.010431,0.028128,0.019361,0.010431,0.028128,True,0.0,encoder_temporal/encoder_temporal_per_variant.json::pace
POC-2B,pace,higher,raw,surgery_raw_encoder,surgical_autorgn_encoder,OURS,COMP,1825,0.008219,-0.000548,0.017169,0.008219,-0.000548,0.017169,False,0.0694,encoder_temporal/encoder_temporal_per_variant.json::pace
POC-2B,pace,higher,raw,surgical_3stage_DI_diheavy_encoder,surgical_autorgn_encoder,OURS,COMP,1825,-0.002922,-0.012603,0.007098,-0.002922,-0.012603,0.007098,False,0.5626,encoder_temporal/encoder_temporal_per_variant.json::pace
POC-2B,pace,higher,raw,surgical_3stage_DI_encoder,surgical_autorgn_encoder,OURS,COMP,1825,0.008584,-0.000548,0.018265,0.008584,-0.000548,0.018265,False,0.07,encoder_temporal/encoder_temporal_per_variant.json::pace
POC-2B,pace,higher,raw,surgical_3stage_DI_intervene_encoder,surgical_autorgn_encoder,OURS,COMP,1825,0.007123,-0.001644,0.01589,0.007123,-0.001644,0.01589,False,0.1184,encoder_temporal/encoder_temporal_per_variant.json::pace
POC-2B,pace,higher,raw,surgical_3stage_DI_replay25_encoder,surgical_autorgn_encoder,OURS,COMP,1825,0.001644,-0.006393,0.00968,0.001644,-0.006393,0.00968,False,0.703,encoder_temporal/encoder_temporal_per_variant.json::pace
POC-2B,pace,higher,raw,surgical_3stage_DI_tccaux_encoder,surgical_autorgn_encoder,OURS,COMP,1825,-0.005114,-0.014429,0.004384,-0.005114,-0.014429,0.004384,False,0.2964,encoder_temporal/encoder_temporal_per_variant.json::pace
POC-2B,pace,higher,raw,surgical_3stage_DI_wiseft_encoder,surgical_autorgn_encoder,OURS,COMP,1825,-0.018447,-0.029224,-0.007306,-0.018447,-0.029224,-0.007306,True,0.001,encoder_temporal/encoder_temporal_per_variant.json::pace
POC-2B,pace,higher,raw,surgical_autorgn_encoder,surgical_intervene_wiseft_f30_encoder,COMP,OURS,1825,-0.013881,-0.022831,-0.004932,-0.013881,-0.022831,-0.004932,True,0.0024,encoder_temporal/encoder_temporal_per_variant.json::pace
POC-2B,pace,higher,raw,surgical_autorgn_encoder,surgical_intervene_wiseft_f50_encoder,COMP,OURS,1825,-0.002922,-0.012785,0.006941,-0.002922,-0.012785,0.006941,False,0.5808,encoder_temporal/encoder_temporal_per_variant.json::pace
POC-2B,pace,higher,raw,surgical_autorgn_encoder,surgical_intervene_wiseft_f70_encoder,COMP,OURS,1825,-0.005479,-0.014795,0.003653,-0.005479,-0.014795,0.003653,False,0.2514,encoder_temporal/encoder_temporal_per_variant.json::pace
POC-2B,pace,higher,raw,surgical_autorgn_encoder,surgical_noDI_encoder,COMP,OURS,1825,0.010228,0.000731,0.019726,0.010228,0.000731,0.019726,True,0.0356,encoder_temporal/encoder_temporal_per_variant.json::pace
POC-1B,act,higher,pp,full_ft_encoder,surgery_raw_encoder,COMP,OURS,1825,2.9041,0.9315,4.8219,2.9041,0.9315,4.8219,True,0.0032,probe_action/probe_paired_delta.json
POC-1B,act,higher,pp,full_ft_encoder,surgical_3stage_DI_diheavy_encoder,COMP,OURS,1825,2.6301,0.8219,4.4932,2.6301,0.8219,4.4932,True,0.0058,probe_action/probe_paired_delta.json
POC-1B,act,higher,pp,full_ft_encoder,surgical_3stage_DI_encoder,COMP,OURS,1825,3.2329,1.2336,5.2055,3.2329,1.2336,5.2055,True,0.0014,probe_action/probe_paired_delta.json
POC-1B,act,higher,pp,full_ft_encoder,surgical_3stage_DI_intervene_encoder,COMP,OURS,1825,3.6164,1.7534,5.4922,3.6164,1.7534,5.4922,True,0.0004,probe_action/probe_paired_delta.json
POC-1B,act,higher,pp,full_ft_encoder,surgical_intervene_wiseft_f30_encoder,COMP,OURS,1825,5.0959,3.1233,7.0137,5.0959,3.1233,7.0137,True,0.0,probe_action/probe_paired_delta.json
POC-1B,act,higher,pp,full_ft_encoder,surgical_intervene_wiseft_f50_encoder,COMP,OURS,1825,5.8082,3.6712,7.9452,5.8082,3.6712,7.9452,True,0.0,probe_action/probe_paired_delta.json
POC-1B,act,higher,pp,full_ft_encoder,surgical_intervene_wiseft_f70_encoder,COMP,OURS,1825,5.8082,3.726,7.9452,5.8082,3.726,7.9452,True,0.0,probe_action/probe_paired_delta.json
POC-1B,act,higher,pp,lpft_encoder,surgery_raw_encoder,COMP,OURS,1825,-1.9178,-3.7808,-0.0294,-1.9178,-3.7808,-0.0294,True,0.05,probe_action/probe_paired_delta.json
POC-1B,act,higher,pp,lpft_encoder,surgical_3stage_DI_diheavy_encoder,COMP,OURS,1825,-2.1918,-3.8356,-0.4932,-2.1918,-3.8356,-0.4932,True,0.012,probe_action/probe_paired_delta.json
POC-1B,act,higher,pp,lpft_encoder,surgical_3stage_DI_encoder,COMP,OURS,1825,-1.589,-3.5068,0.3836,-1.589,-3.5068,0.3836,False,0.1072,probe_action/probe_paired_delta.json
POC-1B,act,higher,pp,lpft_encoder,surgical_3stage_DI_intervene_encoder,COMP,OURS,1825,-1.2055,-2.9041,0.6027,-1.2055,-2.9041,0.6027,False,0.1868,probe_action/probe_paired_delta.json
POC-1B,act,higher,pp,lpft_encoder,surgical_intervene_wiseft_f30_encoder,COMP,OURS,1825,0.274,-1.5342,2.137,0.274,-1.5342,2.137,False,0.7862,probe_action/probe_paired_delta.json
POC-1B,act,higher,pp,lpft_encoder,surgical_intervene_wiseft_f50_encoder,COMP,OURS,1825,0.9863,-1.0411,3.0137,0.9863,-1.0411,3.0137,False,0.3542,probe_action/probe_paired_delta.json
POC-1B,act,higher,pp,lpft_encoder,surgical_intervene_wiseft_f70_encoder,COMP,OURS,1825,0.9863,-1.1507,3.1781,0.9863,-1.1507,3.1781,False,0.3916,probe_action/probe_paired_delta.json
POC-1B,act,higher,pp,peft_dora_encoder,surgery_raw_encoder,COMP,OURS,1825,-0.4384,-2.2466,1.3699,-0.4384,-2.2466,1.3699,False,0.6656,probe_action/probe_paired_delta.json
POC-1B,act,higher,pp,peft_dora_encoder,surgical_3stage_DI_diheavy_encoder,COMP,OURS,1825,-0.7123,-2.5753,1.1507,-0.7123,-2.5753,1.1507,False,0.4684,probe_action/probe_paired_delta.json
POC-1B,act,higher,pp,peft_dora_encoder,surgical_3stage_DI_encoder,COMP,OURS,1825,-0.1096,-1.9178,1.7534,-0.1096,-1.9178,1.7534,False,0.9136,probe_action/probe_paired_delta.json
POC-1B,act,higher,pp,peft_dora_encoder,surgical_3stage_DI_intervene_encoder,COMP,OURS,1825,0.274,-1.6986,2.1918,0.274,-1.6986,2.1918,False,0.8068,probe_action/probe_paired_delta.json
POC-1B,act,higher,pp,peft_dora_encoder,surgical_intervene_wiseft_f30_encoder,COMP,OURS,1825,1.7534,-0.274,3.6712,1.7534,-0.274,3.6712,False,0.0926,probe_action/probe_paired_delta.json
POC-1B,act,higher,pp,peft_dora_encoder,surgical_intervene_wiseft_f50_encoder,COMP,OURS,1825,2.4658,0.3288,4.4932,2.4658,0.3288,4.4932,True,0.0224,probe_action/probe_paired_delta.json
POC-1B,act,higher,pp,peft_dora_encoder,surgical_intervene_wiseft_f70_encoder,COMP,OURS,1825,2.4658,0.3836,4.4932,2.4658,0.3836,4.4932,True,0.0208,probe_action/probe_paired_delta.json
POC-1B,act,higher,pp,peft_lora_encoder,surgery_raw_encoder,COMP,OURS,1825,-1.3151,-3.0137,0.4384,-1.3151,-3.0137,0.4384,False,0.1476,probe_action/probe_paired_delta.json
POC-1B,act,higher,pp,peft_lora_encoder,surgical_3stage_DI_diheavy_encoder,COMP,OURS,1825,-1.589,-3.2877,0.0548,-1.589,-3.2877,0.0548,False,0.0598,probe_action/probe_paired_delta.json
POC-1B,act,higher,pp,peft_lora_encoder,surgical_3stage_DI_encoder,COMP,OURS,1825,-0.9863,-2.8493,0.8219,-0.9863,-2.8493,0.8219,False,0.295,probe_action/probe_paired_delta.json
POC-1B,act,higher,pp,peft_lora_encoder,surgical_3stage_DI_intervene_encoder,COMP,OURS,1825,-0.6027,-2.3014,1.1507,-0.6027,-2.3014,1.1507,False,0.5084,probe_action/probe_paired_delta.json
POC-1B,act,higher,pp,peft_lora_encoder,surgical_intervene_wiseft_f30_encoder,COMP,OURS,1825,0.8767,-0.9315,2.7397,0.8767,-0.9315,2.7397,False,0.3622,probe_action/probe_paired_delta.json
POC-1B,act,higher,pp,peft_lora_encoder,surgical_intervene_wiseft_f50_encoder,COMP,OURS,1825,1.589,-0.3836,3.5616,1.589,-0.3836,3.5616,False,0.1126,probe_action/probe_paired_delta.json
POC-1B,act,higher,pp,peft_lora_encoder,surgical_intervene_wiseft_f70_encoder,COMP,OURS,1825,1.589,-0.6027,3.7808,1.589,-0.6027,3.7808,False,0.1618,probe_action/probe_paired_delta.json
POC-1B,act,higher,pp,pretrain_encoder,surgery_raw_encoder,COMP,OURS,1825,1.3151,-0.7123,3.3425,1.3151,-0.7123,3.3425,False,0.198,probe_action/probe_paired_delta.json
POC-1B,act,higher,pp,pretrain_encoder,surgical_3stage_DI_diheavy_encoder,COMP,OURS,1825,1.0411,-0.7671,2.7945,1.0411,-0.7671,2.7945,False,0.2582,probe_action/probe_paired_delta.json
POC-1B,act,higher,pp,pretrain_encoder,surgical_3stage_DI_encoder,COMP,OURS,1825,1.6438,-0.274,3.6164,1.6438,-0.274,3.6164,False,0.1038,probe_action/probe_paired_delta.json
POC-1B,act,higher,pp,pretrain_encoder,surgical_3stage_DI_intervene_encoder,COMP,OURS,1825,2.0274,-0.0548,4.1644,2.0274,-0.0548,4.1644,False,0.0628,probe_action/probe_paired_delta.json
POC-1B,act,higher,pp,pretrain_encoder,surgical_intervene_wiseft_f30_encoder,COMP,OURS,1825,3.5068,1.589,5.4247,3.5068,1.589,5.4247,True,0.0002,probe_action/probe_paired_delta.json
POC-1B,act,higher,pp,pretrain_encoder,surgical_intervene_wiseft_f50_encoder,COMP,OURS,1825,4.2192,2.0274,6.3562,4.2192,2.0274,6.3562,True,0.0002,probe_action/probe_paired_delta.json
POC-1B,act,higher,pp,pretrain_encoder,surgical_intervene_wiseft_f70_encoder,COMP,OURS,1825,4.2192,2.1918,6.3014,4.2192,2.1918,6.3014,True,0.0002,probe_action/probe_paired_delta.json
POC-1B,act,higher,pp,surgery_raw_encoder,surgical_autorgn_encoder,OURS,COMP,1825,-1.6986,-3.7808,0.3362,-1.6986,-3.7808,0.3362,False,0.1108,probe_action/probe_paired_delta.json
POC-1B,act,higher,pp,surgical_3stage_DI_diheavy_encoder,surgical_autorgn_encoder,OURS,COMP,1825,-1.4247,-3.3425,0.4575,-1.4247,-3.3425,0.4575,False,0.15,probe_action/probe_paired_delta.json
POC-1B,act,higher,pp,surgical_3stage_DI_encoder,surgical_autorgn_encoder,OURS,COMP,1825,-2.0274,-4.0,-0.1096,-2.0274,-4.0,-0.1096,True,0.0472,probe_action/probe_paired_delta.json
POC-1B,act,higher,pp,surgical_3stage_DI_intervene_encoder,surgical_autorgn_encoder,OURS,COMP,1825,-2.411,-4.4932,-0.3836,-2.411,-4.4932,-0.3836,True,0.022,probe_action/probe_paired_delta.json
POC-1B,act,higher,pp,surgical_autorgn_encoder,surgical_intervene_wiseft_f30_encoder,COMP,OURS,1825,3.8904,1.9178,5.9178,3.8904,1.9178,5.9178,True,0.0,probe_action/probe_paired_delta.json
POC-1B,act,higher,pp,surgical_autorgn_encoder,surgical_intervene_wiseft_f50_encoder,COMP,OURS,1825,4.6027,2.411,6.7945,4.6027,2.411,6.7945,True,0.0,probe_action/probe_paired_delta.json
POC-1B,act,higher,pp,surgical_autorgn_encoder,surgical_intervene_wiseft_f70_encoder,COMP,OURS,1825,4.6027,2.6849,6.5753,4.6027,2.6849,6.5753,True,0.0,probe_action/probe_paired_delta.json
POC-1B,mcos,higher,raw,full_ft_encoder,surgery_raw_encoder,COMP,OURS,1825,0.029948,0.028835,0.031068,0.029948,0.028835,0.031068,True,0.0,probe_motion_cos/probe_motion_cos_paired.json
POC-1B,mcos,higher,raw,full_ft_encoder,surgical_3stage_DI_diheavy_encoder,COMP,OURS,1825,0.041532,0.040246,0.042828,0.041532,0.040246,0.042828,True,0.0,probe_motion_cos/probe_motion_cos_paired.json
POC-1B,mcos,higher,raw,full_ft_encoder,surgical_3stage_DI_encoder,COMP,OURS,1825,0.042332,0.041049,0.04362,0.042332,0.041049,0.04362,True,0.0,probe_motion_cos/probe_motion_cos_paired.json
POC-1B,mcos,higher,raw,full_ft_encoder,surgical_3stage_DI_intervene_encoder,COMP,OURS,1825,0.045641,0.044281,0.046989,0.045641,0.044281,0.046989,True,0.0,probe_motion_cos/probe_motion_cos_paired.json
POC-1B,mcos,higher,raw,full_ft_encoder,surgical_intervene_wiseft_f30_encoder,COMP,OURS,1825,0.065374,0.063472,0.06726,0.065374,0.063472,0.06726,True,0.0,probe_motion_cos/probe_motion_cos_paired.json
POC-1B,mcos,higher,raw,full_ft_encoder,surgical_intervene_wiseft_f50_encoder,COMP,OURS,1825,0.073512,0.07137,0.075682,0.073512,0.07137,0.075682,True,0.0,probe_motion_cos/probe_motion_cos_paired.json
POC-1B,mcos,higher,raw,full_ft_encoder,surgical_intervene_wiseft_f70_encoder,COMP,OURS,1825,0.078537,0.076232,0.080862,0.078537,0.076232,0.080862,True,0.0,probe_motion_cos/probe_motion_cos_paired.json
POC-1B,mcos,higher,raw,lpft_encoder,surgery_raw_encoder,COMP,OURS,1825,-0.02214,-0.022836,-0.021424,-0.02214,-0.022836,-0.021424,True,0.0,probe_motion_cos/probe_motion_cos_paired.json
POC-1B,mcos,higher,raw,lpft_encoder,surgical_3stage_DI_diheavy_encoder,COMP,OURS,1825,-0.010556,-0.010963,-0.010159,-0.010556,-0.010963,-0.010159,True,0.0,probe_motion_cos/probe_motion_cos_paired.json
POC-1B,mcos,higher,raw,lpft_encoder,surgical_3stage_DI_encoder,COMP,OURS,1825,-0.009756,-0.01014,-0.009393,-0.009756,-0.01014,-0.009393,True,0.0,probe_motion_cos/probe_motion_cos_paired.json
POC-1B,mcos,higher,raw,lpft_encoder,surgical_3stage_DI_intervene_encoder,COMP,OURS,1825,-0.006446,-0.00676,-0.00615,-0.006446,-0.00676,-0.00615,True,0.0,probe_motion_cos/probe_motion_cos_paired.json
POC-1B,mcos,higher,raw,lpft_encoder,surgical_intervene_wiseft_f30_encoder,COMP,OURS,1825,0.013287,0.012689,0.013879,0.013287,0.012689,0.013879,True,0.0,probe_motion_cos/probe_motion_cos_paired.json
POC-1B,mcos,higher,raw,lpft_encoder,surgical_intervene_wiseft_f50_encoder,COMP,OURS,1825,0.021424,0.020554,0.022302,0.021424,0.020554,0.022302,True,0.0,probe_motion_cos/probe_motion_cos_paired.json
POC-1B,mcos,higher,raw,lpft_encoder,surgical_intervene_wiseft_f70_encoder,COMP,OURS,1825,0.02645,0.025407,0.027486,0.02645,0.025407,0.027486,True,0.0,probe_motion_cos/probe_motion_cos_paired.json
POC-1B,mcos,higher,raw,peft_dora_encoder,surgery_raw_encoder,COMP,OURS,1825,0.008089,0.007587,0.008561,0.008089,0.007587,0.008561,True,0.0,probe_motion_cos/probe_motion_cos_paired.json
POC-1B,mcos,higher,raw,peft_dora_encoder,surgical_3stage_DI_diheavy_encoder,COMP,OURS,1825,0.019673,0.018992,0.020334,0.019673,0.018992,0.020334,True,0.0,probe_motion_cos/probe_motion_cos_paired.json
POC-1B,mcos,higher,raw,peft_dora_encoder,surgical_3stage_DI_encoder,COMP,OURS,1825,0.020473,0.019748,0.021159,0.020473,0.019748,0.021159,True,0.0,probe_motion_cos/probe_motion_cos_paired.json
POC-1B,mcos,higher,raw,peft_dora_encoder,surgical_3stage_DI_intervene_encoder,COMP,OURS,1825,0.023783,0.022945,0.024583,0.023783,0.022945,0.024583,True,0.0,probe_motion_cos/probe_motion_cos_paired.json
POC-1B,mcos,higher,raw,peft_dora_encoder,surgical_intervene_wiseft_f30_encoder,COMP,OURS,1825,0.043516,0.042018,0.044981,0.043516,0.042018,0.044981,True,0.0,probe_motion_cos/probe_motion_cos_paired.json
POC-1B,mcos,higher,raw,peft_dora_encoder,surgical_intervene_wiseft_f50_encoder,COMP,OURS,1825,0.051653,0.049891,0.053396,0.051653,0.049891,0.053396,True,0.0,probe_motion_cos/probe_motion_cos_paired.json
POC-1B,mcos,higher,raw,peft_dora_encoder,surgical_intervene_wiseft_f70_encoder,COMP,OURS,1825,0.056679,0.054764,0.058599,0.056679,0.054764,0.058599,True,0.0,probe_motion_cos/probe_motion_cos_paired.json
POC-1B,mcos,higher,raw,peft_lora_encoder,surgery_raw_encoder,COMP,OURS,1825,0.008035,0.007536,0.008508,0.008035,0.007536,0.008508,True,0.0,probe_motion_cos/probe_motion_cos_paired.json
POC-1B,mcos,higher,raw,peft_lora_encoder,surgical_3stage_DI_diheavy_encoder,COMP,OURS,1825,0.019618,0.018937,0.020275,0.019618,0.018937,0.020275,True,0.0,probe_motion_cos/probe_motion_cos_paired.json
POC-1B,mcos,higher,raw,peft_lora_encoder,surgical_3stage_DI_encoder,COMP,OURS,1825,0.020418,0.019694,0.021102,0.020418,0.019694,0.021102,True,0.0,probe_motion_cos/probe_motion_cos_paired.json
POC-1B,mcos,higher,raw,peft_lora_encoder,surgical_3stage_DI_intervene_encoder,COMP,OURS,1825,0.023728,0.022893,0.024527,0.023728,0.022893,0.024527,True,0.0,probe_motion_cos/probe_motion_cos_paired.json
POC-1B,mcos,higher,raw,peft_lora_encoder,surgical_intervene_wiseft_f30_encoder,COMP,OURS,1825,0.043461,0.041962,0.044927,0.043461,0.041962,0.044927,True,0.0,probe_motion_cos/probe_motion_cos_paired.json
POC-1B,mcos,higher,raw,peft_lora_encoder,surgical_intervene_wiseft_f50_encoder,COMP,OURS,1825,0.051598,0.04984,0.053343,0.051598,0.04984,0.053343,True,0.0,probe_motion_cos/probe_motion_cos_paired.json
POC-1B,mcos,higher,raw,peft_lora_encoder,surgical_intervene_wiseft_f70_encoder,COMP,OURS,1825,0.056624,0.054712,0.05854,0.056624,0.054712,0.05854,True,0.0,probe_motion_cos/probe_motion_cos_paired.json
POC-1B,mcos,higher,raw,pretrain_encoder,surgery_raw_encoder,COMP,OURS,1825,-0.00528,-0.005914,-0.004688,-0.00528,-0.005914,-0.004688,True,0.0,probe_motion_cos/probe_motion_cos_paired.json
POC-1B,mcos,higher,raw,pretrain_encoder,surgical_3stage_DI_diheavy_encoder,COMP,OURS,1825,0.006304,0.005737,0.006848,0.006304,0.005737,0.006848,True,0.0,probe_motion_cos/probe_motion_cos_paired.json
POC-1B,mcos,higher,raw,pretrain_encoder,surgical_3stage_DI_encoder,COMP,OURS,1825,0.007104,0.006497,0.007675,0.007104,0.006497,0.007675,True,0.0,probe_motion_cos/probe_motion_cos_paired.json
POC-1B,mcos,higher,raw,pretrain_encoder,surgical_3stage_DI_intervene_encoder,COMP,OURS,1825,0.010414,0.009783,0.011051,0.010414,0.009783,0.011051,True,0.0,probe_motion_cos/probe_motion_cos_paired.json
POC-1B,mcos,higher,raw,pretrain_encoder,surgical_intervene_wiseft_f30_encoder,COMP,OURS,1825,0.030146,0.029068,0.031238,0.030146,0.029068,0.031238,True,0.0,probe_motion_cos/probe_motion_cos_paired.json
POC-1B,mcos,higher,raw,pretrain_encoder,surgical_intervene_wiseft_f50_encoder,COMP,OURS,1825,0.038284,0.036971,0.03964,0.038284,0.036971,0.03964,True,0.0,probe_motion_cos/probe_motion_cos_paired.json
POC-1B,mcos,higher,raw,pretrain_encoder,surgical_intervene_wiseft_f70_encoder,COMP,OURS,1825,0.043309,0.041823,0.044811,0.043309,0.041823,0.044811,True,0.0,probe_motion_cos/probe_motion_cos_paired.json
POC-1B,mcos,higher,raw,surgery_raw_encoder,surgical_autorgn_encoder,OURS,COMP,1825,-0.020406,-0.021409,-0.019395,-0.020406,-0.021409,-0.019395,True,0.0,probe_motion_cos/probe_motion_cos_paired.json
POC-1B,mcos,higher,raw,surgical_3stage_DI_diheavy_encoder,surgical_autorgn_encoder,OURS,COMP,1825,-0.03199,-0.033176,-0.030794,-0.03199,-0.033176,-0.030794,True,0.0,probe_motion_cos/probe_motion_cos_paired.json
POC-1B,mcos,higher,raw,surgical_3stage_DI_encoder,surgical_autorgn_encoder,OURS,COMP,1825,-0.03279,-0.033962,-0.031583,-0.03279,-0.033962,-0.031583,True,0.0,probe_motion_cos/probe_motion_cos_paired.json
POC-1B,mcos,higher,raw,surgical_3stage_DI_intervene_encoder,surgical_autorgn_encoder,OURS,COMP,1825,-0.036099,-0.037341,-0.034819,-0.036099,-0.037341,-0.034819,True,0.0,probe_motion_cos/probe_motion_cos_paired.json
POC-1B,mcos,higher,raw,surgical_autorgn_encoder,surgical_intervene_wiseft_f30_encoder,COMP,OURS,1825,0.055832,0.053964,0.057661,0.055832,0.053964,0.057661,True,0.0,probe_motion_cos/probe_motion_cos_paired.json
POC-1B,mcos,higher,raw,surgical_autorgn_encoder,surgical_intervene_wiseft_f50_encoder,COMP,OURS,1825,0.06397,0.06186,0.066061,0.06397,0.06186,0.066061,True,0.0,probe_motion_cos/probe_motion_cos_paired.json
POC-1B,mcos,higher,raw,surgical_autorgn_encoder,surgical_intervene_wiseft_f70_encoder,COMP,OURS,1825,0.068995,0.066724,0.071254,0.068995,0.066724,0.071254,True,0.0,probe_motion_cos/probe_motion_cos_paired.json
POC-1B,fut,lower,raw,pretrain_encoder,surgical_3stage_DI_encoder,COMP,OURS,1825,0.015885,0.015118,0.016652,-0.015885,-0.015118,-0.016652,True,0.0,probe_future_mse/probe_future_mse_per_variant.json
POC-1B,fut,lower,raw,pretrain_encoder,surgery_raw_encoder,COMP,OURS,1825,0.020083,0.019325,0.02083,-0.020083,-0.019325,-0.02083,True,0.0,probe_future_mse/probe_future_mse_per_variant.json
POC-1B,fut,lower,raw,pretrain_encoder,surgical_3stage_DI_diheavy_encoder,COMP,OURS,1825,0.017403,0.016645,0.018161,-0.017403,-0.016645,-0.018161,True,0.0,probe_future_mse/probe_future_mse_per_variant.json
POC-1B,fut,lower,raw,pretrain_encoder,surgical_3stage_DI_intervene_encoder,COMP,OURS,1825,0.015885,0.015176,0.016602,-0.015885,-0.015176,-0.016602,True,0.0,probe_future_mse/probe_future_mse_per_variant.json
POC-1B,fut,lower,raw,pretrain_encoder,surgical_intervene_wiseft_f30_encoder,COMP,OURS,1825,0.007741,0.006978,0.008508,-0.007741,-0.006978,-0.008508,True,0.0,probe_future_mse/probe_future_mse_per_variant.json
POC-1B,fut,lower,raw,pretrain_encoder,surgical_intervene_wiseft_f50_encoder,COMP,OURS,1825,-0.000215,-0.001023,0.000552,0.000215,0.001023,-0.000552,True,0.6048,probe_future_mse/probe_future_mse_per_variant.json
POC-1B,fut,lower,raw,pretrain_encoder,surgical_intervene_wiseft_f70_encoder,COMP,OURS,1825,-0.009745,-0.010542,-0.008932,0.009745,0.010542,0.008932,True,0.0,probe_future_mse/probe_future_mse_per_variant.json
POC-1B,fut,lower,raw,surgical_3stage_DI_encoder,surgical_autorgn_encoder,OURS,COMP,1825,-0.019905,-0.0207,-0.019138,0.019905,0.0207,0.019138,True,0.0,probe_future_mse/probe_future_mse_per_variant.json
POC-1B,fut,lower,raw,surgical_3stage_DI_encoder,full_ft_encoder,OURS,COMP,1825,-0.03624,-0.037061,-0.035415,0.03624,0.037061,0.035415,True,0.0,probe_future_mse/probe_future_mse_per_variant.json
POC-1B,fut,lower,raw,surgical_3stage_DI_encoder,lpft_encoder,OURS,COMP,1825,-0.03204,-0.032847,-0.03127,0.03204,0.032847,0.03127,True,0.0,probe_future_mse/probe_future_mse_per_variant.json
POC-1B,fut,lower,raw,surgical_3stage_DI_encoder,peft_lora_encoder,OURS,COMP,1825,-0.004381,-0.005178,-0.003608,0.004381,0.005178,0.003608,True,0.0,probe_future_mse/probe_future_mse_per_variant.json
POC-1B,fut,lower,raw,surgical_3stage_DI_encoder,peft_dora_encoder,OURS,COMP,1825,-0.004599,-0.00537,-0.003828,0.004599,0.00537,0.003828,True,0.0,probe_future_mse/probe_future_mse_per_variant.json
POC-1B,fut,lower,raw,surgical_autorgn_encoder,surgery_raw_encoder,COMP,OURS,1825,0.024103,0.023324,0.024876,-0.024103,-0.023324,-0.024876,True,0.0,probe_future_mse/probe_future_mse_per_variant.json
POC-1B,fut,lower,raw,surgical_autorgn_encoder,surgical_3stage_DI_diheavy_encoder,COMP,OURS,1825,0.021423,0.020665,0.022197,-0.021423,-0.020665,-0.022197,True,0.0,probe_future_mse/probe_future_mse_per_variant.json
POC-1B,fut,lower,raw,surgical_autorgn_encoder,surgical_3stage_DI_intervene_encoder,COMP,OURS,1825,0.019905,0.019164,0.020661,-0.019905,-0.019164,-0.020661,True,0.0,probe_future_mse/probe_future_mse_per_variant.json
POC-1B,fut,lower,raw,surgical_autorgn_encoder,surgical_intervene_wiseft_f30_encoder,COMP,OURS,1825,0.011761,0.01099,0.012571,-0.011761,-0.01099,-0.012571,True,0.0,probe_future_mse/probe_future_mse_per_variant.json
POC-1B,fut,lower,raw,surgical_autorgn_encoder,surgical_intervene_wiseft_f50_encoder,COMP,OURS,1825,0.003805,0.003024,0.004599,-0.003805,-0.003024,-0.004599,True,0.0,probe_future_mse/probe_future_mse_per_variant.json
POC-1B,fut,lower,raw,surgical_autorgn_encoder,surgical_intervene_wiseft_f70_encoder,COMP,OURS,1825,-0.005725,-0.00652,-0.004926,0.005725,0.00652,0.004926,True,0.0,probe_future_mse/probe_future_mse_per_variant.json
POC-1B,fut,lower,raw,surgery_raw_encoder,full_ft_encoder,OURS,COMP,1825,-0.040438,-0.041238,-0.039609,0.040438,0.041238,0.039609,True,0.0,probe_future_mse/probe_future_mse_per_variant.json
POC-1B,fut,lower,raw,surgery_raw_encoder,lpft_encoder,OURS,COMP,1825,-0.036238,-0.036988,-0.035487,0.036238,0.036988,0.035487,True,0.0,probe_future_mse/probe_future_mse_per_variant.json
POC-1B,fut,lower,raw,surgery_raw_encoder,peft_lora_encoder,OURS,COMP,1825,-0.008579,-0.009331,-0.007844,0.008579,0.009331,0.007844,True,0.0,probe_future_mse/probe_future_mse_per_variant.json
POC-1B,fut,lower,raw,surgery_raw_encoder,peft_dora_encoder,OURS,COMP,1825,-0.008797,-0.009523,-0.008055,0.008797,0.009523,0.008055,True,0.0,probe_future_mse/probe_future_mse_per_variant.json
POC-1B,fut,lower,raw,full_ft_encoder,surgical_3stage_DI_diheavy_encoder,COMP,OURS,1825,0.037758,0.036924,0.038615,-0.037758,-0.036924,-0.038615,True,0.0,probe_future_mse/probe_future_mse_per_variant.json
POC-1B,fut,lower,raw,full_ft_encoder,surgical_3stage_DI_intervene_encoder,COMP,OURS,1825,0.036239,0.035507,0.03699,-0.036239,-0.035507,-0.03699,True,0.0,probe_future_mse/probe_future_mse_per_variant.json
POC-1B,fut,lower,raw,full_ft_encoder,surgical_intervene_wiseft_f30_encoder,COMP,OURS,1825,0.028096,0.027262,0.028953,-0.028096,-0.027262,-0.028953,True,0.0,probe_future_mse/probe_future_mse_per_variant.json
POC-1B,fut,lower,raw,full_ft_encoder,surgical_intervene_wiseft_f50_encoder,COMP,OURS,1825,0.02014,0.019314,0.020991,-0.02014,-0.019314,-0.020991,True,0.0,probe_future_mse/probe_future_mse_per_variant.json
POC-1B,fut,lower,raw,full_ft_encoder,surgical_intervene_wiseft_f70_encoder,COMP,OURS,1825,0.010609,0.009769,0.01148,-0.010609,-0.009769,-0.01148,True,0.0,probe_future_mse/probe_future_mse_per_variant.json
POC-1B,fut,lower,raw,lpft_encoder,surgical_3stage_DI_diheavy_encoder,COMP,OURS,1825,0.033557,0.032775,0.03434,-0.033557,-0.032775,-0.03434,True,0.0,probe_future_mse/probe_future_mse_per_variant.json
POC-1B,fut,lower,raw,lpft_encoder,surgical_3stage_DI_intervene_encoder,COMP,OURS,1825,0.032039,0.031278,0.032805,-0.032039,-0.031278,-0.032805,True,0.0,probe_future_mse/probe_future_mse_per_variant.json
POC-1B,fut,lower,raw,lpft_encoder,surgical_intervene_wiseft_f30_encoder,COMP,OURS,1825,0.023895,0.023114,0.024669,-0.023895,-0.023114,-0.024669,True,0.0,probe_future_mse/probe_future_mse_per_variant.json
POC-1B,fut,lower,raw,lpft_encoder,surgical_intervene_wiseft_f50_encoder,COMP,OURS,1825,0.015939,0.015129,0.016772,-0.015939,-0.015129,-0.016772,True,0.0,probe_future_mse/probe_future_mse_per_variant.json
POC-1B,fut,lower,raw,lpft_encoder,surgical_intervene_wiseft_f70_encoder,COMP,OURS,1825,0.006409,0.00561,0.007215,-0.006409,-0.00561,-0.007215,True,0.0,probe_future_mse/probe_future_mse_per_variant.json
POC-1B,fut,lower,raw,peft_lora_encoder,surgical_3stage_DI_diheavy_encoder,COMP,OURS,1825,0.005899,0.005135,0.006663,-0.005899,-0.005135,-0.006663,True,0.0,probe_future_mse/probe_future_mse_per_variant.json
POC-1B,fut,lower,raw,peft_lora_encoder,surgical_3stage_DI_intervene_encoder,COMP,OURS,1825,0.004381,0.003619,0.005131,-0.004381,-0.003619,-0.005131,True,0.0,probe_future_mse/probe_future_mse_per_variant.json
POC-1B,fut,lower,raw,peft_lora_encoder,surgical_intervene_wiseft_f30_encoder,COMP,OURS,1825,-0.003763,-0.004519,-0.002977,0.003763,0.004519,0.002977,True,0.0,probe_future_mse/probe_future_mse_per_variant.json
POC-1B,fut,lower,raw,peft_lora_encoder,surgical_intervene_wiseft_f50_encoder,COMP,OURS,1825,-0.011719,-0.012452,-0.01096,0.011719,0.012452,0.01096,True,0.0,probe_future_mse/probe_future_mse_per_variant.json
POC-1B,fut,lower,raw,peft_lora_encoder,surgical_intervene_wiseft_f70_encoder,COMP,OURS,1825,-0.021249,-0.022038,-0.020476,0.021249,0.022038,0.020476,True,0.0,probe_future_mse/probe_future_mse_per_variant.json
POC-1B,fut,lower,raw,peft_dora_encoder,surgical_3stage_DI_diheavy_encoder,COMP,OURS,1825,0.006116,0.005364,0.006873,-0.006116,-0.005364,-0.006873,True,0.0,probe_future_mse/probe_future_mse_per_variant.json
POC-1B,fut,lower,raw,peft_dora_encoder,surgical_3stage_DI_intervene_encoder,COMP,OURS,1825,0.004598,0.003838,0.005345,-0.004598,-0.003838,-0.005345,True,0.0,probe_future_mse/probe_future_mse_per_variant.json
POC-1B,fut,lower,raw,peft_dora_encoder,surgical_intervene_wiseft_f30_encoder,COMP,OURS,1825,-0.003545,-0.004301,-0.002777,0.003545,0.004301,0.002777,True,0.0,probe_future_mse/probe_future_mse_per_variant.json
POC-1B,fut,lower,raw,peft_dora_encoder,surgical_intervene_wiseft_f50_encoder,COMP,OURS,1825,-0.011502,-0.012259,-0.010758,0.011502,0.012259,0.010758,True,0.0,probe_future_mse/probe_future_mse_per_variant.json
POC-1B,fut,lower,raw,peft_dora_encoder,surgical_intervene_wiseft_f70_encoder,COMP,OURS,1825,-0.021032,-0.021802,-0.020223,0.021032,0.021802,0.020223,True,0.0,probe_future_mse/probe_future_mse_per_variant.json
POC-1B,rollout,lower,raw,full_ft_encoder,surgery_raw_encoder,COMP,OURS,1825,0.000424,0.000355,0.000491,-0.000424,-0.000355,-0.000491,True,0.0,predictor_temporal/predictor_temporal_per_variant.json::rollout
POC-1B,rollout,lower,raw,full_ft_encoder,surgical_3stage_DI_diheavy_encoder,COMP,OURS,1825,0.00055,0.000465,0.000636,-0.00055,-0.000465,-0.000636,True,0.0,predictor_temporal/predictor_temporal_per_variant.json::rollout
POC-1B,rollout,lower,raw,full_ft_encoder,surgical_3stage_DI_encoder,COMP,OURS,1825,-0.000517,-0.000618,-0.00042,0.000517,0.000618,0.00042,True,0.0,predictor_temporal/predictor_temporal_per_variant.json::rollout
POC-1B,rollout,lower,raw,full_ft_encoder,surgical_3stage_DI_intervene_encoder,COMP,OURS,1825,-0.000121,-0.000207,-4.1e-05,0.000121,0.000207,4.1e-05,True,0.0048,predictor_temporal/predictor_temporal_per_variant.json::rollout
POC-1B,rollout,lower,raw,full_ft_encoder,surgical_intervene_wiseft_f30_encoder,COMP,OURS,1825,-0.000275,-0.000376,-0.000177,0.000275,0.000376,0.000177,True,0.0,predictor_temporal/predictor_temporal_per_variant.json::rollout
POC-1B,rollout,lower,raw,full_ft_encoder,surgical_intervene_wiseft_f50_encoder,COMP,OURS,1825,-0.000499,-0.00061,-0.000387,0.000499,0.00061,0.000387,True,0.0,predictor_temporal/predictor_temporal_per_variant.json::rollout
POC-1B,rollout,lower,raw,full_ft_encoder,surgical_intervene_wiseft_f70_encoder,COMP,OURS,1825,-0.000631,-0.000753,-0.000508,0.000631,0.000753,0.000508,True,0.0,predictor_temporal/predictor_temporal_per_variant.json::rollout
POC-1B,rollout,lower,raw,lpft_encoder,surgery_raw_encoder,COMP,OURS,1825,-1.7e-05,-8e-05,4.8e-05,1.7e-05,8e-05,-4.8e-05,True,0.6246,predictor_temporal/predictor_temporal_per_variant.json::rollout
POC-1B,rollout,lower,raw,lpft_encoder,surgical_3stage_DI_diheavy_encoder,COMP,OURS,1825,0.00011,2.8e-05,0.000191,-0.00011,-2.8e-05,-0.000191,True,0.0078,predictor_temporal/predictor_temporal_per_variant.json::rollout
POC-1B,rollout,lower,raw,lpft_encoder,surgical_3stage_DI_encoder,COMP,OURS,1825,-0.000958,-0.001049,-0.00087,0.000958,0.001049,0.00087,True,0.0,predictor_temporal/predictor_temporal_per_variant.json::rollout
POC-1B,rollout,lower,raw,lpft_encoder,surgical_3stage_DI_intervene_encoder,COMP,OURS,1825,-0.000561,-0.000643,-0.00048,0.000561,0.000643,0.00048,True,0.0,predictor_temporal/predictor_temporal_per_variant.json::rollout
POC-1B,rollout,lower,raw,lpft_encoder,surgical_intervene_wiseft_f30_encoder,COMP,OURS,1825,-0.000716,-0.000805,-0.000627,0.000716,0.000805,0.000627,True,0.0,predictor_temporal/predictor_temporal_per_variant.json::rollout
POC-1B,rollout,lower,raw,lpft_encoder,surgical_intervene_wiseft_f50_encoder,COMP,OURS,1825,-0.000939,-0.001041,-0.000838,0.000939,0.001041,0.000838,True,0.0,predictor_temporal/predictor_temporal_per_variant.json::rollout
POC-1B,rollout,lower,raw,lpft_encoder,surgical_intervene_wiseft_f70_encoder,COMP,OURS,1825,-0.001071,-0.001181,-0.000959,0.001071,0.001181,0.000959,True,0.0,predictor_temporal/predictor_temporal_per_variant.json::rollout
POC-1B,rollout,lower,raw,peft_dora_encoder,surgery_raw_encoder,COMP,OURS,1825,-0.000372,-0.000427,-0.000314,0.000372,0.000427,0.000314,True,0.0,predictor_temporal/predictor_temporal_per_variant.json::rollout
POC-1B,rollout,lower,raw,peft_dora_encoder,surgical_3stage_DI_diheavy_encoder,COMP,OURS,1825,-0.000245,-0.000324,-0.000166,0.000245,0.000324,0.000166,True,0.0,predictor_temporal/predictor_temporal_per_variant.json::rollout
POC-1B,rollout,lower,raw,peft_dora_encoder,surgical_3stage_DI_encoder,COMP,OURS,1825,-0.001313,-0.001409,-0.001217,0.001313,0.001409,0.001217,True,0.0,predictor_temporal/predictor_temporal_per_variant.json::rollout
POC-1B,rollout,lower,raw,peft_dora_encoder,surgical_3stage_DI_intervene_encoder,COMP,OURS,1825,-0.000916,-0.000994,-0.000843,0.000916,0.000994,0.000843,True,0.0,predictor_temporal/predictor_temporal_per_variant.json::rollout
POC-1B,rollout,lower,raw,peft_dora_encoder,surgical_intervene_wiseft_f30_encoder,COMP,OURS,1825,-0.001071,-0.001167,-0.000974,0.001071,0.001167,0.000974,True,0.0,predictor_temporal/predictor_temporal_per_variant.json::rollout
POC-1B,rollout,lower,raw,peft_dora_encoder,surgical_intervene_wiseft_f50_encoder,COMP,OURS,1825,-0.001295,-0.001403,-0.001184,0.001295,0.001403,0.001184,True,0.0,predictor_temporal/predictor_temporal_per_variant.json::rollout
POC-1B,rollout,lower,raw,peft_dora_encoder,surgical_intervene_wiseft_f70_encoder,COMP,OURS,1825,-0.001426,-0.001543,-0.001306,0.001426,0.001543,0.001306,True,0.0,predictor_temporal/predictor_temporal_per_variant.json::rollout
POC-1B,rollout,lower,raw,peft_lora_encoder,surgery_raw_encoder,COMP,OURS,1825,-0.000325,-0.000379,-0.000268,0.000325,0.000379,0.000268,True,0.0,predictor_temporal/predictor_temporal_per_variant.json::rollout
POC-1B,rollout,lower,raw,peft_lora_encoder,surgical_3stage_DI_diheavy_encoder,COMP,OURS,1825,-0.000199,-0.000278,-0.000119,0.000199,0.000278,0.000119,True,0.0,predictor_temporal/predictor_temporal_per_variant.json::rollout
POC-1B,rollout,lower,raw,peft_lora_encoder,surgical_3stage_DI_encoder,COMP,OURS,1825,-0.001266,-0.001362,-0.001171,0.001266,0.001362,0.001171,True,0.0,predictor_temporal/predictor_temporal_per_variant.json::rollout
POC-1B,rollout,lower,raw,peft_lora_encoder,surgical_3stage_DI_intervene_encoder,COMP,OURS,1825,-0.000869,-0.000946,-0.000796,0.000869,0.000946,0.000796,True,0.0,predictor_temporal/predictor_temporal_per_variant.json::rollout
POC-1B,rollout,lower,raw,peft_lora_encoder,surgical_intervene_wiseft_f30_encoder,COMP,OURS,1825,-0.001024,-0.001119,-0.000928,0.001024,0.001119,0.000928,True,0.0,predictor_temporal/predictor_temporal_per_variant.json::rollout
POC-1B,rollout,lower,raw,peft_lora_encoder,surgical_intervene_wiseft_f50_encoder,COMP,OURS,1825,-0.001248,-0.001355,-0.001138,0.001248,0.001355,0.001138,True,0.0,predictor_temporal/predictor_temporal_per_variant.json::rollout
POC-1B,rollout,lower,raw,peft_lora_encoder,surgical_intervene_wiseft_f70_encoder,COMP,OURS,1825,-0.001379,-0.001497,-0.00126,0.001379,0.001497,0.00126,True,0.0,predictor_temporal/predictor_temporal_per_variant.json::rollout
POC-1B,rollout,lower,raw,pretrain_encoder,surgery_raw_encoder,COMP,OURS,1825,0.000476,0.000398,0.00055,-0.000476,-0.000398,-0.00055,True,0.0,predictor_temporal/predictor_temporal_per_variant.json::rollout
POC-1B,rollout,lower,raw,pretrain_encoder,surgical_3stage_DI_diheavy_encoder,COMP,OURS,1825,0.000602,0.000525,0.000678,-0.000602,-0.000525,-0.000678,True,0.0,predictor_temporal/predictor_temporal_per_variant.json::rollout
POC-1B,rollout,lower,raw,pretrain_encoder,surgical_3stage_DI_encoder,COMP,OURS,1825,-0.000465,-0.000556,-0.000376,0.000465,0.000556,0.000376,True,0.0,predictor_temporal/predictor_temporal_per_variant.json::rollout
POC-1B,rollout,lower,raw,pretrain_encoder,surgical_3stage_DI_intervene_encoder,COMP,OURS,1825,-6.8e-05,-0.000162,1.9e-05,6.8e-05,0.000162,-1.9e-05,True,0.1338,predictor_temporal/predictor_temporal_per_variant.json::rollout
POC-1B,rollout,lower,raw,pretrain_encoder,surgical_intervene_wiseft_f30_encoder,COMP,OURS,1825,-0.000223,-0.000308,-0.00014,0.000223,0.000308,0.00014,True,0.0,predictor_temporal/predictor_temporal_per_variant.json::rollout
POC-1B,rollout,lower,raw,pretrain_encoder,surgical_intervene_wiseft_f50_encoder,COMP,OURS,1825,-0.000447,-0.000536,-0.000358,0.000447,0.000536,0.000358,True,0.0,predictor_temporal/predictor_temporal_per_variant.json::rollout
POC-1B,rollout,lower,raw,pretrain_encoder,surgical_intervene_wiseft_f70_encoder,COMP,OURS,1825,-0.000579,-0.000676,-0.000485,0.000579,0.000676,0.000485,True,0.0,predictor_temporal/predictor_temporal_per_variant.json::rollout
POC-1B,rollout,lower,raw,surgery_raw_encoder,surgical_autorgn_encoder,OURS,COMP,1825,-0.000161,-0.000217,-0.000106,0.000161,0.000217,0.000106,True,0.0,predictor_temporal/predictor_temporal_per_variant.json::rollout
POC-1B,rollout,lower,raw,surgical_3stage_DI_diheavy_encoder,surgical_autorgn_encoder,OURS,COMP,1825,-0.000288,-0.000353,-0.000221,0.000288,0.000353,0.000221,True,0.0,predictor_temporal/predictor_temporal_per_variant.json::rollout
POC-1B,rollout,lower,raw,surgical_3stage_DI_encoder,surgical_autorgn_encoder,OURS,COMP,1825,0.00078,0.000703,0.000858,-0.00078,-0.000703,-0.000858,True,0.0,predictor_temporal/predictor_temporal_per_variant.json::rollout
POC-1B,rollout,lower,raw,surgical_3stage_DI_intervene_encoder,surgical_autorgn_encoder,OURS,COMP,1825,0.000383,0.000309,0.000462,-0.000383,-0.000309,-0.000462,True,0.0,predictor_temporal/predictor_temporal_per_variant.json::rollout
POC-1B,rollout,lower,raw,surgical_autorgn_encoder,surgical_intervene_wiseft_f30_encoder,COMP,OURS,1825,-0.000538,-0.000622,-0.000456,0.000538,0.000622,0.000456,True,0.0,predictor_temporal/predictor_temporal_per_variant.json::rollout
POC-1B,rollout,lower,raw,surgical_autorgn_encoder,surgical_intervene_wiseft_f50_encoder,COMP,OURS,1825,-0.000761,-0.000859,-0.000668,0.000761,0.000859,0.000668,True,0.0,predictor_temporal/predictor_temporal_per_variant.json::rollout
POC-1B,rollout,lower,raw,surgical_autorgn_encoder,surgical_intervene_wiseft_f70_encoder,COMP,OURS,1825,-0.000893,-0.001003,-0.000786,0.000893,0.001003,0.000786,True,0.0,predictor_temporal/predictor_temporal_per_variant.json::rollout
POC-1B,causal,lower,raw,full_ft_encoder,surgery_raw_encoder,COMP,OURS,1825,0.03793,0.037531,0.038313,-0.03793,-0.037531,-0.038313,True,0.0,predictor_temporal/predictor_temporal_per_variant.json::causal
POC-1B,causal,lower,raw,full_ft_encoder,surgical_3stage_DI_diheavy_encoder,COMP,OURS,1825,0.034645,0.034185,0.035094,-0.034645,-0.034185,-0.035094,True,0.0,predictor_temporal/predictor_temporal_per_variant.json::causal
POC-1B,causal,lower,raw,full_ft_encoder,surgical_3stage_DI_encoder,COMP,OURS,1825,0.033117,0.032668,0.033551,-0.033117,-0.032668,-0.033551,True,0.0,predictor_temporal/predictor_temporal_per_variant.json::causal
POC-1B,causal,lower,raw,full_ft_encoder,surgical_3stage_DI_intervene_encoder,COMP,OURS,1825,0.034084,0.033667,0.034496,-0.034084,-0.033667,-0.034496,True,0.0,predictor_temporal/predictor_temporal_per_variant.json::causal
POC-1B,causal,lower,raw,full_ft_encoder,surgical_intervene_wiseft_f30_encoder,COMP,OURS,1825,0.026613,0.026149,0.027067,-0.026613,-0.026149,-0.027067,True,0.0,predictor_temporal/predictor_temporal_per_variant.json::causal
POC-1B,causal,lower,raw,full_ft_encoder,surgical_intervene_wiseft_f50_encoder,COMP,OURS,1825,0.019567,0.019096,0.020053,-0.019567,-0.019096,-0.020053,True,0.0,predictor_temporal/predictor_temporal_per_variant.json::causal
POC-1B,causal,lower,raw,full_ft_encoder,surgical_intervene_wiseft_f70_encoder,COMP,OURS,1825,0.011064,0.010569,0.011567,-0.011064,-0.010569,-0.011567,True,0.0,predictor_temporal/predictor_temporal_per_variant.json::causal
POC-1B,causal,lower,raw,lpft_encoder,surgery_raw_encoder,COMP,OURS,1825,0.033136,0.032804,0.033474,-0.033136,-0.032804,-0.033474,True,0.0,predictor_temporal/predictor_temporal_per_variant.json::causal
POC-1B,causal,lower,raw,lpft_encoder,surgical_3stage_DI_diheavy_encoder,COMP,OURS,1825,0.029851,0.029472,0.030254,-0.029851,-0.029472,-0.030254,True,0.0,predictor_temporal/predictor_temporal_per_variant.json::causal
POC-1B,causal,lower,raw,lpft_encoder,surgical_3stage_DI_encoder,COMP,OURS,1825,0.028322,0.027955,0.028707,-0.028322,-0.027955,-0.028707,True,0.0,predictor_temporal/predictor_temporal_per_variant.json::causal
POC-1B,causal,lower,raw,lpft_encoder,surgical_3stage_DI_intervene_encoder,COMP,OURS,1825,0.02929,0.028937,0.029653,-0.02929,-0.028937,-0.029653,True,0.0,predictor_temporal/predictor_temporal_per_variant.json::causal
POC-1B,causal,lower,raw,lpft_encoder,surgical_intervene_wiseft_f30_encoder,COMP,OURS,1825,0.021819,0.02142,0.022227,-0.021819,-0.02142,-0.022227,True,0.0,predictor_temporal/predictor_temporal_per_variant.json::causal
POC-1B,causal,lower,raw,lpft_encoder,surgical_intervene_wiseft_f50_encoder,COMP,OURS,1825,0.014772,0.014353,0.015208,-0.014772,-0.014353,-0.015208,True,0.0,predictor_temporal/predictor_temporal_per_variant.json::causal
POC-1B,causal,lower,raw,lpft_encoder,surgical_intervene_wiseft_f70_encoder,COMP,OURS,1825,0.00627,0.005838,0.006726,-0.00627,-0.005838,-0.006726,True,0.0,predictor_temporal/predictor_temporal_per_variant.json::causal
POC-1B,causal,lower,raw,peft_dora_encoder,surgery_raw_encoder,COMP,OURS,1825,0.006698,0.006463,0.00693,-0.006698,-0.006463,-0.00693,True,0.0,predictor_temporal/predictor_temporal_per_variant.json::causal
POC-1B,causal,lower,raw,peft_dora_encoder,surgical_3stage_DI_diheavy_encoder,COMP,OURS,1825,0.003413,0.003078,0.003738,-0.003413,-0.003078,-0.003738,True,0.0,predictor_temporal/predictor_temporal_per_variant.json::causal
POC-1B,causal,lower,raw,peft_dora_encoder,surgical_3stage_DI_encoder,COMP,OURS,1825,0.001884,0.001569,0.002187,-0.001884,-0.001569,-0.002187,True,0.0,predictor_temporal/predictor_temporal_per_variant.json::causal
POC-1B,causal,lower,raw,peft_dora_encoder,surgical_3stage_DI_intervene_encoder,COMP,OURS,1825,0.002852,0.002576,0.003123,-0.002852,-0.002576,-0.003123,True,0.0,predictor_temporal/predictor_temporal_per_variant.json::causal
POC-1B,causal,lower,raw,peft_dora_encoder,surgical_intervene_wiseft_f30_encoder,COMP,OURS,1825,-0.004619,-0.004935,-0.004296,0.004619,0.004935,0.004296,True,0.0,predictor_temporal/predictor_temporal_per_variant.json::causal
POC-1B,causal,lower,raw,peft_dora_encoder,surgical_intervene_wiseft_f50_encoder,COMP,OURS,1825,-0.011666,-0.012007,-0.011299,0.011666,0.012007,0.011299,True,0.0,predictor_temporal/predictor_temporal_per_variant.json::causal
POC-1B,causal,lower,raw,peft_dora_encoder,surgical_intervene_wiseft_f70_encoder,COMP,OURS,1825,-0.020168,-0.020544,-0.019762,0.020168,0.020544,0.019762,True,0.0,predictor_temporal/predictor_temporal_per_variant.json::causal
POC-1B,causal,lower,raw,peft_lora_encoder,surgery_raw_encoder,COMP,OURS,1825,0.006556,0.00632,0.006791,-0.006556,-0.00632,-0.006791,True,0.0,predictor_temporal/predictor_temporal_per_variant.json::causal
POC-1B,causal,lower,raw,peft_lora_encoder,surgical_3stage_DI_diheavy_encoder,COMP,OURS,1825,0.003271,0.002937,0.003598,-0.003271,-0.002937,-0.003598,True,0.0,predictor_temporal/predictor_temporal_per_variant.json::causal
POC-1B,causal,lower,raw,peft_lora_encoder,surgical_3stage_DI_encoder,COMP,OURS,1825,0.001742,0.001428,0.002048,-0.001742,-0.001428,-0.002048,True,0.0,predictor_temporal/predictor_temporal_per_variant.json::causal
POC-1B,causal,lower,raw,peft_lora_encoder,surgical_3stage_DI_intervene_encoder,COMP,OURS,1825,0.00271,0.002432,0.002983,-0.00271,-0.002432,-0.002983,True,0.0,predictor_temporal/predictor_temporal_per_variant.json::causal
POC-1B,causal,lower,raw,peft_lora_encoder,surgical_intervene_wiseft_f30_encoder,COMP,OURS,1825,-0.004761,-0.00508,-0.004438,0.004761,0.00508,0.004438,True,0.0,predictor_temporal/predictor_temporal_per_variant.json::causal
POC-1B,causal,lower,raw,peft_lora_encoder,surgical_intervene_wiseft_f50_encoder,COMP,OURS,1825,-0.011807,-0.012149,-0.011445,0.011807,0.012149,0.011445,True,0.0,predictor_temporal/predictor_temporal_per_variant.json::causal
POC-1B,causal,lower,raw,peft_lora_encoder,surgical_intervene_wiseft_f70_encoder,COMP,OURS,1825,-0.02031,-0.020685,-0.01991,0.02031,0.020685,0.01991,True,0.0,predictor_temporal/predictor_temporal_per_variant.json::causal
POC-1B,causal,lower,raw,pretrain_encoder,surgery_raw_encoder,COMP,OURS,1825,0.017442,0.01703,0.017863,-0.017442,-0.01703,-0.017863,True,0.0,predictor_temporal/predictor_temporal_per_variant.json::causal
POC-1B,causal,lower,raw,pretrain_encoder,surgical_3stage_DI_diheavy_encoder,COMP,OURS,1825,0.014157,0.013733,0.014604,-0.014157,-0.013733,-0.014604,True,0.0,predictor_temporal/predictor_temporal_per_variant.json::causal
POC-1B,causal,lower,raw,pretrain_encoder,surgical_3stage_DI_encoder,COMP,OURS,1825,0.012629,0.012208,0.013068,-0.012629,-0.012208,-0.013068,True,0.0,predictor_temporal/predictor_temporal_per_variant.json::causal
POC-1B,causal,lower,raw,pretrain_encoder,surgical_3stage_DI_intervene_encoder,COMP,OURS,1825,0.013596,0.013176,0.014035,-0.013596,-0.013176,-0.014035,True,0.0,predictor_temporal/predictor_temporal_per_variant.json::causal
POC-1B,causal,lower,raw,pretrain_encoder,surgical_intervene_wiseft_f30_encoder,COMP,OURS,1825,0.006125,0.00571,0.006561,-0.006125,-0.00571,-0.006561,True,0.0,predictor_temporal/predictor_temporal_per_variant.json::causal
POC-1B,causal,lower,raw,pretrain_encoder,surgical_intervene_wiseft_f50_encoder,COMP,OURS,1825,-0.000921,-0.001331,-0.000486,0.000921,0.001331,0.000486,True,0.0002,predictor_temporal/predictor_temporal_per_variant.json::causal
POC-1B,causal,lower,raw,pretrain_encoder,surgical_intervene_wiseft_f70_encoder,COMP,OURS,1825,-0.009424,-0.009829,-0.008988,0.009424,0.009829,0.008988,True,0.0,predictor_temporal/predictor_temporal_per_variant.json::causal
POC-1B,causal,lower,raw,surgery_raw_encoder,surgical_autorgn_encoder,OURS,COMP,1825,-0.022657,-0.022939,-0.022384,0.022657,0.022939,0.022384,True,0.0,predictor_temporal/predictor_temporal_per_variant.json::causal
POC-1B,causal,lower,raw,surgical_3stage_DI_diheavy_encoder,surgical_autorgn_encoder,OURS,COMP,1825,-0.019372,-0.019699,-0.019067,0.019372,0.019699,0.019067,True,0.0,predictor_temporal/predictor_temporal_per_variant.json::causal
POC-1B,causal,lower,raw,surgical_3stage_DI_encoder,surgical_autorgn_encoder,OURS,COMP,1825,-0.017843,-0.018156,-0.017547,0.017843,0.018156,0.017547,True,0.0,predictor_temporal/predictor_temporal_per_variant.json::causal
POC-1B,causal,lower,raw,surgical_3stage_DI_intervene_encoder,surgical_autorgn_encoder,OURS,COMP,1825,-0.018811,-0.019104,-0.018528,0.018811,0.019104,0.018528,True,0.0,predictor_temporal/predictor_temporal_per_variant.json::causal
POC-1B,causal,lower,raw,surgical_autorgn_encoder,surgical_intervene_wiseft_f30_encoder,COMP,OURS,1825,0.01134,0.011002,0.011687,-0.01134,-0.011002,-0.011687,True,0.0,predictor_temporal/predictor_temporal_per_variant.json::causal
POC-1B,causal,lower,raw,surgical_autorgn_encoder,surgical_intervene_wiseft_f50_encoder,COMP,OURS,1825,0.004294,0.003926,0.004681,-0.004294,-0.003926,-0.004681,True,0.0,predictor_temporal/predictor_temporal_per_variant.json::causal
POC-1B,causal,lower,raw,surgical_autorgn_encoder,surgical_intervene_wiseft_f70_encoder,COMP,OURS,1825,-0.004209,-0.004611,-0.003788,0.004209,0.004611,0.003788,True,0.0,predictor_temporal/predictor_temporal_per_variant.json::causal
POC-1B,tdist,lower,raw,full_ft_encoder,surgery_raw_encoder,COMP,OURS,1825,0.000259,0.000155,0.000363,-0.000259,-0.000155,-0.000363,True,0.0,predictor_temporal/predictor_temporal_per_variant.json::tdist
POC-1B,tdist,lower,raw,full_ft_encoder,surgical_3stage_DI_diheavy_encoder,COMP,OURS,1825,0.000556,0.000436,0.000675,-0.000556,-0.000436,-0.000675,True,0.0,predictor_temporal/predictor_temporal_per_variant.json::tdist
POC-1B,tdist,lower,raw,full_ft_encoder,surgical_3stage_DI_encoder,COMP,OURS,1825,0.000434,0.000315,0.000552,-0.000434,-0.000315,-0.000552,True,0.0,predictor_temporal/predictor_temporal_per_variant.json::tdist
POC-1B,tdist,lower,raw,full_ft_encoder,surgical_3stage_DI_intervene_encoder,COMP,OURS,1825,9.5e-05,-1.4e-05,0.000202,-9.5e-05,1.4e-05,-0.000202,True,0.0824,predictor_temporal/predictor_temporal_per_variant.json::tdist
POC-1B,tdist,lower,raw,full_ft_encoder,surgical_intervene_wiseft_f30_encoder,COMP,OURS,1825,0.000649,0.000509,0.000794,-0.000649,-0.000509,-0.000794,True,0.0,predictor_temporal/predictor_temporal_per_variant.json::tdist
POC-1B,tdist,lower,raw,full_ft_encoder,surgical_intervene_wiseft_f50_encoder,COMP,OURS,1825,0.001127,0.000971,0.001294,-0.001127,-0.000971,-0.001294,True,0.0,predictor_temporal/predictor_temporal_per_variant.json::tdist
POC-1B,tdist,lower,raw,full_ft_encoder,surgical_intervene_wiseft_f70_encoder,COMP,OURS,1825,0.001616,0.001446,0.001801,-0.001616,-0.001446,-0.001801,True,0.0,predictor_temporal/predictor_temporal_per_variant.json::tdist
POC-1B,tdist,lower,raw,lpft_encoder,surgery_raw_encoder,COMP,OURS,1825,-0.000291,-0.000381,-0.000203,0.000291,0.000381,0.000203,True,0.0,predictor_temporal/predictor_temporal_per_variant.json::tdist
POC-1B,tdist,lower,raw,lpft_encoder,surgical_3stage_DI_diheavy_encoder,COMP,OURS,1825,6e-06,-9.9e-05,0.000107,-6e-06,9.9e-05,-0.000107,True,0.8924,predictor_temporal/predictor_temporal_per_variant.json::tdist
POC-1B,tdist,lower,raw,lpft_encoder,surgical_3stage_DI_encoder,COMP,OURS,1825,-0.000116,-0.000219,-1.4e-05,0.000116,0.000219,1.4e-05,True,0.0272,predictor_temporal/predictor_temporal_per_variant.json::tdist
POC-1B,tdist,lower,raw,lpft_encoder,surgical_3stage_DI_intervene_encoder,COMP,OURS,1825,-0.000455,-0.000548,-0.000361,0.000455,0.000548,0.000361,True,0.0,predictor_temporal/predictor_temporal_per_variant.json::tdist
POC-1B,tdist,lower,raw,lpft_encoder,surgical_intervene_wiseft_f30_encoder,COMP,OURS,1825,9.9e-05,-2.8e-05,0.000229,-9.9e-05,2.8e-05,-0.000229,True,0.1222,predictor_temporal/predictor_temporal_per_variant.json::tdist
POC-1B,tdist,lower,raw,lpft_encoder,surgical_intervene_wiseft_f50_encoder,COMP,OURS,1825,0.000578,0.000432,0.000726,-0.000578,-0.000432,-0.000726,True,0.0,predictor_temporal/predictor_temporal_per_variant.json::tdist
POC-1B,tdist,lower,raw,lpft_encoder,surgical_intervene_wiseft_f70_encoder,COMP,OURS,1825,0.001066,0.00091,0.001232,-0.001066,-0.00091,-0.001232,True,0.0,predictor_temporal/predictor_temporal_per_variant.json::tdist
POC-1B,tdist,lower,raw,peft_dora_encoder,surgery_raw_encoder,COMP,OURS,1825,0.000112,3.6e-05,0.000189,-0.000112,-3.6e-05,-0.000189,True,0.0056,predictor_temporal/predictor_temporal_per_variant.json::tdist
POC-1B,tdist,lower,raw,peft_dora_encoder,surgical_3stage_DI_diheavy_encoder,COMP,OURS,1825,0.000408,0.000315,0.000503,-0.000408,-0.000315,-0.000503,True,0.0,predictor_temporal/predictor_temporal_per_variant.json::tdist
POC-1B,tdist,lower,raw,peft_dora_encoder,surgical_3stage_DI_encoder,COMP,OURS,1825,0.000286,0.000192,0.000382,-0.000286,-0.000192,-0.000382,True,0.0,predictor_temporal/predictor_temporal_per_variant.json::tdist
POC-1B,tdist,lower,raw,peft_dora_encoder,surgical_3stage_DI_intervene_encoder,COMP,OURS,1825,-5.3e-05,-0.000133,3.3e-05,5.3e-05,0.000133,-3.3e-05,True,0.2126,predictor_temporal/predictor_temporal_per_variant.json::tdist
POC-1B,tdist,lower,raw,peft_dora_encoder,surgical_intervene_wiseft_f30_encoder,COMP,OURS,1825,0.000501,0.000383,0.000628,-0.000501,-0.000383,-0.000628,True,0.0,predictor_temporal/predictor_temporal_per_variant.json::tdist
POC-1B,tdist,lower,raw,peft_dora_encoder,surgical_intervene_wiseft_f50_encoder,COMP,OURS,1825,0.00098,0.000842,0.001131,-0.00098,-0.000842,-0.001131,True,0.0,predictor_temporal/predictor_temporal_per_variant.json::tdist
POC-1B,tdist,lower,raw,peft_dora_encoder,surgical_intervene_wiseft_f70_encoder,COMP,OURS,1825,0.001468,0.001316,0.001635,-0.001468,-0.001316,-0.001635,True,0.0,predictor_temporal/predictor_temporal_per_variant.json::tdist
POC-1B,tdist,lower,raw,peft_lora_encoder,surgery_raw_encoder,COMP,OURS,1825,2.2e-05,-5.4e-05,0.000101,-2.2e-05,5.4e-05,-0.000101,True,0.5624,predictor_temporal/predictor_temporal_per_variant.json::tdist
POC-1B,tdist,lower,raw,peft_lora_encoder,surgical_3stage_DI_diheavy_encoder,COMP,OURS,1825,0.000319,0.000226,0.000413,-0.000319,-0.000226,-0.000413,True,0.0,predictor_temporal/predictor_temporal_per_variant.json::tdist
POC-1B,tdist,lower,raw,peft_lora_encoder,surgical_3stage_DI_encoder,COMP,OURS,1825,0.000197,0.000103,0.000292,-0.000197,-0.000103,-0.000292,True,0.0002,predictor_temporal/predictor_temporal_per_variant.json::tdist
POC-1B,tdist,lower,raw,peft_lora_encoder,surgical_3stage_DI_intervene_encoder,COMP,OURS,1825,-0.000142,-0.000222,-5.7e-05,0.000142,0.000222,5.7e-05,True,0.0008,predictor_temporal/predictor_temporal_per_variant.json::tdist
POC-1B,tdist,lower,raw,peft_lora_encoder,surgical_intervene_wiseft_f30_encoder,COMP,OURS,1825,0.000412,0.000296,0.000537,-0.000412,-0.000296,-0.000537,True,0.0,predictor_temporal/predictor_temporal_per_variant.json::tdist
POC-1B,tdist,lower,raw,peft_lora_encoder,surgical_intervene_wiseft_f50_encoder,COMP,OURS,1825,0.00089,0.000754,0.00104,-0.00089,-0.000754,-0.00104,True,0.0,predictor_temporal/predictor_temporal_per_variant.json::tdist
POC-1B,tdist,lower,raw,peft_lora_encoder,surgical_intervene_wiseft_f70_encoder,COMP,OURS,1825,0.001379,0.001228,0.001546,-0.001379,-0.001228,-0.001546,True,0.0,predictor_temporal/predictor_temporal_per_variant.json::tdist
POC-1B,tdist,lower,raw,pretrain_encoder,surgery_raw_encoder,COMP,OURS,1825,-0.000964,-0.001045,-0.00089,0.000964,0.001045,0.00089,True,0.0,predictor_temporal/predictor_temporal_per_variant.json::tdist
POC-1B,tdist,lower,raw,pretrain_encoder,surgical_3stage_DI_diheavy_encoder,COMP,OURS,1825,-0.000667,-0.000745,-0.000595,0.000667,0.000745,0.000595,True,0.0,predictor_temporal/predictor_temporal_per_variant.json::tdist
POC-1B,tdist,lower,raw,pretrain_encoder,surgical_3stage_DI_encoder,COMP,OURS,1825,-0.000789,-0.000867,-0.000716,0.000789,0.000867,0.000716,True,0.0,predictor_temporal/predictor_temporal_per_variant.json::tdist
POC-1B,tdist,lower,raw,pretrain_encoder,surgical_3stage_DI_intervene_encoder,COMP,OURS,1825,-0.001128,-0.001209,-0.001052,0.001128,0.001209,0.001052,True,0.0,predictor_temporal/predictor_temporal_per_variant.json::tdist
POC-1B,tdist,lower,raw,pretrain_encoder,surgical_intervene_wiseft_f30_encoder,COMP,OURS,1825,-0.000574,-0.000659,-0.000496,0.000574,0.000659,0.000496,True,0.0,predictor_temporal/predictor_temporal_per_variant.json::tdist
POC-1B,tdist,lower,raw,pretrain_encoder,surgical_intervene_wiseft_f50_encoder,COMP,OURS,1825,-9.6e-05,-0.000193,-2e-06,9.6e-05,0.000193,2e-06,True,0.0494,predictor_temporal/predictor_temporal_per_variant.json::tdist
POC-1B,tdist,lower,raw,pretrain_encoder,surgical_intervene_wiseft_f70_encoder,COMP,OURS,1825,0.000393,0.000286,0.000498,-0.000393,-0.000286,-0.000498,True,0.0,predictor_temporal/predictor_temporal_per_variant.json::tdist
POC-1B,tdist,lower,raw,surgery_raw_encoder,surgical_autorgn_encoder,OURS,COMP,1825,6.7e-05,3e-06,0.000134,-6.7e-05,-3e-06,-0.000134,True,0.0438,predictor_temporal/predictor_temporal_per_variant.json::tdist
POC-1B,tdist,lower,raw,surgical_3stage_DI_diheavy_encoder,surgical_autorgn_encoder,OURS,COMP,1825,-0.00023,-0.000308,-0.000149,0.00023,0.000308,0.000149,True,0.0,predictor_temporal/predictor_temporal_per_variant.json::tdist
POC-1B,tdist,lower,raw,surgical_3stage_DI_encoder,surgical_autorgn_encoder,OURS,COMP,1825,-0.000108,-0.000185,-2.9e-05,0.000108,0.000185,2.9e-05,True,0.0066,predictor_temporal/predictor_temporal_per_variant.json::tdist
POC-1B,tdist,lower,raw,surgical_3stage_DI_intervene_encoder,surgical_autorgn_encoder,OURS,COMP,1825,0.000231,0.000161,0.0003,-0.000231,-0.000161,-0.0003,True,0.0,predictor_temporal/predictor_temporal_per_variant.json::tdist
POC-1B,tdist,lower,raw,surgical_autorgn_encoder,surgical_intervene_wiseft_f30_encoder,COMP,OURS,1825,0.000323,0.000222,0.000429,-0.000323,-0.000222,-0.000429,True,0.0,predictor_temporal/predictor_temporal_per_variant.json::tdist
POC-1B,tdist,lower,raw,surgical_autorgn_encoder,surgical_intervene_wiseft_f50_encoder,COMP,OURS,1825,0.000802,0.000677,0.000931,-0.000802,-0.000677,-0.000931,True,0.0,predictor_temporal/predictor_temporal_per_variant.json::tdist
POC-1B,tdist,lower,raw,surgical_autorgn_encoder,surgical_intervene_wiseft_f70_encoder,COMP,OURS,1825,0.00129,0.001151,0.001436,-0.00129,-0.001151,-0.001436,True,0.0,predictor_temporal/predictor_temporal_per_variant.json::tdist
POC-1B,teacher_free,lower,raw,full_ft_encoder,surgery_raw_encoder,COMP,OURS,1825,0.004093,0.003884,0.004303,-0.004093,-0.003884,-0.004303,True,0.0,predictor_temporal/predictor_temporal_per_variant.json::teacher_free
POC-1B,teacher_free,lower,raw,full_ft_encoder,surgical_3stage_DI_diheavy_encoder,COMP,OURS,1825,0.004865,0.00463,0.005104,-0.004865,-0.00463,-0.005104,True,0.0,predictor_temporal/predictor_temporal_per_variant.json::teacher_free
POC-1B,teacher_free,lower,raw,full_ft_encoder,surgical_3stage_DI_encoder,COMP,OURS,1825,0.001207,0.000908,0.001499,-0.001207,-0.000908,-0.001499,True,0.0,predictor_temporal/predictor_temporal_per_variant.json::teacher_free
POC-1B,teacher_free,lower,raw,full_ft_encoder,surgical_3stage_DI_intervene_encoder,COMP,OURS,1825,0.001518,0.001245,0.001775,-0.001518,-0.001245,-0.001775,True,0.0,predictor_temporal/predictor_temporal_per_variant.json::teacher_free
POC-1B,teacher_free,lower,raw,full_ft_encoder,surgical_intervene_wiseft_f30_encoder,COMP,OURS,1825,0.000844,0.000578,0.001106,-0.000844,-0.000578,-0.001106,True,0.0,predictor_temporal/predictor_temporal_per_variant.json::teacher_free
POC-1B,teacher_free,lower,raw,full_ft_encoder,surgical_intervene_wiseft_f50_encoder,COMP,OURS,1825,-0.000558,-0.000856,-0.000275,0.000558,0.000856,0.000275,True,0.0,predictor_temporal/predictor_temporal_per_variant.json::teacher_free
POC-1B,teacher_free,lower,raw,full_ft_encoder,surgical_intervene_wiseft_f70_encoder,COMP,OURS,1825,-0.001766,-0.002087,-0.001459,0.001766,0.002087,0.001459,True,0.0,predictor_temporal/predictor_temporal_per_variant.json::teacher_free
POC-1B,teacher_free,lower,raw,lpft_encoder,surgery_raw_encoder,COMP,OURS,1825,0.002446,0.002234,0.002661,-0.002446,-0.002234,-0.002661,True,0.0,predictor_temporal/predictor_temporal_per_variant.json::teacher_free
POC-1B,teacher_free,lower,raw,lpft_encoder,surgical_3stage_DI_diheavy_encoder,COMP,OURS,1825,0.003218,0.002977,0.003452,-0.003218,-0.002977,-0.003452,True,0.0,predictor_temporal/predictor_temporal_per_variant.json::teacher_free
POC-1B,teacher_free,lower,raw,lpft_encoder,surgical_3stage_DI_encoder,COMP,OURS,1825,-0.00044,-0.000738,-0.000166,0.00044,0.000738,0.000166,True,0.0014,predictor_temporal/predictor_temporal_per_variant.json::teacher_free
POC-1B,teacher_free,lower,raw,lpft_encoder,surgical_3stage_DI_intervene_encoder,COMP,OURS,1825,-0.000129,-0.000404,0.000143,0.000129,0.000404,-0.000143,True,0.3512,predictor_temporal/predictor_temporal_per_variant.json::teacher_free
POC-1B,teacher_free,lower,raw,lpft_encoder,surgical_intervene_wiseft_f30_encoder,COMP,OURS,1825,-0.000803,-0.001058,-0.00055,0.000803,0.001058,0.00055,True,0.0,predictor_temporal/predictor_temporal_per_variant.json::teacher_free
POC-1B,teacher_free,lower,raw,lpft_encoder,surgical_intervene_wiseft_f50_encoder,COMP,OURS,1825,-0.002205,-0.002487,-0.001927,0.002205,0.002487,0.001927,True,0.0,predictor_temporal/predictor_temporal_per_variant.json::teacher_free
POC-1B,teacher_free,lower,raw,lpft_encoder,surgical_intervene_wiseft_f70_encoder,COMP,OURS,1825,-0.003413,-0.003722,-0.003111,0.003413,0.003722,0.003111,True,0.0,predictor_temporal/predictor_temporal_per_variant.json::teacher_free
POC-1B,teacher_free,lower,raw,peft_dora_encoder,surgery_raw_encoder,COMP,OURS,1825,0.000602,0.000432,0.000778,-0.000602,-0.000432,-0.000778,True,0.0,predictor_temporal/predictor_temporal_per_variant.json::teacher_free
POC-1B,teacher_free,lower,raw,peft_dora_encoder,surgical_3stage_DI_diheavy_encoder,COMP,OURS,1825,0.001375,0.001137,0.00162,-0.001375,-0.001137,-0.00162,True,0.0,predictor_temporal/predictor_temporal_per_variant.json::teacher_free
POC-1B,teacher_free,lower,raw,peft_dora_encoder,surgical_3stage_DI_encoder,COMP,OURS,1825,-0.002284,-0.002598,-0.001969,0.002284,0.002598,0.001969,True,0.0,predictor_temporal/predictor_temporal_per_variant.json::teacher_free
POC-1B,teacher_free,lower,raw,peft_dora_encoder,surgical_3stage_DI_intervene_encoder,COMP,OURS,1825,-0.001973,-0.00222,-0.001727,0.001973,0.00222,0.001727,True,0.0,predictor_temporal/predictor_temporal_per_variant.json::teacher_free
POC-1B,teacher_free,lower,raw,peft_dora_encoder,surgical_intervene_wiseft_f30_encoder,COMP,OURS,1825,-0.002647,-0.002933,-0.002359,0.002647,0.002933,0.002359,True,0.0,predictor_temporal/predictor_temporal_per_variant.json::teacher_free
POC-1B,teacher_free,lower,raw,peft_dora_encoder,surgical_intervene_wiseft_f50_encoder,COMP,OURS,1825,-0.004049,-0.004366,-0.003728,0.004049,0.004366,0.003728,True,0.0,predictor_temporal/predictor_temporal_per_variant.json::teacher_free
POC-1B,teacher_free,lower,raw,peft_dora_encoder,surgical_intervene_wiseft_f70_encoder,COMP,OURS,1825,-0.005257,-0.005599,-0.004913,0.005257,0.005599,0.004913,True,0.0,predictor_temporal/predictor_temporal_per_variant.json::teacher_free
POC-1B,teacher_free,lower,raw,peft_lora_encoder,surgery_raw_encoder,COMP,OURS,1825,0.000822,0.000651,0.000997,-0.000822,-0.000651,-0.000997,True,0.0,predictor_temporal/predictor_temporal_per_variant.json::teacher_free
POC-1B,teacher_free,lower,raw,peft_lora_encoder,surgical_3stage_DI_diheavy_encoder,COMP,OURS,1825,0.001594,0.001352,0.001845,-0.001594,-0.001352,-0.001845,True,0.0,predictor_temporal/predictor_temporal_per_variant.json::teacher_free
POC-1B,teacher_free,lower,raw,peft_lora_encoder,surgical_3stage_DI_encoder,COMP,OURS,1825,-0.002064,-0.002377,-0.001753,0.002064,0.002377,0.001753,True,0.0,predictor_temporal/predictor_temporal_per_variant.json::teacher_free
POC-1B,teacher_free,lower,raw,peft_lora_encoder,surgical_3stage_DI_intervene_encoder,COMP,OURS,1825,-0.001753,-0.001997,-0.001517,0.001753,0.001997,0.001517,True,0.0,predictor_temporal/predictor_temporal_per_variant.json::teacher_free
POC-1B,teacher_free,lower,raw,peft_lora_encoder,surgical_intervene_wiseft_f30_encoder,COMP,OURS,1825,-0.002427,-0.002712,-0.00214,0.002427,0.002712,0.00214,True,0.0,predictor_temporal/predictor_temporal_per_variant.json::teacher_free
POC-1B,teacher_free,lower,raw,peft_lora_encoder,surgical_intervene_wiseft_f50_encoder,COMP,OURS,1825,-0.003829,-0.004145,-0.00351,0.003829,0.004145,0.00351,True,0.0,predictor_temporal/predictor_temporal_per_variant.json::teacher_free
POC-1B,teacher_free,lower,raw,peft_lora_encoder,surgical_intervene_wiseft_f70_encoder,COMP,OURS,1825,-0.005037,-0.00538,-0.004699,0.005037,0.00538,0.004699,True,0.0,predictor_temporal/predictor_temporal_per_variant.json::teacher_free
POC-1B,teacher_free,lower,raw,pretrain_encoder,surgery_raw_encoder,COMP,OURS,1825,0.002108,0.001797,0.002401,-0.002108,-0.001797,-0.002401,True,0.0,predictor_temporal/predictor_temporal_per_variant.json::teacher_free
POC-1B,teacher_free,lower,raw,pretrain_encoder,surgical_3stage_DI_diheavy_encoder,COMP,OURS,1825,0.002881,0.002599,0.003146,-0.002881,-0.002599,-0.003146,True,0.0,predictor_temporal/predictor_temporal_per_variant.json::teacher_free
POC-1B,teacher_free,lower,raw,pretrain_encoder,surgical_3stage_DI_encoder,COMP,OURS,1825,-0.000778,-0.001136,-0.000447,0.000778,0.001136,0.000447,True,0.0,predictor_temporal/predictor_temporal_per_variant.json::teacher_free
POC-1B,teacher_free,lower,raw,pretrain_encoder,surgical_3stage_DI_intervene_encoder,COMP,OURS,1825,-0.000467,-0.00084,-0.000121,0.000467,0.00084,0.000121,True,0.0108,predictor_temporal/predictor_temporal_per_variant.json::teacher_free
POC-1B,teacher_free,lower,raw,pretrain_encoder,surgical_intervene_wiseft_f30_encoder,COMP,OURS,1825,-0.001141,-0.001438,-0.00086,0.001141,0.001438,0.00086,True,0.0,predictor_temporal/predictor_temporal_per_variant.json::teacher_free
POC-1B,teacher_free,lower,raw,pretrain_encoder,surgical_intervene_wiseft_f50_encoder,COMP,OURS,1825,-0.002543,-0.002832,-0.002256,0.002543,0.002832,0.002256,True,0.0,predictor_temporal/predictor_temporal_per_variant.json::teacher_free
POC-1B,teacher_free,lower,raw,pretrain_encoder,surgical_intervene_wiseft_f70_encoder,COMP,OURS,1825,-0.003751,-0.004051,-0.003458,0.003751,0.004051,0.003458,True,0.0,predictor_temporal/predictor_temporal_per_variant.json::teacher_free
POC-1B,teacher_free,lower,raw,surgery_raw_encoder,surgical_autorgn_encoder,OURS,COMP,1825,-0.003597,-0.003791,-0.003394,0.003597,0.003791,0.003394,True,0.0,predictor_temporal/predictor_temporal_per_variant.json::teacher_free
POC-1B,teacher_free,lower,raw,surgical_3stage_DI_diheavy_encoder,surgical_autorgn_encoder,OURS,COMP,1825,-0.004369,-0.004566,-0.004172,0.004369,0.004566,0.004172,True,0.0,predictor_temporal/predictor_temporal_per_variant.json::teacher_free
POC-1B,teacher_free,lower,raw,surgical_3stage_DI_encoder,surgical_autorgn_encoder,OURS,COMP,1825,-0.00071,-0.000954,-0.000444,0.00071,0.000954,0.000444,True,0.0,predictor_temporal/predictor_temporal_per_variant.json::teacher_free
POC-1B,teacher_free,lower,raw,surgical_3stage_DI_intervene_encoder,surgical_autorgn_encoder,OURS,COMP,1825,-0.001021,-0.001274,-0.000754,0.001021,0.001274,0.000754,True,0.0,predictor_temporal/predictor_temporal_per_variant.json::teacher_free
POC-1B,teacher_free,lower,raw,surgical_autorgn_encoder,surgical_intervene_wiseft_f30_encoder,COMP,OURS,1825,0.000347,0.000109,0.000582,-0.000347,-0.000109,-0.000582,True,0.004,predictor_temporal/predictor_temporal_per_variant.json::teacher_free
POC-1B,teacher_free,lower,raw,surgical_autorgn_encoder,surgical_intervene_wiseft_f50_encoder,COMP,OURS,1825,-0.001054,-0.001322,-0.000786,0.001054,0.001322,0.000786,True,0.0,predictor_temporal/predictor_temporal_per_variant.json::teacher_free
POC-1B,teacher_free,lower,raw,surgical_autorgn_encoder,surgical_intervene_wiseft_f70_encoder,COMP,OURS,1825,-0.002263,-0.002568,-0.001964,0.002263,0.002568,0.001964,True,0.0,predictor_temporal/predictor_temporal_per_variant.json::teacher_free
POC-1B,maskratio,lower,raw,full_ft_encoder,surgery_raw_encoder,COMP,OURS,1825,0.004446,0.004233,0.004652,-0.004446,-0.004233,-0.004652,True,0.0,predictor_temporal/predictor_temporal_per_variant.json::maskratio
POC-1B,maskratio,lower,raw,full_ft_encoder,surgical_3stage_DI_diheavy_encoder,COMP,OURS,1825,0.005719,0.005504,0.005935,-0.005719,-0.005504,-0.005935,True,0.0,predictor_temporal/predictor_temporal_per_variant.json::maskratio
POC-1B,maskratio,lower,raw,full_ft_encoder,surgical_3stage_DI_encoder,COMP,OURS,1825,0.003211,0.003014,0.003403,-0.003211,-0.003014,-0.003403,True,0.0,predictor_temporal/predictor_temporal_per_variant.json::maskratio
POC-1B,maskratio,lower,raw,full_ft_encoder,surgical_3stage_DI_intervene_encoder,COMP,OURS,1825,-0.003191,-0.00343,-0.002976,0.003191,0.00343,0.002976,True,0.0,predictor_temporal/predictor_temporal_per_variant.json::maskratio
POC-1B,maskratio,lower,raw,full_ft_encoder,surgical_intervene_wiseft_f30_encoder,COMP,OURS,1825,-0.005081,-0.005331,-0.004839,0.005081,0.005331,0.004839,True,0.0,predictor_temporal/predictor_temporal_per_variant.json::maskratio
POC-1B,maskratio,lower,raw,full_ft_encoder,surgical_intervene_wiseft_f50_encoder,COMP,OURS,1825,-0.005948,-0.006209,-0.005693,0.005948,0.006209,0.005693,True,0.0,predictor_temporal/predictor_temporal_per_variant.json::maskratio
POC-1B,maskratio,lower,raw,full_ft_encoder,surgical_intervene_wiseft_f70_encoder,COMP,OURS,1825,-0.006552,-0.006834,-0.006278,0.006552,0.006834,0.006278,True,0.0,predictor_temporal/predictor_temporal_per_variant.json::maskratio
POC-1B,maskratio,lower,raw,lpft_encoder,surgery_raw_encoder,COMP,OURS,1825,0.003454,0.003254,0.003636,-0.003454,-0.003254,-0.003636,True,0.0,predictor_temporal/predictor_temporal_per_variant.json::maskratio
POC-1B,maskratio,lower,raw,lpft_encoder,surgical_3stage_DI_diheavy_encoder,COMP,OURS,1825,0.004727,0.004539,0.004911,-0.004727,-0.004539,-0.004911,True,0.0,predictor_temporal/predictor_temporal_per_variant.json::maskratio
POC-1B,maskratio,lower,raw,lpft_encoder,surgical_3stage_DI_encoder,COMP,OURS,1825,0.00222,0.002036,0.002388,-0.00222,-0.002036,-0.002388,True,0.0,predictor_temporal/predictor_temporal_per_variant.json::maskratio
POC-1B,maskratio,lower,raw,lpft_encoder,surgical_3stage_DI_intervene_encoder,COMP,OURS,1825,-0.004183,-0.004427,-0.003957,0.004183,0.004427,0.003957,True,0.0,predictor_temporal/predictor_temporal_per_variant.json::maskratio
POC-1B,maskratio,lower,raw,lpft_encoder,surgical_intervene_wiseft_f30_encoder,COMP,OURS,1825,-0.006072,-0.00632,-0.005842,0.006072,0.00632,0.005842,True,0.0,predictor_temporal/predictor_temporal_per_variant.json::maskratio
POC-1B,maskratio,lower,raw,lpft_encoder,surgical_intervene_wiseft_f50_encoder,COMP,OURS,1825,-0.00694,-0.007188,-0.006702,0.00694,0.007188,0.006702,True,0.0,predictor_temporal/predictor_temporal_per_variant.json::maskratio
POC-1B,maskratio,lower,raw,lpft_encoder,surgical_intervene_wiseft_f70_encoder,COMP,OURS,1825,-0.007543,-0.007808,-0.007294,0.007543,0.007808,0.007294,True,0.0,predictor_temporal/predictor_temporal_per_variant.json::maskratio
POC-1B,maskratio,lower,raw,peft_dora_encoder,surgery_raw_encoder,COMP,OURS,1825,0.000265,0.000139,0.000383,-0.000265,-0.000139,-0.000383,True,0.0,predictor_temporal/predictor_temporal_per_variant.json::maskratio
POC-1B,maskratio,lower,raw,peft_dora_encoder,surgical_3stage_DI_diheavy_encoder,COMP,OURS,1825,0.001538,0.001398,0.001676,-0.001538,-0.001398,-0.001676,True,0.0,predictor_temporal/predictor_temporal_per_variant.json::maskratio
POC-1B,maskratio,lower,raw,peft_dora_encoder,surgical_3stage_DI_encoder,COMP,OURS,1825,-0.000969,-0.001107,-0.000833,0.000969,0.001107,0.000833,True,0.0,predictor_temporal/predictor_temporal_per_variant.json::maskratio
POC-1B,maskratio,lower,raw,peft_dora_encoder,surgical_3stage_DI_intervene_encoder,COMP,OURS,1825,-0.007372,-0.007576,-0.007179,0.007372,0.007576,0.007179,True,0.0,predictor_temporal/predictor_temporal_per_variant.json::maskratio
POC-1B,maskratio,lower,raw,peft_dora_encoder,surgical_intervene_wiseft_f30_encoder,COMP,OURS,1825,-0.009261,-0.009485,-0.009046,0.009261,0.009485,0.009046,True,0.0,predictor_temporal/predictor_temporal_per_variant.json::maskratio
POC-1B,maskratio,lower,raw,peft_dora_encoder,surgical_intervene_wiseft_f50_encoder,COMP,OURS,1825,-0.010129,-0.010368,-0.009904,0.010129,0.010368,0.009904,True,0.0,predictor_temporal/predictor_temporal_per_variant.json::maskratio
POC-1B,maskratio,lower,raw,peft_dora_encoder,surgical_intervene_wiseft_f70_encoder,COMP,OURS,1825,-0.010732,-0.01099,-0.010487,0.010732,0.01099,0.010487,True,0.0,predictor_temporal/predictor_temporal_per_variant.json::maskratio
POC-1B,maskratio,lower,raw,peft_lora_encoder,surgery_raw_encoder,COMP,OURS,1825,0.0014,0.001276,0.001516,-0.0014,-0.001276,-0.001516,True,0.0,predictor_temporal/predictor_temporal_per_variant.json::maskratio
POC-1B,maskratio,lower,raw,peft_lora_encoder,surgical_3stage_DI_diheavy_encoder,COMP,OURS,1825,0.002673,0.002529,0.002815,-0.002673,-0.002529,-0.002815,True,0.0,predictor_temporal/predictor_temporal_per_variant.json::maskratio
POC-1B,maskratio,lower,raw,peft_lora_encoder,surgical_3stage_DI_encoder,COMP,OURS,1825,0.000166,3e-05,0.000303,-0.000166,-3e-05,-0.000303,True,0.0154,predictor_temporal/predictor_temporal_per_variant.json::maskratio
POC-1B,maskratio,lower,raw,peft_lora_encoder,surgical_3stage_DI_intervene_encoder,COMP,OURS,1825,-0.006237,-0.006434,-0.006051,0.006237,0.006434,0.006051,True,0.0,predictor_temporal/predictor_temporal_per_variant.json::maskratio
POC-1B,maskratio,lower,raw,peft_lora_encoder,surgical_intervene_wiseft_f30_encoder,COMP,OURS,1825,-0.008126,-0.008345,-0.007918,0.008126,0.008345,0.007918,True,0.0,predictor_temporal/predictor_temporal_per_variant.json::maskratio
POC-1B,maskratio,lower,raw,peft_lora_encoder,surgical_intervene_wiseft_f50_encoder,COMP,OURS,1825,-0.008993,-0.009227,-0.008771,0.008993,0.009227,0.008771,True,0.0,predictor_temporal/predictor_temporal_per_variant.json::maskratio
POC-1B,maskratio,lower,raw,peft_lora_encoder,surgical_intervene_wiseft_f70_encoder,COMP,OURS,1825,-0.009597,-0.009849,-0.009355,0.009597,0.009849,0.009355,True,0.0,predictor_temporal/predictor_temporal_per_variant.json::maskratio
POC-1B,maskratio,lower,raw,pretrain_encoder,surgery_raw_encoder,COMP,OURS,1825,0.005807,0.00569,0.005925,-0.005807,-0.00569,-0.005925,True,0.0,predictor_temporal/predictor_temporal_per_variant.json::maskratio
POC-1B,maskratio,lower,raw,pretrain_encoder,surgical_3stage_DI_diheavy_encoder,COMP,OURS,1825,0.00708,0.006953,0.007214,-0.00708,-0.006953,-0.007214,True,0.0,predictor_temporal/predictor_temporal_per_variant.json::maskratio
POC-1B,maskratio,lower,raw,pretrain_encoder,surgical_3stage_DI_encoder,COMP,OURS,1825,0.004573,0.004479,0.00467,-0.004573,-0.004479,-0.00467,True,0.0,predictor_temporal/predictor_temporal_per_variant.json::maskratio
POC-1B,maskratio,lower,raw,pretrain_encoder,surgical_3stage_DI_intervene_encoder,COMP,OURS,1825,-0.00183,-0.001961,-0.001702,0.00183,0.001961,0.001702,True,0.0,predictor_temporal/predictor_temporal_per_variant.json::maskratio
POC-1B,maskratio,lower,raw,pretrain_encoder,surgical_intervene_wiseft_f30_encoder,COMP,OURS,1825,-0.003719,-0.003859,-0.003584,0.003719,0.003859,0.003584,True,0.0,predictor_temporal/predictor_temporal_per_variant.json::maskratio
POC-1B,maskratio,lower,raw,pretrain_encoder,surgical_intervene_wiseft_f50_encoder,COMP,OURS,1825,-0.004586,-0.004745,-0.004434,0.004586,0.004745,0.004434,True,0.0,predictor_temporal/predictor_temporal_per_variant.json::maskratio
POC-1B,maskratio,lower,raw,pretrain_encoder,surgical_intervene_wiseft_f70_encoder,COMP,OURS,1825,-0.00519,-0.005378,-0.005011,0.00519,0.005378,0.005011,True,0.0,predictor_temporal/predictor_temporal_per_variant.json::maskratio
POC-1B,maskratio,lower,raw,surgery_raw_encoder,surgical_autorgn_encoder,OURS,COMP,1825,-0.009677,-0.009883,-0.009478,0.009677,0.009883,0.009478,True,0.0,predictor_temporal/predictor_temporal_per_variant.json::maskratio
POC-1B,maskratio,lower,raw,surgical_3stage_DI_diheavy_encoder,surgical_autorgn_encoder,OURS,COMP,1825,-0.010951,-0.011186,-0.010728,0.010951,0.011186,0.010728,True,0.0,predictor_temporal/predictor_temporal_per_variant.json::maskratio
POC-1B,maskratio,lower,raw,surgical_3stage_DI_encoder,surgical_autorgn_encoder,OURS,COMP,1825,-0.008443,-0.008625,-0.00827,0.008443,0.008625,0.00827,True,0.0,predictor_temporal/predictor_temporal_per_variant.json::maskratio
POC-1B,maskratio,lower,raw,surgical_3stage_DI_intervene_encoder,surgical_autorgn_encoder,OURS,COMP,1825,-0.002041,-0.002175,-0.001905,0.002041,0.002175,0.001905,True,0.0,predictor_temporal/predictor_temporal_per_variant.json::maskratio
POC-1B,maskratio,lower,raw,surgical_autorgn_encoder,surgical_intervene_wiseft_f30_encoder,COMP,OURS,1825,0.000151,3e-06,0.000301,-0.000151,-3e-06,-0.000301,True,0.0448,predictor_temporal/predictor_temporal_per_variant.json::maskratio
POC-1B,maskratio,lower,raw,surgical_autorgn_encoder,surgical_intervene_wiseft_f50_encoder,COMP,OURS,1825,-0.000716,-0.00089,-0.000545,0.000716,0.00089,0.000545,True,0.0,predictor_temporal/predictor_temporal_per_variant.json::maskratio
POC-1B,maskratio,lower,raw,surgical_autorgn_encoder,surgical_intervene_wiseft_f70_encoder,COMP,OURS,1825,-0.00132,-0.001526,-0.001122,0.00132,0.001526,0.001122,True,0.0,predictor_temporal/predictor_temporal_per_variant.json::maskratio
POC-1B,order,signed,raw,full_ft_encoder,surgery_raw_encoder,COMP,OURS,1825,-0.00118,-0.001502,-0.000858,,,,,0.0,predictor_temporal/predictor_temporal_per_variant.json::order
POC-1B,order,signed,raw,full_ft_encoder,surgical_3stage_DI_diheavy_encoder,COMP,OURS,1825,-0.000976,-0.0013,-0.000648,,,,,0.0,predictor_temporal/predictor_temporal_per_variant.json::order
POC-1B,order,signed,raw,full_ft_encoder,surgical_3stage_DI_encoder,COMP,OURS,1825,-0.000482,-0.000837,-0.00012,,,,,0.008,predictor_temporal/predictor_temporal_per_variant.json::order
POC-1B,order,signed,raw,full_ft_encoder,surgical_3stage_DI_intervene_encoder,COMP,OURS,1825,-0.001346,-0.001708,-0.000971,,,,,0.0,predictor_temporal/predictor_temporal_per_variant.json::order
POC-1B,order,signed,raw,full_ft_encoder,surgical_intervene_wiseft_f30_encoder,COMP,OURS,1825,-0.002047,-0.002466,-0.001625,,,,,0.0,predictor_temporal/predictor_temporal_per_variant.json::order
POC-1B,order,signed,raw,full_ft_encoder,surgical_intervene_wiseft_f50_encoder,COMP,OURS,1825,-0.001713,-0.002162,-0.001265,,,,,0.0,predictor_temporal/predictor_temporal_per_variant.json::order
POC-1B,order,signed,raw,full_ft_encoder,surgical_intervene_wiseft_f70_encoder,COMP,OURS,1825,-0.000694,-0.001163,-0.000224,,,,,0.0038,predictor_temporal/predictor_temporal_per_variant.json::order
POC-1B,order,signed,raw,lpft_encoder,surgery_raw_encoder,COMP,OURS,1825,-0.00164,-0.001915,-0.001379,,,,,0.0,predictor_temporal/predictor_temporal_per_variant.json::order
POC-1B,order,signed,raw,lpft_encoder,surgical_3stage_DI_diheavy_encoder,COMP,OURS,1825,-0.001437,-0.001702,-0.001169,,,,,0.0,predictor_temporal/predictor_temporal_per_variant.json::order
POC-1B,order,signed,raw,lpft_encoder,surgical_3stage_DI_encoder,COMP,OURS,1825,-0.000943,-0.001247,-0.000639,,,,,0.0,predictor_temporal/predictor_temporal_per_variant.json::order
POC-1B,order,signed,raw,lpft_encoder,surgical_3stage_DI_intervene_encoder,COMP,OURS,1825,-0.001807,-0.002131,-0.001488,,,,,0.0,predictor_temporal/predictor_temporal_per_variant.json::order
POC-1B,order,signed,raw,lpft_encoder,surgical_intervene_wiseft_f30_encoder,COMP,OURS,1825,-0.002508,-0.00289,-0.002135,,,,,0.0,predictor_temporal/predictor_temporal_per_variant.json::order
POC-1B,order,signed,raw,lpft_encoder,surgical_intervene_wiseft_f50_encoder,COMP,OURS,1825,-0.002174,-0.002587,-0.001772,,,,,0.0,predictor_temporal/predictor_temporal_per_variant.json::order
POC-1B,order,signed,raw,lpft_encoder,surgical_intervene_wiseft_f70_encoder,COMP,OURS,1825,-0.001155,-0.001591,-0.00074,,,,,0.0,predictor_temporal/predictor_temporal_per_variant.json::order
POC-1B,order,signed,raw,peft_dora_encoder,surgery_raw_encoder,COMP,OURS,1825,-0.000435,-0.000656,-0.000234,,,,,0.0,predictor_temporal/predictor_temporal_per_variant.json::order
POC-1B,order,signed,raw,peft_dora_encoder,surgical_3stage_DI_diheavy_encoder,COMP,OURS,1825,-0.000231,-0.00047,-2e-06,,,,,0.0522,predictor_temporal/predictor_temporal_per_variant.json::order
POC-1B,order,signed,raw,peft_dora_encoder,surgical_3stage_DI_encoder,COMP,OURS,1825,0.000263,-3e-05,0.000529,,,,,0.0622,predictor_temporal/predictor_temporal_per_variant.json::order
POC-1B,order,signed,raw,peft_dora_encoder,surgical_3stage_DI_intervene_encoder,COMP,OURS,1825,-0.000601,-0.000886,-0.000321,,,,,0.0002,predictor_temporal/predictor_temporal_per_variant.json::order
POC-1B,order,signed,raw,peft_dora_encoder,surgical_intervene_wiseft_f30_encoder,COMP,OURS,1825,-0.001302,-0.001652,-0.000964,,,,,0.0,predictor_temporal/predictor_temporal_per_variant.json::order
POC-1B,order,signed,raw,peft_dora_encoder,surgical_intervene_wiseft_f50_encoder,COMP,OURS,1825,-0.000968,-0.001367,-0.000604,,,,,0.0,predictor_temporal/predictor_temporal_per_variant.json::order
POC-1B,order,signed,raw,peft_dora_encoder,surgical_intervene_wiseft_f70_encoder,COMP,OURS,1825,5.1e-05,-0.000382,0.000445,,,,,0.7956,predictor_temporal/predictor_temporal_per_variant.json::order
POC-1B,order,signed,raw,peft_lora_encoder,surgery_raw_encoder,COMP,OURS,1825,-0.001151,-0.00135,-0.000968,,,,,0.0,predictor_temporal/predictor_temporal_per_variant.json::order
POC-1B,order,signed,raw,peft_lora_encoder,surgical_3stage_DI_diheavy_encoder,COMP,OURS,1825,-0.000948,-0.001183,-0.000717,,,,,0.0,predictor_temporal/predictor_temporal_per_variant.json::order
POC-1B,order,signed,raw,peft_lora_encoder,surgical_3stage_DI_encoder,COMP,OURS,1825,-0.000454,-0.000716,-0.000208,,,,,0.001,predictor_temporal/predictor_temporal_per_variant.json::order
POC-1B,order,signed,raw,peft_lora_encoder,surgical_3stage_DI_intervene_encoder,COMP,OURS,1825,-0.001317,-0.00157,-0.001075,,,,,0.0,predictor_temporal/predictor_temporal_per_variant.json::order
POC-1B,order,signed,raw,peft_lora_encoder,surgical_intervene_wiseft_f30_encoder,COMP,OURS,1825,-0.002018,-0.002333,-0.001718,,,,,0.0,predictor_temporal/predictor_temporal_per_variant.json::order
POC-1B,order,signed,raw,peft_lora_encoder,surgical_intervene_wiseft_f50_encoder,COMP,OURS,1825,-0.001685,-0.002045,-0.001349,,,,,0.0,predictor_temporal/predictor_temporal_per_variant.json::order
POC-1B,order,signed,raw,peft_lora_encoder,surgical_intervene_wiseft_f70_encoder,COMP,OURS,1825,-0.000665,-0.001058,-0.000302,,,,,0.0004,predictor_temporal/predictor_temporal_per_variant.json::order
POC-1B,order,signed,raw,pretrain_encoder,surgery_raw_encoder,COMP,OURS,1825,-0.001962,-0.002197,-0.001711,,,,,0.0,predictor_temporal/predictor_temporal_per_variant.json::order
POC-1B,order,signed,raw,pretrain_encoder,surgical_3stage_DI_diheavy_encoder,COMP,OURS,1825,-0.001758,-0.001996,-0.001514,,,,,0.0,predictor_temporal/predictor_temporal_per_variant.json::order
POC-1B,order,signed,raw,pretrain_encoder,surgical_3stage_DI_encoder,COMP,OURS,1825,-0.001264,-0.001524,-0.001005,,,,,0.0,predictor_temporal/predictor_temporal_per_variant.json::order
POC-1B,order,signed,raw,pretrain_encoder,surgical_3stage_DI_intervene_encoder,COMP,OURS,1825,-0.002128,-0.002399,-0.001855,,,,,0.0,predictor_temporal/predictor_temporal_per_variant.json::order
POC-1B,order,signed,raw,pretrain_encoder,surgical_intervene_wiseft_f30_encoder,COMP,OURS,1825,-0.002829,-0.003129,-0.002533,,,,,0.0,predictor_temporal/predictor_temporal_per_variant.json::order
POC-1B,order,signed,raw,pretrain_encoder,surgical_intervene_wiseft_f50_encoder,COMP,OURS,1825,-0.002495,-0.002815,-0.002175,,,,,0.0,predictor_temporal/predictor_temporal_per_variant.json::order
POC-1B,order,signed,raw,pretrain_encoder,surgical_intervene_wiseft_f70_encoder,COMP,OURS,1825,-0.001476,-0.001814,-0.00114,,,,,0.0,predictor_temporal/predictor_temporal_per_variant.json::order
POC-1B,order,signed,raw,surgery_raw_encoder,surgical_autorgn_encoder,OURS,COMP,1825,0.000419,0.000178,0.000676,,,,,0.0002,predictor_temporal/predictor_temporal_per_variant.json::order
POC-1B,order,signed,raw,surgical_3stage_DI_diheavy_encoder,surgical_autorgn_encoder,OURS,COMP,1825,0.000216,-3.4e-05,0.000471,,,,,0.0908,predictor_temporal/predictor_temporal_per_variant.json::order
POC-1B,order,signed,raw,surgical_3stage_DI_encoder,surgical_autorgn_encoder,OURS,COMP,1825,-0.000278,-0.000544,-2e-06,,,,,0.0454,predictor_temporal/predictor_temporal_per_variant.json::order
POC-1B,order,signed,raw,surgical_3stage_DI_intervene_encoder,surgical_autorgn_encoder,OURS,COMP,1825,0.000586,0.000334,0.000834,,,,,0.0,predictor_temporal/predictor_temporal_per_variant.json::order
POC-1B,order,signed,raw,surgical_autorgn_encoder,surgical_intervene_wiseft_f30_encoder,COMP,OURS,1825,-0.001287,-0.001597,-0.000967,,,,,0.0,predictor_temporal/predictor_temporal_per_variant.json::order
POC-1B,order,signed,raw,surgical_autorgn_encoder,surgical_intervene_wiseft_f50_encoder,COMP,OURS,1825,-0.000953,-0.001314,-0.0006,,,,,0.0,predictor_temporal/predictor_temporal_per_variant.json::order
POC-1B,order,signed,raw,surgical_autorgn_encoder,surgical_intervene_wiseft_f70_encoder,COMP,OURS,1825,6.6e-05,-0.000335,0.000456,,,,,0.7484,predictor_temporal/predictor_temporal_per_variant.json::order
POC-1B,aot,higher,raw,full_ft_encoder,surgery_raw_encoder,COMP,OURS,1825,-0.007671,-0.013699,-0.001918,-0.007671,-0.013699,-0.001918,True,0.0096,encoder_temporal/encoder_temporal_per_variant.json::aot
POC-1B,aot,higher,raw,full_ft_encoder,surgical_3stage_DI_diheavy_encoder,COMP,OURS,1825,-0.011781,-0.017808,-0.006027,-0.011781,-0.017808,-0.006027,True,0.0,encoder_temporal/encoder_temporal_per_variant.json::aot
POC-1B,aot,higher,raw,full_ft_encoder,surgical_3stage_DI_encoder,COMP,OURS,1825,0.005479,-0.001096,0.011781,0.005479,-0.001096,0.011781,False,0.1082,encoder_temporal/encoder_temporal_per_variant.json::aot
POC-1B,aot,higher,raw,full_ft_encoder,surgical_3stage_DI_intervene_encoder,COMP,OURS,1825,-0.007123,-0.013151,-0.00137,-0.007123,-0.013151,-0.00137,True,0.0184,encoder_temporal/encoder_temporal_per_variant.json::aot
POC-1B,aot,higher,raw,full_ft_encoder,surgical_intervene_wiseft_f30_encoder,COMP,OURS,1825,-0.013973,-0.020548,-0.007671,-0.013973,-0.020548,-0.007671,True,0.0,encoder_temporal/encoder_temporal_per_variant.json::aot
POC-1B,aot,higher,raw,full_ft_encoder,surgical_intervene_wiseft_f50_encoder,COMP,OURS,1825,-0.015616,-0.021644,-0.009863,-0.015616,-0.021644,-0.009863,True,0.0,encoder_temporal/encoder_temporal_per_variant.json::aot
POC-1B,aot,higher,raw,full_ft_encoder,surgical_intervene_wiseft_f70_encoder,COMP,OURS,1825,-0.019178,-0.025753,-0.012877,-0.019178,-0.025753,-0.012877,True,0.0,encoder_temporal/encoder_temporal_per_variant.json::aot
POC-1B,aot,higher,raw,lpft_encoder,surgery_raw_encoder,COMP,OURS,1825,0.003014,-0.001644,0.007671,0.003014,-0.001644,0.007671,False,0.2248,encoder_temporal/encoder_temporal_per_variant.json::aot
POC-1B,aot,higher,raw,lpft_encoder,surgical_3stage_DI_diheavy_encoder,COMP,OURS,1825,-0.001096,-0.005205,0.00274,-0.001096,-0.005205,0.00274,False,0.6466,encoder_temporal/encoder_temporal_per_variant.json::aot
POC-1B,aot,higher,raw,lpft_encoder,surgical_3stage_DI_encoder,COMP,OURS,1825,0.016164,0.009315,0.023014,0.016164,0.009315,0.023014,True,0.0,encoder_temporal/encoder_temporal_per_variant.json::aot
POC-1B,aot,higher,raw,lpft_encoder,surgical_3stage_DI_intervene_encoder,COMP,OURS,1825,0.003562,-0.001918,0.009041,0.003562,-0.001918,0.009041,False,0.2162,encoder_temporal/encoder_temporal_per_variant.json::aot
POC-1B,aot,higher,raw,lpft_encoder,surgical_intervene_wiseft_f30_encoder,COMP,OURS,1825,-0.003288,-0.007945,0.001096,-0.003288,-0.007945,0.001096,False,0.1692,encoder_temporal/encoder_temporal_per_variant.json::aot
POC-1B,aot,higher,raw,lpft_encoder,surgical_intervene_wiseft_f50_encoder,COMP,OURS,1825,-0.004932,-0.009863,-0.000274,-0.004932,-0.009863,-0.000274,True,0.0496,encoder_temporal/encoder_temporal_per_variant.json::aot
POC-1B,aot,higher,raw,lpft_encoder,surgical_intervene_wiseft_f70_encoder,COMP,OURS,1825,-0.008493,-0.013973,-0.003288,-0.008493,-0.013973,-0.003288,True,0.0018,encoder_temporal/encoder_temporal_per_variant.json::aot
POC-1B,aot,higher,raw,peft_dora_encoder,surgery_raw_encoder,COMP,OURS,1825,-0.000274,-0.004384,0.003836,-0.000274,-0.004384,0.003836,False,0.949,encoder_temporal/encoder_temporal_per_variant.json::aot
POC-1B,aot,higher,raw,peft_dora_encoder,surgical_3stage_DI_diheavy_encoder,COMP,OURS,1825,-0.004384,-0.008493,-0.000548,-0.004384,-0.008493,-0.000548,True,0.0386,encoder_temporal/encoder_temporal_per_variant.json::aot
POC-1B,aot,higher,raw,peft_dora_encoder,surgical_3stage_DI_encoder,COMP,OURS,1825,0.012877,0.006575,0.019452,0.012877,0.006575,0.019452,True,0.0002,encoder_temporal/encoder_temporal_per_variant.json::aot
POC-1B,aot,higher,raw,peft_dora_encoder,surgical_3stage_DI_intervene_encoder,COMP,OURS,1825,0.000274,-0.004658,0.005151,0.000274,-0.004658,0.005151,False,0.9348,encoder_temporal/encoder_temporal_per_variant.json::aot
POC-1B,aot,higher,raw,peft_dora_encoder,surgical_intervene_wiseft_f30_encoder,COMP,OURS,1825,-0.006575,-0.011781,-0.001644,-0.006575,-0.011781,-0.001644,True,0.0124,encoder_temporal/encoder_temporal_per_variant.json::aot
POC-1B,aot,higher,raw,peft_dora_encoder,surgical_intervene_wiseft_f50_encoder,COMP,OURS,1825,-0.008219,-0.013425,-0.003562,-0.008219,-0.013425,-0.003562,True,0.001,encoder_temporal/encoder_temporal_per_variant.json::aot
POC-1B,aot,higher,raw,peft_dora_encoder,surgical_intervene_wiseft_f70_encoder,COMP,OURS,1825,-0.011781,-0.01748,-0.006575,-0.011781,-0.01748,-0.006575,True,0.0,encoder_temporal/encoder_temporal_per_variant.json::aot
POC-1B,aot,higher,raw,peft_lora_encoder,surgery_raw_encoder,COMP,OURS,1825,-0.006027,-0.011233,-0.000548,-0.006027,-0.011233,-0.000548,True,0.0328,encoder_temporal/encoder_temporal_per_variant.json::aot
POC-1B,aot,higher,raw,peft_lora_encoder,surgical_3stage_DI_diheavy_encoder,COMP,OURS,1825,-0.010137,-0.016438,-0.00411,-0.010137,-0.016438,-0.00411,True,0.0012,encoder_temporal/encoder_temporal_per_variant.json::aot
POC-1B,aot,higher,raw,peft_lora_encoder,surgical_3stage_DI_encoder,COMP,OURS,1825,0.007123,0.002192,0.012055,0.007123,0.002192,0.012055,True,0.0032,encoder_temporal/encoder_temporal_per_variant.json::aot
POC-1B,aot,higher,raw,peft_lora_encoder,surgical_3stage_DI_intervene_encoder,COMP,OURS,1825,-0.005479,-0.010137,-0.001096,-0.005479,-0.010137,-0.001096,True,0.02,encoder_temporal/encoder_temporal_per_variant.json::aot
POC-1B,aot,higher,raw,peft_lora_encoder,surgical_intervene_wiseft_f30_encoder,COMP,OURS,1825,-0.012329,-0.019178,-0.005753,-0.012329,-0.019178,-0.005753,True,0.0004,encoder_temporal/encoder_temporal_per_variant.json::aot
POC-1B,aot,higher,raw,peft_lora_encoder,surgical_intervene_wiseft_f50_encoder,COMP,OURS,1825,-0.013973,-0.02,-0.008219,-0.013973,-0.02,-0.008219,True,0.0002,encoder_temporal/encoder_temporal_per_variant.json::aot
POC-1B,aot,higher,raw,peft_lora_encoder,surgical_intervene_wiseft_f70_encoder,COMP,OURS,1825,-0.017534,-0.024384,-0.011233,-0.017534,-0.024384,-0.011233,True,0.0,encoder_temporal/encoder_temporal_per_variant.json::aot
POC-1B,aot,higher,raw,pretrain_encoder,surgery_raw_encoder,COMP,OURS,1825,-0.00274,-0.008493,0.00274,-0.00274,-0.008493,0.00274,False,0.3532,encoder_temporal/encoder_temporal_per_variant.json::aot
POC-1B,aot,higher,raw,pretrain_encoder,surgical_3stage_DI_diheavy_encoder,COMP,OURS,1825,-0.006849,-0.012603,-0.00137,-0.006849,-0.012603,-0.00137,True,0.018,encoder_temporal/encoder_temporal_per_variant.json::aot
POC-1B,aot,higher,raw,pretrain_encoder,surgical_3stage_DI_encoder,COMP,OURS,1825,0.010411,0.004932,0.016164,0.010411,0.004932,0.016164,True,0.0004,encoder_temporal/encoder_temporal_per_variant.json::aot
POC-1B,aot,higher,raw,pretrain_encoder,surgical_3stage_DI_intervene_encoder,COMP,OURS,1825,-0.002192,-0.007123,0.00274,-0.002192,-0.007123,0.00274,False,0.4134,encoder_temporal/encoder_temporal_per_variant.json::aot
POC-1B,aot,higher,raw,pretrain_encoder,surgical_intervene_wiseft_f30_encoder,COMP,OURS,1825,-0.009041,-0.015342,-0.003014,-0.009041,-0.015342,-0.003014,True,0.0034,encoder_temporal/encoder_temporal_per_variant.json::aot
POC-1B,aot,higher,raw,pretrain_encoder,surgical_intervene_wiseft_f50_encoder,COMP,OURS,1825,-0.010685,-0.016712,-0.004932,-0.010685,-0.016712,-0.004932,True,0.0,encoder_temporal/encoder_temporal_per_variant.json::aot
POC-1B,aot,higher,raw,pretrain_encoder,surgical_intervene_wiseft_f70_encoder,COMP,OURS,1825,-0.014247,-0.020548,-0.008219,-0.014247,-0.020548,-0.008219,True,0.0,encoder_temporal/encoder_temporal_per_variant.json::aot
POC-1B,aot,higher,raw,surgery_raw_encoder,surgical_autorgn_encoder,OURS,COMP,1825,0.007123,0.00137,0.012877,0.007123,0.00137,0.012877,True,0.017,encoder_temporal/encoder_temporal_per_variant.json::aot
POC-1B,aot,higher,raw,surgical_3stage_DI_diheavy_encoder,surgical_autorgn_encoder,OURS,COMP,1825,0.011233,0.005479,0.01726,0.011233,0.005479,0.01726,True,0.0,encoder_temporal/encoder_temporal_per_variant.json::aot
POC-1B,aot,higher,raw,surgical_3stage_DI_encoder,surgical_autorgn_encoder,OURS,COMP,1825,-0.006027,-0.012603,0.000548,-0.006027,-0.012603,0.000548,False,0.0788,encoder_temporal/encoder_temporal_per_variant.json::aot
POC-1B,aot,higher,raw,surgical_3stage_DI_intervene_encoder,surgical_autorgn_encoder,OURS,COMP,1825,0.006575,0.00137,0.012055,0.006575,0.00137,0.012055,True,0.0174,encoder_temporal/encoder_temporal_per_variant.json::aot
POC-1B,aot,higher,raw,surgical_autorgn_encoder,surgical_intervene_wiseft_f30_encoder,COMP,OURS,1825,-0.013425,-0.019726,-0.006849,-0.013425,-0.019726,-0.006849,True,0.0002,encoder_temporal/encoder_temporal_per_variant.json::aot
POC-1B,aot,higher,raw,surgical_autorgn_encoder,surgical_intervene_wiseft_f50_encoder,COMP,OURS,1825,-0.015068,-0.02137,-0.009041,-0.015068,-0.02137,-0.009041,True,0.0,encoder_temporal/encoder_temporal_per_variant.json::aot
POC-1B,aot,higher,raw,surgical_autorgn_encoder,surgical_intervene_wiseft_f70_encoder,COMP,OURS,1825,-0.01863,-0.024932,-0.012329,-0.01863,-0.024932,-0.012329,True,0.0,encoder_temporal/encoder_temporal_per_variant.json::aot
POC-1B,tov,higher,raw,full_ft_encoder,surgery_raw_encoder,COMP,OURS,1825,-0.004384,-0.010548,0.001781,-0.004384,-0.010548,0.001781,False,0.1692,encoder_temporal/encoder_temporal_per_variant.json::tov
POC-1B,tov,higher,raw,full_ft_encoder,surgical_3stage_DI_diheavy_encoder,COMP,OURS,1825,-0.01274,-0.018904,-0.006712,-0.01274,-0.018904,-0.006712,True,0.0,encoder_temporal/encoder_temporal_per_variant.json::tov
POC-1B,tov,higher,raw,full_ft_encoder,surgical_3stage_DI_encoder,COMP,OURS,1825,-0.010685,-0.016575,-0.004932,-0.010685,-0.016575,-0.004932,True,0.0006,encoder_temporal/encoder_temporal_per_variant.json::tov
POC-1B,tov,higher,raw,full_ft_encoder,surgical_3stage_DI_intervene_encoder,COMP,OURS,1825,-0.009452,-0.01589,-0.002877,-0.009452,-0.01589,-0.002877,True,0.0044,encoder_temporal/encoder_temporal_per_variant.json::tov
POC-1B,tov,higher,raw,full_ft_encoder,surgical_intervene_wiseft_f30_encoder,COMP,OURS,1825,-0.012466,-0.018429,-0.006575,-0.012466,-0.018429,-0.006575,True,0.0,encoder_temporal/encoder_temporal_per_variant.json::tov
POC-1B,tov,higher,raw,full_ft_encoder,surgical_intervene_wiseft_f50_encoder,COMP,OURS,1825,-0.010411,-0.016164,-0.004521,-0.010411,-0.016164,-0.004521,True,0.0004,encoder_temporal/encoder_temporal_per_variant.json::tov
POC-1B,tov,higher,raw,full_ft_encoder,surgical_intervene_wiseft_f70_encoder,COMP,OURS,1825,-0.006712,-0.013288,-0.000137,-0.006712,-0.013288,-0.000137,True,0.0462,encoder_temporal/encoder_temporal_per_variant.json::tov
POC-1B,tov,higher,raw,lpft_encoder,surgery_raw_encoder,COMP,OURS,1825,0.008493,0.003562,0.013699,0.008493,0.003562,0.013699,True,0.0012,encoder_temporal/encoder_temporal_per_variant.json::tov
POC-1B,tov,higher,raw,lpft_encoder,surgical_3stage_DI_diheavy_encoder,COMP,OURS,1825,0.000137,-0.003973,0.004247,0.000137,-0.003973,0.004247,False,0.973,encoder_temporal/encoder_temporal_per_variant.json::tov
POC-1B,tov,higher,raw,lpft_encoder,surgical_3stage_DI_encoder,COMP,OURS,1825,0.002192,-0.002466,0.006712,0.002192,-0.002466,0.006712,False,0.3668,encoder_temporal/encoder_temporal_per_variant.json::tov
POC-1B,tov,higher,raw,lpft_encoder,surgical_3stage_DI_intervene_encoder,COMP,OURS,1825,0.003425,-0.001505,0.008356,0.003425,-0.001505,0.008356,False,0.187,encoder_temporal/encoder_temporal_per_variant.json::tov
POC-1B,tov,higher,raw,lpft_encoder,surgical_intervene_wiseft_f30_encoder,COMP,OURS,1825,0.000411,-0.003836,0.004384,0.000411,-0.003836,0.004384,False,0.8614,encoder_temporal/encoder_temporal_per_variant.json::tov
POC-1B,tov,higher,raw,lpft_encoder,surgical_intervene_wiseft_f50_encoder,COMP,OURS,1825,0.002466,-0.001781,0.006986,0.002466,-0.001781,0.006986,False,0.2788,encoder_temporal/encoder_temporal_per_variant.json::tov
POC-1B,tov,higher,raw,lpft_encoder,surgical_intervene_wiseft_f70_encoder,COMP,OURS,1825,0.006164,0.001233,0.010959,0.006164,0.001233,0.010959,True,0.0202,encoder_temporal/encoder_temporal_per_variant.json::tov
POC-1B,tov,higher,raw,peft_dora_encoder,surgery_raw_encoder,COMP,OURS,1825,0.009863,0.004932,0.014795,0.009863,0.004932,0.014795,True,0.0,encoder_temporal/encoder_temporal_per_variant.json::tov
POC-1B,tov,higher,raw,peft_dora_encoder,surgical_3stage_DI_diheavy_encoder,COMP,OURS,1825,0.001507,-0.00274,0.005616,0.001507,-0.00274,0.005616,False,0.4964,encoder_temporal/encoder_temporal_per_variant.json::tov
POC-1B,tov,higher,raw,peft_dora_encoder,surgical_3stage_DI_encoder,COMP,OURS,1825,0.003562,-0.000822,0.008082,0.003562,-0.000822,0.008082,False,0.125,encoder_temporal/encoder_temporal_per_variant.json::tov
POC-1B,tov,higher,raw,peft_dora_encoder,surgical_3stage_DI_intervene_encoder,COMP,OURS,1825,0.004795,-0.000137,0.009589,0.004795,-0.000137,0.009589,False,0.058,encoder_temporal/encoder_temporal_per_variant.json::tov
POC-1B,tov,higher,raw,peft_dora_encoder,surgical_intervene_wiseft_f30_encoder,COMP,OURS,1825,0.001781,-0.002603,0.006164,0.001781,-0.002603,0.006164,False,0.433,encoder_temporal/encoder_temporal_per_variant.json::tov
POC-1B,tov,higher,raw,peft_dora_encoder,surgical_intervene_wiseft_f50_encoder,COMP,OURS,1825,0.003836,-0.001096,0.008767,0.003836,-0.001096,0.008767,False,0.1294,encoder_temporal/encoder_temporal_per_variant.json::tov
POC-1B,tov,higher,raw,peft_dora_encoder,surgical_intervene_wiseft_f70_encoder,COMP,OURS,1825,0.007534,0.002466,0.012603,0.007534,0.002466,0.012603,True,0.0042,encoder_temporal/encoder_temporal_per_variant.json::tov
POC-1B,tov,higher,raw,peft_lora_encoder,surgery_raw_encoder,COMP,OURS,1825,0.005342,0.0,0.010822,0.005342,0.0,0.010822,False,0.0572,encoder_temporal/encoder_temporal_per_variant.json::tov
POC-1B,tov,higher,raw,peft_lora_encoder,surgical_3stage_DI_diheavy_encoder,COMP,OURS,1825,-0.003014,-0.007534,0.001507,-0.003014,-0.007534,0.001507,False,0.2022,encoder_temporal/encoder_temporal_per_variant.json::tov
POC-1B,tov,higher,raw,peft_lora_encoder,surgical_3stage_DI_encoder,COMP,OURS,1825,-0.000959,-0.006438,0.004247,-0.000959,-0.006438,0.004247,False,0.741,encoder_temporal/encoder_temporal_per_variant.json::tov
POC-1B,tov,higher,raw,peft_lora_encoder,surgical_3stage_DI_intervene_encoder,COMP,OURS,1825,0.000274,-0.004658,0.005205,0.000274,-0.004658,0.005205,False,0.9458,encoder_temporal/encoder_temporal_per_variant.json::tov
POC-1B,tov,higher,raw,peft_lora_encoder,surgical_intervene_wiseft_f30_encoder,COMP,OURS,1825,-0.00274,-0.007671,0.002055,-0.00274,-0.007671,0.002055,False,0.2814,encoder_temporal/encoder_temporal_per_variant.json::tov
POC-1B,tov,higher,raw,peft_lora_encoder,surgical_intervene_wiseft_f50_encoder,COMP,OURS,1825,-0.000685,-0.006164,0.004795,-0.000685,-0.006164,0.004795,False,0.8172,encoder_temporal/encoder_temporal_per_variant.json::tov
POC-1B,tov,higher,raw,peft_lora_encoder,surgical_intervene_wiseft_f70_encoder,COMP,OURS,1825,0.003014,-0.002466,0.008767,0.003014,-0.002466,0.008767,False,0.302,encoder_temporal/encoder_temporal_per_variant.json::tov
POC-1B,tov,higher,raw,pretrain_encoder,surgery_raw_encoder,COMP,OURS,1825,0.010137,0.004795,0.015479,0.010137,0.004795,0.015479,True,0.0,encoder_temporal/encoder_temporal_per_variant.json::tov
POC-1B,tov,higher,raw,pretrain_encoder,surgical_3stage_DI_diheavy_encoder,COMP,OURS,1825,0.001781,-0.003151,0.006575,0.001781,-0.003151,0.006575,False,0.4808,encoder_temporal/encoder_temporal_per_variant.json::tov
POC-1B,tov,higher,raw,pretrain_encoder,surgical_3stage_DI_encoder,COMP,OURS,1825,0.003836,-0.001096,0.008904,0.003836,-0.001096,0.008904,False,0.1456,encoder_temporal/encoder_temporal_per_variant.json::tov
POC-1B,tov,higher,raw,pretrain_encoder,surgical_3stage_DI_intervene_encoder,COMP,OURS,1825,0.005068,0.0,0.010137,0.005068,0.0,0.010137,False,0.0542,encoder_temporal/encoder_temporal_per_variant.json::tov
POC-1B,tov,higher,raw,pretrain_encoder,surgical_intervene_wiseft_f30_encoder,COMP,OURS,1825,0.002055,-0.003151,0.007123,0.002055,-0.003151,0.007123,False,0.448,encoder_temporal/encoder_temporal_per_variant.json::tov
POC-1B,tov,higher,raw,pretrain_encoder,surgical_intervene_wiseft_f50_encoder,COMP,OURS,1825,0.00411,-0.001233,0.009315,0.00411,-0.001233,0.009315,False,0.1324,encoder_temporal/encoder_temporal_per_variant.json::tov
POC-1B,tov,higher,raw,pretrain_encoder,surgical_intervene_wiseft_f70_encoder,COMP,OURS,1825,0.007808,0.002329,0.013562,0.007808,0.002329,0.013562,True,0.0062,encoder_temporal/encoder_temporal_per_variant.json::tov
POC-1B,tov,higher,raw,surgery_raw_encoder,surgical_autorgn_encoder,OURS,COMP,1825,0.006712,0.000548,0.013014,0.006712,0.000548,0.013014,True,0.0364,encoder_temporal/encoder_temporal_per_variant.json::tov
POC-1B,tov,higher,raw,surgical_3stage_DI_diheavy_encoder,surgical_autorgn_encoder,OURS,COMP,1825,0.015068,0.009452,0.020959,0.015068,0.009452,0.020959,True,0.0,encoder_temporal/encoder_temporal_per_variant.json::tov
POC-1B,tov,higher,raw,surgical_3stage_DI_encoder,surgical_autorgn_encoder,OURS,COMP,1825,0.013014,0.007397,0.018904,0.013014,0.007397,0.018904,True,0.0,encoder_temporal/encoder_temporal_per_variant.json::tov
POC-1B,tov,higher,raw,surgical_3stage_DI_intervene_encoder,surgical_autorgn_encoder,OURS,COMP,1825,0.011781,0.005479,0.018082,0.011781,0.005479,0.018082,True,0.0008,encoder_temporal/encoder_temporal_per_variant.json::tov
POC-1B,tov,higher,raw,surgical_autorgn_encoder,surgical_intervene_wiseft_f30_encoder,COMP,OURS,1825,-0.014795,-0.020274,-0.009315,-0.014795,-0.020274,-0.009315,True,0.0,encoder_temporal/encoder_temporal_per_variant.json::tov
POC-1B,tov,higher,raw,surgical_autorgn_encoder,surgical_intervene_wiseft_f50_encoder,COMP,OURS,1825,-0.01274,-0.018356,-0.007123,-0.01274,-0.018356,-0.007123,True,0.0002,encoder_temporal/encoder_temporal_per_variant.json::tov
POC-1B,tov,higher,raw,surgical_autorgn_encoder,surgical_intervene_wiseft_f70_encoder,COMP,OURS,1825,-0.009041,-0.015068,-0.002877,-0.009041,-0.015068,-0.002877,True,0.0054,encoder_temporal/encoder_temporal_per_variant.json::tov
POC-1B,pace,higher,raw,full_ft_encoder,surgery_raw_encoder,COMP,OURS,1825,0.00274,-0.010411,0.01589,0.00274,-0.010411,0.01589,False,0.7004,encoder_temporal/encoder_temporal_per_variant.json::pace
POC-1B,pace,higher,raw,full_ft_encoder,surgical_3stage_DI_diheavy_encoder,COMP,OURS,1825,-0.006575,-0.016068,0.003105,-0.006575,-0.016068,0.003105,False,0.1792,encoder_temporal/encoder_temporal_per_variant.json::pace
POC-1B,pace,higher,raw,full_ft_encoder,surgical_3stage_DI_encoder,COMP,OURS,1825,-0.017717,-0.027397,-0.008394,-0.017717,-0.027397,-0.008394,True,0.0002,encoder_temporal/encoder_temporal_per_variant.json::pace
POC-1B,pace,higher,raw,full_ft_encoder,surgical_3stage_DI_intervene_encoder,COMP,OURS,1825,-0.019543,-0.029954,-0.009315,-0.019543,-0.029954,-0.009315,True,0.0,encoder_temporal/encoder_temporal_per_variant.json::pace
POC-1B,pace,higher,raw,full_ft_encoder,surgical_intervene_wiseft_f30_encoder,COMP,OURS,1825,-0.024475,-0.034155,-0.014977,-0.024475,-0.034155,-0.014977,True,0.0,encoder_temporal/encoder_temporal_per_variant.json::pace
POC-1B,pace,higher,raw,full_ft_encoder,surgical_intervene_wiseft_f50_encoder,COMP,OURS,1825,-0.026484,-0.036895,-0.01589,-0.026484,-0.036895,-0.01589,True,0.0,encoder_temporal/encoder_temporal_per_variant.json::pace
POC-1B,pace,higher,raw,full_ft_encoder,surgical_intervene_wiseft_f70_encoder,COMP,OURS,1825,-0.020091,-0.031598,-0.008634,-0.020091,-0.031598,-0.008634,True,0.0008,encoder_temporal/encoder_temporal_per_variant.json::pace
POC-1B,pace,higher,raw,lpft_encoder,surgery_raw_encoder,COMP,OURS,1825,0.018813,0.007869,0.029589,0.018813,0.007869,0.029589,True,0.0002,encoder_temporal/encoder_temporal_per_variant.json::pace
POC-1B,pace,higher,raw,lpft_encoder,surgical_3stage_DI_diheavy_encoder,COMP,OURS,1825,0.009498,0.001279,0.0179,0.009498,0.001279,0.0179,True,0.0222,encoder_temporal/encoder_temporal_per_variant.json::pace
POC-1B,pace,higher,raw,lpft_encoder,surgical_3stage_DI_encoder,COMP,OURS,1825,-0.001644,-0.00968,0.00621,-0.001644,-0.00968,0.00621,False,0.685,encoder_temporal/encoder_temporal_per_variant.json::pace
POC-1B,pace,higher,raw,lpft_encoder,surgical_3stage_DI_intervene_encoder,COMP,OURS,1825,-0.00347,-0.010959,0.003836,-0.00347,-0.010959,0.003836,False,0.3592,encoder_temporal/encoder_temporal_per_variant.json::pace
POC-1B,pace,higher,raw,lpft_encoder,surgical_intervene_wiseft_f30_encoder,COMP,OURS,1825,-0.008402,-0.016438,-0.000548,-0.008402,-0.016438,-0.000548,True,0.0376,encoder_temporal/encoder_temporal_per_variant.json::pace
POC-1B,pace,higher,raw,lpft_encoder,surgical_intervene_wiseft_f50_encoder,COMP,OURS,1825,-0.010411,-0.018082,-0.002557,-0.010411,-0.018082,-0.002557,True,0.0118,encoder_temporal/encoder_temporal_per_variant.json::pace
POC-1B,pace,higher,raw,lpft_encoder,surgical_intervene_wiseft_f70_encoder,COMP,OURS,1825,-0.004018,-0.012785,0.005114,-0.004018,-0.012785,0.005114,False,0.3778,encoder_temporal/encoder_temporal_per_variant.json::pace
POC-1B,pace,higher,raw,peft_dora_encoder,surgery_raw_encoder,COMP,OURS,1825,0.020274,0.00968,0.030502,0.020274,0.00968,0.030502,True,0.0002,encoder_temporal/encoder_temporal_per_variant.json::pace
POC-1B,pace,higher,raw,peft_dora_encoder,surgical_3stage_DI_diheavy_encoder,COMP,OURS,1825,0.010959,0.003288,0.018813,0.010959,0.003288,0.018813,True,0.0066,encoder_temporal/encoder_temporal_per_variant.json::pace
POC-1B,pace,higher,raw,peft_dora_encoder,surgical_3stage_DI_encoder,COMP,OURS,1825,-0.000183,-0.008767,0.008402,-0.000183,-0.008767,0.008402,False,0.9808,encoder_temporal/encoder_temporal_per_variant.json::pace
POC-1B,pace,higher,raw,peft_dora_encoder,surgical_3stage_DI_intervene_encoder,COMP,OURS,1825,-0.002009,-0.010594,0.006575,-0.002009,-0.010594,0.006575,False,0.6512,encoder_temporal/encoder_temporal_per_variant.json::pace
POC-1B,pace,higher,raw,peft_dora_encoder,surgical_intervene_wiseft_f30_encoder,COMP,OURS,1825,-0.006941,-0.015525,0.002009,-0.006941,-0.015525,0.002009,False,0.1242,encoder_temporal/encoder_temporal_per_variant.json::pace
POC-1B,pace,higher,raw,peft_dora_encoder,surgical_intervene_wiseft_f50_encoder,COMP,OURS,1825,-0.00895,-0.017352,0.0,-0.00895,-0.017352,0.0,False,0.0494,encoder_temporal/encoder_temporal_per_variant.json::pace
POC-1B,pace,higher,raw,peft_dora_encoder,surgical_intervene_wiseft_f70_encoder,COMP,OURS,1825,-0.002557,-0.011872,0.00621,-0.002557,-0.011872,0.00621,False,0.593,encoder_temporal/encoder_temporal_per_variant.json::pace
POC-1B,pace,higher,raw,peft_lora_encoder,surgery_raw_encoder,COMP,OURS,1825,0.023744,0.013699,0.033607,0.023744,0.013699,0.033607,True,0.0,encoder_temporal/encoder_temporal_per_variant.json::pace
POC-1B,pace,higher,raw,peft_lora_encoder,surgical_3stage_DI_diheavy_encoder,COMP,OURS,1825,0.014429,0.005114,0.023927,0.014429,0.005114,0.023927,True,0.002,encoder_temporal/encoder_temporal_per_variant.json::pace
POC-1B,pace,higher,raw,peft_lora_encoder,surgical_3stage_DI_encoder,COMP,OURS,1825,0.003288,-0.004018,0.010776,0.003288,-0.004018,0.010776,False,0.3882,encoder_temporal/encoder_temporal_per_variant.json::pace
POC-1B,pace,higher,raw,peft_lora_encoder,surgical_3stage_DI_intervene_encoder,COMP,OURS,1825,0.001461,-0.006027,0.009132,0.001461,-0.006027,0.009132,False,0.7376,encoder_temporal/encoder_temporal_per_variant.json::pace
POC-1B,pace,higher,raw,peft_lora_encoder,surgical_intervene_wiseft_f30_encoder,COMP,OURS,1825,-0.00347,-0.011507,0.004566,-0.00347,-0.011507,0.004566,False,0.3976,encoder_temporal/encoder_temporal_per_variant.json::pace
POC-1B,pace,higher,raw,peft_lora_encoder,surgical_intervene_wiseft_f50_encoder,COMP,OURS,1825,-0.005479,-0.013333,0.00274,-0.005479,-0.013333,0.00274,False,0.1772,encoder_temporal/encoder_temporal_per_variant.json::pace
POC-1B,pace,higher,raw,peft_lora_encoder,surgical_intervene_wiseft_f70_encoder,COMP,OURS,1825,0.000913,-0.008037,0.009863,0.000913,-0.008037,0.009863,False,0.8594,encoder_temporal/encoder_temporal_per_variant.json::pace
POC-1B,pace,higher,raw,pretrain_encoder,surgery_raw_encoder,COMP,OURS,1825,-0.000183,-0.012603,0.012603,-0.000183,-0.012603,0.012603,False,0.977,encoder_temporal/encoder_temporal_per_variant.json::pace
POC-1B,pace,higher,raw,pretrain_encoder,surgical_3stage_DI_diheavy_encoder,COMP,OURS,1825,-0.009498,-0.019361,0.000365,-0.009498,-0.019361,0.000365,False,0.0594,encoder_temporal/encoder_temporal_per_variant.json::pace
POC-1B,pace,higher,raw,pretrain_encoder,surgical_3stage_DI_encoder,COMP,OURS,1825,-0.020639,-0.029224,-0.011872,-0.020639,-0.029224,-0.011872,True,0.0,encoder_temporal/encoder_temporal_per_variant.json::pace
POC-1B,pace,higher,raw,pretrain_encoder,surgical_3stage_DI_intervene_encoder,COMP,OURS,1825,-0.022466,-0.031781,-0.012968,-0.022466,-0.031781,-0.012968,True,0.0,encoder_temporal/encoder_temporal_per_variant.json::pace
POC-1B,pace,higher,raw,pretrain_encoder,surgical_intervene_wiseft_f30_encoder,COMP,OURS,1825,-0.027397,-0.03653,-0.01863,-0.027397,-0.03653,-0.01863,True,0.0,encoder_temporal/encoder_temporal_per_variant.json::pace
POC-1B,pace,higher,raw,pretrain_encoder,surgical_intervene_wiseft_f50_encoder,COMP,OURS,1825,-0.029406,-0.039087,-0.019543,-0.029406,-0.039087,-0.019543,True,0.0,encoder_temporal/encoder_temporal_per_variant.json::pace
POC-1B,pace,higher,raw,pretrain_encoder,surgical_intervene_wiseft_f70_encoder,COMP,OURS,1825,-0.023014,-0.033973,-0.011689,-0.023014,-0.033973,-0.011689,True,0.0,encoder_temporal/encoder_temporal_per_variant.json::pace
POC-1B,pace,higher,raw,surgery_raw_encoder,surgical_autorgn_encoder,OURS,COMP,1825,-0.017534,-0.026301,-0.00895,-0.017534,-0.026301,-0.00895,True,0.0,encoder_temporal/encoder_temporal_per_variant.json::pace
POC-1B,pace,higher,raw,surgical_3stage_DI_diheavy_encoder,surgical_autorgn_encoder,OURS,COMP,1825,-0.008219,-0.018265,0.002009,-0.008219,-0.018265,0.002009,False,0.1176,encoder_temporal/encoder_temporal_per_variant.json::pace
POC-1B,pace,higher,raw,surgical_3stage_DI_encoder,surgical_autorgn_encoder,OURS,COMP,1825,0.002922,-0.006575,0.01242,0.002922,-0.006575,0.01242,False,0.5442,encoder_temporal/encoder_temporal_per_variant.json::pace
POC-1B,pace,higher,raw,surgical_3stage_DI_intervene_encoder,surgical_autorgn_encoder,OURS,COMP,1825,0.004749,-0.004566,0.014064,0.004749,-0.004566,0.014064,False,0.3336,encoder_temporal/encoder_temporal_per_variant.json::pace
POC-1B,pace,higher,raw,surgical_autorgn_encoder,surgical_intervene_wiseft_f30_encoder,COMP,OURS,1825,-0.00968,-0.020274,0.000731,-0.00968,-0.020274,0.000731,False,0.076,encoder_temporal/encoder_temporal_per_variant.json::pace
POC-1B,pace,higher,raw,surgical_autorgn_encoder,surgical_intervene_wiseft_f50_encoder,COMP,OURS,1825,-0.011689,-0.021187,-0.001716,-0.011689,-0.021187,-0.001716,True,0.0208,encoder_temporal/encoder_temporal_per_variant.json::pace
POC-1B,pace,higher,raw,surgical_autorgn_encoder,surgical_intervene_wiseft_f70_encoder,COMP,OURS,1825,-0.005297,-0.014429,0.003653,-0.005297,-0.014429,0.003653,False,0.2616,encoder_temporal/encoder_temporal_per_variant.json::pace
FULL-1B,act,higher,pp,peft_lora_encoder,surgical_3stage_DI_diheavy_encoder,COMP,OURS,23106,0.5064,0.0866,0.9262,0.5064,0.0866,0.9262,True,0.0188,probe_action/probe_paired_delta.json
FULL-1B,mcos,higher,raw,peft_lora_encoder,surgical_3stage_DI_diheavy_encoder,COMP,OURS,23106,-0.019567,-0.019837,-0.0193,-0.019567,-0.019837,-0.0193,True,0.0,probe_motion_cos/probe_motion_cos_paired.json
FULL-1B,fut,lower,raw,peft_lora_encoder,surgical_3stage_DI_diheavy_encoder,COMP,OURS,23106,0.016436,0.016142,0.016738,-0.016436,-0.016142,-0.016738,True,0.0,probe_future_mse/probe_future_mse_per_variant.json
FULL-1B,rollout,lower,raw,peft_lora_encoder,surgical_3stage_DI_diheavy_encoder,COMP,OURS,23106,-0.001395,-0.001424,-0.001365,0.001395,0.001424,0.001365,True,0.0,predictor_temporal/predictor_temporal_per_variant.json::rollout
FULL-1B,causal,lower,raw,peft_lora_encoder,surgical_3stage_DI_diheavy_encoder,COMP,OURS,23106,0.00956,0.009349,0.009772,-0.00956,-0.009349,-0.009772,True,0.0,predictor_temporal/predictor_temporal_per_variant.json::causal
FULL-1B,tdist,lower,raw,peft_lora_encoder,surgical_3stage_DI_diheavy_encoder,COMP,OURS,23106,0.000941,0.000902,0.000979,-0.000941,-0.000902,-0.000979,True,0.0,predictor_temporal/predictor_temporal_per_variant.json::tdist
FULL-1B,teacher_free,lower,raw,peft_lora_encoder,surgical_3stage_DI_diheavy_encoder,COMP,OURS,23106,-0.003124,-0.003254,-0.002998,0.003124,0.003254,0.002998,True,0.0,predictor_temporal/predictor_temporal_per_variant.json::teacher_free
FULL-1B,maskratio,lower,raw,peft_lora_encoder,surgical_3stage_DI_diheavy_encoder,COMP,OURS,23106,0.010268,0.010186,0.010352,-0.010268,-0.010186,-0.010352,True,0.0,predictor_temporal/predictor_temporal_per_variant.json::maskratio
FULL-1B,order,signed,raw,peft_lora_encoder,surgical_3stage_DI_diheavy_encoder,COMP,OURS,23106,-0.007038,-0.007148,-0.006932,,,,,0.0,predictor_temporal/predictor_temporal_per_variant.json::order
FULL-1B,aot,higher,raw,peft_lora_encoder,surgical_3stage_DI_diheavy_encoder,COMP,OURS,23106,-0.008223,-0.009781,-0.006622,-0.008223,-0.009781,-0.006622,True,0.0,encoder_temporal/encoder_temporal_per_variant.json::aot
FULL-1B,tov,higher,raw,peft_lora_encoder,surgical_3stage_DI_diheavy_encoder,COMP,OURS,23106,-0.019227,-0.020893,-0.017539,-0.019227,-0.020893,-0.017539,True,0.0,encoder_temporal/encoder_temporal_per_variant.json::tov
FULL-1B,pace,higher,raw,peft_lora_encoder,surgical_3stage_DI_diheavy_encoder,COMP,OURS,23106,0.000274,-0.002135,0.002727,0.000274,-0.002135,0.002727,False,0.828,encoder_temporal/encoder_temporal_per_variant.json::pace
