scale,metric,direction,unit,arm_a,arm_b,side_a,side_b,n,raw_delta_a_minus_b,raw_ci_lo,raw_ci_hi,a_advantage,a_adv_ci_lo,a_adv_ci_hi,separated,p_value,source
POC-2B,act,higher,pp,frozen,full_ft_encoder,REF,COMP,1825,-8.4384,-10.7397,-6.0822,-8.4384,-10.7397,-6.0822,True,0.0,probe_action/probe_paired_delta.json
POC-2B,act,higher,pp,frozen,lpft_encoder,REF,COMP,1825,-4.7671,-7.0685,-2.5753,-4.7671,-7.0685,-2.5753,True,0.0,probe_action/probe_paired_delta.json
POC-2B,act,higher,pp,frozen,peft_dora_encoder,REF,COMP,1825,-8.3288,-10.6301,-6.0822,-8.3288,-10.6301,-6.0822,True,0.0,probe_action/probe_paired_delta.json
POC-2B,act,higher,pp,frozen,peft_lora_encoder,REF,COMP,1825,-6.6301,-8.9315,-4.274,-6.6301,-8.9315,-4.274,True,0.0,probe_action/probe_paired_delta.json
POC-2B,act,higher,pp,frozen,pretrain_encoder,REF,COMP,1825,-8.5479,-10.7397,-6.137,-8.5479,-10.7397,-6.137,True,0.0,probe_action/probe_paired_delta.json
POC-2B,act,higher,pp,frozen,surgery_raw_encoder,REF,OURS,1825,-6.411,-8.7123,-3.9452,-6.411,-8.7123,-3.9452,True,0.0,probe_action/probe_paired_delta.json
POC-2B,act,higher,pp,frozen,surgical_3stage_DI_diheavy_encoder,REF,OURS,1825,-5.7534,-7.9452,-3.4521,-5.7534,-7.9452,-3.4521,True,0.0,probe_action/probe_paired_delta.json
POC-2B,act,higher,pp,frozen,surgical_3stage_DI_encoder,REF,OURS,1825,-4.8767,-7.3425,-2.411,-4.8767,-7.3425,-2.411,True,0.0,probe_action/probe_paired_delta.json
POC-2B,act,higher,pp,frozen,surgical_3stage_DI_head,REF,OURS,1825,-5.6986,-7.8356,-3.5068,-5.6986,-7.8356,-3.5068,True,0.0,probe_action/probe_paired_delta.json
POC-2B,act,higher,pp,frozen,surgical_3stage_DI_intervene_encoder,REF,OURS,1825,-6.5753,-8.8219,-4.1644,-6.5753,-8.8219,-4.1644,True,0.0,probe_action/probe_paired_delta.json
POC-2B,act,higher,pp,frozen,surgical_3stage_DI_replay25_encoder,REF,OURS,1825,-5.7534,-7.9452,-3.5616,-5.7534,-7.9452,-3.5616,True,0.0,probe_action/probe_paired_delta.json
POC-2B,act,higher,pp,frozen,surgical_3stage_DI_tccaux_encoder,REF,OURS,1825,-5.1507,-7.3973,-2.7945,-5.1507,-7.3973,-2.7945,True,0.0,probe_action/probe_paired_delta.json
POC-2B,act,higher,pp,frozen,surgical_3stage_DI_wiseft_encoder,REF,OURS,1825,-4.274,-6.3562,-2.137,-4.274,-6.3562,-2.137,True,0.0,probe_action/probe_paired_delta.json
POC-2B,act,higher,pp,frozen,surgical_autorgn_encoder,REF,COMP,1825,-8.0,-10.2466,-5.7534,-8.0,-10.2466,-5.7534,True,0.0,probe_action/probe_paired_delta.json
POC-2B,act,higher,pp,frozen,surgical_intervene_wiseft_f30_encoder,REF,OURS,1825,-3.8904,-6.2466,-1.4247,-3.8904,-6.2466,-1.4247,True,0.0022,probe_action/probe_paired_delta.json
POC-2B,act,higher,pp,frozen,surgical_intervene_wiseft_f50_encoder,REF,OURS,1825,-3.2877,-5.4247,-1.0959,-3.2877,-5.4247,-1.0959,True,0.0028,probe_action/probe_paired_delta.json
POC-2B,act,higher,pp,frozen,surgical_intervene_wiseft_f70_encoder,REF,OURS,1825,-3.1781,-5.3699,-0.9315,-3.1781,-5.3699,-0.9315,True,0.0058,probe_action/probe_paired_delta.json
POC-2B,act,higher,pp,frozen,surgical_noDI_encoder,REF,OURS,1825,-6.3014,-8.6027,-4.0,-6.3014,-8.6027,-4.0,True,0.0,probe_action/probe_paired_delta.json
POC-2B,act,higher,pp,frozen,surgical_noDI_head,REF,OURS,1825,-5.3699,-7.7808,-3.0137,-5.3699,-7.7808,-3.0137,True,0.0,probe_action/probe_paired_delta.json
POC-2B,mcos,higher,raw,frozen,full_ft_encoder,REF,COMP,1825,-0.235264,-0.241018,-0.229581,-0.235264,-0.241018,-0.229581,True,0.0,probe_motion_cos/probe_motion_cos_paired.json
POC-2B,mcos,higher,raw,frozen,lpft_encoder,REF,COMP,1825,-0.110065,-0.11431,-0.105982,-0.110065,-0.11431,-0.105982,True,0.0,probe_motion_cos/probe_motion_cos_paired.json
POC-2B,mcos,higher,raw,frozen,peft_dora_encoder,REF,COMP,1825,-0.152015,-0.156643,-0.147473,-0.152015,-0.156643,-0.147473,True,0.0,probe_motion_cos/probe_motion_cos_paired.json
POC-2B,mcos,higher,raw,frozen,peft_lora_encoder,REF,COMP,1825,-0.160495,-0.16521,-0.155844,-0.160495,-0.16521,-0.155844,True,0.0,probe_motion_cos/probe_motion_cos_paired.json
POC-2B,mcos,higher,raw,frozen,pretrain_encoder,REF,COMP,1825,-0.142206,-0.146142,-0.138407,-0.142206,-0.146142,-0.138407,True,0.0,probe_motion_cos/probe_motion_cos_paired.json
POC-2B,mcos,higher,raw,frozen,surgery_raw_encoder,REF,OURS,1825,-0.124289,-0.128557,-0.120144,-0.124289,-0.128557,-0.120144,True,0.0,probe_motion_cos/probe_motion_cos_paired.json
POC-2B,mcos,higher,raw,frozen,surgical_3stage_DI_diheavy_encoder,REF,OURS,1825,-0.106563,-0.11037,-0.102889,-0.106563,-0.11037,-0.102889,True,0.0,probe_motion_cos/probe_motion_cos_paired.json
POC-2B,mcos,higher,raw,frozen,surgical_3stage_DI_encoder,REF,OURS,1825,-0.109613,-0.113494,-0.105874,-0.109613,-0.113494,-0.105874,True,0.0,probe_motion_cos/probe_motion_cos_paired.json
POC-2B,mcos,higher,raw,frozen,surgical_3stage_DI_head,REF,OURS,1825,-0.118265,-0.122593,-0.114109,-0.118265,-0.122593,-0.114109,True,0.0,probe_motion_cos/probe_motion_cos_paired.json
POC-2B,mcos,higher,raw,frozen,surgical_3stage_DI_intervene_encoder,REF,OURS,1825,-0.111829,-0.115868,-0.107935,-0.111829,-0.115868,-0.107935,True,0.0,probe_motion_cos/probe_motion_cos_paired.json
POC-2B,mcos,higher,raw,frozen,surgical_3stage_DI_replay25_encoder,REF,OURS,1825,-0.107712,-0.1116,-0.103963,-0.107712,-0.1116,-0.103963,True,0.0,probe_motion_cos/probe_motion_cos_paired.json
POC-2B,mcos,higher,raw,frozen,surgical_3stage_DI_tccaux_encoder,REF,OURS,1825,-0.108695,-0.112613,-0.104888,-0.108695,-0.112613,-0.104888,True,0.0,probe_motion_cos/probe_motion_cos_paired.json
POC-2B,mcos,higher,raw,frozen,surgical_3stage_DI_wiseft_encoder,REF,OURS,1825,-0.052966,-0.055013,-0.051063,-0.052966,-0.055013,-0.051063,True,0.0,probe_motion_cos/probe_motion_cos_paired.json
POC-2B,mcos,higher,raw,frozen,surgical_autorgn_encoder,REF,COMP,1825,-0.179516,-0.184614,-0.174483,-0.179516,-0.184614,-0.174483,True,0.0,probe_motion_cos/probe_motion_cos_paired.json
POC-2B,mcos,higher,raw,frozen,surgical_intervene_wiseft_f30_encoder,REF,OURS,1825,-0.053234,-0.055304,-0.051298,-0.053234,-0.055304,-0.051298,True,0.0,probe_motion_cos/probe_motion_cos_paired.json
POC-2B,mcos,higher,raw,frozen,surgical_intervene_wiseft_f50_encoder,REF,OURS,1825,-0.025571,-0.026642,-0.024577,-0.025571,-0.026642,-0.024577,True,0.0,probe_motion_cos/probe_motion_cos_paired.json
POC-2B,mcos,higher,raw,frozen,surgical_intervene_wiseft_f70_encoder,REF,OURS,1825,-0.00897,-0.009409,-0.008561,-0.00897,-0.009409,-0.008561,True,0.0,probe_motion_cos/probe_motion_cos_paired.json
POC-2B,mcos,higher,raw,frozen,surgical_noDI_encoder,REF,OURS,1825,-0.11835,-0.12253,-0.114324,-0.11835,-0.12253,-0.114324,True,0.0,probe_motion_cos/probe_motion_cos_paired.json
POC-2B,mcos,higher,raw,frozen,surgical_noDI_head,REF,OURS,1825,-0.125503,-0.130003,-0.121181,-0.125503,-0.130003,-0.121181,True,0.0,probe_motion_cos/probe_motion_cos_paired.json
POC-2B,mcos,higher,raw,frozen,frozen,REF,REF,1825,0.002101,0.001756,0.002456,0.002101,0.001756,0.002456,True,0.0,probe_motion_cos/probe_motion_cos_paired.json
POC-2B,mcos,higher,raw,full_ft_encoder,frozen,COMP,REF,1825,0.237365,0.231676,0.243078,0.237365,0.231676,0.243078,True,0.0,probe_motion_cos/probe_motion_cos_paired.json
POC-2B,mcos,higher,raw,lpft_encoder,frozen,COMP,REF,1825,0.112166,0.108132,0.116365,0.112166,0.108132,0.116365,True,0.0,probe_motion_cos/probe_motion_cos_paired.json
POC-2B,mcos,higher,raw,peft_dora_encoder,frozen,COMP,REF,1825,0.154116,0.149602,0.158704,0.154116,0.149602,0.158704,True,0.0,probe_motion_cos/probe_motion_cos_paired.json
POC-2B,mcos,higher,raw,peft_lora_encoder,frozen,COMP,REF,1825,0.162597,0.157992,0.167305,0.162597,0.157992,0.167305,True,0.0,probe_motion_cos/probe_motion_cos_paired.json
POC-2B,mcos,higher,raw,pretrain_encoder,frozen,COMP,REF,1825,0.144307,0.140462,0.148275,0.144307,0.140462,0.148275,True,0.0,probe_motion_cos/probe_motion_cos_paired.json
POC-2B,mcos,higher,raw,surgery_raw_encoder,frozen,OURS,REF,1825,0.12639,0.122276,0.130605,0.12639,0.122276,0.130605,True,0.0,probe_motion_cos/probe_motion_cos_paired.json
POC-2B,mcos,higher,raw,surgical_3stage_DI_diheavy_encoder,frozen,OURS,REF,1825,0.108664,0.105054,0.112409,0.108664,0.105054,0.112409,True,0.0,probe_motion_cos/probe_motion_cos_paired.json
POC-2B,mcos,higher,raw,surgical_3stage_DI_encoder,frozen,OURS,REF,1825,0.111715,0.108047,0.115553,0.111715,0.108047,0.115553,True,0.0,probe_motion_cos/probe_motion_cos_paired.json
POC-2B,mcos,higher,raw,surgical_3stage_DI_head,frozen,OURS,REF,1825,0.120366,0.116256,0.124666,0.120366,0.116256,0.124666,True,0.0,probe_motion_cos/probe_motion_cos_paired.json
POC-2B,mcos,higher,raw,surgical_3stage_DI_intervene_encoder,frozen,OURS,REF,1825,0.11393,0.110079,0.117938,0.11393,0.110079,0.117938,True,0.0,probe_motion_cos/probe_motion_cos_paired.json
POC-2B,mcos,higher,raw,surgical_3stage_DI_replay25_encoder,frozen,OURS,REF,1825,0.109813,0.106089,0.113648,0.109813,0.106089,0.113648,True,0.0,probe_motion_cos/probe_motion_cos_paired.json
POC-2B,mcos,higher,raw,surgical_3stage_DI_tccaux_encoder,frozen,OURS,REF,1825,0.110797,0.107067,0.114717,0.110797,0.107067,0.114717,True,0.0,probe_motion_cos/probe_motion_cos_paired.json
POC-2B,mcos,higher,raw,surgical_3stage_DI_wiseft_encoder,frozen,OURS,REF,1825,0.055067,0.053203,0.057068,0.055067,0.053203,0.057068,True,0.0,probe_motion_cos/probe_motion_cos_paired.json
POC-2B,mcos,higher,raw,surgical_autorgn_encoder,frozen,COMP,REF,1825,0.181617,0.176593,0.186696,0.181617,0.176593,0.186696,True,0.0,probe_motion_cos/probe_motion_cos_paired.json
POC-2B,mcos,higher,raw,surgical_intervene_wiseft_f30_encoder,frozen,OURS,REF,1825,0.055335,0.053435,0.057357,0.055335,0.053435,0.057357,True,0.0,probe_motion_cos/probe_motion_cos_paired.json
POC-2B,mcos,higher,raw,surgical_intervene_wiseft_f50_encoder,frozen,OURS,REF,1825,0.027672,0.026672,0.028753,0.027672,0.026672,0.028753,True,0.0,probe_motion_cos/probe_motion_cos_paired.json
POC-2B,mcos,higher,raw,surgical_intervene_wiseft_f70_encoder,frozen,OURS,REF,1825,0.011071,0.01056,0.011609,0.011071,0.01056,0.011609,True,0.0,probe_motion_cos/probe_motion_cos_paired.json
POC-2B,mcos,higher,raw,surgical_noDI_encoder,frozen,OURS,REF,1825,0.120451,0.116435,0.124571,0.120451,0.116435,0.124571,True,0.0,probe_motion_cos/probe_motion_cos_paired.json
POC-2B,mcos,higher,raw,surgical_noDI_head,frozen,OURS,REF,1825,0.127604,0.12335,0.132067,0.127604,0.12335,0.132067,True,0.0,probe_motion_cos/probe_motion_cos_paired.json
POC-2B,fut,lower,raw,frozen,pretrain_encoder,REF,COMP,1825,0.024359,0.023472,0.025275,-0.024359,-0.023472,-0.025275,True,0.0,probe_future_mse/probe_future_mse_per_variant.json
POC-2B,fut,lower,raw,frozen,surgical_3stage_DI_encoder,REF,OURS,1825,0.05979,0.059024,0.060551,-0.05979,-0.059024,-0.060551,True,0.0,probe_future_mse/probe_future_mse_per_variant.json
POC-2B,fut,lower,raw,frozen,surgical_3stage_DI_replay25_encoder,REF,OURS,1825,0.059864,0.059124,0.060619,-0.059864,-0.059124,-0.060619,True,0.0,probe_future_mse/probe_future_mse_per_variant.json
POC-2B,fut,lower,raw,frozen,surgical_3stage_DI_diheavy_encoder,REF,OURS,1825,0.061422,0.060651,0.062178,-0.061422,-0.060651,-0.062178,True,0.0,probe_future_mse/probe_future_mse_per_variant.json
POC-2B,fut,lower,raw,frozen,surgical_3stage_DI_tccaux_encoder,REF,OURS,1825,0.061801,0.061033,0.062564,-0.061801,-0.061033,-0.062564,True,0.0,probe_future_mse/probe_future_mse_per_variant.json
POC-2B,fut,lower,raw,frozen,surgical_3stage_DI_intervene_encoder,REF,OURS,1825,0.061827,0.061072,0.062553,-0.061827,-0.061072,-0.062553,True,0.0,probe_future_mse/probe_future_mse_per_variant.json
POC-2B,fut,lower,raw,frozen,surgical_intervene_wiseft_f30_encoder,REF,OURS,1825,0.049527,0.048842,0.050217,-0.049527,-0.048842,-0.050217,True,0.0,probe_future_mse/probe_future_mse_per_variant.json
POC-2B,fut,lower,raw,frozen,surgical_intervene_wiseft_f50_encoder,REF,OURS,1825,0.037965,0.037305,0.038648,-0.037965,-0.037305,-0.038648,True,0.0,probe_future_mse/probe_future_mse_per_variant.json
POC-2B,fut,lower,raw,frozen,surgical_intervene_wiseft_f70_encoder,REF,OURS,1825,0.024681,0.024065,0.02532,-0.024681,-0.024065,-0.02532,True,0.0,probe_future_mse/probe_future_mse_per_variant.json
POC-2B,fut,lower,raw,frozen,surgical_noDI_encoder,REF,OURS,1825,0.058967,0.058233,0.059719,-0.058967,-0.058233,-0.059719,True,0.0,probe_future_mse/probe_future_mse_per_variant.json
POC-2B,fut,lower,raw,frozen,surgical_autorgn_encoder,REF,COMP,1825,0.031835,0.030926,0.032739,-0.031835,-0.030926,-0.032739,True,0.0,probe_future_mse/probe_future_mse_per_variant.json
POC-2B,fut,lower,raw,frozen,surgery_raw_encoder,REF,OURS,1825,0.060733,0.059947,0.061495,-0.060733,-0.059947,-0.061495,True,0.0,probe_future_mse/probe_future_mse_per_variant.json
POC-2B,fut,lower,raw,frozen,full_ft_encoder,REF,COMP,1825,0.016211,0.015217,0.017181,-0.016211,-0.015217,-0.017181,True,0.0,probe_future_mse/probe_future_mse_per_variant.json
POC-2B,fut,lower,raw,frozen,lpft_encoder,REF,COMP,1825,0.021192,0.020239,0.02213,-0.021192,-0.020239,-0.02213,True,0.0,probe_future_mse/probe_future_mse_per_variant.json
POC-2B,fut,lower,raw,frozen,peft_lora_encoder,REF,COMP,1825,0.053325,0.052499,0.054141,-0.053325,-0.052499,-0.054141,True,0.0,probe_future_mse/probe_future_mse_per_variant.json
POC-2B,fut,lower,raw,frozen,peft_dora_encoder,REF,COMP,1825,0.043355,0.042442,0.044257,-0.043355,-0.042442,-0.044257,True,0.0,probe_future_mse/probe_future_mse_per_variant.json
POC-2B,fut,lower,raw,frozen,surgical_3stage_DI_head,REF,OURS,1825,0.024257,0.023365,0.025152,-0.024257,-0.023365,-0.025152,True,0.0,probe_future_mse/probe_future_mse_per_variant.json
POC-2B,fut,lower,raw,frozen,surgical_noDI_head,REF,OURS,1825,0.024314,0.023429,0.025196,-0.024314,-0.023429,-0.025196,True,0.0,probe_future_mse/probe_future_mse_per_variant.json
POC-2B,fut,lower,raw,frozen,frozen,REF,REF,1825,-0.079512,-0.080337,-0.078645,0.079512,0.080337,0.078645,True,0.0,probe_future_mse/probe_future_mse_per_variant.json
POC-2B,fut,lower,raw,pretrain_encoder,frozen,COMP,REF,1825,-0.103871,-0.104989,-0.102696,0.103871,0.104989,0.102696,True,0.0,probe_future_mse/probe_future_mse_per_variant.json
POC-2B,fut,lower,raw,surgical_3stage_DI_encoder,frozen,OURS,REF,1825,-0.139302,-0.140175,-0.138419,0.139302,0.140175,0.138419,True,0.0,probe_future_mse/probe_future_mse_per_variant.json
POC-2B,fut,lower,raw,surgical_3stage_DI_replay25_encoder,frozen,OURS,REF,1825,-0.139376,-0.14025,-0.138461,0.139376,0.14025,0.138461,True,0.0,probe_future_mse/probe_future_mse_per_variant.json
POC-2B,fut,lower,raw,surgical_3stage_DI_diheavy_encoder,frozen,OURS,REF,1825,-0.140934,-0.141802,-0.140036,0.140934,0.141802,0.140036,True,0.0,probe_future_mse/probe_future_mse_per_variant.json
POC-2B,fut,lower,raw,surgical_3stage_DI_tccaux_encoder,frozen,OURS,REF,1825,-0.141313,-0.142175,-0.140413,0.141313,0.142175,0.140413,True,0.0,probe_future_mse/probe_future_mse_per_variant.json
POC-2B,fut,lower,raw,surgical_3stage_DI_intervene_encoder,frozen,OURS,REF,1825,-0.141339,-0.142223,-0.140387,0.141339,0.142223,0.140387,True,0.0,probe_future_mse/probe_future_mse_per_variant.json
POC-2B,fut,lower,raw,surgical_intervene_wiseft_f30_encoder,frozen,OURS,REF,1825,-0.129039,-0.129867,-0.128169,0.129039,0.129867,0.128169,True,0.0,probe_future_mse/probe_future_mse_per_variant.json
POC-2B,fut,lower,raw,surgical_intervene_wiseft_f50_encoder,frozen,OURS,REF,1825,-0.117477,-0.118298,-0.116609,0.117477,0.118298,0.116609,True,0.0,probe_future_mse/probe_future_mse_per_variant.json
POC-2B,fut,lower,raw,surgical_intervene_wiseft_f70_encoder,frozen,OURS,REF,1825,-0.104193,-0.105026,-0.103349,0.104193,0.105026,0.103349,True,0.0,probe_future_mse/probe_future_mse_per_variant.json
POC-2B,fut,lower,raw,surgical_noDI_encoder,frozen,OURS,REF,1825,-0.138478,-0.139319,-0.137581,0.138478,0.139319,0.137581,True,0.0,probe_future_mse/probe_future_mse_per_variant.json
POC-2B,fut,lower,raw,surgical_autorgn_encoder,frozen,COMP,REF,1825,-0.111347,-0.112466,-0.110211,0.111347,0.112466,0.110211,True,0.0,probe_future_mse/probe_future_mse_per_variant.json
POC-2B,fut,lower,raw,surgery_raw_encoder,frozen,OURS,REF,1825,-0.140244,-0.141138,-0.139358,0.140244,0.141138,0.139358,True,0.0,probe_future_mse/probe_future_mse_per_variant.json
POC-2B,fut,lower,raw,full_ft_encoder,frozen,COMP,REF,1825,-0.095723,-0.096893,-0.094533,0.095723,0.096893,0.094533,True,0.0,probe_future_mse/probe_future_mse_per_variant.json
POC-2B,fut,lower,raw,lpft_encoder,frozen,COMP,REF,1825,-0.100704,-0.10187,-0.099458,0.100704,0.10187,0.099458,True,0.0,probe_future_mse/probe_future_mse_per_variant.json
POC-2B,fut,lower,raw,peft_lora_encoder,frozen,COMP,REF,1825,-0.132837,-0.133848,-0.131792,0.132837,0.133848,0.131792,True,0.0,probe_future_mse/probe_future_mse_per_variant.json
POC-2B,fut,lower,raw,peft_dora_encoder,frozen,COMP,REF,1825,-0.122867,-0.123972,-0.121761,0.122867,0.123972,0.121761,True,0.0,probe_future_mse/probe_future_mse_per_variant.json
POC-2B,fut,lower,raw,surgical_3stage_DI_head,frozen,OURS,REF,1825,-0.103769,-0.104881,-0.102585,0.103769,0.104881,0.102585,True,0.0,probe_future_mse/probe_future_mse_per_variant.json
POC-2B,fut,lower,raw,surgical_noDI_head,frozen,OURS,REF,1825,-0.103826,-0.104953,-0.102673,0.103826,0.104953,0.102673,True,0.0,probe_future_mse/probe_future_mse_per_variant.json
POC-2B,rollout,lower,raw,frozen,full_ft_encoder,REF,COMP,1825,-0.001013,-0.001149,-0.000883,0.001013,0.001149,0.000883,True,0.0,predictor_temporal/predictor_temporal_per_variant.json::rollout
POC-2B,rollout,lower,raw,frozen,lpft_encoder,REF,COMP,1825,-0.000908,-0.001057,-0.000768,0.000908,0.001057,0.000768,True,0.0,predictor_temporal/predictor_temporal_per_variant.json::rollout
POC-2B,rollout,lower,raw,frozen,peft_dora_encoder,REF,COMP,1825,-0.002363,-0.00255,-0.002176,0.002363,0.00255,0.002176,True,0.0,predictor_temporal/predictor_temporal_per_variant.json::rollout
POC-2B,rollout,lower,raw,frozen,peft_lora_encoder,REF,COMP,1825,-0.00083,-0.000977,-0.00069,0.00083,0.000977,0.00069,True,0.0,predictor_temporal/predictor_temporal_per_variant.json::rollout
POC-2B,rollout,lower,raw,frozen,pretrain_encoder,REF,COMP,1825,0.000975,0.000879,0.00107,-0.000975,-0.000879,-0.00107,True,0.0,predictor_temporal/predictor_temporal_per_variant.json::rollout
POC-2B,rollout,lower,raw,frozen,surgery_raw_encoder,REF,OURS,1825,-0.001111,-0.001261,-0.00097,0.001111,0.001261,0.00097,True,0.0,predictor_temporal/predictor_temporal_per_variant.json::rollout
POC-2B,rollout,lower,raw,frozen,surgical_3stage_DI_diheavy_encoder,REF,OURS,1825,-0.002208,-0.002349,-0.002066,0.002208,0.002349,0.002066,True,0.0,predictor_temporal/predictor_temporal_per_variant.json::rollout
POC-2B,rollout,lower,raw,frozen,surgical_3stage_DI_encoder,REF,OURS,1825,-0.001028,-0.001153,-0.000906,0.001028,0.001153,0.000906,True,0.0,predictor_temporal/predictor_temporal_per_variant.json::rollout
POC-2B,rollout,lower,raw,frozen,surgical_3stage_DI_head,REF,OURS,1825,0.000975,0.000879,0.00107,-0.000975,-0.000879,-0.00107,True,0.0,predictor_temporal/predictor_temporal_per_variant.json::rollout
POC-2B,rollout,lower,raw,frozen,surgical_3stage_DI_intervene_encoder,REF,OURS,1825,-0.001328,-0.001458,-0.001199,0.001328,0.001458,0.001199,True,0.0,predictor_temporal/predictor_temporal_per_variant.json::rollout
POC-2B,rollout,lower,raw,frozen,surgical_3stage_DI_replay25_encoder,REF,OURS,1825,-0.001769,-0.001898,-0.001641,0.001769,0.001898,0.001641,True,0.0,predictor_temporal/predictor_temporal_per_variant.json::rollout
POC-2B,rollout,lower,raw,frozen,surgical_3stage_DI_tccaux_encoder,REF,OURS,1825,-0.003338,-0.003481,-0.003192,0.003338,0.003481,0.003192,True,0.0,predictor_temporal/predictor_temporal_per_variant.json::rollout
POC-2B,rollout,lower,raw,frozen,surgical_autorgn_encoder,REF,COMP,1825,-0.000687,-0.000833,-0.000543,0.000687,0.000833,0.000543,True,0.0,predictor_temporal/predictor_temporal_per_variant.json::rollout
POC-2B,rollout,lower,raw,frozen,surgical_intervene_wiseft_f30_encoder,REF,OURS,1825,-0.000402,-0.000495,-0.000314,0.000402,0.000495,0.000314,True,0.0,predictor_temporal/predictor_temporal_per_variant.json::rollout
POC-2B,rollout,lower,raw,frozen,surgical_intervene_wiseft_f50_encoder,REF,OURS,1825,-6.1e-05,-0.000131,8e-06,6.1e-05,0.000131,-8e-06,True,0.0872,predictor_temporal/predictor_temporal_per_variant.json::rollout
POC-2B,rollout,lower,raw,frozen,surgical_intervene_wiseft_f70_encoder,REF,OURS,1825,0.000301,0.000254,0.000348,-0.000301,-0.000254,-0.000348,True,0.0,predictor_temporal/predictor_temporal_per_variant.json::rollout
POC-2B,rollout,lower,raw,frozen,surgical_noDI_encoder,REF,OURS,1825,-0.003698,-0.003859,-0.003535,0.003698,0.003859,0.003535,True,0.0,predictor_temporal/predictor_temporal_per_variant.json::rollout
POC-2B,rollout,lower,raw,frozen,surgical_noDI_head,REF,OURS,1825,0.000975,0.000879,0.00107,-0.000975,-0.000879,-0.00107,True,0.0,predictor_temporal/predictor_temporal_per_variant.json::rollout
POC-2B,rollout,lower,raw,frozen,frozen,REF,REF,1825,0.001396,0.001307,0.001487,-0.001396,-0.001307,-0.001487,True,0.0,predictor_temporal/predictor_temporal_per_variant.json::rollout
POC-2B,rollout,lower,raw,full_ft_encoder,frozen,COMP,REF,1825,0.002409,0.00225,0.002571,-0.002409,-0.00225,-0.002571,True,0.0,predictor_temporal/predictor_temporal_per_variant.json::rollout
POC-2B,rollout,lower,raw,lpft_encoder,frozen,COMP,REF,1825,0.002304,0.002132,0.002481,-0.002304,-0.002132,-0.002481,True,0.0,predictor_temporal/predictor_temporal_per_variant.json::rollout
POC-2B,rollout,lower,raw,peft_dora_encoder,frozen,COMP,REF,1825,0.003759,0.00355,0.003965,-0.003759,-0.00355,-0.003965,True,0.0,predictor_temporal/predictor_temporal_per_variant.json::rollout
POC-2B,rollout,lower,raw,peft_lora_encoder,frozen,COMP,REF,1825,0.002226,0.00206,0.002394,-0.002226,-0.00206,-0.002394,True,0.0,predictor_temporal/predictor_temporal_per_variant.json::rollout
POC-2B,rollout,lower,raw,pretrain_encoder,frozen,COMP,REF,1825,0.000421,0.000286,0.000561,-0.000421,-0.000286,-0.000561,True,0.0,predictor_temporal/predictor_temporal_per_variant.json::rollout
POC-2B,rollout,lower,raw,surgery_raw_encoder,frozen,OURS,REF,1825,0.002507,0.002349,0.002668,-0.002507,-0.002349,-0.002668,True,0.0,predictor_temporal/predictor_temporal_per_variant.json::rollout
POC-2B,rollout,lower,raw,surgical_3stage_DI_diheavy_encoder,frozen,OURS,REF,1825,0.003604,0.003447,0.00376,-0.003604,-0.003447,-0.00376,True,0.0,predictor_temporal/predictor_temporal_per_variant.json::rollout
POC-2B,rollout,lower,raw,surgical_3stage_DI_encoder,frozen,OURS,REF,1825,0.002424,0.002281,0.002566,-0.002424,-0.002281,-0.002566,True,0.0,predictor_temporal/predictor_temporal_per_variant.json::rollout
POC-2B,rollout,lower,raw,surgical_3stage_DI_head,frozen,OURS,REF,1825,0.000421,0.000286,0.000561,-0.000421,-0.000286,-0.000561,True,0.0,predictor_temporal/predictor_temporal_per_variant.json::rollout
POC-2B,rollout,lower,raw,surgical_3stage_DI_intervene_encoder,frozen,OURS,REF,1825,0.002724,0.002576,0.002873,-0.002724,-0.002576,-0.002873,True,0.0,predictor_temporal/predictor_temporal_per_variant.json::rollout
POC-2B,rollout,lower,raw,surgical_3stage_DI_replay25_encoder,frozen,OURS,REF,1825,0.003165,0.003016,0.003313,-0.003165,-0.003016,-0.003313,True,0.0,predictor_temporal/predictor_temporal_per_variant.json::rollout
POC-2B,rollout,lower,raw,surgical_3stage_DI_tccaux_encoder,frozen,OURS,REF,1825,0.004734,0.004574,0.004889,-0.004734,-0.004574,-0.004889,True,0.0,predictor_temporal/predictor_temporal_per_variant.json::rollout
POC-2B,rollout,lower,raw,surgical_autorgn_encoder,frozen,COMP,REF,1825,0.002083,0.001916,0.002252,-0.002083,-0.001916,-0.002252,True,0.0,predictor_temporal/predictor_temporal_per_variant.json::rollout
POC-2B,rollout,lower,raw,surgical_intervene_wiseft_f30_encoder,frozen,OURS,REF,1825,0.001798,0.001681,0.001915,-0.001798,-0.001681,-0.001915,True,0.0,predictor_temporal/predictor_temporal_per_variant.json::rollout
POC-2B,rollout,lower,raw,surgical_intervene_wiseft_f50_encoder,frozen,OURS,REF,1825,0.001456,0.001354,0.00156,-0.001456,-0.001354,-0.00156,True,0.0,predictor_temporal/predictor_temporal_per_variant.json::rollout
POC-2B,rollout,lower,raw,surgical_intervene_wiseft_f70_encoder,frozen,OURS,REF,1825,0.001095,0.001002,0.001189,-0.001095,-0.001002,-0.001189,True,0.0,predictor_temporal/predictor_temporal_per_variant.json::rollout
POC-2B,rollout,lower,raw,surgical_noDI_encoder,frozen,OURS,REF,1825,0.005094,0.00492,0.005266,-0.005094,-0.00492,-0.005266,True,0.0,predictor_temporal/predictor_temporal_per_variant.json::rollout
POC-2B,rollout,lower,raw,surgical_noDI_head,frozen,OURS,REF,1825,0.000421,0.000286,0.000561,-0.000421,-0.000286,-0.000561,True,0.0,predictor_temporal/predictor_temporal_per_variant.json::rollout
POC-2B,causal,lower,raw,frozen,full_ft_encoder,REF,COMP,1825,0.016876,0.016149,0.017607,-0.016876,-0.016149,-0.017607,True,0.0,predictor_temporal/predictor_temporal_per_variant.json::causal
POC-2B,causal,lower,raw,frozen,lpft_encoder,REF,COMP,1825,0.021556,0.020813,0.022264,-0.021556,-0.020813,-0.022264,True,0.0,predictor_temporal/predictor_temporal_per_variant.json::causal
POC-2B,causal,lower,raw,frozen,peft_dora_encoder,REF,COMP,1825,0.041033,0.040387,0.041661,-0.041033,-0.040387,-0.041661,True,0.0,predictor_temporal/predictor_temporal_per_variant.json::causal
POC-2B,causal,lower,raw,frozen,peft_lora_encoder,REF,COMP,1825,0.05023,0.049588,0.050851,-0.05023,-0.049588,-0.050851,True,0.0,predictor_temporal/predictor_temporal_per_variant.json::causal
POC-2B,causal,lower,raw,frozen,pretrain_encoder,REF,COMP,1825,0.024742,0.024035,0.025409,-0.024742,-0.024035,-0.025409,True,0.0,predictor_temporal/predictor_temporal_per_variant.json::causal
POC-2B,causal,lower,raw,frozen,surgery_raw_encoder,REF,OURS,1825,0.055005,0.054405,0.055549,-0.055005,-0.054405,-0.055549,True,0.0,predictor_temporal/predictor_temporal_per_variant.json::causal
POC-2B,causal,lower,raw,frozen,surgical_3stage_DI_diheavy_encoder,REF,OURS,1825,0.054345,0.053747,0.054902,-0.054345,-0.053747,-0.054902,True,0.0,predictor_temporal/predictor_temporal_per_variant.json::causal
POC-2B,causal,lower,raw,frozen,surgical_3stage_DI_encoder,REF,OURS,1825,0.052832,0.052239,0.053397,-0.052832,-0.052239,-0.053397,True,0.0,predictor_temporal/predictor_temporal_per_variant.json::causal
POC-2B,causal,lower,raw,frozen,surgical_3stage_DI_head,REF,OURS,1825,0.024742,0.024035,0.025409,-0.024742,-0.024035,-0.025409,True,0.0,predictor_temporal/predictor_temporal_per_variant.json::causal
POC-2B,causal,lower,raw,frozen,surgical_3stage_DI_intervene_encoder,REF,OURS,1825,0.054611,0.054025,0.055162,-0.054611,-0.054025,-0.055162,True,0.0,predictor_temporal/predictor_temporal_per_variant.json::causal
POC-2B,causal,lower,raw,frozen,surgical_3stage_DI_replay25_encoder,REF,OURS,1825,0.052548,0.051955,0.053108,-0.052548,-0.051955,-0.053108,True,0.0,predictor_temporal/predictor_temporal_per_variant.json::causal
POC-2B,causal,lower,raw,frozen,surgical_3stage_DI_tccaux_encoder,REF,OURS,1825,0.054541,0.053915,0.055124,-0.054541,-0.053915,-0.055124,True,0.0,predictor_temporal/predictor_temporal_per_variant.json::causal
POC-2B,causal,lower,raw,frozen,surgical_autorgn_encoder,REF,COMP,1825,0.032147,0.031478,0.0328,-0.032147,-0.031478,-0.0328,True,0.0,predictor_temporal/predictor_temporal_per_variant.json::causal
POC-2B,causal,lower,raw,frozen,surgical_intervene_wiseft_f30_encoder,REF,OURS,1825,0.043272,0.042861,0.043662,-0.043272,-0.042861,-0.043662,True,0.0,predictor_temporal/predictor_temporal_per_variant.json::causal
POC-2B,causal,lower,raw,frozen,surgical_intervene_wiseft_f50_encoder,REF,OURS,1825,0.033332,0.033037,0.033615,-0.033332,-0.033037,-0.033615,True,0.0,predictor_temporal/predictor_temporal_per_variant.json::causal
POC-2B,causal,lower,raw,frozen,surgical_intervene_wiseft_f70_encoder,REF,OURS,1825,0.021903,0.021715,0.022085,-0.021903,-0.021715,-0.022085,True,0.0,predictor_temporal/predictor_temporal_per_variant.json::causal
POC-2B,causal,lower,raw,frozen,surgical_noDI_encoder,REF,OURS,1825,0.053056,0.052467,0.053597,-0.053056,-0.052467,-0.053597,True,0.0,predictor_temporal/predictor_temporal_per_variant.json::causal
POC-2B,causal,lower,raw,frozen,surgical_noDI_head,REF,OURS,1825,0.024742,0.024035,0.025409,-0.024742,-0.024035,-0.025409,True,0.0,predictor_temporal/predictor_temporal_per_variant.json::causal
POC-2B,causal,lower,raw,frozen,frozen,REF,REF,1825,-0.072092,-0.072657,-0.071524,0.072092,0.072657,0.071524,True,0.0,predictor_temporal/predictor_temporal_per_variant.json::causal
POC-2B,causal,lower,raw,full_ft_encoder,frozen,COMP,REF,1825,-0.088969,-0.089895,-0.088043,0.088969,0.089895,0.088043,True,0.0,predictor_temporal/predictor_temporal_per_variant.json::causal
POC-2B,causal,lower,raw,lpft_encoder,frozen,COMP,REF,1825,-0.093649,-0.094564,-0.092638,0.093649,0.094564,0.092638,True,0.0,predictor_temporal/predictor_temporal_per_variant.json::causal
POC-2B,causal,lower,raw,peft_dora_encoder,frozen,COMP,REF,1825,-0.113126,-0.113956,-0.112229,0.113126,0.113956,0.112229,True,0.0,predictor_temporal/predictor_temporal_per_variant.json::causal
POC-2B,causal,lower,raw,peft_lora_encoder,frozen,COMP,REF,1825,-0.122323,-0.123078,-0.121453,0.122323,0.123078,0.121453,True,0.0,predictor_temporal/predictor_temporal_per_variant.json::causal
POC-2B,causal,lower,raw,pretrain_encoder,frozen,COMP,REF,1825,-0.096835,-0.097773,-0.095818,0.096835,0.097773,0.095818,True,0.0,predictor_temporal/predictor_temporal_per_variant.json::causal
POC-2B,causal,lower,raw,surgery_raw_encoder,frozen,OURS,REF,1825,-0.127097,-0.127733,-0.126388,0.127097,0.127733,0.126388,True,0.0,predictor_temporal/predictor_temporal_per_variant.json::causal
POC-2B,causal,lower,raw,surgical_3stage_DI_diheavy_encoder,frozen,OURS,REF,1825,-0.126438,-0.127072,-0.125739,0.126438,0.127072,0.125739,True,0.0,predictor_temporal/predictor_temporal_per_variant.json::causal
POC-2B,causal,lower,raw,surgical_3stage_DI_encoder,frozen,OURS,REF,1825,-0.124924,-0.125584,-0.1242,0.124924,0.125584,0.1242,True,0.0,predictor_temporal/predictor_temporal_per_variant.json::causal
POC-2B,causal,lower,raw,surgical_3stage_DI_head,frozen,OURS,REF,1825,-0.096835,-0.097773,-0.095818,0.096835,0.097773,0.095818,True,0.0,predictor_temporal/predictor_temporal_per_variant.json::causal
POC-2B,causal,lower,raw,surgical_3stage_DI_intervene_encoder,frozen,OURS,REF,1825,-0.126703,-0.127331,-0.126007,0.126703,0.127331,0.126007,True,0.0,predictor_temporal/predictor_temporal_per_variant.json::causal
POC-2B,causal,lower,raw,surgical_3stage_DI_replay25_encoder,frozen,OURS,REF,1825,-0.124641,-0.125313,-0.123902,0.124641,0.125313,0.123902,True,0.0,predictor_temporal/predictor_temporal_per_variant.json::causal
POC-2B,causal,lower,raw,surgical_3stage_DI_tccaux_encoder,frozen,OURS,REF,1825,-0.126634,-0.127279,-0.125922,0.126634,0.127279,0.125922,True,0.0,predictor_temporal/predictor_temporal_per_variant.json::causal
POC-2B,causal,lower,raw,surgical_autorgn_encoder,frozen,COMP,REF,1825,-0.104239,-0.105057,-0.103353,0.104239,0.105057,0.103353,True,0.0,predictor_temporal/predictor_temporal_per_variant.json::causal
POC-2B,causal,lower,raw,surgical_intervene_wiseft_f30_encoder,frozen,OURS,REF,1825,-0.115364,-0.11592,-0.114758,0.115364,0.11592,0.114758,True,0.0,predictor_temporal/predictor_temporal_per_variant.json::causal
POC-2B,causal,lower,raw,surgical_intervene_wiseft_f50_encoder,frozen,OURS,REF,1825,-0.105424,-0.105964,-0.104843,0.105424,0.105964,0.104843,True,0.0,predictor_temporal/predictor_temporal_per_variant.json::causal
POC-2B,causal,lower,raw,surgical_intervene_wiseft_f70_encoder,frozen,OURS,REF,1825,-0.093996,-0.094539,-0.093419,0.093996,0.094539,0.093419,True,0.0,predictor_temporal/predictor_temporal_per_variant.json::causal
POC-2B,causal,lower,raw,surgical_noDI_encoder,frozen,OURS,REF,1825,-0.125148,-0.12579,-0.124439,0.125148,0.12579,0.124439,True,0.0,predictor_temporal/predictor_temporal_per_variant.json::causal
POC-2B,causal,lower,raw,surgical_noDI_head,frozen,OURS,REF,1825,-0.096835,-0.097773,-0.095818,0.096835,0.097773,0.095818,True,0.0,predictor_temporal/predictor_temporal_per_variant.json::causal
POC-2B,tdist,lower,raw,frozen,full_ft_encoder,REF,COMP,1825,-0.001375,-0.001589,-0.001176,0.001375,0.001589,0.001176,True,0.0,predictor_temporal/predictor_temporal_per_variant.json::tdist
POC-2B,tdist,lower,raw,frozen,lpft_encoder,REF,COMP,1825,-0.000997,-0.001201,-0.000803,0.000997,0.001201,0.000803,True,0.0,predictor_temporal/predictor_temporal_per_variant.json::tdist
POC-2B,tdist,lower,raw,frozen,peft_dora_encoder,REF,COMP,1825,-0.000449,-0.000658,-0.000248,0.000449,0.000658,0.000248,True,0.0,predictor_temporal/predictor_temporal_per_variant.json::tdist
POC-2B,tdist,lower,raw,frozen,peft_lora_encoder,REF,COMP,1825,-0.000691,-0.000893,-0.000503,0.000691,0.000893,0.000503,True,0.0,predictor_temporal/predictor_temporal_per_variant.json::tdist
POC-2B,tdist,lower,raw,frozen,pretrain_encoder,REF,COMP,1825,0.000487,0.000346,0.000624,-0.000487,-0.000346,-0.000624,True,0.0,predictor_temporal/predictor_temporal_per_variant.json::tdist
POC-2B,tdist,lower,raw,frozen,surgery_raw_encoder,REF,OURS,1825,-0.001504,-0.001669,-0.001344,0.001504,0.001669,0.001344,True,0.0,predictor_temporal/predictor_temporal_per_variant.json::tdist
POC-2B,tdist,lower,raw,frozen,surgical_3stage_DI_diheavy_encoder,REF,OURS,1825,-0.001073,-0.001247,-0.000906,0.001073,0.001247,0.000906,True,0.0,predictor_temporal/predictor_temporal_per_variant.json::tdist
POC-2B,tdist,lower,raw,frozen,surgical_3stage_DI_encoder,REF,OURS,1825,-0.000189,-0.000367,-1.7e-05,0.000189,0.000367,1.7e-05,True,0.035,predictor_temporal/predictor_temporal_per_variant.json::tdist
POC-2B,tdist,lower,raw,frozen,surgical_3stage_DI_head,REF,OURS,1825,0.000487,0.000346,0.000624,-0.000487,-0.000346,-0.000624,True,0.0,predictor_temporal/predictor_temporal_per_variant.json::tdist
POC-2B,tdist,lower,raw,frozen,surgical_3stage_DI_intervene_encoder,REF,OURS,1825,-0.00078,-0.000948,-0.000622,0.00078,0.000948,0.000622,True,0.0,predictor_temporal/predictor_temporal_per_variant.json::tdist
POC-2B,tdist,lower,raw,frozen,surgical_3stage_DI_replay25_encoder,REF,OURS,1825,-0.000689,-0.000866,-0.000524,0.000689,0.000866,0.000524,True,0.0,predictor_temporal/predictor_temporal_per_variant.json::tdist
POC-2B,tdist,lower,raw,frozen,surgical_3stage_DI_tccaux_encoder,REF,OURS,1825,-0.001363,-0.001538,-0.001199,0.001363,0.001538,0.001199,True,0.0,predictor_temporal/predictor_temporal_per_variant.json::tdist
POC-2B,tdist,lower,raw,frozen,surgical_autorgn_encoder,REF,COMP,1825,-0.001516,-0.001716,-0.001322,0.001516,0.001716,0.001322,True,0.0,predictor_temporal/predictor_temporal_per_variant.json::tdist
POC-2B,tdist,lower,raw,frozen,surgical_intervene_wiseft_f30_encoder,REF,OURS,1825,-0.000292,-0.00042,-0.000175,0.000292,0.00042,0.000175,True,0.0,predictor_temporal/predictor_temporal_per_variant.json::tdist
POC-2B,tdist,lower,raw,frozen,surgical_intervene_wiseft_f50_encoder,REF,OURS,1825,-7.8e-05,-0.000179,1.4e-05,7.8e-05,0.000179,-1.4e-05,True,0.1144,predictor_temporal/predictor_temporal_per_variant.json::tdist
POC-2B,tdist,lower,raw,frozen,surgical_intervene_wiseft_f70_encoder,REF,OURS,1825,5.1e-05,-1.7e-05,0.000115,-5.1e-05,1.7e-05,-0.000115,True,0.1242,predictor_temporal/predictor_temporal_per_variant.json::tdist
POC-2B,tdist,lower,raw,frozen,surgical_noDI_encoder,REF,OURS,1825,-0.001459,-0.001626,-0.001301,0.001459,0.001626,0.001301,True,0.0,predictor_temporal/predictor_temporal_per_variant.json::tdist
POC-2B,tdist,lower,raw,frozen,surgical_noDI_head,REF,OURS,1825,0.000487,0.000346,0.000624,-0.000487,-0.000346,-0.000624,True,0.0,predictor_temporal/predictor_temporal_per_variant.json::tdist
POC-2B,tdist,lower,raw,frozen,frozen,REF,REF,1825,-0.000466,-0.0006,-0.000334,0.000466,0.0006,0.000334,True,0.0,predictor_temporal/predictor_temporal_per_variant.json::tdist
POC-2B,tdist,lower,raw,full_ft_encoder,frozen,COMP,REF,1825,0.000909,0.000671,0.001164,-0.000909,-0.000671,-0.001164,True,0.0,predictor_temporal/predictor_temporal_per_variant.json::tdist
POC-2B,tdist,lower,raw,lpft_encoder,frozen,COMP,REF,1825,0.000531,0.000287,0.000792,-0.000531,-0.000287,-0.000792,True,0.0,predictor_temporal/predictor_temporal_per_variant.json::tdist
POC-2B,tdist,lower,raw,peft_dora_encoder,frozen,COMP,REF,1825,-1.7e-05,-0.000264,0.000241,1.7e-05,0.000264,-0.000241,True,0.878,predictor_temporal/predictor_temporal_per_variant.json::tdist
POC-2B,tdist,lower,raw,peft_lora_encoder,frozen,COMP,REF,1825,0.000225,-5e-06,0.000481,-0.000225,5e-06,-0.000481,True,0.0644,predictor_temporal/predictor_temporal_per_variant.json::tdist
POC-2B,tdist,lower,raw,pretrain_encoder,frozen,COMP,REF,1825,-0.000952,-0.001158,-0.000742,0.000952,0.001158,0.000742,True,0.0,predictor_temporal/predictor_temporal_per_variant.json::tdist
POC-2B,tdist,lower,raw,surgery_raw_encoder,frozen,OURS,REF,1825,0.001039,0.000837,0.001254,-0.001039,-0.000837,-0.001254,True,0.0,predictor_temporal/predictor_temporal_per_variant.json::tdist
POC-2B,tdist,lower,raw,surgical_3stage_DI_diheavy_encoder,frozen,OURS,REF,1825,0.000607,0.000399,0.000834,-0.000607,-0.000399,-0.000834,True,0.0,predictor_temporal/predictor_temporal_per_variant.json::tdist
POC-2B,tdist,lower,raw,surgical_3stage_DI_encoder,frozen,OURS,REF,1825,-0.000277,-0.000494,-4.3e-05,0.000277,0.000494,4.3e-05,True,0.017,predictor_temporal/predictor_temporal_per_variant.json::tdist
POC-2B,tdist,lower,raw,surgical_3stage_DI_head,frozen,OURS,REF,1825,-0.000952,-0.001158,-0.000742,0.000952,0.001158,0.000742,True,0.0,predictor_temporal/predictor_temporal_per_variant.json::tdist
POC-2B,tdist,lower,raw,surgical_3stage_DI_intervene_encoder,frozen,OURS,REF,1825,0.000314,0.000113,0.000532,-0.000314,-0.000113,-0.000532,True,0.0022,predictor_temporal/predictor_temporal_per_variant.json::tdist
POC-2B,tdist,lower,raw,surgical_3stage_DI_replay25_encoder,frozen,OURS,REF,1825,0.000224,1.4e-05,0.000458,-0.000224,-1.4e-05,-0.000458,True,0.0468,predictor_temporal/predictor_temporal_per_variant.json::tdist
POC-2B,tdist,lower,raw,surgical_3stage_DI_tccaux_encoder,frozen,OURS,REF,1825,0.000897,0.000688,0.001122,-0.000897,-0.000688,-0.001122,True,0.0,predictor_temporal/predictor_temporal_per_variant.json::tdist
POC-2B,tdist,lower,raw,surgical_autorgn_encoder,frozen,COMP,REF,1825,0.00105,0.000812,0.001304,-0.00105,-0.000812,-0.001304,True,0.0,predictor_temporal/predictor_temporal_per_variant.json::tdist
POC-2B,tdist,lower,raw,surgical_intervene_wiseft_f30_encoder,frozen,OURS,REF,1825,-0.000174,-0.000345,1.6e-05,0.000174,0.000345,-1.6e-05,True,0.0582,predictor_temporal/predictor_temporal_per_variant.json::tdist
POC-2B,tdist,lower,raw,surgical_intervene_wiseft_f50_encoder,frozen,OURS,REF,1825,-0.000388,-0.000543,-0.000222,0.000388,0.000543,0.000222,True,0.0,predictor_temporal/predictor_temporal_per_variant.json::tdist
POC-2B,tdist,lower,raw,surgical_intervene_wiseft_f70_encoder,frozen,OURS,REF,1825,-0.000517,-0.000659,-0.000371,0.000517,0.000659,0.000371,True,0.0,predictor_temporal/predictor_temporal_per_variant.json::tdist
POC-2B,tdist,lower,raw,surgical_noDI_encoder,frozen,OURS,REF,1825,0.000993,0.000791,0.001213,-0.000993,-0.000791,-0.001213,True,0.0,predictor_temporal/predictor_temporal_per_variant.json::tdist
POC-2B,tdist,lower,raw,surgical_noDI_head,frozen,OURS,REF,1825,-0.000952,-0.001158,-0.000742,0.000952,0.001158,0.000742,True,0.0,predictor_temporal/predictor_temporal_per_variant.json::tdist
POC-2B,teacher_free,lower,raw,frozen,full_ft_encoder,REF,COMP,1825,-0.003674,-0.00408,-0.003266,0.003674,0.00408,0.003266,True,0.0,predictor_temporal/predictor_temporal_per_variant.json::teacher_free
POC-2B,teacher_free,lower,raw,frozen,lpft_encoder,REF,COMP,1825,-0.002105,-0.002561,-0.001674,0.002105,0.002561,0.001674,True,0.0,predictor_temporal/predictor_temporal_per_variant.json::teacher_free
POC-2B,teacher_free,lower,raw,frozen,peft_dora_encoder,REF,COMP,1825,-0.005752,-0.006381,-0.005173,0.005752,0.006381,0.005173,True,0.0,predictor_temporal/predictor_temporal_per_variant.json::teacher_free
POC-2B,teacher_free,lower,raw,frozen,peft_lora_encoder,REF,COMP,1825,0.00044,-2.7e-05,0.00088,-0.00044,2.7e-05,-0.00088,True,0.0604,predictor_temporal/predictor_temporal_per_variant.json::teacher_free
POC-2B,teacher_free,lower,raw,frozen,pretrain_encoder,REF,COMP,1825,0.007939,0.007696,0.008182,-0.007939,-0.007696,-0.008182,True,0.0,predictor_temporal/predictor_temporal_per_variant.json::teacher_free
POC-2B,teacher_free,lower,raw,frozen,surgery_raw_encoder,REF,OURS,1825,0.001053,0.00057,0.001528,-0.001053,-0.00057,-0.001528,True,0.0,predictor_temporal/predictor_temporal_per_variant.json::teacher_free
POC-2B,teacher_free,lower,raw,frozen,surgical_3stage_DI_diheavy_encoder,REF,OURS,1825,-0.002215,-0.002689,-0.001737,0.002215,0.002689,0.001737,True,0.0,predictor_temporal/predictor_temporal_per_variant.json::teacher_free
POC-2B,teacher_free,lower,raw,frozen,surgical_3stage_DI_encoder,REF,OURS,1825,0.000251,-0.000227,0.000693,-0.000251,0.000227,-0.000693,True,0.2784,predictor_temporal/predictor_temporal_per_variant.json::teacher_free
POC-2B,teacher_free,lower,raw,frozen,surgical_3stage_DI_head,REF,OURS,1825,0.007939,0.007696,0.008182,-0.007939,-0.007696,-0.008182,True,0.0,predictor_temporal/predictor_temporal_per_variant.json::teacher_free
POC-2B,teacher_free,lower,raw,frozen,surgical_3stage_DI_intervene_encoder,REF,OURS,1825,-0.000868,-0.001339,-0.000422,0.000868,0.001339,0.000422,True,0.0,predictor_temporal/predictor_temporal_per_variant.json::teacher_free
POC-2B,teacher_free,lower,raw,frozen,surgical_3stage_DI_replay25_encoder,REF,OURS,1825,-0.001542,-0.002002,-0.001096,0.001542,0.002002,0.001096,True,0.0,predictor_temporal/predictor_temporal_per_variant.json::teacher_free
POC-2B,teacher_free,lower,raw,frozen,surgical_3stage_DI_tccaux_encoder,REF,OURS,1825,-0.00616,-0.006682,-0.005659,0.00616,0.006682,0.005659,True,0.0,predictor_temporal/predictor_temporal_per_variant.json::teacher_free
POC-2B,teacher_free,lower,raw,frozen,surgical_autorgn_encoder,REF,COMP,1825,-0.001806,-0.002303,-0.00135,0.001806,0.002303,0.00135,True,0.0,predictor_temporal/predictor_temporal_per_variant.json::teacher_free
POC-2B,teacher_free,lower,raw,frozen,surgical_intervene_wiseft_f30_encoder,REF,OURS,1825,0.001544,0.001244,0.001834,-0.001544,-0.001244,-0.001834,True,0.0,predictor_temporal/predictor_temporal_per_variant.json::teacher_free
POC-2B,teacher_free,lower,raw,frozen,surgical_intervene_wiseft_f50_encoder,REF,OURS,1825,0.002014,0.001783,0.002242,-0.002014,-0.001783,-0.002242,True,0.0,predictor_temporal/predictor_temporal_per_variant.json::teacher_free
POC-2B,teacher_free,lower,raw,frozen,surgical_intervene_wiseft_f70_encoder,REF,OURS,1825,0.002774,0.002607,0.002941,-0.002774,-0.002607,-0.002941,True,0.0,predictor_temporal/predictor_temporal_per_variant.json::teacher_free
POC-2B,teacher_free,lower,raw,frozen,surgical_noDI_encoder,REF,OURS,1825,-0.006348,-0.006917,-0.005803,0.006348,0.006917,0.005803,True,0.0,predictor_temporal/predictor_temporal_per_variant.json::teacher_free
POC-2B,teacher_free,lower,raw,frozen,surgical_noDI_head,REF,OURS,1825,0.007939,0.007696,0.008182,-0.007939,-0.007696,-0.008182,True,0.0,predictor_temporal/predictor_temporal_per_variant.json::teacher_free
POC-2B,teacher_free,lower,raw,frozen,frozen,REF,REF,1825,0.001639,0.001426,0.001836,-0.001639,-0.001426,-0.001836,True,0.0,predictor_temporal/predictor_temporal_per_variant.json::teacher_free
POC-2B,teacher_free,lower,raw,full_ft_encoder,frozen,COMP,REF,1825,0.005313,0.004871,0.00574,-0.005313,-0.004871,-0.00574,True,0.0,predictor_temporal/predictor_temporal_per_variant.json::teacher_free
POC-2B,teacher_free,lower,raw,lpft_encoder,frozen,COMP,REF,1825,0.003744,0.003307,0.00419,-0.003744,-0.003307,-0.00419,True,0.0,predictor_temporal/predictor_temporal_per_variant.json::teacher_free
POC-2B,teacher_free,lower,raw,peft_dora_encoder,frozen,COMP,REF,1825,0.007391,0.006803,0.007998,-0.007391,-0.006803,-0.007998,True,0.0,predictor_temporal/predictor_temporal_per_variant.json::teacher_free
POC-2B,teacher_free,lower,raw,peft_lora_encoder,frozen,COMP,REF,1825,0.001199,0.000728,0.001658,-0.001199,-0.000728,-0.001658,True,0.0,predictor_temporal/predictor_temporal_per_variant.json::teacher_free
POC-2B,teacher_free,lower,raw,pretrain_encoder,frozen,COMP,REF,1825,-0.0063,-0.006619,-0.006004,0.0063,0.006619,0.006004,True,0.0,predictor_temporal/predictor_temporal_per_variant.json::teacher_free
POC-2B,teacher_free,lower,raw,surgery_raw_encoder,frozen,OURS,REF,1825,0.000586,8.6e-05,0.001085,-0.000586,-8.6e-05,-0.001085,True,0.0216,predictor_temporal/predictor_temporal_per_variant.json::teacher_free
POC-2B,teacher_free,lower,raw,surgical_3stage_DI_diheavy_encoder,frozen,OURS,REF,1825,0.003854,0.003349,0.004339,-0.003854,-0.003349,-0.004339,True,0.0,predictor_temporal/predictor_temporal_per_variant.json::teacher_free
POC-2B,teacher_free,lower,raw,surgical_3stage_DI_encoder,frozen,OURS,REF,1825,0.001388,0.000931,0.001836,-0.001388,-0.000931,-0.001836,True,0.0,predictor_temporal/predictor_temporal_per_variant.json::teacher_free
POC-2B,teacher_free,lower,raw,surgical_3stage_DI_head,frozen,OURS,REF,1825,-0.0063,-0.006619,-0.006004,0.0063,0.006619,0.006004,True,0.0,predictor_temporal/predictor_temporal_per_variant.json::teacher_free
POC-2B,teacher_free,lower,raw,surgical_3stage_DI_intervene_encoder,frozen,OURS,REF,1825,0.002507,0.002047,0.002953,-0.002507,-0.002047,-0.002953,True,0.0,predictor_temporal/predictor_temporal_per_variant.json::teacher_free
POC-2B,teacher_free,lower,raw,surgical_3stage_DI_replay25_encoder,frozen,OURS,REF,1825,0.003181,0.002726,0.003629,-0.003181,-0.002726,-0.003629,True,0.0,predictor_temporal/predictor_temporal_per_variant.json::teacher_free
POC-2B,teacher_free,lower,raw,surgical_3stage_DI_tccaux_encoder,frozen,OURS,REF,1825,0.007799,0.007293,0.008292,-0.007799,-0.007293,-0.008292,True,0.0,predictor_temporal/predictor_temporal_per_variant.json::teacher_free
POC-2B,teacher_free,lower,raw,surgical_autorgn_encoder,frozen,COMP,REF,1825,0.003444,0.002961,0.003926,-0.003444,-0.002961,-0.003926,True,0.0,predictor_temporal/predictor_temporal_per_variant.json::teacher_free
POC-2B,teacher_free,lower,raw,surgical_intervene_wiseft_f30_encoder,frozen,OURS,REF,1825,9.5e-05,-0.000233,0.000403,-9.5e-05,0.000233,-0.000403,True,0.5422,predictor_temporal/predictor_temporal_per_variant.json::teacher_free
POC-2B,teacher_free,lower,raw,surgical_intervene_wiseft_f50_encoder,frozen,OURS,REF,1825,-0.000375,-0.000654,-0.000115,0.000375,0.000654,0.000115,True,0.0064,predictor_temporal/predictor_temporal_per_variant.json::teacher_free
POC-2B,teacher_free,lower,raw,surgical_intervene_wiseft_f70_encoder,frozen,OURS,REF,1825,-0.001135,-0.001371,-0.000917,0.001135,0.001371,0.000917,True,0.0,predictor_temporal/predictor_temporal_per_variant.json::teacher_free
POC-2B,teacher_free,lower,raw,surgical_noDI_encoder,frozen,OURS,REF,1825,0.007987,0.00742,0.008558,-0.007987,-0.00742,-0.008558,True,0.0,predictor_temporal/predictor_temporal_per_variant.json::teacher_free
POC-2B,teacher_free,lower,raw,surgical_noDI_head,frozen,OURS,REF,1825,-0.0063,-0.006619,-0.006004,0.0063,0.006619,0.006004,True,0.0,predictor_temporal/predictor_temporal_per_variant.json::teacher_free
POC-2B,maskratio,lower,raw,frozen,full_ft_encoder,REF,COMP,1825,0.006114,0.005688,0.006566,-0.006114,-0.005688,-0.006566,True,0.0,predictor_temporal/predictor_temporal_per_variant.json::maskratio
POC-2B,maskratio,lower,raw,frozen,lpft_encoder,REF,COMP,1825,0.011048,0.010609,0.011513,-0.011048,-0.010609,-0.011513,True,0.0,predictor_temporal/predictor_temporal_per_variant.json::maskratio
POC-2B,maskratio,lower,raw,frozen,peft_dora_encoder,REF,COMP,1825,0.015408,0.01492,0.015935,-0.015408,-0.01492,-0.015935,True,0.0,predictor_temporal/predictor_temporal_per_variant.json::maskratio
POC-2B,maskratio,lower,raw,frozen,peft_lora_encoder,REF,COMP,1825,0.018247,0.01777,0.018748,-0.018247,-0.01777,-0.018748,True,0.0,predictor_temporal/predictor_temporal_per_variant.json::maskratio
POC-2B,maskratio,lower,raw,frozen,pretrain_encoder,REF,COMP,1825,0.009441,0.009129,0.00977,-0.009441,-0.009129,-0.00977,True,0.0,predictor_temporal/predictor_temporal_per_variant.json::maskratio
POC-2B,maskratio,lower,raw,frozen,surgery_raw_encoder,REF,OURS,1825,0.015492,0.015091,0.015903,-0.015492,-0.015091,-0.015903,True,0.0,predictor_temporal/predictor_temporal_per_variant.json::maskratio
POC-2B,maskratio,lower,raw,frozen,surgical_3stage_DI_diheavy_encoder,REF,OURS,1825,0.018863,0.018448,0.01928,-0.018863,-0.018448,-0.01928,True,0.0,predictor_temporal/predictor_temporal_per_variant.json::maskratio
POC-2B,maskratio,lower,raw,frozen,surgical_3stage_DI_encoder,REF,OURS,1825,0.015122,0.014717,0.015546,-0.015122,-0.014717,-0.015546,True,0.0,predictor_temporal/predictor_temporal_per_variant.json::maskratio
POC-2B,maskratio,lower,raw,frozen,surgical_3stage_DI_head,REF,OURS,1825,0.009441,0.009129,0.00977,-0.009441,-0.009129,-0.00977,True,0.0,predictor_temporal/predictor_temporal_per_variant.json::maskratio
POC-2B,maskratio,lower,raw,frozen,surgical_3stage_DI_intervene_encoder,REF,OURS,1825,0.011483,0.011113,0.011864,-0.011483,-0.011113,-0.011864,True,0.0,predictor_temporal/predictor_temporal_per_variant.json::maskratio
POC-2B,maskratio,lower,raw,frozen,surgical_3stage_DI_replay25_encoder,REF,OURS,1825,0.015452,0.015051,0.015858,-0.015452,-0.015051,-0.015858,True,0.0,predictor_temporal/predictor_temporal_per_variant.json::maskratio
POC-2B,maskratio,lower,raw,frozen,surgical_3stage_DI_tccaux_encoder,REF,OURS,1825,0.017591,0.017194,0.017988,-0.017591,-0.017194,-0.017988,True,0.0,predictor_temporal/predictor_temporal_per_variant.json::maskratio
POC-2B,maskratio,lower,raw,frozen,surgical_autorgn_encoder,REF,COMP,1825,0.010773,0.010345,0.011219,-0.010773,-0.010345,-0.011219,True,0.0,predictor_temporal/predictor_temporal_per_variant.json::maskratio
POC-2B,maskratio,lower,raw,frozen,surgical_intervene_wiseft_f30_encoder,REF,OURS,1825,0.008289,0.007964,0.008629,-0.008289,-0.007964,-0.008629,True,0.0,predictor_temporal/predictor_temporal_per_variant.json::maskratio
POC-2B,maskratio,lower,raw,frozen,surgical_intervene_wiseft_f50_encoder,REF,OURS,1825,0.005495,0.005208,0.005798,-0.005495,-0.005208,-0.005798,True,0.0,predictor_temporal/predictor_temporal_per_variant.json::maskratio
POC-2B,maskratio,lower,raw,frozen,surgical_intervene_wiseft_f70_encoder,REF,OURS,1825,0.002354,0.002122,0.002616,-0.002354,-0.002122,-0.002616,True,0.0,predictor_temporal/predictor_temporal_per_variant.json::maskratio
POC-2B,maskratio,lower,raw,frozen,surgical_noDI_encoder,REF,OURS,1825,0.01513,0.014714,0.015554,-0.01513,-0.014714,-0.015554,True,0.0,predictor_temporal/predictor_temporal_per_variant.json::maskratio
POC-2B,maskratio,lower,raw,frozen,surgical_noDI_head,REF,OURS,1825,0.009441,0.009129,0.00977,-0.009441,-0.009129,-0.00977,True,0.0,predictor_temporal/predictor_temporal_per_variant.json::maskratio
POC-2B,maskratio,lower,raw,frozen,frozen,REF,REF,1825,0.006843,0.006487,0.007217,-0.006843,-0.006487,-0.007217,True,0.0,predictor_temporal/predictor_temporal_per_variant.json::maskratio
POC-2B,maskratio,lower,raw,full_ft_encoder,frozen,COMP,REF,1825,0.000728,0.000322,0.001122,-0.000728,-0.000322,-0.001122,True,0.0006,predictor_temporal/predictor_temporal_per_variant.json::maskratio
POC-2B,maskratio,lower,raw,lpft_encoder,frozen,COMP,REF,1825,-0.004206,-0.004621,-0.003795,0.004206,0.004621,0.003795,True,0.0,predictor_temporal/predictor_temporal_per_variant.json::maskratio
POC-2B,maskratio,lower,raw,peft_dora_encoder,frozen,COMP,REF,1825,-0.008566,-0.009036,-0.00812,0.008566,0.009036,0.00812,True,0.0,predictor_temporal/predictor_temporal_per_variant.json::maskratio
POC-2B,maskratio,lower,raw,peft_lora_encoder,frozen,COMP,REF,1825,-0.011404,-0.011853,-0.010974,0.011404,0.011853,0.010974,True,0.0,predictor_temporal/predictor_temporal_per_variant.json::maskratio
POC-2B,maskratio,lower,raw,pretrain_encoder,frozen,COMP,REF,1825,-0.002598,-0.002942,-0.002266,0.002598,0.002942,0.002266,True,0.0,predictor_temporal/predictor_temporal_per_variant.json::maskratio
POC-2B,maskratio,lower,raw,surgery_raw_encoder,frozen,OURS,REF,1825,-0.008649,-0.009027,-0.008281,0.008649,0.009027,0.008281,True,0.0,predictor_temporal/predictor_temporal_per_variant.json::maskratio
POC-2B,maskratio,lower,raw,surgical_3stage_DI_diheavy_encoder,frozen,OURS,REF,1825,-0.01202,-0.012405,-0.011648,0.01202,0.012405,0.011648,True,0.0,predictor_temporal/predictor_temporal_per_variant.json::maskratio
POC-2B,maskratio,lower,raw,surgical_3stage_DI_encoder,frozen,OURS,REF,1825,-0.00828,-0.008656,-0.007906,0.00828,0.008656,0.007906,True,0.0,predictor_temporal/predictor_temporal_per_variant.json::maskratio
POC-2B,maskratio,lower,raw,surgical_3stage_DI_head,frozen,OURS,REF,1825,-0.002598,-0.002942,-0.002266,0.002598,0.002942,0.002266,True,0.0,predictor_temporal/predictor_temporal_per_variant.json::maskratio
POC-2B,maskratio,lower,raw,surgical_3stage_DI_intervene_encoder,frozen,OURS,REF,1825,-0.00464,-0.005002,-0.004288,0.00464,0.005002,0.004288,True,0.0,predictor_temporal/predictor_temporal_per_variant.json::maskratio
POC-2B,maskratio,lower,raw,surgical_3stage_DI_replay25_encoder,frozen,OURS,REF,1825,-0.008609,-0.008982,-0.00825,0.008609,0.008982,0.00825,True,0.0,predictor_temporal/predictor_temporal_per_variant.json::maskratio
POC-2B,maskratio,lower,raw,surgical_3stage_DI_tccaux_encoder,frozen,OURS,REF,1825,-0.010748,-0.011118,-0.010387,0.010748,0.011118,0.010387,True,0.0,predictor_temporal/predictor_temporal_per_variant.json::maskratio
POC-2B,maskratio,lower,raw,surgical_autorgn_encoder,frozen,COMP,REF,1825,-0.00393,-0.004336,-0.003526,0.00393,0.004336,0.003526,True,0.0,predictor_temporal/predictor_temporal_per_variant.json::maskratio
POC-2B,maskratio,lower,raw,surgical_intervene_wiseft_f30_encoder,frozen,OURS,REF,1825,-0.001447,-0.001793,-0.001119,0.001447,0.001793,0.001119,True,0.0,predictor_temporal/predictor_temporal_per_variant.json::maskratio
POC-2B,maskratio,lower,raw,surgical_intervene_wiseft_f50_encoder,frozen,OURS,REF,1825,0.001347,0.001002,0.00168,-0.001347,-0.001002,-0.00168,True,0.0,predictor_temporal/predictor_temporal_per_variant.json::maskratio
POC-2B,maskratio,lower,raw,surgical_intervene_wiseft_f70_encoder,frozen,OURS,REF,1825,0.004489,0.004147,0.004828,-0.004489,-0.004147,-0.004828,True,0.0,predictor_temporal/predictor_temporal_per_variant.json::maskratio
POC-2B,maskratio,lower,raw,surgical_noDI_encoder,frozen,OURS,REF,1825,-0.008287,-0.008673,-0.007908,0.008287,0.008673,0.007908,True,0.0,predictor_temporal/predictor_temporal_per_variant.json::maskratio
POC-2B,maskratio,lower,raw,surgical_noDI_head,frozen,OURS,REF,1825,-0.002598,-0.002942,-0.002266,0.002598,0.002942,0.002266,True,0.0,predictor_temporal/predictor_temporal_per_variant.json::maskratio
POC-2B,order,signed,raw,frozen,full_ft_encoder,REF,COMP,1825,-0.002346,-0.002853,-0.001831,,,,,0.0,predictor_temporal/predictor_temporal_per_variant.json::order
POC-2B,order,signed,raw,frozen,lpft_encoder,REF,COMP,1825,0.000332,-0.000131,0.000827,,,,,0.1666,predictor_temporal/predictor_temporal_per_variant.json::order
POC-2B,order,signed,raw,frozen,peft_dora_encoder,REF,COMP,1825,0.000244,-0.000256,0.000776,,,,,0.349,predictor_temporal/predictor_temporal_per_variant.json::order
POC-2B,order,signed,raw,frozen,peft_lora_encoder,REF,COMP,1825,-0.000311,-0.000804,0.000216,,,,,0.2402,predictor_temporal/predictor_temporal_per_variant.json::order
POC-2B,order,signed,raw,frozen,pretrain_encoder,REF,COMP,1825,0.00217,0.001753,0.002638,,,,,0.0,predictor_temporal/predictor_temporal_per_variant.json::order
POC-2B,order,signed,raw,frozen,surgery_raw_encoder,REF,OURS,1825,-0.000998,-0.001462,-0.000538,,,,,0.0002,predictor_temporal/predictor_temporal_per_variant.json::order
POC-2B,order,signed,raw,frozen,surgical_3stage_DI_diheavy_encoder,REF,OURS,1825,-0.001681,-0.002149,-0.001212,,,,,0.0,predictor_temporal/predictor_temporal_per_variant.json::order
POC-2B,order,signed,raw,frozen,surgical_3stage_DI_encoder,REF,OURS,1825,-1.7e-05,-0.000516,0.000488,,,,,0.957,predictor_temporal/predictor_temporal_per_variant.json::order
POC-2B,order,signed,raw,frozen,surgical_3stage_DI_head,REF,OURS,1825,0.00217,0.001753,0.002638,,,,,0.0,predictor_temporal/predictor_temporal_per_variant.json::order
POC-2B,order,signed,raw,frozen,surgical_3stage_DI_intervene_encoder,REF,OURS,1825,-0.002423,-0.002912,-0.001929,,,,,0.0,predictor_temporal/predictor_temporal_per_variant.json::order
POC-2B,order,signed,raw,frozen,surgical_3stage_DI_replay25_encoder,REF,OURS,1825,-0.000583,-0.001068,-8.3e-05,,,,,0.0222,predictor_temporal/predictor_temporal_per_variant.json::order
POC-2B,order,signed,raw,frozen,surgical_3stage_DI_tccaux_encoder,REF,OURS,1825,-0.002595,-0.003083,-0.002108,,,,,0.0,predictor_temporal/predictor_temporal_per_variant.json::order
POC-2B,order,signed,raw,frozen,surgical_autorgn_encoder,REF,COMP,1825,-0.001091,-0.001542,-0.000602,,,,,0.0,predictor_temporal/predictor_temporal_per_variant.json::order
POC-2B,order,signed,raw,frozen,surgical_intervene_wiseft_f30_encoder,REF,OURS,1825,-0.002831,-0.00321,-0.002451,,,,,0.0,predictor_temporal/predictor_temporal_per_variant.json::order
POC-2B,order,signed,raw,frozen,surgical_intervene_wiseft_f50_encoder,REF,OURS,1825,-0.002937,-0.003231,-0.002633,,,,,0.0,predictor_temporal/predictor_temporal_per_variant.json::order
POC-2B,order,signed,raw,frozen,surgical_intervene_wiseft_f70_encoder,REF,OURS,1825,-0.00258,-0.002783,-0.002371,,,,,0.0,predictor_temporal/predictor_temporal_per_variant.json::order
POC-2B,order,signed,raw,frozen,surgical_noDI_encoder,REF,OURS,1825,-0.001999,-0.002464,-0.001543,,,,,0.0,predictor_temporal/predictor_temporal_per_variant.json::order
POC-2B,order,signed,raw,frozen,surgical_noDI_head,REF,OURS,1825,0.00217,0.001753,0.002638,,,,,0.0,predictor_temporal/predictor_temporal_per_variant.json::order
POC-2B,order,signed,raw,frozen,frozen,REF,REF,1825,-0.00516,-0.00564,-0.004695,,,,,0.0,predictor_temporal/predictor_temporal_per_variant.json::order
POC-2B,order,signed,raw,full_ft_encoder,frozen,COMP,REF,1825,-0.002814,-0.003478,-0.002173,,,,,0.0,predictor_temporal/predictor_temporal_per_variant.json::order
POC-2B,order,signed,raw,lpft_encoder,frozen,COMP,REF,1825,-0.005491,-0.006187,-0.004847,,,,,0.0,predictor_temporal/predictor_temporal_per_variant.json::order
POC-2B,order,signed,raw,peft_dora_encoder,frozen,COMP,REF,1825,-0.005404,-0.006115,-0.004747,,,,,0.0,predictor_temporal/predictor_temporal_per_variant.json::order
POC-2B,order,signed,raw,peft_lora_encoder,frozen,COMP,REF,1825,-0.004848,-0.005527,-0.004215,,,,,0.0,predictor_temporal/predictor_temporal_per_variant.json::order
POC-2B,order,signed,raw,pretrain_encoder,frozen,COMP,REF,1825,-0.00733,-0.008065,-0.006654,,,,,0.0,predictor_temporal/predictor_temporal_per_variant.json::order
POC-2B,order,signed,raw,surgery_raw_encoder,frozen,OURS,REF,1825,-0.004162,-0.004735,-0.00359,,,,,0.0,predictor_temporal/predictor_temporal_per_variant.json::order
POC-2B,order,signed,raw,surgical_3stage_DI_diheavy_encoder,frozen,OURS,REF,1825,-0.003478,-0.004076,-0.002897,,,,,0.0,predictor_temporal/predictor_temporal_per_variant.json::order
POC-2B,order,signed,raw,surgical_3stage_DI_encoder,frozen,OURS,REF,1825,-0.005143,-0.005756,-0.004538,,,,,0.0,predictor_temporal/predictor_temporal_per_variant.json::order
POC-2B,order,signed,raw,surgical_3stage_DI_head,frozen,OURS,REF,1825,-0.00733,-0.008065,-0.006654,,,,,0.0,predictor_temporal/predictor_temporal_per_variant.json::order
POC-2B,order,signed,raw,surgical_3stage_DI_intervene_encoder,frozen,OURS,REF,1825,-0.002737,-0.003335,-0.002143,,,,,0.0,predictor_temporal/predictor_temporal_per_variant.json::order
POC-2B,order,signed,raw,surgical_3stage_DI_replay25_encoder,frozen,OURS,REF,1825,-0.004577,-0.00521,-0.003975,,,,,0.0,predictor_temporal/predictor_temporal_per_variant.json::order
POC-2B,order,signed,raw,surgical_3stage_DI_tccaux_encoder,frozen,OURS,REF,1825,-0.002564,-0.003168,-0.00198,,,,,0.0,predictor_temporal/predictor_temporal_per_variant.json::order
POC-2B,order,signed,raw,surgical_autorgn_encoder,frozen,COMP,REF,1825,-0.004069,-0.004707,-0.003451,,,,,0.0,predictor_temporal/predictor_temporal_per_variant.json::order
POC-2B,order,signed,raw,surgical_intervene_wiseft_f30_encoder,frozen,OURS,REF,1825,-0.002329,-0.002861,-0.001798,,,,,0.0,predictor_temporal/predictor_temporal_per_variant.json::order
POC-2B,order,signed,raw,surgical_intervene_wiseft_f50_encoder,frozen,OURS,REF,1825,-0.002222,-0.002727,-0.001721,,,,,0.0,predictor_temporal/predictor_temporal_per_variant.json::order
POC-2B,order,signed,raw,surgical_intervene_wiseft_f70_encoder,frozen,OURS,REF,1825,-0.00258,-0.003066,-0.002103,,,,,0.0,predictor_temporal/predictor_temporal_per_variant.json::order
POC-2B,order,signed,raw,surgical_noDI_encoder,frozen,OURS,REF,1825,-0.003161,-0.003754,-0.002579,,,,,0.0,predictor_temporal/predictor_temporal_per_variant.json::order
POC-2B,order,signed,raw,surgical_noDI_head,frozen,OURS,REF,1825,-0.00733,-0.008065,-0.006655,,,,,0.0,predictor_temporal/predictor_temporal_per_variant.json::order
POC-2B,aot,higher,raw,frozen,full_ft_encoder,REF,COMP,1825,0.027671,0.019726,0.036164,0.027671,0.019726,0.036164,True,0.0,encoder_temporal/encoder_temporal_per_variant.json::aot
POC-2B,aot,higher,raw,frozen,lpft_encoder,REF,COMP,1825,0.016986,0.010137,0.02411,0.016986,0.010137,0.02411,True,0.0,encoder_temporal/encoder_temporal_per_variant.json::aot
POC-2B,aot,higher,raw,frozen,peft_dora_encoder,REF,COMP,1825,0.02137,0.014247,0.028767,0.02137,0.014247,0.028767,True,0.0,encoder_temporal/encoder_temporal_per_variant.json::aot
POC-2B,aot,higher,raw,frozen,peft_lora_encoder,REF,COMP,1825,0.024932,0.01726,0.032877,0.024932,0.01726,0.032877,True,0.0,encoder_temporal/encoder_temporal_per_variant.json::aot
POC-2B,aot,higher,raw,frozen,pretrain_encoder,REF,COMP,1825,0.016438,0.010065,0.023288,0.016438,0.010065,0.023288,True,0.0,encoder_temporal/encoder_temporal_per_variant.json::aot
POC-2B,aot,higher,raw,frozen,surgery_raw_encoder,REF,OURS,1825,0.027945,0.020274,0.03589,0.027945,0.020274,0.03589,True,0.0,encoder_temporal/encoder_temporal_per_variant.json::aot
POC-2B,aot,higher,raw,frozen,surgical_3stage_DI_diheavy_encoder,REF,OURS,1825,0.027671,0.02,0.03589,0.027671,0.02,0.03589,True,0.0,encoder_temporal/encoder_temporal_per_variant.json::aot
POC-2B,aot,higher,raw,frozen,surgical_3stage_DI_encoder,REF,OURS,1825,0.031233,0.023562,0.039726,0.031233,0.023562,0.039726,True,0.0,encoder_temporal/encoder_temporal_per_variant.json::aot
POC-2B,aot,higher,raw,frozen,surgical_3stage_DI_intervene_encoder,REF,OURS,1825,0.028493,0.020822,0.036438,0.028493,0.020822,0.036438,True,0.0,encoder_temporal/encoder_temporal_per_variant.json::aot
POC-2B,aot,higher,raw,frozen,surgical_3stage_DI_replay25_encoder,REF,OURS,1825,0.028493,0.020822,0.036438,0.028493,0.020822,0.036438,True,0.0,encoder_temporal/encoder_temporal_per_variant.json::aot
POC-2B,aot,higher,raw,frozen,surgical_3stage_DI_tccaux_encoder,REF,OURS,1825,0.020822,0.013425,0.028493,0.020822,0.013425,0.028493,True,0.0,encoder_temporal/encoder_temporal_per_variant.json::aot
POC-2B,aot,higher,raw,frozen,surgical_3stage_DI_wiseft_encoder,REF,OURS,1825,0.006849,0.001096,0.012877,0.006849,0.001096,0.012877,True,0.024,encoder_temporal/encoder_temporal_per_variant.json::aot
POC-2B,aot,higher,raw,frozen,surgical_autorgn_encoder,REF,COMP,1825,0.021644,0.014247,0.029041,0.021644,0.014247,0.029041,True,0.0,encoder_temporal/encoder_temporal_per_variant.json::aot
POC-2B,aot,higher,raw,frozen,surgical_intervene_wiseft_f30_encoder,REF,OURS,1825,0.009041,0.003288,0.015068,0.009041,0.003288,0.015068,True,0.0034,encoder_temporal/encoder_temporal_per_variant.json::aot
POC-2B,aot,higher,raw,frozen,surgical_intervene_wiseft_f50_encoder,REF,OURS,1825,0.003562,-0.001918,0.009315,0.003562,-0.001918,0.009315,False,0.2322,encoder_temporal/encoder_temporal_per_variant.json::aot
POC-2B,aot,higher,raw,frozen,surgical_intervene_wiseft_f70_encoder,REF,OURS,1825,-0.000822,-0.005205,0.003562,-0.000822,-0.005205,0.003562,False,0.7692,encoder_temporal/encoder_temporal_per_variant.json::aot
POC-2B,aot,higher,raw,frozen,surgical_noDI_encoder,REF,OURS,1825,0.022466,0.015068,0.030411,0.022466,0.015068,0.030411,True,0.0,encoder_temporal/encoder_temporal_per_variant.json::aot
POC-2B,tov,higher,raw,frozen,full_ft_encoder,REF,COMP,1825,0.018767,0.013151,0.024521,0.018767,0.013151,0.024521,True,0.0,encoder_temporal/encoder_temporal_per_variant.json::tov
POC-2B,tov,higher,raw,frozen,lpft_encoder,REF,COMP,1825,0.008356,0.003288,0.013288,0.008356,0.003288,0.013288,True,0.002,encoder_temporal/encoder_temporal_per_variant.json::tov
POC-2B,tov,higher,raw,frozen,peft_dora_encoder,REF,COMP,1825,0.013699,0.008356,0.019178,0.013699,0.008356,0.019178,True,0.0,encoder_temporal/encoder_temporal_per_variant.json::tov
POC-2B,tov,higher,raw,frozen,peft_lora_encoder,REF,COMP,1825,0.024384,0.018493,0.030548,0.024384,0.018493,0.030548,True,0.0,encoder_temporal/encoder_temporal_per_variant.json::tov
POC-2B,tov,higher,raw,frozen,pretrain_encoder,REF,COMP,1825,0.02274,0.017123,0.028219,0.02274,0.017123,0.028219,True,0.0,encoder_temporal/encoder_temporal_per_variant.json::tov
POC-2B,tov,higher,raw,frozen,surgery_raw_encoder,REF,OURS,1825,0.013562,0.008356,0.019041,0.013562,0.008356,0.019041,True,0.0,encoder_temporal/encoder_temporal_per_variant.json::tov
POC-2B,tov,higher,raw,frozen,surgical_3stage_DI_diheavy_encoder,REF,OURS,1825,0.006438,0.001096,0.011644,0.006438,0.001096,0.011644,True,0.0174,encoder_temporal/encoder_temporal_per_variant.json::tov
POC-2B,tov,higher,raw,frozen,surgical_3stage_DI_encoder,REF,OURS,1825,0.00726,0.002192,0.012329,0.00726,0.002192,0.012329,True,0.0066,encoder_temporal/encoder_temporal_per_variant.json::tov
POC-2B,tov,higher,raw,frozen,surgical_3stage_DI_intervene_encoder,REF,OURS,1825,0.006986,0.002055,0.011781,0.006986,0.002055,0.011781,True,0.0052,encoder_temporal/encoder_temporal_per_variant.json::tov
POC-2B,tov,higher,raw,frozen,surgical_3stage_DI_replay25_encoder,REF,OURS,1825,0.008904,0.003699,0.01411,0.008904,0.003699,0.01411,True,0.001,encoder_temporal/encoder_temporal_per_variant.json::tov
POC-2B,tov,higher,raw,frozen,surgical_3stage_DI_tccaux_encoder,REF,OURS,1825,0.020685,0.015068,0.026301,0.020685,0.015068,0.026301,True,0.0,encoder_temporal/encoder_temporal_per_variant.json::tov
POC-2B,tov,higher,raw,frozen,surgical_3stage_DI_wiseft_encoder,REF,OURS,1825,0.009726,0.005342,0.01411,0.009726,0.005342,0.01411,True,0.0,encoder_temporal/encoder_temporal_per_variant.json::tov
POC-2B,tov,higher,raw,frozen,surgical_autorgn_encoder,REF,COMP,1825,0.00726,0.002329,0.012329,0.00726,0.002329,0.012329,True,0.0054,encoder_temporal/encoder_temporal_per_variant.json::tov
POC-2B,tov,higher,raw,frozen,surgical_intervene_wiseft_f30_encoder,REF,OURS,1825,0.003836,-0.000685,0.008219,0.003836,-0.000685,0.008219,False,0.1016,encoder_temporal/encoder_temporal_per_variant.json::tov
POC-2B,tov,higher,raw,frozen,surgical_intervene_wiseft_f50_encoder,REF,OURS,1825,0.000548,-0.003699,0.004658,0.000548,-0.003699,0.004658,False,0.8156,encoder_temporal/encoder_temporal_per_variant.json::tov
POC-2B,tov,higher,raw,frozen,surgical_intervene_wiseft_f70_encoder,REF,OURS,1825,-0.002329,-0.006438,0.001781,-0.002329,-0.006438,0.001781,False,0.281,encoder_temporal/encoder_temporal_per_variant.json::tov
POC-2B,tov,higher,raw,frozen,surgical_noDI_encoder,REF,OURS,1825,0.007808,0.002466,0.012877,0.007808,0.002466,0.012877,True,0.0048,encoder_temporal/encoder_temporal_per_variant.json::tov
POC-2B,pace,higher,raw,frozen,full_ft_encoder,REF,COMP,1825,0.023744,0.013881,0.03379,0.023744,0.013881,0.03379,True,0.0,encoder_temporal/encoder_temporal_per_variant.json::pace
POC-2B,pace,higher,raw,frozen,lpft_encoder,REF,COMP,1825,0.033242,0.023379,0.043105,0.033242,0.023379,0.043105,True,0.0,encoder_temporal/encoder_temporal_per_variant.json::pace
POC-2B,pace,higher,raw,frozen,peft_dora_encoder,REF,COMP,1825,0.023562,0.012968,0.034155,0.023562,0.012968,0.034155,True,0.0,encoder_temporal/encoder_temporal_per_variant.json::pace
POC-2B,pace,higher,raw,frozen,peft_lora_encoder,REF,COMP,1825,0.016804,0.007306,0.026484,0.016804,0.007306,0.026484,True,0.0006,encoder_temporal/encoder_temporal_per_variant.json::pace
POC-2B,pace,higher,raw,frozen,pretrain_encoder,REF,COMP,1825,0.00968,0.000183,0.019178,0.00968,0.000183,0.019178,True,0.0454,encoder_temporal/encoder_temporal_per_variant.json::pace
POC-2B,pace,higher,raw,frozen,surgery_raw_encoder,REF,OURS,1825,0.010594,0.001461,0.019543,0.010594,0.001461,0.019543,True,0.0218,encoder_temporal/encoder_temporal_per_variant.json::pace
POC-2B,pace,higher,raw,frozen,surgical_3stage_DI_diheavy_encoder,REF,OURS,1825,0.021735,0.012055,0.031416,0.021735,0.012055,0.031416,True,0.0,encoder_temporal/encoder_temporal_per_variant.json::pace
POC-2B,pace,higher,raw,frozen,surgical_3stage_DI_encoder,REF,OURS,1825,0.010228,0.000731,0.019909,0.010228,0.000731,0.019909,True,0.0342,encoder_temporal/encoder_temporal_per_variant.json::pace
POC-2B,pace,higher,raw,frozen,surgical_3stage_DI_intervene_encoder,REF,OURS,1825,0.011689,0.00274,0.021005,0.011689,0.00274,0.021005,True,0.0144,encoder_temporal/encoder_temporal_per_variant.json::pace
POC-2B,pace,higher,raw,frozen,surgical_3stage_DI_replay25_encoder,REF,OURS,1825,0.017169,0.007854,0.026484,0.017169,0.007854,0.026484,True,0.0004,encoder_temporal/encoder_temporal_per_variant.json::pace
POC-2B,pace,higher,raw,frozen,surgical_3stage_DI_tccaux_encoder,REF,OURS,1825,0.023927,0.014429,0.033425,0.023927,0.014429,0.033425,True,0.0,encoder_temporal/encoder_temporal_per_variant.json::pace
POC-2B,pace,higher,raw,frozen,surgical_3stage_DI_wiseft_encoder,REF,OURS,1825,0.03726,0.027032,0.047671,0.03726,0.027032,0.047671,True,0.0,encoder_temporal/encoder_temporal_per_variant.json::pace
POC-2B,pace,higher,raw,frozen,surgical_autorgn_encoder,REF,COMP,1825,0.018813,0.00895,0.028493,0.018813,0.00895,0.028493,True,0.0002,encoder_temporal/encoder_temporal_per_variant.json::pace
POC-2B,pace,higher,raw,frozen,surgical_intervene_wiseft_f30_encoder,REF,OURS,1825,0.004932,-0.00347,0.013151,0.004932,-0.00347,0.013151,False,0.2464,encoder_temporal/encoder_temporal_per_variant.json::pace
POC-2B,pace,higher,raw,frozen,surgical_intervene_wiseft_f50_encoder,REF,OURS,1825,0.01589,0.008219,0.02411,0.01589,0.008219,0.02411,True,0.0,encoder_temporal/encoder_temporal_per_variant.json::pace
POC-2B,pace,higher,raw,frozen,surgical_intervene_wiseft_f70_encoder,REF,OURS,1825,0.013333,0.004932,0.021918,0.013333,0.004932,0.021918,True,0.0034,encoder_temporal/encoder_temporal_per_variant.json::pace
POC-2B,pace,higher,raw,frozen,surgical_noDI_encoder,REF,OURS,1825,0.029041,0.019178,0.038904,0.029041,0.019178,0.038904,True,0.0,encoder_temporal/encoder_temporal_per_variant.json::pace
POC-1B,act,higher,pp,frozen,full_ft_encoder,REF,COMP,1825,-8.4384,-10.6849,-6.3562,-8.4384,-10.6849,-6.3562,True,0.0,probe_action/probe_paired_delta.json
POC-1B,act,higher,pp,frozen,lpft_encoder,REF,COMP,1825,-3.6164,-5.863,-1.4247,-3.6164,-5.863,-1.4247,True,0.0016,probe_action/probe_paired_delta.json
POC-1B,act,higher,pp,frozen,peft_dora_encoder,REF,COMP,1825,-5.0959,-7.2877,-2.9589,-5.0959,-7.2877,-2.9589,True,0.0,probe_action/probe_paired_delta.json
POC-1B,act,higher,pp,frozen,peft_lora_encoder,REF,COMP,1825,-4.2192,-6.411,-2.0274,-4.2192,-6.411,-2.0274,True,0.0002,probe_action/probe_paired_delta.json
POC-1B,act,higher,pp,frozen,pretrain_encoder,REF,COMP,1825,-6.8493,-9.0959,-4.6027,-6.8493,-9.0959,-4.6027,True,0.0,probe_action/probe_paired_delta.json
POC-1B,act,higher,pp,frozen,surgery_raw_encoder,REF,OURS,1825,-5.5342,-7.7808,-3.3425,-5.5342,-7.7808,-3.3425,True,0.0,probe_action/probe_paired_delta.json
POC-1B,act,higher,pp,frozen,surgical_3stage_DI_diheavy_encoder,REF,OURS,1825,-5.8082,-8.1096,-3.6712,-5.8082,-8.1096,-3.6712,True,0.0,probe_action/probe_paired_delta.json
POC-1B,act,higher,pp,frozen,surgical_3stage_DI_encoder,REF,OURS,1825,-5.2055,-7.4521,-3.0324,-5.2055,-7.4521,-3.0324,True,0.0,probe_action/probe_paired_delta.json
POC-1B,act,higher,pp,frozen,surgical_3stage_DI_intervene_encoder,REF,OURS,1825,-4.8219,-7.0137,-2.6301,-4.8219,-7.0137,-2.6301,True,0.0,probe_action/probe_paired_delta.json
POC-1B,act,higher,pp,frozen,surgical_autorgn_encoder,REF,COMP,1825,-7.2329,-9.4247,-5.1507,-7.2329,-9.4247,-5.1507,True,0.0,probe_action/probe_paired_delta.json
POC-1B,act,higher,pp,frozen,surgical_intervene_wiseft_f30_encoder,REF,OURS,1825,-3.3425,-5.5342,-1.2603,-3.3425,-5.5342,-1.2603,True,0.0028,probe_action/probe_paired_delta.json
POC-1B,act,higher,pp,frozen,surgical_intervene_wiseft_f50_encoder,REF,OURS,1825,-2.6301,-4.8219,-0.5479,-2.6301,-4.8219,-0.5479,True,0.0192,probe_action/probe_paired_delta.json
POC-1B,act,higher,pp,frozen,surgical_intervene_wiseft_f70_encoder,REF,OURS,1825,-2.6301,-4.6027,-0.6575,-2.6301,-4.6027,-0.6575,True,0.0094,probe_action/probe_paired_delta.json
POC-1B,mcos,higher,raw,frozen,full_ft_encoder,REF,COMP,1825,-0.082638,-0.0851,-0.080187,-0.082638,-0.0851,-0.080187,True,0.0,probe_motion_cos/probe_motion_cos_paired.json
POC-1B,mcos,higher,raw,frozen,lpft_encoder,REF,COMP,1825,-0.030551,-0.031746,-0.029399,-0.030551,-0.031746,-0.029399,True,0.0,probe_motion_cos/probe_motion_cos_paired.json
POC-1B,mcos,higher,raw,frozen,peft_dora_encoder,REF,COMP,1825,-0.06078,-0.062812,-0.058749,-0.06078,-0.062812,-0.058749,True,0.0,probe_motion_cos/probe_motion_cos_paired.json
POC-1B,mcos,higher,raw,frozen,peft_lora_encoder,REF,COMP,1825,-0.060725,-0.062755,-0.058695,-0.060725,-0.062755,-0.058695,True,0.0,probe_motion_cos/probe_motion_cos_paired.json
POC-1B,mcos,higher,raw,frozen,pretrain_encoder,REF,COMP,1825,-0.047411,-0.049036,-0.045815,-0.047411,-0.049036,-0.045815,True,0.0,probe_motion_cos/probe_motion_cos_paired.json
POC-1B,mcos,higher,raw,frozen,surgery_raw_encoder,REF,OURS,1825,-0.052691,-0.054397,-0.050964,-0.052691,-0.054397,-0.050964,True,0.0,probe_motion_cos/probe_motion_cos_paired.json
POC-1B,mcos,higher,raw,frozen,surgical_3stage_DI_diheavy_encoder,REF,OURS,1825,-0.041107,-0.04261,-0.039656,-0.041107,-0.04261,-0.039656,True,0.0,probe_motion_cos/probe_motion_cos_paired.json
POC-1B,mcos,higher,raw,frozen,surgical_3stage_DI_encoder,REF,OURS,1825,-0.040307,-0.041805,-0.038855,-0.040307,-0.041805,-0.038855,True,0.0,probe_motion_cos/probe_motion_cos_paired.json
POC-1B,mcos,higher,raw,frozen,surgical_3stage_DI_intervene_encoder,REF,OURS,1825,-0.036997,-0.038394,-0.035646,-0.036997,-0.038394,-0.035646,True,0.0,probe_motion_cos/probe_motion_cos_paired.json
POC-1B,mcos,higher,raw,frozen,surgical_autorgn_encoder,REF,COMP,1825,-0.073096,-0.075483,-0.070682,-0.073096,-0.075483,-0.070682,True,0.0,probe_motion_cos/probe_motion_cos_paired.json
POC-1B,mcos,higher,raw,frozen,surgical_intervene_wiseft_f30_encoder,REF,OURS,1825,-0.017264,-0.017983,-0.016598,-0.017264,-0.017983,-0.016598,True,0.0,probe_motion_cos/probe_motion_cos_paired.json
POC-1B,mcos,higher,raw,frozen,surgical_intervene_wiseft_f50_encoder,REF,OURS,1825,-0.009127,-0.009555,-0.008727,-0.009127,-0.009555,-0.008727,True,0.0,probe_motion_cos/probe_motion_cos_paired.json
POC-1B,mcos,higher,raw,frozen,surgical_intervene_wiseft_f70_encoder,REF,OURS,1825,-0.004101,-0.004347,-0.003875,-0.004101,-0.004347,-0.003875,True,0.0,probe_motion_cos/probe_motion_cos_paired.json
POC-1B,fut,lower,raw,frozen,pretrain_encoder,REF,COMP,1825,0.029597,0.028753,0.030393,-0.029597,-0.028753,-0.030393,True,0.0,probe_future_mse/probe_future_mse_per_variant.json
POC-1B,fut,lower,raw,frozen,surgical_3stage_DI_encoder,REF,OURS,1825,0.045482,0.044664,0.046257,-0.045482,-0.044664,-0.046257,True,0.0,probe_future_mse/probe_future_mse_per_variant.json
POC-1B,fut,lower,raw,frozen,surgical_autorgn_encoder,REF,COMP,1825,0.025577,0.024734,0.026395,-0.025577,-0.024734,-0.026395,True,0.0,probe_future_mse/probe_future_mse_per_variant.json
POC-1B,fut,lower,raw,frozen,surgery_raw_encoder,REF,OURS,1825,0.04968,0.048929,0.050454,-0.04968,-0.048929,-0.050454,True,0.0,probe_future_mse/probe_future_mse_per_variant.json
POC-1B,fut,lower,raw,frozen,full_ft_encoder,REF,COMP,1825,0.009242,0.008366,0.0101,-0.009242,-0.008366,-0.0101,True,0.0,probe_future_mse/probe_future_mse_per_variant.json
POC-1B,fut,lower,raw,frozen,lpft_encoder,REF,COMP,1825,0.013443,0.012619,0.014258,-0.013443,-0.012619,-0.014258,True,0.0,probe_future_mse/probe_future_mse_per_variant.json
POC-1B,fut,lower,raw,frozen,peft_lora_encoder,REF,COMP,1825,0.041101,0.040287,0.041911,-0.041101,-0.040287,-0.041911,True,0.0,probe_future_mse/probe_future_mse_per_variant.json
POC-1B,fut,lower,raw,frozen,peft_dora_encoder,REF,COMP,1825,0.040883,0.040127,0.041658,-0.040883,-0.040127,-0.041658,True,0.0,probe_future_mse/probe_future_mse_per_variant.json
POC-1B,fut,lower,raw,frozen,surgical_3stage_DI_diheavy_encoder,REF,OURS,1825,0.047,0.046209,0.047782,-0.047,-0.046209,-0.047782,True,0.0,probe_future_mse/probe_future_mse_per_variant.json
POC-1B,fut,lower,raw,frozen,surgical_3stage_DI_intervene_encoder,REF,OURS,1825,0.045482,0.044681,0.046269,-0.045482,-0.044681,-0.046269,True,0.0,probe_future_mse/probe_future_mse_per_variant.json
POC-1B,fut,lower,raw,frozen,surgical_intervene_wiseft_f30_encoder,REF,OURS,1825,0.037338,0.036608,0.038077,-0.037338,-0.036608,-0.038077,True,0.0,probe_future_mse/probe_future_mse_per_variant.json
POC-1B,fut,lower,raw,frozen,surgical_intervene_wiseft_f50_encoder,REF,OURS,1825,0.029382,0.028617,0.030116,-0.029382,-0.028617,-0.030116,True,0.0,probe_future_mse/probe_future_mse_per_variant.json
POC-1B,fut,lower,raw,frozen,surgical_intervene_wiseft_f70_encoder,REF,OURS,1825,0.019852,0.019125,0.020576,-0.019852,-0.019125,-0.020576,True,0.0,probe_future_mse/probe_future_mse_per_variant.json
POC-1B,rollout,lower,raw,frozen,full_ft_encoder,REF,COMP,1825,0.001352,0.001212,0.001492,-0.001352,-0.001212,-0.001492,True,0.0,predictor_temporal/predictor_temporal_per_variant.json::rollout
POC-1B,rollout,lower,raw,frozen,lpft_encoder,REF,COMP,1825,0.001792,0.001666,0.001919,-0.001792,-0.001666,-0.001919,True,0.0,predictor_temporal/predictor_temporal_per_variant.json::rollout
POC-1B,rollout,lower,raw,frozen,peft_dora_encoder,REF,COMP,1825,0.002147,0.00201,0.002279,-0.002147,-0.00201,-0.002279,True,0.0,predictor_temporal/predictor_temporal_per_variant.json::rollout
POC-1B,rollout,lower,raw,frozen,peft_lora_encoder,REF,COMP,1825,0.0021,0.001964,0.002231,-0.0021,-0.001964,-0.002231,True,0.0,predictor_temporal/predictor_temporal_per_variant.json::rollout
POC-1B,rollout,lower,raw,frozen,pretrain_encoder,REF,COMP,1825,0.0013,0.001192,0.001411,-0.0013,-0.001192,-0.001411,True,0.0,predictor_temporal/predictor_temporal_per_variant.json::rollout
POC-1B,rollout,lower,raw,frozen,surgery_raw_encoder,REF,OURS,1825,0.001776,0.001658,0.001893,-0.001776,-0.001658,-0.001893,True,0.0,predictor_temporal/predictor_temporal_per_variant.json::rollout
POC-1B,rollout,lower,raw,frozen,surgical_3stage_DI_diheavy_encoder,REF,OURS,1825,0.001902,0.001795,0.00201,-0.001902,-0.001795,-0.00201,True,0.0,predictor_temporal/predictor_temporal_per_variant.json::rollout
POC-1B,rollout,lower,raw,frozen,surgical_3stage_DI_encoder,REF,OURS,1825,0.000834,0.000734,0.000937,-0.000834,-0.000734,-0.000937,True,0.0,predictor_temporal/predictor_temporal_per_variant.json::rollout
POC-1B,rollout,lower,raw,frozen,surgical_3stage_DI_intervene_encoder,REF,OURS,1825,0.001231,0.00112,0.001344,-0.001231,-0.00112,-0.001344,True,0.0,predictor_temporal/predictor_temporal_per_variant.json::rollout
POC-1B,rollout,lower,raw,frozen,surgical_autorgn_encoder,REF,COMP,1825,0.001614,0.001489,0.001744,-0.001614,-0.001489,-0.001744,True,0.0,predictor_temporal/predictor_temporal_per_variant.json::rollout
POC-1B,rollout,lower,raw,frozen,surgical_intervene_wiseft_f30_encoder,REF,OURS,1825,0.001077,0.000994,0.001161,-0.001077,-0.000994,-0.001161,True,0.0,predictor_temporal/predictor_temporal_per_variant.json::rollout
POC-1B,rollout,lower,raw,frozen,surgical_intervene_wiseft_f50_encoder,REF,OURS,1825,0.000853,0.00079,0.000918,-0.000853,-0.00079,-0.000918,True,0.0,predictor_temporal/predictor_temporal_per_variant.json::rollout
POC-1B,rollout,lower,raw,frozen,surgical_intervene_wiseft_f70_encoder,REF,OURS,1825,0.000721,0.000678,0.000765,-0.000721,-0.000678,-0.000765,True,0.0,predictor_temporal/predictor_temporal_per_variant.json::rollout
POC-1B,causal,lower,raw,frozen,full_ft_encoder,REF,COMP,1825,0.006649,0.006083,0.007205,-0.006649,-0.006083,-0.007205,True,0.0,predictor_temporal/predictor_temporal_per_variant.json::causal
POC-1B,causal,lower,raw,frozen,lpft_encoder,REF,COMP,1825,0.011444,0.01094,0.011928,-0.011444,-0.01094,-0.011928,True,0.0,predictor_temporal/predictor_temporal_per_variant.json::causal
POC-1B,causal,lower,raw,frozen,peft_dora_encoder,REF,COMP,1825,0.037882,0.037394,0.038349,-0.037882,-0.037394,-0.038349,True,0.0,predictor_temporal/predictor_temporal_per_variant.json::causal
POC-1B,causal,lower,raw,frozen,peft_lora_encoder,REF,COMP,1825,0.038024,0.037541,0.03849,-0.038024,-0.037541,-0.03849,True,0.0,predictor_temporal/predictor_temporal_per_variant.json::causal
POC-1B,causal,lower,raw,frozen,pretrain_encoder,REF,COMP,1825,0.027137,0.026661,0.027586,-0.027137,-0.026661,-0.027586,True,0.0,predictor_temporal/predictor_temporal_per_variant.json::causal
POC-1B,causal,lower,raw,frozen,surgery_raw_encoder,REF,OURS,1825,0.04458,0.044159,0.044986,-0.04458,-0.044159,-0.044986,True,0.0,predictor_temporal/predictor_temporal_per_variant.json::causal
POC-1B,causal,lower,raw,frozen,surgical_3stage_DI_diheavy_encoder,REF,OURS,1825,0.041295,0.040876,0.041703,-0.041295,-0.040876,-0.041703,True,0.0,predictor_temporal/predictor_temporal_per_variant.json::causal
POC-1B,causal,lower,raw,frozen,surgical_3stage_DI_encoder,REF,OURS,1825,0.039766,0.03936,0.040166,-0.039766,-0.03936,-0.040166,True,0.0,predictor_temporal/predictor_temporal_per_variant.json::causal
POC-1B,causal,lower,raw,frozen,surgical_3stage_DI_intervene_encoder,REF,OURS,1825,0.040734,0.040286,0.041164,-0.040734,-0.040286,-0.041164,True,0.0,predictor_temporal/predictor_temporal_per_variant.json::causal
POC-1B,causal,lower,raw,frozen,surgical_autorgn_encoder,REF,COMP,1825,0.021923,0.021406,0.022407,-0.021923,-0.021406,-0.022407,True,0.0,predictor_temporal/predictor_temporal_per_variant.json::causal
POC-1B,causal,lower,raw,frozen,surgical_intervene_wiseft_f30_encoder,REF,OURS,1825,0.033262,0.032939,0.033584,-0.033262,-0.032939,-0.033584,True,0.0,predictor_temporal/predictor_temporal_per_variant.json::causal
POC-1B,causal,lower,raw,frozen,surgical_intervene_wiseft_f50_encoder,REF,OURS,1825,0.026216,0.025968,0.026462,-0.026216,-0.025968,-0.026462,True,0.0,predictor_temporal/predictor_temporal_per_variant.json::causal
POC-1B,causal,lower,raw,frozen,surgical_intervene_wiseft_f70_encoder,REF,OURS,1825,0.017714,0.017553,0.017873,-0.017714,-0.017553,-0.017873,True,0.0,predictor_temporal/predictor_temporal_per_variant.json::causal
POC-1B,tdist,lower,raw,frozen,full_ft_encoder,REF,COMP,1825,-0.002132,-0.002336,-0.001944,0.002132,0.002336,0.001944,True,0.0,predictor_temporal/predictor_temporal_per_variant.json::tdist
POC-1B,tdist,lower,raw,frozen,lpft_encoder,REF,COMP,1825,-0.001583,-0.001761,-0.001417,0.001583,0.001761,0.001417,True,0.0,predictor_temporal/predictor_temporal_per_variant.json::tdist
POC-1B,tdist,lower,raw,frozen,peft_dora_encoder,REF,COMP,1825,-0.001985,-0.002166,-0.001815,0.001985,0.002166,0.001815,True,0.0,predictor_temporal/predictor_temporal_per_variant.json::tdist
POC-1B,tdist,lower,raw,frozen,peft_lora_encoder,REF,COMP,1825,-0.001895,-0.002077,-0.001727,0.001895,0.002077,0.001727,True,0.0,predictor_temporal/predictor_temporal_per_variant.json::tdist
POC-1B,tdist,lower,raw,frozen,pretrain_encoder,REF,COMP,1825,-0.000909,-0.00103,-0.00079,0.000909,0.00103,0.00079,True,0.0,predictor_temporal/predictor_temporal_per_variant.json::tdist
POC-1B,tdist,lower,raw,frozen,surgery_raw_encoder,REF,OURS,1825,-0.001873,-0.002013,-0.001743,0.001873,0.002013,0.001743,True,0.0,predictor_temporal/predictor_temporal_per_variant.json::tdist
POC-1B,tdist,lower,raw,frozen,surgical_3stage_DI_diheavy_encoder,REF,OURS,1825,-0.001576,-0.0017,-0.001455,0.001576,0.0017,0.001455,True,0.0,predictor_temporal/predictor_temporal_per_variant.json::tdist
POC-1B,tdist,lower,raw,frozen,surgical_3stage_DI_encoder,REF,OURS,1825,-0.001698,-0.00182,-0.001582,0.001698,0.00182,0.001582,True,0.0,predictor_temporal/predictor_temporal_per_variant.json::tdist
POC-1B,tdist,lower,raw,frozen,surgical_3stage_DI_intervene_encoder,REF,OURS,1825,-0.002037,-0.002169,-0.001909,0.002037,0.002169,0.001909,True,0.0,predictor_temporal/predictor_temporal_per_variant.json::tdist
POC-1B,tdist,lower,raw,frozen,surgical_autorgn_encoder,REF,COMP,1825,-0.001806,-0.001971,-0.001648,0.001806,0.001971,0.001648,True,0.0,predictor_temporal/predictor_temporal_per_variant.json::tdist
POC-1B,tdist,lower,raw,frozen,surgical_intervene_wiseft_f30_encoder,REF,OURS,1825,-0.001484,-0.001574,-0.001396,0.001484,0.001574,0.001396,True,0.0,predictor_temporal/predictor_temporal_per_variant.json::tdist
POC-1B,tdist,lower,raw,frozen,surgical_intervene_wiseft_f50_encoder,REF,OURS,1825,-0.001005,-0.001073,-0.000938,0.001005,0.001073,0.000938,True,0.0,predictor_temporal/predictor_temporal_per_variant.json::tdist
POC-1B,tdist,lower,raw,frozen,surgical_intervene_wiseft_f70_encoder,REF,OURS,1825,-0.000517,-0.000561,-0.000473,0.000517,0.000561,0.000473,True,0.0,predictor_temporal/predictor_temporal_per_variant.json::tdist
POC-1B,teacher_free,lower,raw,frozen,full_ft_encoder,REF,COMP,1825,0.004635,0.004285,0.004997,-0.004635,-0.004285,-0.004997,True,0.0,predictor_temporal/predictor_temporal_per_variant.json::teacher_free
POC-1B,teacher_free,lower,raw,frozen,lpft_encoder,REF,COMP,1825,0.006282,0.005938,0.006641,-0.006282,-0.005938,-0.006641,True,0.0,predictor_temporal/predictor_temporal_per_variant.json::teacher_free
POC-1B,teacher_free,lower,raw,frozen,peft_dora_encoder,REF,COMP,1825,0.008126,0.007746,0.00851,-0.008126,-0.007746,-0.00851,True,0.0,predictor_temporal/predictor_temporal_per_variant.json::teacher_free
POC-1B,teacher_free,lower,raw,frozen,peft_lora_encoder,REF,COMP,1825,0.007906,0.007531,0.00829,-0.007906,-0.007531,-0.00829,True,0.0,predictor_temporal/predictor_temporal_per_variant.json::teacher_free
POC-1B,teacher_free,lower,raw,frozen,pretrain_encoder,REF,COMP,1825,0.00662,0.006296,0.006961,-0.00662,-0.006296,-0.006961,True,0.0,predictor_temporal/predictor_temporal_per_variant.json::teacher_free
POC-1B,teacher_free,lower,raw,frozen,surgery_raw_encoder,REF,OURS,1825,0.008728,0.008381,0.009078,-0.008728,-0.008381,-0.009078,True,0.0,predictor_temporal/predictor_temporal_per_variant.json::teacher_free
POC-1B,teacher_free,lower,raw,frozen,surgical_3stage_DI_diheavy_encoder,REF,OURS,1825,0.0095,0.009173,0.009836,-0.0095,-0.009173,-0.009836,True,0.0,predictor_temporal/predictor_temporal_per_variant.json::teacher_free
POC-1B,teacher_free,lower,raw,frozen,surgical_3stage_DI_encoder,REF,OURS,1825,0.005842,0.005528,0.006166,-0.005842,-0.005528,-0.006166,True,0.0,predictor_temporal/predictor_temporal_per_variant.json::teacher_free
POC-1B,teacher_free,lower,raw,frozen,surgical_3stage_DI_intervene_encoder,REF,OURS,1825,0.006153,0.005809,0.006497,-0.006153,-0.005809,-0.006497,True,0.0,predictor_temporal/predictor_temporal_per_variant.json::teacher_free
POC-1B,teacher_free,lower,raw,frozen,surgical_autorgn_encoder,REF,COMP,1825,0.005132,0.004778,0.005484,-0.005132,-0.004778,-0.005484,True,0.0,predictor_temporal/predictor_temporal_per_variant.json::teacher_free
POC-1B,teacher_free,lower,raw,frozen,surgical_intervene_wiseft_f30_encoder,REF,OURS,1825,0.005479,0.005232,0.005734,-0.005479,-0.005232,-0.005734,True,0.0,predictor_temporal/predictor_temporal_per_variant.json::teacher_free
POC-1B,teacher_free,lower,raw,frozen,surgical_intervene_wiseft_f50_encoder,REF,OURS,1825,0.004077,0.003886,0.004273,-0.004077,-0.003886,-0.004273,True,0.0,predictor_temporal/predictor_temporal_per_variant.json::teacher_free
POC-1B,teacher_free,lower,raw,frozen,surgical_intervene_wiseft_f70_encoder,REF,OURS,1825,0.002869,0.00274,0.003005,-0.002869,-0.00274,-0.003005,True,0.0,predictor_temporal/predictor_temporal_per_variant.json::teacher_free
POC-1B,maskratio,lower,raw,frozen,full_ft_encoder,REF,COMP,1825,0.007872,0.007558,0.008211,-0.007872,-0.007558,-0.008211,True,0.0,predictor_temporal/predictor_temporal_per_variant.json::maskratio
POC-1B,maskratio,lower,raw,frozen,lpft_encoder,REF,COMP,1825,0.008863,0.008569,0.009176,-0.008863,-0.008569,-0.009176,True,0.0,predictor_temporal/predictor_temporal_per_variant.json::maskratio
POC-1B,maskratio,lower,raw,frozen,peft_dora_encoder,REF,COMP,1825,0.012052,0.011759,0.01237,-0.012052,-0.011759,-0.01237,True,0.0,predictor_temporal/predictor_temporal_per_variant.json::maskratio
POC-1B,maskratio,lower,raw,frozen,peft_lora_encoder,REF,COMP,1825,0.010917,0.010624,0.011231,-0.010917,-0.010624,-0.011231,True,0.0,predictor_temporal/predictor_temporal_per_variant.json::maskratio
POC-1B,maskratio,lower,raw,frozen,pretrain_encoder,REF,COMP,1825,0.00651,0.006269,0.006765,-0.00651,-0.006269,-0.006765,True,0.0,predictor_temporal/predictor_temporal_per_variant.json::maskratio
POC-1B,maskratio,lower,raw,frozen,surgery_raw_encoder,REF,OURS,1825,0.012317,0.012047,0.012609,-0.012317,-0.012047,-0.012609,True,0.0,predictor_temporal/predictor_temporal_per_variant.json::maskratio
POC-1B,maskratio,lower,raw,frozen,surgical_3stage_DI_diheavy_encoder,REF,OURS,1825,0.01359,0.013323,0.013892,-0.01359,-0.013323,-0.013892,True,0.0,predictor_temporal/predictor_temporal_per_variant.json::maskratio
POC-1B,maskratio,lower,raw,frozen,surgical_3stage_DI_encoder,REF,OURS,1825,0.011083,0.010844,0.011349,-0.011083,-0.010844,-0.011349,True,0.0,predictor_temporal/predictor_temporal_per_variant.json::maskratio
POC-1B,maskratio,lower,raw,frozen,surgical_3stage_DI_intervene_encoder,REF,OURS,1825,0.004681,0.004428,0.004951,-0.004681,-0.004428,-0.004951,True,0.0,predictor_temporal/predictor_temporal_per_variant.json::maskratio
POC-1B,maskratio,lower,raw,frozen,surgical_autorgn_encoder,REF,COMP,1825,0.00264,0.00238,0.002909,-0.00264,-0.00238,-0.002909,True,0.0,predictor_temporal/predictor_temporal_per_variant.json::maskratio
POC-1B,maskratio,lower,raw,frozen,surgical_intervene_wiseft_f30_encoder,REF,OURS,1825,0.002791,0.002596,0.002994,-0.002791,-0.002596,-0.002994,True,0.0,predictor_temporal/predictor_temporal_per_variant.json::maskratio
POC-1B,maskratio,lower,raw,frozen,surgical_intervene_wiseft_f50_encoder,REF,OURS,1825,0.001924,0.00177,0.002088,-0.001924,-0.00177,-0.002088,True,0.0,predictor_temporal/predictor_temporal_per_variant.json::maskratio
POC-1B,maskratio,lower,raw,frozen,surgical_intervene_wiseft_f70_encoder,REF,OURS,1825,0.00132,0.001208,0.001442,-0.00132,-0.001208,-0.001442,True,0.0,predictor_temporal/predictor_temporal_per_variant.json::maskratio
POC-1B,order,signed,raw,frozen,full_ft_encoder,REF,COMP,1825,-0.002511,-0.003013,-0.002001,,,,,0.0,predictor_temporal/predictor_temporal_per_variant.json::order
POC-1B,order,signed,raw,frozen,lpft_encoder,REF,COMP,1825,-0.002051,-0.002499,-0.00157,,,,,0.0,predictor_temporal/predictor_temporal_per_variant.json::order
POC-1B,order,signed,raw,frozen,peft_dora_encoder,REF,COMP,1825,-0.003256,-0.003706,-0.002773,,,,,0.0,predictor_temporal/predictor_temporal_per_variant.json::order
POC-1B,order,signed,raw,frozen,peft_lora_encoder,REF,COMP,1825,-0.00254,-0.00297,-0.00208,,,,,0.0,predictor_temporal/predictor_temporal_per_variant.json::order
POC-1B,order,signed,raw,frozen,pretrain_encoder,REF,COMP,1825,-0.001729,-0.002103,-0.001338,,,,,0.0,predictor_temporal/predictor_temporal_per_variant.json::order
POC-1B,order,signed,raw,frozen,surgery_raw_encoder,REF,OURS,1825,-0.003691,-0.004055,-0.003311,,,,,0.0,predictor_temporal/predictor_temporal_per_variant.json::order
POC-1B,order,signed,raw,frozen,surgical_3stage_DI_diheavy_encoder,REF,OURS,1825,-0.003488,-0.003855,-0.003101,,,,,0.0,predictor_temporal/predictor_temporal_per_variant.json::order
POC-1B,order,signed,raw,frozen,surgical_3stage_DI_encoder,REF,OURS,1825,-0.002994,-0.003336,-0.002644,,,,,0.0,predictor_temporal/predictor_temporal_per_variant.json::order
POC-1B,order,signed,raw,frozen,surgical_3stage_DI_intervene_encoder,REF,OURS,1825,-0.003857,-0.004231,-0.003481,,,,,0.0,predictor_temporal/predictor_temporal_per_variant.json::order
POC-1B,order,signed,raw,frozen,surgical_autorgn_encoder,REF,COMP,1825,-0.003272,-0.003728,-0.002792,,,,,0.0,predictor_temporal/predictor_temporal_per_variant.json::order
POC-1B,order,signed,raw,frozen,surgical_intervene_wiseft_f30_encoder,REF,OURS,1825,-0.004558,-0.004852,-0.004263,,,,,0.0,predictor_temporal/predictor_temporal_per_variant.json::order
POC-1B,order,signed,raw,frozen,surgical_intervene_wiseft_f50_encoder,REF,OURS,1825,-0.004225,-0.004458,-0.003987,,,,,0.0,predictor_temporal/predictor_temporal_per_variant.json::order
POC-1B,order,signed,raw,frozen,surgical_intervene_wiseft_f70_encoder,REF,OURS,1825,-0.003205,-0.003363,-0.003043,,,,,0.0,predictor_temporal/predictor_temporal_per_variant.json::order
POC-1B,aot,higher,raw,frozen,full_ft_encoder,REF,COMP,1825,0.019726,0.013425,0.026301,0.019726,0.013425,0.026301,True,0.0,encoder_temporal/encoder_temporal_per_variant.json::aot
POC-1B,aot,higher,raw,frozen,lpft_encoder,REF,COMP,1825,0.009041,0.00411,0.014247,0.009041,0.00411,0.014247,True,0.0004,encoder_temporal/encoder_temporal_per_variant.json::aot
POC-1B,aot,higher,raw,frozen,peft_dora_encoder,REF,COMP,1825,0.012329,0.007123,0.017808,0.012329,0.007123,0.017808,True,0.0,encoder_temporal/encoder_temporal_per_variant.json::aot
POC-1B,aot,higher,raw,frozen,peft_lora_encoder,REF,COMP,1825,0.018082,0.012055,0.024384,0.018082,0.012055,0.024384,True,0.0,encoder_temporal/encoder_temporal_per_variant.json::aot
POC-1B,aot,higher,raw,frozen,pretrain_encoder,REF,COMP,1825,0.014795,0.009041,0.020822,0.014795,0.009041,0.020822,True,0.0,encoder_temporal/encoder_temporal_per_variant.json::aot
POC-1B,aot,higher,raw,frozen,surgery_raw_encoder,REF,OURS,1825,0.012055,0.007123,0.017534,0.012055,0.007123,0.017534,True,0.0,encoder_temporal/encoder_temporal_per_variant.json::aot
POC-1B,aot,higher,raw,frozen,surgical_3stage_DI_diheavy_encoder,REF,OURS,1825,0.007945,0.00274,0.013425,0.007945,0.00274,0.013425,True,0.0048,encoder_temporal/encoder_temporal_per_variant.json::aot
POC-1B,aot,higher,raw,frozen,surgical_3stage_DI_encoder,REF,OURS,1825,0.025205,0.018889,0.031781,0.025205,0.018889,0.031781,True,0.0,encoder_temporal/encoder_temporal_per_variant.json::aot
POC-1B,aot,higher,raw,frozen,surgical_3stage_DI_intervene_encoder,REF,OURS,1825,0.012603,0.007123,0.018356,0.012603,0.007123,0.018356,True,0.0,encoder_temporal/encoder_temporal_per_variant.json::aot
POC-1B,aot,higher,raw,frozen,surgical_autorgn_encoder,REF,COMP,1825,0.019178,0.013151,0.025479,0.019178,0.013151,0.025479,True,0.0,encoder_temporal/encoder_temporal_per_variant.json::aot
POC-1B,aot,higher,raw,frozen,surgical_intervene_wiseft_f30_encoder,REF,OURS,1825,0.005753,0.001096,0.010411,0.005753,0.001096,0.010411,True,0.0206,encoder_temporal/encoder_temporal_per_variant.json::aot
POC-1B,aot,higher,raw,frozen,surgical_intervene_wiseft_f50_encoder,REF,OURS,1825,0.00411,0.0,0.008493,0.00411,0.0,0.008493,False,0.0658,encoder_temporal/encoder_temporal_per_variant.json::aot
POC-1B,aot,higher,raw,frozen,surgical_intervene_wiseft_f70_encoder,REF,OURS,1825,0.000548,-0.003014,0.00411,0.000548,-0.003014,0.00411,False,0.8036,encoder_temporal/encoder_temporal_per_variant.json::aot
POC-1B,tov,higher,raw,frozen,full_ft_encoder,REF,COMP,1825,0.010548,0.003973,0.01726,0.010548,0.003973,0.01726,True,0.0022,encoder_temporal/encoder_temporal_per_variant.json::tov
POC-1B,tov,higher,raw,frozen,lpft_encoder,REF,COMP,1825,-0.002329,-0.007397,0.002603,-0.002329,-0.007397,0.002603,False,0.3802,encoder_temporal/encoder_temporal_per_variant.json::tov
POC-1B,tov,higher,raw,frozen,peft_dora_encoder,REF,COMP,1825,-0.003699,-0.009178,0.001918,-0.003699,-0.009178,0.001918,False,0.198,encoder_temporal/encoder_temporal_per_variant.json::tov
POC-1B,tov,higher,raw,frozen,peft_lora_encoder,REF,COMP,1825,0.000822,-0.005068,0.006712,0.000822,-0.005068,0.006712,False,0.8006,encoder_temporal/encoder_temporal_per_variant.json::tov
POC-1B,tov,higher,raw,frozen,pretrain_encoder,REF,COMP,1825,-0.003973,-0.009863,0.002055,-0.003973,-0.009863,0.002055,False,0.1994,encoder_temporal/encoder_temporal_per_variant.json::tov
POC-1B,tov,higher,raw,frozen,surgery_raw_encoder,REF,OURS,1825,0.006164,0.000137,0.012329,0.006164,0.000137,0.012329,True,0.0496,encoder_temporal/encoder_temporal_per_variant.json::tov
POC-1B,tov,higher,raw,frozen,surgical_3stage_DI_diheavy_encoder,REF,OURS,1825,-0.002192,-0.007808,0.003151,-0.002192,-0.007808,0.003151,False,0.452,encoder_temporal/encoder_temporal_per_variant.json::tov
POC-1B,tov,higher,raw,frozen,surgical_3stage_DI_encoder,REF,OURS,1825,-0.000137,-0.006027,0.005616,-0.000137,-0.006027,0.005616,False,0.9928,encoder_temporal/encoder_temporal_per_variant.json::tov
POC-1B,tov,higher,raw,frozen,surgical_3stage_DI_intervene_encoder,REF,OURS,1825,0.001096,-0.004795,0.007123,0.001096,-0.004795,0.007123,False,0.746,encoder_temporal/encoder_temporal_per_variant.json::tov
POC-1B,tov,higher,raw,frozen,surgical_autorgn_encoder,REF,COMP,1825,0.012877,0.006887,0.019178,0.012877,0.006887,0.019178,True,0.0002,encoder_temporal/encoder_temporal_per_variant.json::tov
POC-1B,tov,higher,raw,frozen,surgical_intervene_wiseft_f30_encoder,REF,OURS,1825,-0.001918,-0.006712,0.002877,-0.001918,-0.006712,0.002877,False,0.4536,encoder_temporal/encoder_temporal_per_variant.json::tov
POC-1B,tov,higher,raw,frozen,surgical_intervene_wiseft_f50_encoder,REF,OURS,1825,0.000137,-0.004521,0.004932,0.000137,-0.004521,0.004932,False,0.9828,encoder_temporal/encoder_temporal_per_variant.json::tov
POC-1B,tov,higher,raw,frozen,surgical_intervene_wiseft_f70_encoder,REF,OURS,1825,0.003836,-0.000685,0.008356,0.003836,-0.000685,0.008356,False,0.1024,encoder_temporal/encoder_temporal_per_variant.json::tov
POC-1B,pace,higher,raw,frozen,full_ft_encoder,REF,COMP,1825,0.024292,0.012968,0.035799,0.024292,0.012968,0.035799,True,0.0,encoder_temporal/encoder_temporal_per_variant.json::pace
POC-1B,pace,higher,raw,frozen,lpft_encoder,REF,COMP,1825,0.008219,-0.000913,0.017169,0.008219,-0.000913,0.017169,False,0.0756,encoder_temporal/encoder_temporal_per_variant.json::pace
POC-1B,pace,higher,raw,frozen,peft_dora_encoder,REF,COMP,1825,0.006758,-0.003288,0.016621,0.006758,-0.003288,0.016621,False,0.1854,encoder_temporal/encoder_temporal_per_variant.json::pace
POC-1B,pace,higher,raw,frozen,peft_lora_encoder,REF,COMP,1825,0.003288,-0.00621,0.012785,0.003288,-0.00621,0.012785,False,0.4906,encoder_temporal/encoder_temporal_per_variant.json::pace
POC-1B,pace,higher,raw,frozen,pretrain_encoder,REF,COMP,1825,0.027215,0.016438,0.038356,0.027215,0.016438,0.038356,True,0.0,encoder_temporal/encoder_temporal_per_variant.json::pace
POC-1B,pace,higher,raw,frozen,surgery_raw_encoder,REF,OURS,1825,0.027032,0.016621,0.037808,0.027032,0.016621,0.037808,True,0.0,encoder_temporal/encoder_temporal_per_variant.json::pace
POC-1B,pace,higher,raw,frozen,surgical_3stage_DI_diheavy_encoder,REF,OURS,1825,0.017717,0.008219,0.027397,0.017717,0.008219,0.027397,True,0.0,encoder_temporal/encoder_temporal_per_variant.json::pace
POC-1B,pace,higher,raw,frozen,surgical_3stage_DI_encoder,REF,OURS,1825,0.006575,-0.00274,0.015708,0.006575,-0.00274,0.015708,False,0.1744,encoder_temporal/encoder_temporal_per_variant.json::pace
POC-1B,pace,higher,raw,frozen,surgical_3stage_DI_intervene_encoder,REF,OURS,1825,0.004749,-0.004566,0.014247,0.004749,-0.004566,0.014247,False,0.3376,encoder_temporal/encoder_temporal_per_variant.json::pace
POC-1B,pace,higher,raw,frozen,surgical_autorgn_encoder,REF,COMP,1825,0.009498,-0.000913,0.019726,0.009498,-0.000913,0.019726,False,0.0732,encoder_temporal/encoder_temporal_per_variant.json::pace
POC-1B,pace,higher,raw,frozen,surgical_intervene_wiseft_f30_encoder,REF,OURS,1825,-0.000183,-0.00895,0.008584,-0.000183,-0.00895,0.008584,False,0.9886,encoder_temporal/encoder_temporal_per_variant.json::pace
POC-1B,pace,higher,raw,frozen,surgical_intervene_wiseft_f50_encoder,REF,OURS,1825,-0.002192,-0.010228,0.005479,-0.002192,-0.010228,0.005479,False,0.6072,encoder_temporal/encoder_temporal_per_variant.json::pace
POC-1B,pace,higher,raw,frozen,surgical_intervene_wiseft_f70_encoder,REF,OURS,1825,0.004201,-0.004018,0.012237,0.004201,-0.004018,0.012237,False,0.3096,encoder_temporal/encoder_temporal_per_variant.json::pace
FULL-1B,act,higher,pp,frozen,peft_lora_encoder,REF,COMP,23106,-8.435,-9.0106,-7.8638,-8.435,-9.0106,-7.8638,True,0.0,probe_action/probe_paired_delta.json
FULL-1B,act,higher,pp,frozen,surgical_3stage_DI_diheavy_encoder,REF,OURS,23106,-7.9287,-8.5129,-7.3704,-7.9287,-8.5129,-7.3704,True,0.0,probe_action/probe_paired_delta.json
FULL-1B,mcos,higher,raw,frozen,peft_lora_encoder,REF,COMP,23106,-0.071329,-0.07189,-0.070755,-0.071329,-0.07189,-0.070755,True,0.0,probe_motion_cos/probe_motion_cos_paired.json
FULL-1B,mcos,higher,raw,frozen,surgical_3stage_DI_diheavy_encoder,REF,OURS,23106,-0.090896,-0.091615,-0.090162,-0.090896,-0.091615,-0.090162,True,0.0,probe_motion_cos/probe_motion_cos_paired.json
FULL-1B,fut,lower,raw,frozen,peft_lora_encoder,REF,COMP,23106,0.051438,0.051125,0.051752,-0.051438,-0.051125,-0.051752,True,0.0,probe_future_mse/probe_future_mse_per_variant.json
FULL-1B,fut,lower,raw,frozen,surgical_3stage_DI_diheavy_encoder,REF,OURS,23106,0.067874,0.067637,0.068101,-0.067874,-0.067637,-0.068101,True,0.0,probe_future_mse/probe_future_mse_per_variant.json
FULL-1B,rollout,lower,raw,frozen,peft_lora_encoder,REF,COMP,23106,0.00116,0.001123,0.001199,-0.00116,-0.001123,-0.001199,True,0.0,predictor_temporal/predictor_temporal_per_variant.json::rollout
FULL-1B,rollout,lower,raw,frozen,surgical_3stage_DI_diheavy_encoder,REF,OURS,23106,-0.000234,-0.000266,-0.000202,0.000234,0.000266,0.000202,True,0.0,predictor_temporal/predictor_temporal_per_variant.json::rollout
FULL-1B,causal,lower,raw,frozen,peft_lora_encoder,REF,COMP,23106,0.048513,0.048253,0.04877,-0.048513,-0.048253,-0.04877,True,0.0,predictor_temporal/predictor_temporal_per_variant.json::causal
FULL-1B,causal,lower,raw,frozen,surgical_3stage_DI_diheavy_encoder,REF,OURS,23106,0.058073,0.057915,0.058231,-0.058073,-0.057915,-0.058231,True,0.0,predictor_temporal/predictor_temporal_per_variant.json::causal
FULL-1B,tdist,lower,raw,frozen,peft_lora_encoder,REF,COMP,23106,-0.003303,-0.003359,-0.003247,0.003303,0.003359,0.003247,True,0.0,predictor_temporal/predictor_temporal_per_variant.json::tdist
FULL-1B,tdist,lower,raw,frozen,surgical_3stage_DI_diheavy_encoder,REF,OURS,23106,-0.002363,-0.002405,-0.002323,0.002363,0.002405,0.002323,True,0.0,predictor_temporal/predictor_temporal_per_variant.json::tdist
FULL-1B,teacher_free,lower,raw,frozen,peft_lora_encoder,REF,COMP,23106,0.008919,0.008793,0.009047,-0.008919,-0.008793,-0.009047,True,0.0,predictor_temporal/predictor_temporal_per_variant.json::teacher_free
FULL-1B,teacher_free,lower,raw,frozen,surgical_3stage_DI_diheavy_encoder,REF,OURS,23106,0.005795,0.005674,0.005916,-0.005795,-0.005674,-0.005916,True,0.0,predictor_temporal/predictor_temporal_per_variant.json::teacher_free
FULL-1B,maskratio,lower,raw,frozen,peft_lora_encoder,REF,COMP,23106,0.007633,0.007515,0.007752,-0.007633,-0.007515,-0.007752,True,0.0,predictor_temporal/predictor_temporal_per_variant.json::maskratio
FULL-1B,maskratio,lower,raw,frozen,surgical_3stage_DI_diheavy_encoder,REF,OURS,23106,0.017901,0.017799,0.018001,-0.017901,-0.017799,-0.018001,True,0.0,predictor_temporal/predictor_temporal_per_variant.json::maskratio
FULL-1B,order,signed,raw,frozen,peft_lora_encoder,REF,COMP,23106,0.00866,0.008476,0.008845,,,,,0.0,predictor_temporal/predictor_temporal_per_variant.json::order
FULL-1B,order,signed,raw,frozen,surgical_3stage_DI_diheavy_encoder,REF,OURS,23106,0.001622,0.00148,0.001759,,,,,0.0,predictor_temporal/predictor_temporal_per_variant.json::order
FULL-1B,aot,higher,raw,frozen,peft_lora_encoder,REF,COMP,23106,0.028196,0.026335,0.030122,0.028196,0.026335,0.030122,True,0.0,encoder_temporal/encoder_temporal_per_variant.json::aot
FULL-1B,aot,higher,raw,frozen,surgical_3stage_DI_diheavy_encoder,REF,OURS,23106,0.019973,0.018199,0.021748,0.019973,0.018199,0.021748,True,0.0,encoder_temporal/encoder_temporal_per_variant.json::aot
FULL-1B,tov,higher,raw,frozen,peft_lora_encoder,REF,COMP,23106,0.016576,0.014531,0.01873,0.016576,0.014531,0.01873,True,0.0,encoder_temporal/encoder_temporal_per_variant.json::tov
FULL-1B,tov,higher,raw,frozen,surgical_3stage_DI_diheavy_encoder,REF,OURS,23106,-0.002651,-0.004588,-0.000725,-0.002651,-0.004588,-0.000725,True,0.0102,encoder_temporal/encoder_temporal_per_variant.json::tov
FULL-1B,pace,higher,raw,frozen,peft_lora_encoder,REF,COMP,23106,-0.039441,-0.043048,-0.035806,-0.039441,-0.043048,-0.035806,True,0.0,encoder_temporal/encoder_temporal_per_variant.json::pace
FULL-1B,pace,higher,raw,frozen,surgical_3stage_DI_diheavy_encoder,REF,OURS,23106,-0.039167,-0.042644,-0.035719,-0.039167,-0.042644,-0.035719,True,0.0,encoder_temporal/encoder_temporal_per_variant.json::pace
