step,epoch,loss_jepa,loss_drift,loss_total,lr,grad_norm,throughput,val_loss
0,0,0.463383,0.000000,0.894244,3.08e-07,28.6612,0.04,
1,0,0.458141,0.000000,0.987691,6.15e-07,28.5767,0.04,
2,0,0.452734,0.000000,0.930515,9.23e-07,33.4513,0.05,
3,0,0.451575,0.000000,0.914936,1.23e-06,28.3799,0.05,
4,0,0.452329,0.000000,0.911873,1.54e-06,25.7565,0.05,
5,0,0.456305,0.000000,0.920156,1.85e-06,26.5446,0.05,
6,0,0.448024,0.000000,0.870907,2.15e-06,25.8162,0.05,
7,0,0.453904,0.000000,1.035930,2.46e-06,24.1250,0.05,
8,0,0.454266,0.000000,0.926639,2.77e-06,8.1364,0.05,
9,0,0.455022,0.000000,0.908001,3.08e-06,11.7538,0.05,
10,0,0.446186,0.000000,0.860468,3.38e-06,17.8021,0.05,
11,0,0.458624,0.000000,0.857282,3.69e-06,8.7954,0.05,
12,0,0.447526,0.000000,0.833482,4.00e-06,6.7518,0.05,
13,0,0.458270,0.000000,0.837676,4.31e-06,6.6186,0.05,
14,0,0.458233,0.000000,0.835601,4.62e-06,6.7319,0.06,
15,0,0.446026,0.000000,0.818510,4.92e-06,6.7427,0.05,
16,0,0.453107,0.000000,0.857439,5.23e-06,12.1821,0.05,
17,0,0.452174,0.000000,0.808992,5.54e-06,4.8762,0.05,
18,0,0.436907,0.000000,0.780589,5.85e-06,3.3391,0.05,
19,0,0.453505,0.000000,0.824021,6.15e-06,2.3146,0.05,
20,0,0.443243,0.000000,0.822975,6.46e-06,1.7748,0.05,
21,0,0.441432,0.000000,0.912110,6.77e-06,2.0661,0.05,
22,0,0.433176,0.000000,0.872350,7.08e-06,1.2595,0.05,
23,0,0.430475,0.000000,0.782955,7.38e-06,1.4296,0.05,
24,0,0.442345,0.000000,0.798841,7.69e-06,2.6979,0.05,
25,0,0.445936,0.000000,0.790342,8.00e-06,2.9118,0.05,
26,0,0.445131,0.000000,0.797565,8.31e-06,2.8587,0.05,
27,0,0.438919,0.000000,0.775712,8.62e-06,0.9873,0.05,
28,0,0.446385,0.000000,0.749419,8.92e-06,3.4731,0.05,
29,0,0.444351,0.000000,0.764236,9.23e-06,0.8228,0.06,
30,0,0.437649,0.000000,0.788447,9.54e-06,0.9660,0.05,
31,0,0.433032,0.000000,0.759278,9.85e-06,0.5178,0.05,
32,0,0.432964,0.000000,0.718383,1.02e-05,0.4671,0.05,
33,0,0.437458,0.000000,0.719034,1.05e-05,0.6545,0.05,
34,0,0.441414,0.000000,0.743060,1.08e-05,1.7226,0.05,
35,0,0.435545,0.000000,0.668408,1.11e-05,1.4080,0.05,
36,0,0.437286,0.000000,0.734656,1.14e-05,0.4973,0.05,
37,0,0.437481,0.000000,0.747099,1.17e-05,0.4225,0.05,
38,0,0.431152,0.000000,0.690135,1.20e-05,0.5549,0.05,
39,0,0.430993,0.000000,0.704055,1.23e-05,1.4190,0.05,
40,0,0.425894,0.000000,0.753276,1.26e-05,0.6369,0.06,
41,0,0.437248,0.000000,0.792854,1.29e-05,1.4017,0.05,
42,0,0.417143,0.000000,0.909503,1.32e-05,0.7671,0.05,
43,0,0.433348,0.000000,0.802017,1.35e-05,0.4653,0.05,
44,0,0.428827,0.000000,0.774002,1.38e-05,0.3930,0.06,
45,0,0.417763,0.000000,0.701763,1.42e-05,1.1168,0.05,
46,0,0.417283,0.000000,0.808614,1.45e-05,0.6455,0.05,
47,0,0.428424,0.000000,0.812353,1.48e-05,0.3976,0.05,
48,0,0.412062,0.000000,0.808814,1.51e-05,0.4303,0.05,
49,0,0.429941,0.000000,0.757579,1.54e-05,0.5184,0.06,
50,0,0.422903,0.000000,0.742944,1.57e-05,0.5656,0.05,
51,0,0.419942,0.000000,0.673067,1.60e-05,0.5934,0.05,
52,0,0.426935,0.000000,0.656774,1.63e-05,1.6983,0.05,
53,0,0.427172,0.000000,0.687539,1.66e-05,0.3341,0.05,
54,0,0.426647,0.000000,0.728545,1.69e-05,0.4878,0.05,
55,0,0.425559,0.000000,0.789860,1.72e-05,1.4135,0.05,
56,0,0.418675,0.000000,0.775717,1.75e-05,0.3856,0.05,
57,0,0.427339,0.000000,0.711709,1.78e-05,0.4925,0.05,
58,0,0.427349,0.000000,0.765128,1.82e-05,0.8413,0.06,
59,0,0.425274,0.000000,0.755998,1.85e-05,0.4233,0.05,
60,0,0.420753,0.000000,0.750748,1.88e-05,0.3641,0.05,
61,0,0.428600,0.000000,0.702992,1.91e-05,0.3767,0.05,
62,0,0.422778,0.000000,0.759011,1.94e-05,0.3281,0.05,
63,0,0.428470,0.000000,0.768807,1.97e-05,0.4467,0.05,
64,0,0.430491,0.000000,0.732322,2.00e-05,0.3962,0.05,
65,0,0.441943,0.000000,0.717935,2.03e-05,0.4495,0.05,
66,0,0.425058,0.000000,0.715798,2.06e-05,0.2618,0.05,
67,0,0.433763,0.000000,0.794759,2.09e-05,0.3024,0.05,
68,0,0.421300,0.000000,0.739919,2.12e-05,0.4781,0.05,
69,0,0.423910,0.000000,0.707928,2.15e-05,0.4619,0.05,
70,0,0.429765,0.000000,0.732811,2.18e-05,0.3144,0.05,
71,0,0.432822,0.000000,0.735301,2.22e-05,0.2810,0.05,
72,0,0.416499,0.000000,0.681787,2.25e-05,0.6898,0.05,
73,0,0.422267,0.000000,0.746088,2.28e-05,0.3539,0.05,
74,0,0.426896,0.000000,0.745130,2.31e-05,0.2975,0.06,
75,0,0.427153,0.000000,0.714088,2.34e-05,0.2821,0.05,
76,0,0.417053,0.000000,0.716876,2.37e-05,0.9384,0.05,
77,0,0.420592,0.000000,0.748124,2.40e-05,0.3584,0.05,
78,0,0.412144,0.000000,0.727520,2.43e-05,0.8302,0.05,
79,0,0.412696,0.000000,0.797717,2.46e-05,0.5031,0.05,
80,0,0.429271,0.000000,0.765590,2.49e-05,1.0586,0.05,
81,0,0.421399,0.000000,0.746450,2.52e-05,0.3845,0.05,
82,0,0.424785,0.000000,0.765332,2.55e-05,2.6507,0.05,
83,0,0.431633,0.000000,0.787959,2.58e-05,0.9033,0.05,
84,0,0.433928,0.000000,0.710336,2.62e-05,0.4755,0.05,
85,0,0.424905,0.000000,0.718576,2.65e-05,2.1492,0.05,
86,0,0.437301,0.000000,0.717393,2.68e-05,0.4235,0.05,
87,0,0.430552,0.000000,0.737072,2.71e-05,0.4473,0.05,
88,0,0.429241,0.000000,0.717917,2.74e-05,0.3198,0.05,
89,0,0.411579,0.000000,0.763083,2.77e-05,0.3900,0.05,
90,0,0.413371,0.000000,0.742884,2.80e-05,0.2848,0.05,
91,0,0.418902,0.000000,0.848429,2.83e-05,0.4883,0.05,
92,0,0.421761,0.000000,0.744339,2.86e-05,0.2706,0.05,
93,0,0.413006,0.000000,0.690866,2.89e-05,0.4640,0.05,
94,0,0.411207,0.000000,0.746631,2.92e-05,0.5338,0.06,
95,0,0.415680,0.000000,0.692988,2.95e-05,0.3643,0.06,
96,0,0.424179,0.000000,0.715834,2.98e-05,0.5679,0.05,
97,0,0.419588,0.000000,0.692942,3.02e-05,0.5912,0.05,
98,0,0.413051,0.000000,0.681249,3.05e-05,0.4256,0.05,
99,0,0.416990,0.000000,0.740210,3.08e-05,0.7853,0.05,
100,0,0.418886,0.000000,0.671226,3.11e-05,0.4681,0.05,
101,0,0.419127,0.000000,0.704330,3.14e-05,0.8990,0.05,
102,0,0.424813,0.000000,0.703077,3.17e-05,0.4416,0.05,
103,0,0.414508,0.000000,0.641905,3.20e-05,0.4537,0.05,
104,0,0.422744,0.000000,0.863161,3.23e-05,0.3679,0.05,
105,0,0.417688,0.000000,0.684183,3.26e-05,0.2334,0.05,
106,0,0.414895,0.000000,0.814428,3.29e-05,0.4291,0.05,
107,0,0.409711,0.000000,0.656695,3.32e-05,0.6345,0.05,
108,0,0.416285,0.000000,0.670231,3.35e-05,0.3920,0.05,
109,0,0.423000,0.000000,0.851425,3.38e-05,0.3188,0.06,
110,0,0.419832,0.000000,0.673967,3.42e-05,0.2827,0.05,
111,0,0.417815,0.000000,0.664437,3.45e-05,0.3512,0.05,
112,0,0.426733,0.000000,0.715673,3.48e-05,0.3400,0.05,
113,0,0.428047,0.000000,0.711106,3.51e-05,0.3551,0.05,
114,0,0.422340,0.000000,0.706973,3.54e-05,0.3115,0.06,
115,0,0.422423,0.000000,0.708114,3.57e-05,0.2561,0.06,
116,0,0.429169,0.000000,0.720244,3.60e-05,0.3353,0.05,
117,0,0.429694,0.000000,0.639318,3.63e-05,0.4156,0.06,
118,0,0.417189,0.000000,0.670678,3.66e-05,0.3292,0.05,
119,0,0.420957,0.000000,0.680962,3.69e-05,0.3550,0.05,
120,0,0.418672,0.000000,0.657275,3.72e-05,0.2928,0.05,
121,0,0.425625,0.000000,0.678902,3.75e-05,0.3446,0.05,
122,0,0.423276,0.000000,0.686550,3.78e-05,0.2847,0.05,
123,0,0.424193,0.000000,0.655765,3.82e-05,0.3584,0.06,
124,0,0.430180,0.000000,0.673832,3.85e-05,0.3559,0.05,
125,0,0.430117,0.000000,0.665952,3.88e-05,0.5393,0.05,
126,0,0.433816,0.000000,0.681604,3.91e-05,0.2491,0.06,
127,0,0.427567,0.000000,0.655312,3.94e-05,0.2148,0.06,
128,0,0.420353,0.000000,0.664854,3.97e-05,0.2404,0.06,
129,0,0.420501,0.000000,0.663800,4.00e-05,0.2715,0.05,
130,0,0.426062,0.000000,0.689089,4.03e-05,0.3097,0.06,
131,0,0.437035,0.000000,0.720653,4.06e-05,0.2351,0.05,
132,0,0.431008,0.000000,0.699341,4.09e-05,0.2528,0.05,
133,0,0.425129,0.000000,0.689632,4.12e-05,0.2276,0.05,
134,0,0.425076,0.000000,0.681174,4.15e-05,1.1960,0.05,
135,0,0.427875,0.000000,0.650568,4.18e-05,0.2411,0.05,
136,0,0.436004,0.000000,0.683159,4.22e-05,0.2742,0.06,
137,0,0.425732,0.000000,0.671453,4.25e-05,0.3180,0.06,
138,0,0.421305,0.000000,0.636000,4.28e-05,0.2065,0.05,
139,0,0.424815,0.000000,0.651143,4.31e-05,0.3074,0.05,
140,0,0.435932,0.000000,0.697262,4.34e-05,0.2572,0.06,
141,0,0.433796,0.000000,0.654093,4.37e-05,0.2834,0.06,
142,0,0.432707,0.000000,0.702956,4.40e-05,0.2374,0.05,
143,0,0.433171,0.000000,0.660339,4.43e-05,0.3119,0.05,
144,0,0.425835,0.000000,0.617148,4.46e-05,0.3127,0.05,
145,0,0.430158,0.000000,0.674774,4.49e-05,0.3979,0.05,
146,0,0.425640,0.000000,0.648021,4.52e-05,0.2553,0.05,
147,0,0.438954,0.000000,0.695153,4.55e-05,0.5667,0.05,
148,0,0.439185,0.000000,0.664339,4.58e-05,0.3061,0.06,
149,0,0.427303,0.000000,0.664979,4.62e-05,0.4464,0.05,
150,0,0.440234,0.000000,0.670320,4.65e-05,0.3061,0.05,
151,0,0.433627,0.000000,0.671715,4.68e-05,0.5412,0.05,
152,0,0.423194,0.000000,0.672412,4.71e-05,0.3875,0.05,
153,0,0.429196,0.000000,0.697630,4.74e-05,0.2776,0.05,
154,0,0.436262,0.000000,0.638081,4.77e-05,1.5801,0.05,
155,0,0.439000,0.000000,0.689350,4.80e-05,0.3382,0.05,
156,0,0.432874,0.000000,0.685695,4.83e-05,0.2782,0.05,
157,0,0.420762,0.000000,0.670991,4.86e-05,0.3730,0.05,
158,0,0.427691,0.000000,0.622092,4.89e-05,0.2226,0.05,
159,0,0.429908,0.000000,0.659632,4.92e-05,0.1697,0.05,
160,0,0.444459,0.000000,0.626187,4.95e-05,0.2186,0.06,
161,0,0.431401,0.000000,0.707520,4.98e-05,0.2074,0.05,
162,0,0.427232,0.000000,0.638135,5.02e-05,0.2795,0.05,
163,0,0.427871,0.000000,0.667081,5.05e-05,0.2047,0.05,
164,0,0.429900,0.000000,0.701690,5.08e-05,0.3415,0.06,
165,0,0.426001,0.000000,0.649273,5.11e-05,0.4370,0.06,
166,0,0.427481,0.000000,0.697143,5.14e-05,0.8216,0.05,
167,0,0.435203,0.000000,0.707078,5.17e-05,0.4028,0.05,
168,0,0.420675,0.000000,0.692969,5.20e-05,0.3028,0.05,
169,0,0.432729,0.000000,0.662776,5.23e-05,0.2355,0.05,
170,0,0.430179,0.000000,0.629360,5.26e-05,0.4515,0.05,
171,0,0.442191,0.000000,0.679320,5.29e-05,0.3741,0.05,
172,0,0.439855,0.000000,0.646023,5.32e-05,0.2156,0.06,
173,0,0.438214,0.000000,0.648980,5.35e-05,0.2699,0.05,
174,0,0.434655,0.000000,0.656925,5.38e-05,0.3644,0.05,
175,0,0.440979,0.000000,0.654378,5.42e-05,0.2835,0.05,
176,0,0.430853,0.000000,0.658156,5.45e-05,0.2176,0.05,
177,0,0.440146,0.000000,0.661995,5.48e-05,0.3318,0.05,
178,0,0.432984,0.000000,0.660842,5.51e-05,0.2292,0.05,
179,0,0.431897,0.000000,0.676971,5.54e-05,0.2713,0.05,
180,0,0.434130,0.000000,0.625755,5.57e-05,0.1879,0.05,
181,0,0.441520,0.000000,0.664047,5.60e-05,0.2345,0.05,
182,0,0.434106,0.000000,0.635380,5.63e-05,0.2717,0.05,
183,0,0.430016,0.000000,0.617005,5.66e-05,0.1889,0.05,
184,0,0.433334,0.000000,0.712965,5.69e-05,0.3739,0.03,
185,0,0.441923,0.000000,0.709862,5.72e-05,0.3523,0.05,
186,0,0.443229,0.000000,0.702472,5.75e-05,0.3122,0.06,
187,0,0.442279,0.000000,0.679027,5.78e-05,0.2658,0.06,
188,0,0.436980,0.000000,0.684186,5.82e-05,0.5536,0.06,
189,0,0.421132,0.000000,0.707077,5.85e-05,0.2838,0.05,
190,0,0.426475,0.000000,0.735417,5.88e-05,0.1965,0.05,
191,0,0.430166,0.000000,0.686824,5.91e-05,0.2741,0.05,
192,0,0.441330,0.000000,0.680902,5.94e-05,0.1773,0.05,
193,0,0.428530,0.000000,0.705803,5.97e-05,0.2373,0.05,
194,0,0.428670,0.000000,0.684524,6.00e-05,0.2653,0.05,
195,0,0.429091,0.000000,0.663780,6.03e-05,0.1564,0.05,
196,0,0.435332,0.000000,0.676244,6.06e-05,0.1997,0.05,
197,0,0.438176,0.000000,0.674656,6.09e-05,0.1738,0.05,
198,0,0.433893,0.000000,0.684260,6.12e-05,0.2968,0.05,
199,0,0.428361,0.000000,0.674671,6.15e-05,0.2631,0.05,
200,0,0.437955,0.000000,0.723699,6.18e-05,0.2835,0.05,
201,0,0.430826,0.000000,0.660389,6.22e-05,0.2478,0.05,
202,0,0.426932,0.000000,0.658427,6.25e-05,0.2041,0.05,
203,0,0.430994,0.000000,0.665542,6.28e-05,0.3918,0.05,
204,0,0.430251,0.000000,0.749014,6.31e-05,0.2961,0.05,
205,0,0.424297,0.000000,0.683745,6.34e-05,0.4706,0.05,
206,0,0.432578,0.000000,0.713614,6.37e-05,0.2395,0.05,
207,0,0.429923,0.000000,0.715086,6.40e-05,0.2479,0.05,
208,0,0.433918,0.000000,0.691533,6.43e-05,0.1617,0.06,
209,0,0.424344,0.000000,0.666137,6.46e-05,0.3221,0.05,
210,0,0.419428,0.000000,0.639857,6.49e-05,0.2054,0.05,
211,0,0.424830,0.000000,0.632104,6.52e-05,0.3316,0.05,
212,0,0.430690,0.000000,0.661436,6.55e-05,0.2318,0.05,
213,0,0.423429,0.000000,0.645165,6.58e-05,0.1436,0.05,
214,0,0.428783,0.000000,0.638658,6.62e-05,0.2442,0.05,
215,0,0.419422,0.000000,0.678165,6.65e-05,0.2731,0.05,
216,0,0.427118,0.000000,0.692583,6.68e-05,0.3347,0.05,
217,0,0.430000,0.000000,0.683110,6.71e-05,0.2580,0.05,
218,0,0.427951,0.000000,0.654400,6.74e-05,0.2123,0.05,
219,0,0.441631,0.000000,0.650496,6.77e-05,0.2030,0.05,
220,0,0.435133,0.000000,0.651917,6.80e-05,0.1688,0.05,
221,0,0.438691,0.000000,0.651620,6.83e-05,0.2645,0.05,
222,0,0.434519,0.000000,0.661047,6.86e-05,0.3318,0.05,
223,0,0.442525,0.000000,0.642987,6.89e-05,0.1693,0.06,
224,0,0.445093,0.000000,0.656320,6.92e-05,0.2214,0.05,
225,0,0.436169,0.000000,0.640748,6.95e-05,0.1858,0.05,
226,0,0.437284,0.000000,0.630196,6.98e-05,0.2849,0.05,
227,0,0.436800,0.000000,0.642534,7.02e-05,0.2592,0.05,
228,0,0.433357,0.000000,0.669343,7.05e-05,0.2596,0.05,
229,0,0.438272,0.000000,0.670252,7.08e-05,0.3430,0.06,
230,0,0.442645,0.000000,0.652206,7.11e-05,0.2377,0.06,
231,0,0.435543,0.000000,0.697360,7.14e-05,0.3010,0.05,
232,0,0.430851,0.000000,0.908211,7.17e-05,0.3449,0.05,
233,0,0.437095,0.000000,0.694850,7.20e-05,0.4635,0.05,
234,0,0.430856,0.000000,0.682271,7.23e-05,0.3009,0.05,
235,0,0.432394,0.000000,0.707590,7.26e-05,0.2659,0.05,
236,0,0.442236,0.000000,0.629025,7.29e-05,0.2346,0.05,
237,0,0.440058,0.000000,0.664465,7.32e-05,0.2536,0.05,
238,0,0.437626,0.000000,0.649723,7.35e-05,0.2053,0.05,
239,0,0.433112,0.000000,0.624866,7.38e-05,0.2354,0.06,
240,0,0.438231,0.000000,0.637541,7.42e-05,0.2630,0.06,
241,0,0.447868,0.000000,0.626141,7.45e-05,0.2394,0.06,
242,0,0.438595,0.000000,0.686642,7.48e-05,0.2308,0.05,
243,0,0.434720,0.000000,0.629013,7.51e-05,0.1844,0.06,
244,0,0.438711,0.000000,0.639205,7.54e-05,0.1968,0.06,
245,0,0.440096,0.000000,0.624363,7.57e-05,0.1944,0.05,
246,0,0.440738,0.000000,0.678361,7.60e-05,0.2261,0.05,
247,0,0.440028,0.000000,0.641058,7.63e-05,0.2527,0.06,
248,0,0.437531,0.000000,0.621378,7.66e-05,0.1710,0.06,
249,0,0.430247,0.000000,0.679330,7.69e-05,0.2915,0.05,
250,0,0.445382,0.000000,0.648100,7.72e-05,0.3681,0.05,
251,0,0.427618,0.000000,0.654501,7.75e-05,0.2077,0.05,
252,0,0.441109,0.000000,0.676544,7.78e-05,0.1713,0.06,
253,0,0.432280,0.000000,0.667846,7.82e-05,0.4135,0.05,
254,0,0.443171,0.000000,0.633960,7.85e-05,0.2209,0.05,
255,0,0.436061,0.000000,0.618301,7.88e-05,0.1763,0.05,
256,0,0.436206,0.000000,0.647080,7.91e-05,0.4545,0.05,
257,0,0.439357,0.000000,0.679941,7.94e-05,0.3645,0.06,
258,0,0.430908,0.000000,0.650088,7.97e-05,0.3848,0.05,
259,0,0.439476,0.000000,0.663802,8.00e-05,0.4431,0.05,
260,0,0.436296,0.000000,0.644086,8.03e-05,0.2666,0.05,
261,0,0.433203,0.000000,0.637622,8.06e-05,0.2097,0.05,
262,0,0.429194,0.000000,0.653665,8.09e-05,0.2119,0.05,
263,0,0.440361,0.000000,0.676540,8.12e-05,0.1902,0.05,
264,0,0.438331,0.000000,0.681719,8.15e-05,0.1974,0.05,
265,0,0.434291,0.000000,0.703453,8.18e-05,0.2119,0.06,
266,0,0.431070,0.000000,0.708513,8.22e-05,0.2346,0.05,
267,0,0.429486,0.000000,0.665696,8.25e-05,0.1552,0.05,
268,0,0.437083,0.000000,0.661259,8.28e-05,0.2041,0.06,
269,0,0.445938,0.000000,0.732006,8.31e-05,0.3125,0.06,
270,0,0.441762,0.000000,0.743633,8.34e-05,0.2422,0.06,
271,0,0.441895,0.000000,0.741267,8.37e-05,0.2725,0.06,
272,0,0.434474,0.000000,0.702240,8.40e-05,0.1751,0.06,
273,0,0.432679,0.000000,0.685458,8.43e-05,0.2517,0.06,
274,0,0.435620,0.000000,0.696526,8.46e-05,0.2069,0.06,
275,0,0.428650,0.000000,0.682180,8.49e-05,0.2731,0.05,
276,0,0.432479,0.000000,0.692057,8.52e-05,0.2661,0.06,
277,0,0.430205,0.000000,0.649647,8.55e-05,0.2915,0.05,
278,0,0.424189,0.000000,0.667120,8.58e-05,0.2646,0.05,
279,0,0.434619,0.000000,0.711725,8.62e-05,0.3793,0.05,
280,0,0.442105,0.000000,0.749557,8.65e-05,0.3014,0.05,
281,0,0.426875,0.000000,0.640538,8.68e-05,0.2818,0.06,
282,0,0.422640,0.000000,0.635096,8.71e-05,0.3048,0.05,
283,0,0.441042,0.000000,0.693123,8.74e-05,0.2915,0.06,
284,0,0.433885,0.000000,0.647848,8.77e-05,0.2906,0.06,
285,0,0.425169,0.000000,0.620227,8.80e-05,0.2573,0.05,
286,0,0.432102,0.000000,0.674216,8.83e-05,0.2754,0.05,
287,0,0.437005,0.000000,0.667961,8.86e-05,0.2176,0.05,
288,0,0.441113,0.000000,0.625828,8.89e-05,0.2086,0.05,
289,0,0.432932,0.000000,0.654898,8.92e-05,0.2954,0.05,
290,0,0.425866,0.000000,0.674203,8.95e-05,0.2832,0.05,
291,0,0.429790,0.000000,0.631529,8.98e-05,0.3610,0.05,
292,0,0.429831,0.000000,0.612518,9.02e-05,0.2272,0.05,
293,0,0.436556,0.000000,0.653559,9.05e-05,0.1810,0.05,
294,0,0.441733,0.000000,0.668927,9.08e-05,0.1708,0.05,
295,0,0.436809,0.000000,0.683263,9.11e-05,0.2113,0.06,
296,0,0.421764,0.000000,0.676837,9.14e-05,0.3695,0.05,
297,0,0.429334,0.000000,0.778763,9.17e-05,0.2878,0.06,
298,0,0.430741,0.000000,0.697950,9.20e-05,0.2515,0.05,
299,0,0.427452,0.000000,0.675273,9.23e-05,0.5471,0.05,
300,0,0.431685,0.000000,0.708862,9.26e-05,0.3340,0.05,
300,0,,,,,,,0.422497
301,0,0.428233,0.000000,0.666454,9.29e-05,1.3635,0.00,
302,0,0.429907,0.000000,0.707190,9.32e-05,0.2547,0.05,
303,0,0.430656,0.000000,0.677379,9.35e-05,0.2090,0.05,
304,0,0.427994,0.000000,0.637757,9.38e-05,0.1535,0.05,
305,0,0.431459,0.000000,0.706977,9.42e-05,0.3913,0.05,
306,0,0.441590,0.000000,0.699614,9.45e-05,0.1785,0.05,
307,0,0.433048,0.000000,0.673827,9.48e-05,0.1422,0.05,
308,0,0.438984,0.000000,0.664054,9.51e-05,0.2542,0.05,
309,0,0.428452,0.000000,0.651465,9.54e-05,0.4703,0.05,
310,0,0.440307,0.000000,0.676209,9.57e-05,0.1557,0.05,
311,0,0.429446,0.000000,0.776856,9.60e-05,0.2385,0.05,
312,0,0.439718,0.000000,0.696009,9.63e-05,0.1598,0.06,
313,0,0.427218,0.000000,0.648295,9.66e-05,0.2873,0.05,
314,0,0.422731,0.000000,0.644154,9.69e-05,0.2148,0.05,
315,0,0.438238,0.000000,0.687762,9.72e-05,0.1488,0.05,
316,0,0.428148,0.000000,0.676293,9.75e-05,0.1651,0.05,
317,0,0.429712,0.000000,0.666538,9.78e-05,0.1752,0.05,
318,0,0.428412,0.000000,0.689919,9.82e-05,0.1995,0.05,
319,0,0.438025,0.000000,0.683966,9.85e-05,0.2631,0.05,
320,0,0.436291,0.000000,0.636560,9.88e-05,0.2421,0.05,
321,0,0.433709,0.000000,0.640578,9.91e-05,0.1344,0.05,
322,0,0.428544,0.000000,0.628101,9.94e-05,0.1872,0.05,
323,0,0.433631,0.000000,0.607729,9.97e-05,1.4414,0.05,
324,0,0.441148,0.000000,0.666054,1.00e-04,0.3365,0.05,
325,0,0.446825,0.000000,0.641353,1.00e-04,0.1990,0.05,
326,0,0.435632,0.000000,0.642659,1.00e-04,0.2951,0.05,
327,0,0.432727,0.000000,0.619686,1.00e-04,0.2308,0.05,
328,0,0.435924,0.000000,0.650877,1.00e-04,0.1703,0.05,
329,0,0.437822,0.000000,0.678331,1.00e-04,0.3546,0.05,
330,0,0.447557,0.000000,0.638164,1.00e-04,0.2347,0.06,
331,0,0.440220,0.000000,0.644257,1.00e-04,0.2235,0.06,
332,0,0.427656,0.000000,0.644565,1.00e-04,0.1900,0.05,
333,0,0.429105,0.000000,0.652921,1.00e-04,4.2317,0.05,
334,0,0.426765,0.000000,0.620768,1.00e-04,0.2722,0.05,
335,0,0.442061,0.000000,0.657337,1.00e-04,0.5040,0.05,
336,0,0.442181,0.000000,0.631609,1.00e-04,1.1832,0.05,
337,0,0.441036,0.000000,0.663641,1.00e-04,0.5061,0.05,
338,0,0.430453,0.000000,0.619941,1.00e-04,0.2101,0.05,
339,0,0.428851,0.000000,0.624210,1.00e-04,0.2230,0.05,
340,0,0.433370,0.000000,0.671009,1.00e-04,0.3996,0.05,
341,0,0.435127,0.000000,0.688186,1.00e-04,0.2016,0.05,
342,0,0.442425,0.000000,0.706874,1.00e-04,0.1505,0.05,
343,0,0.443773,0.000000,0.627935,1.00e-04,0.1632,0.05,
344,0,0.436496,0.000000,0.656716,1.00e-04,0.1467,0.06,
345,0,0.433086,0.000000,0.644094,1.00e-04,0.1974,0.05,
346,0,0.441817,0.000000,0.642846,1.00e-04,0.1681,0.05,
347,0,0.429492,0.000000,0.610092,1.00e-04,0.1915,0.05,
348,0,0.441055,0.000000,0.642354,1.00e-04,0.1745,0.05,
349,0,0.437868,0.000000,0.641456,1.00e-04,0.2864,0.05,
350,0,0.437938,0.000000,0.651625,1.00e-04,0.3237,0.05,
351,0,0.430922,0.000000,0.660769,1.00e-04,0.1518,0.05,
352,0,0.445323,0.000000,0.698928,1.00e-04,0.2597,0.06,
353,0,0.433760,0.000000,0.681492,1.00e-04,0.2000,0.05,
354,0,0.440601,0.000000,0.684471,1.00e-04,0.2029,0.06,
355,0,0.427991,0.000000,0.663212,1.00e-04,0.2215,0.05,
356,0,0.435041,0.000000,0.653532,1.00e-04,0.2138,0.05,
357,0,0.437560,0.000000,0.640953,1.00e-04,0.2178,0.05,
358,0,0.432231,0.000000,0.656522,9.99e-05,0.5341,0.05,
359,0,0.436529,0.000000,0.654946,9.99e-05,0.2428,0.05,
360,0,0.437569,0.000000,0.601529,9.99e-05,0.1392,0.05,
361,0,0.436949,0.000000,0.670575,9.99e-05,0.2307,0.05,
362,0,0.433510,0.000000,0.596434,9.99e-05,0.2535,0.06,
363,0,0.441371,0.000000,0.649856,9.99e-05,0.1433,0.05,
364,0,0.433252,0.000000,0.621122,9.99e-05,0.2385,0.06,
365,0,0.436123,0.000000,0.670626,9.99e-05,0.2416,0.05,
366,0,0.432418,0.000000,0.648884,9.99e-05,0.2145,0.05,
367,0,0.432310,0.000000,0.694992,9.99e-05,0.4179,0.05,
368,0,0.441753,0.000000,0.617146,9.99e-05,0.1803,0.05,
369,0,0.435120,0.000000,0.677406,9.99e-05,0.1173,0.05,
370,0,0.447916,0.000000,0.654198,9.99e-05,0.1372,0.06,
371,0,0.441809,0.000000,0.647546,9.99e-05,0.1624,0.06,
372,0,0.433525,0.000000,0.661523,9.99e-05,0.2337,0.05,
373,0,0.433414,0.000000,0.644892,9.99e-05,0.1647,0.05,
374,0,0.443129,0.000000,0.647433,9.99e-05,0.2120,0.05,
375,0,0.441496,0.000000,0.646715,9.99e-05,0.1427,0.05,
376,0,0.444485,0.000000,0.671022,9.99e-05,0.1356,0.06,
377,0,0.435490,0.000000,0.653928,9.99e-05,0.1532,0.05,
378,0,0.448182,0.000000,0.617696,9.99e-05,0.1529,0.05,
379,0,0.436656,0.000000,0.678804,9.99e-05,0.1946,0.05,
380,0,0.441040,0.000000,0.651666,9.99e-05,0.1591,0.06,
381,0,0.434759,0.000000,0.630134,9.99e-05,0.1260,0.05,
382,0,0.439919,0.000000,0.675849,9.99e-05,0.1214,0.05,
383,0,0.434712,0.000000,0.622365,9.98e-05,0.4226,0.05,
384,0,0.438446,0.000000,0.654376,9.98e-05,0.1327,0.06,
385,0,0.438385,0.000000,0.650566,9.98e-05,0.1627,0.05,
386,0,0.440452,0.000000,0.614031,9.98e-05,0.2405,0.05,
387,0,0.441749,0.000000,0.649401,9.98e-05,0.2491,0.06,
388,0,0.440740,0.000000,0.633882,9.98e-05,0.2134,0.06,
389,0,0.444910,0.000000,0.597021,9.98e-05,0.1910,0.06,
390,0,0.432447,0.000000,0.657675,9.98e-05,0.2625,0.05,
391,0,0.435233,0.000000,0.664654,9.98e-05,0.1572,0.05,
392,0,0.442359,0.000000,0.653375,9.98e-05,0.1924,0.05,
393,0,0.445426,0.000000,0.623135,9.98e-05,0.1902,0.06,
394,0,0.434286,0.000000,0.670746,9.98e-05,0.4159,0.06,
395,0,0.434483,0.000000,0.620102,9.98e-05,0.1515,0.05,
396,0,0.436103,0.000000,0.623785,9.98e-05,0.2402,0.05,
397,0,0.437044,0.000000,0.657508,9.98e-05,0.3220,0.05,
398,0,0.437275,0.000000,0.649423,9.98e-05,0.1792,0.05,
399,0,0.445438,0.000000,0.634653,9.98e-05,0.1243,0.05,
400,0,0.430039,0.000000,0.640627,9.98e-05,0.1431,0.05,
401,0,0.438801,0.000000,0.609797,9.97e-05,0.1444,0.06,
402,0,0.435509,0.000000,0.595972,9.97e-05,0.1131,0.05,
403,0,0.427230,0.000000,0.591690,9.97e-05,0.1087,0.05,
404,0,0.432252,0.000000,0.612799,9.97e-05,0.1969,0.06,
405,0,0.436985,0.000000,0.613755,9.97e-05,0.1257,0.06,
406,0,0.424364,0.000000,0.676321,9.97e-05,0.2071,0.05,
407,0,0.415512,0.000000,0.609923,9.97e-05,0.1493,0.05,
408,0,0.427202,0.000000,0.611494,9.97e-05,0.1487,0.05,
409,0,0.424681,0.000000,0.674181,9.97e-05,0.1765,0.05,
410,0,0.430673,0.000000,0.629843,9.97e-05,0.1404,0.06,
411,0,0.430662,0.000000,0.677737,9.97e-05,0.2688,0.05,
412,0,0.432737,0.000000,0.653397,9.97e-05,0.2088,0.05,
413,0,0.443925,0.000000,0.645941,9.97e-05,0.2135,0.06,
414,0,0.436097,0.000000,0.639239,9.96e-05,0.2581,0.06,
415,0,0.429130,0.000000,0.637168,9.96e-05,0.1133,0.06,
416,0,0.432846,0.000000,0.617551,9.96e-05,0.1337,0.05,
417,0,0.424693,0.000000,0.600728,9.96e-05,0.3111,0.05,
418,0,0.437411,0.000000,0.654703,9.96e-05,0.1808,0.06,
419,0,0.423007,0.000000,0.632395,9.96e-05,0.1475,0.05,
420,0,0.425759,0.000000,0.653090,9.96e-05,0.2605,0.06,
421,0,0.420797,0.000000,0.596726,9.96e-05,0.1601,0.06,
422,0,0.422884,0.000000,0.600365,9.96e-05,0.1617,0.05,
423,0,0.425609,0.000000,0.655100,9.96e-05,0.1592,0.05,
424,0,0.429287,0.000000,0.663894,9.96e-05,0.1152,0.06,
425,0,0.437875,0.000000,0.632940,9.96e-05,0.2122,0.06,
426,0,0.419860,0.000000,0.689410,9.96e-05,0.1767,0.05,
427,0,0.422153,0.000000,0.640570,9.95e-05,0.2469,0.05,
428,0,0.413677,0.000000,0.694921,9.95e-05,0.3228,0.05,
429,0,0.410719,0.000000,0.664420,9.95e-05,0.1930,0.05,
430,0,0.421975,0.000000,0.639764,9.95e-05,0.1858,0.05,
431,0,0.427776,0.000000,0.672235,9.95e-05,0.2325,0.06,
432,0,0.429976,0.000000,0.606068,9.95e-05,0.1625,0.05,
433,0,0.420801,0.000000,0.741189,9.95e-05,0.1925,0.05,
434,0,0.411093,0.000000,0.690341,9.95e-05,0.2815,0.05,
435,0,0.421658,0.000000,0.639239,9.95e-05,0.2732,0.05,
436,0,0.414807,0.000000,0.647181,9.95e-05,0.1452,0.05,
437,0,0.420788,0.000000,0.611744,9.94e-05,0.1556,0.05,
438,0,0.417215,0.000000,0.639676,9.94e-05,0.1649,0.06,
439,0,0.413977,0.000000,0.625453,9.94e-05,0.1908,0.06,
440,0,0.411844,0.000000,0.596095,9.94e-05,0.1272,0.06,
441,0,0.410620,0.000000,0.684907,9.94e-05,0.1619,0.05,
442,0,0.413460,0.000000,0.631771,9.94e-05,0.1463,0.05,
443,0,0.417908,0.000000,0.631822,9.94e-05,0.1700,0.05,
444,0,0.415568,0.000000,0.642689,9.94e-05,0.1800,0.05,
445,0,0.416369,0.000000,0.626937,9.94e-05,0.1279,0.05,
446,0,0.427354,0.000000,0.638422,9.94e-05,0.1641,0.06,
447,0,0.422461,0.000000,0.588921,9.93e-05,0.1852,0.06,
448,0,0.416957,0.000000,0.616861,9.93e-05,0.1999,0.05,
449,0,0.416446,0.000000,0.606995,9.93e-05,0.2435,0.05,
450,0,0.427507,0.000000,0.617119,9.93e-05,0.1998,0.05,
451,0,0.417871,0.000000,0.623982,9.93e-05,0.1548,0.05,
452,0,0.422596,0.000000,0.592093,9.93e-05,0.1250,0.06,
453,0,0.422241,0.000000,0.620213,9.93e-05,0.1767,0.06,
454,0,0.420427,0.000000,0.598890,9.93e-05,0.2423,0.05,
455,0,0.412362,0.000000,0.568328,9.93e-05,0.1251,0.05,
456,0,0.412181,0.000000,0.610769,9.92e-05,0.1429,0.05,
457,0,0.410076,0.000000,0.607535,9.92e-05,0.2234,0.05,
458,0,0.416385,0.000000,0.659697,9.92e-05,0.1992,0.06,
459,0,0.409511,0.000000,0.626092,9.92e-05,0.2383,0.05,
460,0,0.424961,0.000000,0.668161,9.92e-05,0.1627,0.06,
461,0,0.422238,0.000000,0.646734,9.92e-05,0.1949,0.06,
462,0,0.415568,0.000000,0.599674,9.92e-05,0.3908,0.05,
463,0,0.422141,0.000000,0.624178,9.92e-05,0.2299,0.05,
464,0,0.421652,0.000000,0.652014,9.92e-05,0.3710,0.06,
465,0,0.424214,0.000000,0.654283,9.91e-05,0.2817,0.06,
466,0,0.425161,0.000000,0.638489,9.91e-05,0.4379,0.06,
467,0,0.410379,0.000000,0.676322,9.91e-05,0.4778,0.05,
468,0,0.416797,0.000000,0.624694,9.91e-05,0.2160,0.05,
469,0,0.413634,0.000000,0.623072,9.91e-05,0.4084,0.05,
470,0,0.420938,0.000000,0.649549,9.91e-05,0.3621,0.05,
471,0,0.422328,0.000000,0.647422,9.91e-05,0.3416,0.05,
472,0,0.411256,0.000000,0.609367,9.91e-05,0.3044,0.05,
473,0,0.417566,0.000000,0.632871,9.90e-05,0.2231,0.05,
474,0,0.415977,0.000000,0.645089,9.90e-05,0.1962,0.06,
475,0,0.417011,0.000000,0.628694,9.90e-05,0.1717,0.05,
476,0,0.411300,0.000000,0.639909,9.90e-05,0.1211,0.05,
477,0,0.414490,0.000000,0.617404,9.90e-05,0.1222,0.05,
478,0,0.410949,0.000000,0.609819,9.90e-05,0.1143,0.05,
479,0,0.406093,0.000000,0.602340,9.90e-05,0.1662,0.05,
480,0,0.412358,0.000000,0.602671,9.90e-05,0.1675,0.05,
481,0,0.417438,0.000000,0.598535,9.89e-05,0.1552,0.05,
482,0,0.423161,0.000000,0.628911,9.89e-05,0.1407,0.05,
483,0,0.423027,0.000000,0.612971,9.89e-05,0.1086,0.05,
484,0,0.417180,0.000000,0.601449,9.89e-05,0.1600,0.05,
485,0,0.419680,0.000000,0.594946,9.89e-05,0.1199,0.05,
486,0,0.419645,0.000000,0.628815,9.89e-05,0.1251,0.05,
487,0,0.413779,0.000000,0.620026,9.89e-05,0.1594,0.05,
488,0,0.428782,0.000000,0.624939,9.88e-05,0.1902,0.05,
489,0,0.424205,0.000000,0.629446,9.88e-05,0.1414,0.05,
490,0,0.435713,0.000000,0.634681,9.88e-05,0.1596,0.06,
491,0,0.418013,0.000000,0.633714,9.88e-05,0.2354,0.06,
492,0,0.421251,0.000000,0.646046,9.88e-05,0.2692,0.05,
493,0,0.419290,0.000000,0.589977,9.88e-05,0.1098,0.05,
494,0,0.418589,0.000000,0.625110,9.88e-05,0.2790,0.06,
495,0,0.428659,0.000000,0.601205,9.87e-05,0.3985,0.06,
496,0,0.415918,0.000000,0.588256,9.87e-05,0.2624,0.05,
497,0,0.422570,0.000000,0.609762,9.87e-05,0.1325,0.05,
498,0,0.426758,0.000000,0.635531,9.87e-05,0.1351,0.05,
499,0,0.429051,0.000000,0.653920,9.87e-05,0.2358,0.05,
500,0,0.429195,0.000000,0.638857,9.87e-05,0.2089,0.05,
501,0,0.425460,0.000000,0.628186,9.87e-05,0.2298,0.05,
502,0,0.419382,0.000000,0.604655,9.86e-05,0.1625,0.05,
503,0,0.411816,0.000000,0.578894,9.86e-05,0.1716,0.05,
504,0,0.420983,0.000000,0.623128,9.86e-05,0.2919,0.05,
505,0,0.418908,0.000000,0.642153,9.86e-05,0.1880,0.05,
506,0,0.429076,0.000000,0.631030,9.86e-05,0.1231,0.05,
507,0,0.429795,0.000000,0.653248,9.86e-05,0.2168,0.05,
508,0,0.425338,0.000000,0.613521,9.85e-05,0.1184,0.05,
509,0,0.417457,0.000000,0.622078,9.85e-05,0.1269,0.05,
510,0,0.420763,0.000000,0.571446,9.85e-05,0.1346,0.05,
511,0,0.423326,0.000000,0.637707,9.85e-05,0.1088,0.05,
512,0,0.426388,0.000000,0.603461,9.85e-05,0.1316,0.05,
513,0,0.430630,0.000000,0.658853,9.85e-05,0.1923,0.06,
514,0,0.426877,0.000000,0.592928,9.84e-05,0.1333,0.06,
515,0,0.419956,0.000000,0.642013,9.84e-05,0.3543,0.05,
516,0,0.417452,0.000000,0.636099,9.84e-05,0.1639,0.05,
517,0,0.419278,0.000000,0.614274,9.84e-05,0.1553,0.05,
518,0,0.416540,0.000000,0.585715,9.84e-05,0.1833,0.05,
519,0,0.425469,0.000000,0.585425,9.84e-05,0.1735,0.05,
520,0,0.418566,0.000000,0.582034,9.83e-05,0.1759,0.05,
521,0,0.429296,0.000000,0.593104,9.83e-05,0.1278,0.06,
522,0,0.431589,0.000000,0.631868,9.83e-05,0.1443,0.05,
523,0,0.424530,0.000000,0.611942,9.83e-05,0.2383,0.05,
524,0,0.417017,0.000000,0.629105,9.83e-05,0.2067,0.05,
525,0,0.431480,0.000000,0.599247,9.83e-05,0.1767,0.05,
526,0,0.421389,0.000000,0.640198,9.82e-05,0.1368,0.05,
527,0,0.419891,0.000000,0.581487,9.82e-05,0.1994,0.05,
528,0,0.427989,0.000000,0.638558,9.82e-05,0.1981,0.05,
529,0,0.426534,0.000000,0.619560,9.82e-05,0.1688,0.05,
530,0,0.423458,0.000000,0.615799,9.82e-05,0.2462,0.05,
531,0,0.430780,0.000000,0.627757,9.82e-05,0.1296,0.05,
532,0,0.421263,0.000000,0.584496,9.81e-05,0.1450,0.05,
533,0,0.416521,0.000000,0.590114,9.81e-05,0.1803,0.05,
534,0,0.412432,0.000000,0.628771,9.81e-05,0.1541,0.05,
535,0,0.418867,0.000000,0.627581,9.81e-05,0.1928,0.05,
536,0,0.430712,0.000000,0.628098,9.81e-05,0.1226,0.05,
537,0,0.415427,0.000000,0.628262,9.80e-05,0.1662,0.05,
538,0,0.419932,0.000000,0.598420,9.80e-05,0.2690,0.05,
539,0,0.419666,0.000000,0.617833,9.80e-05,0.2330,0.05,
540,0,0.418741,0.000000,0.621406,9.80e-05,0.3059,0.05,
541,0,0.425329,0.000000,0.610348,9.80e-05,0.1780,0.05,
542,0,0.429111,0.000000,0.646107,9.80e-05,0.1581,0.06,
543,0,0.414533,0.000000,0.624776,9.79e-05,0.2625,0.05,
544,0,0.418862,0.000000,0.640073,9.79e-05,0.1942,0.05,
545,0,0.425611,0.000000,0.661016,9.79e-05,0.3335,0.05,
546,0,0.427237,0.000000,0.613050,9.79e-05,0.2090,0.05,
547,0,0.431131,0.000000,0.629661,9.79e-05,0.1383,0.05,
548,0,0.421448,0.000000,0.624262,9.78e-05,0.1529,0.05,
549,0,0.426051,0.000000,0.614448,9.78e-05,0.1468,0.05,
550,0,0.419463,0.000000,0.601874,9.78e-05,0.2544,0.05,
551,0,0.423499,0.000000,0.589986,9.78e-05,0.1277,0.05,
552,0,0.428295,0.000000,0.612296,9.78e-05,0.2073,0.05,
553,0,0.439394,0.000000,0.639421,9.77e-05,0.1372,0.05,
554,0,0.431492,0.000000,0.622724,9.77e-05,0.1842,0.05,
555,0,0.431372,0.000000,0.636068,9.77e-05,0.1861,0.06,
556,0,0.433651,0.000000,0.632843,9.77e-05,0.1834,0.05,
557,0,0.418285,0.000000,0.577662,9.77e-05,0.1115,0.05,
558,0,0.420097,0.000000,0.617860,9.76e-05,0.2830,0.05,
559,0,0.430265,0.000000,0.649733,9.76e-05,0.1532,0.05,
560,0,0.425058,0.000000,0.687683,9.76e-05,0.4517,0.05,
561,0,0.429558,0.000000,0.676651,9.76e-05,0.4607,0.06,
562,0,0.429622,0.000000,0.600573,9.76e-05,0.1564,0.05,
563,0,0.429216,0.000000,0.589389,9.75e-05,0.1332,0.06,
564,0,0.425129,0.000000,0.664006,9.75e-05,0.4152,0.05,
565,0,0.425613,0.000000,0.625858,9.75e-05,0.3099,0.05,
566,0,0.434705,0.000000,0.642638,9.75e-05,0.2184,0.05,
567,0,0.432668,0.000000,0.648021,9.75e-05,0.1139,0.05,
568,0,0.434768,0.000000,0.633659,9.74e-05,0.1502,0.06,
569,0,0.434635,0.000000,0.628209,9.74e-05,0.2788,0.05,
570,0,0.430746,0.000000,0.639444,9.74e-05,0.3559,0.06,
571,0,0.426052,0.000000,0.651149,9.74e-05,0.2590,0.05,
572,0,0.412168,0.000000,0.607902,9.74e-05,0.1769,0.05,
573,0,0.423871,0.000000,0.637892,9.73e-05,0.3045,0.05,
574,0,0.432093,0.000000,0.656812,9.73e-05,0.2944,0.06,
575,0,0.421353,0.000000,0.641417,9.73e-05,0.3623,0.05,
576,0,0.423129,0.000000,0.644664,9.73e-05,0.1891,0.05,
577,0,0.423302,0.000000,0.636264,9.73e-05,0.1884,0.05,
578,0,0.427572,0.000000,0.618041,9.72e-05,0.1680,0.05,
579,0,0.421537,0.000000,0.614511,9.72e-05,0.2044,0.05,
580,0,0.429442,0.000000,0.638395,9.72e-05,0.2338,0.05,
581,0,0.420257,0.000000,0.618210,9.72e-05,0.2158,0.05,
582,0,0.428629,0.000000,0.599740,9.71e-05,0.1565,0.05,
583,0,0.431006,0.000000,0.584091,9.71e-05,0.1344,0.05,
584,0,0.421746,0.000000,0.584593,9.71e-05,0.1693,0.06,
585,0,0.424323,0.000000,0.610905,9.71e-05,0.1511,0.06,
586,0,0.426784,0.000000,0.616838,9.71e-05,0.1415,0.06,
587,0,0.429255,0.000000,0.639931,9.70e-05,0.1425,0.05,
588,0,0.418508,0.000000,0.601030,9.70e-05,0.1942,0.05,
589,0,0.433383,0.000000,0.647930,9.70e-05,0.1289,0.05,
590,0,0.425695,0.000000,0.584383,9.70e-05,0.1556,0.05,
591,0,0.424773,0.000000,0.562172,9.69e-05,0.1941,0.05,
592,0,0.424495,0.000000,0.645348,9.69e-05,0.1314,0.05,
593,0,0.421870,0.000000,0.632860,9.69e-05,0.1816,0.05,
594,0,0.424696,0.000000,0.610753,9.69e-05,0.1277,0.06,
595,0,0.427088,0.000000,0.607340,9.69e-05,0.1604,0.05,
596,0,0.418476,0.000000,0.598027,9.68e-05,0.1762,0.06,
597,0,0.428954,0.000000,0.622184,9.68e-05,0.2481,0.06,
598,0,0.432335,0.000000,0.622830,9.68e-05,0.1438,0.06,
599,0,0.422082,0.000000,0.628978,9.68e-05,0.1204,0.06,
600,0,0.415402,0.000000,0.623964,9.67e-05,0.1592,0.05,
601,0,0.416409,0.000000,0.619853,9.67e-05,0.3176,0.05,
601,0,,,,,,,0.418987
602,0,0.428495,0.000000,0.652958,9.67e-05,0.1260,0.00,
603,0,0.423541,0.000000,0.633023,9.67e-05,0.1829,0.06,
604,0,0.414237,0.000000,0.608096,9.66e-05,0.1333,0.05,
605,0,0.419689,0.000000,0.621360,9.66e-05,0.1911,0.05,
606,0,0.430416,0.000000,0.642507,9.66e-05,0.1107,0.06,
607,0,0.422412,0.000000,0.651850,9.66e-05,0.1767,0.06,
608,0,0.419535,0.000000,0.618777,9.66e-05,0.1557,0.06,
609,0,0.413026,0.000000,0.609063,9.65e-05,0.1217,0.05,
610,0,0.411364,0.000000,0.638087,9.65e-05,0.1559,0.05,
611,0,0.413638,0.000000,0.590694,9.65e-05,0.1283,0.05,
612,0,0.423117,0.000000,0.620068,9.65e-05,0.1180,0.05,
613,0,0.413587,0.000000,0.619907,9.64e-05,0.1398,0.05,
614,0,0.423311,0.000000,0.586542,9.64e-05,0.1299,0.05,
615,0,0.416629,0.000000,0.620428,9.64e-05,0.1444,0.05,
616,0,0.423231,0.000000,0.619735,9.64e-05,0.1313,0.05,
617,0,0.423190,0.000000,0.598506,9.63e-05,0.1477,0.05,
618,0,0.417030,0.000000,0.625349,9.63e-05,0.1750,0.05,
619,0,0.421087,0.000000,0.574974,9.63e-05,0.1607,0.05,
620,0,0.417551,0.000000,0.615434,9.63e-05,0.1516,0.05,
621,0,0.413454,0.000000,0.577312,9.62e-05,0.1313,0.05,
622,0,0.423106,0.000000,0.569261,9.62e-05,0.1611,0.05,
623,0,0.429430,0.000000,0.607504,9.62e-05,0.3868,0.05,
624,0,0.418186,0.000000,0.600276,9.62e-05,0.1327,0.05,
625,0,0.420672,0.000000,0.609516,9.61e-05,0.1064,0.05,
626,0,0.424626,0.000000,0.606966,9.61e-05,0.1368,0.05,
627,0,0.419470,0.000000,0.622560,9.61e-05,0.1733,0.05,
628,0,0.420851,0.000000,0.595667,9.61e-05,0.1495,0.05,
629,0,0.423846,0.000000,0.635064,9.60e-05,0.1973,0.05,
630,0,0.420552,0.000000,0.626677,9.60e-05,0.1520,0.05,
631,0,0.421236,0.000000,0.600964,9.60e-05,0.3798,0.05,
632,0,0.413636,0.000000,0.648812,9.60e-05,0.3800,0.05,
633,0,0.420449,0.000000,0.632686,9.59e-05,0.1302,0.05,
634,0,0.420143,0.000000,0.623970,9.59e-05,0.2368,0.05,
635,0,0.420741,0.000000,0.679534,9.59e-05,0.2744,0.06,
636,0,0.433237,0.000000,0.632494,9.58e-05,0.3273,0.06,
637,0,0.425915,0.000000,0.616433,9.58e-05,0.1688,0.06,
638,0,0.424388,0.000000,0.621121,9.58e-05,0.1466,0.06,
639,0,0.421995,0.000000,0.621312,9.58e-05,0.1936,0.05,
640,0,0.419521,0.000000,0.657723,9.57e-05,0.2692,0.05,
641,0,0.422723,0.000000,0.634877,9.57e-05,0.1322,0.06,
642,0,0.432623,0.000000,0.622869,9.57e-05,0.1914,0.06,
643,0,0.426415,0.000000,0.609508,9.57e-05,0.2106,0.05,
644,0,0.424209,0.000000,0.645181,9.56e-05,0.1894,0.05,
645,0,0.423127,0.000000,0.666976,9.56e-05,0.3026,0.06,
646,0,0.425933,0.000000,0.623716,9.56e-05,0.1300,0.06,
647,0,0.414319,0.000000,0.628972,9.56e-05,0.1707,0.05,
648,0,0.420861,0.000000,0.638090,9.55e-05,0.2569,0.05,
649,0,0.422207,0.000000,0.622573,9.55e-05,0.3623,0.05,
650,0,0.421165,0.000000,0.632842,9.55e-05,0.2473,0.05,
651,0,0.425485,0.000000,0.574156,9.54e-05,0.1632,0.05,
652,0,0.415459,0.000000,0.575572,9.54e-05,0.2533,0.05,
653,0,0.427245,0.000000,0.606304,9.54e-05,0.2129,0.05,
654,0,0.419824,0.000000,0.634168,9.54e-05,0.2899,0.05,
655,0,0.427933,0.000000,0.648566,9.53e-05,0.1911,0.05,
656,0,0.420559,0.000000,0.586041,9.53e-05,0.1797,0.05,
657,0,0.427075,0.000000,0.614418,9.53e-05,0.1960,0.05,
658,0,0.414843,0.000000,0.633969,9.53e-05,0.3987,0.05,
659,0,0.422923,0.000000,0.650657,9.52e-05,0.3048,0.05,
660,0,0.419102,0.000000,0.633423,9.52e-05,0.2008,0.05,
661,0,0.417904,0.000000,0.600497,9.52e-05,0.1188,0.05,
662,0,0.412894,0.000000,0.634002,9.51e-05,0.1656,0.05,
663,0,0.411864,0.000000,0.597573,9.51e-05,0.2186,0.05,
664,0,0.424766,0.000000,0.631329,9.51e-05,0.2549,0.05,
665,0,0.419517,0.000000,0.615795,9.51e-05,0.2605,0.05,
666,0,0.419634,0.000000,0.586104,9.50e-05,0.1529,0.05,
667,0,0.437766,0.000000,0.608115,9.50e-05,0.1978,0.05,
668,0,0.422444,0.000000,0.535748,9.50e-05,0.1361,0.05,
669,0,0.424657,0.000000,0.567884,9.49e-05,0.0951,0.06,
670,0,0.429524,0.000000,0.646621,9.49e-05,0.2375,0.05,
671,0,0.439439,0.000000,0.592858,9.49e-05,0.1849,0.05,
672,0,0.423669,0.000000,0.583535,9.49e-05,0.1326,0.05,
673,0,0.420163,0.000000,0.618312,9.48e-05,0.2289,0.05,
674,0,0.424347,0.000000,0.576600,9.48e-05,0.1159,0.05,
675,0,0.414988,0.000000,0.600151,9.48e-05,0.2100,0.05,
676,0,0.409147,0.000000,0.545080,9.47e-05,0.2035,0.05,
677,0,0.411664,0.000000,0.549890,9.47e-05,0.1316,0.05,
678,0,0.414394,0.000000,0.605359,9.47e-05,0.2625,0.05,
679,0,0.415384,0.000000,0.584949,9.46e-05,0.1753,0.05,
680,0,0.406867,0.000000,0.567619,9.46e-05,0.1646,0.05,
681,0,0.429404,0.000000,0.578463,9.46e-05,0.1459,0.06,
682,0,0.416984,0.000000,0.551546,9.46e-05,0.1464,0.05,
683,0,0.413593,0.000000,0.560540,9.45e-05,0.3071,0.05,
684,0,0.422866,0.000000,0.628714,9.45e-05,0.1969,0.05,
685,0,0.407282,0.000000,0.576739,9.45e-05,0.1757,0.05,
686,0,0.410201,0.000000,0.582303,9.44e-05,0.2512,0.05,
687,0,0.423574,0.000000,0.592760,9.44e-05,0.2009,0.05,
688,0,0.418973,0.000000,0.590840,9.44e-05,0.1481,0.05,
689,0,0.415714,0.000000,0.628222,9.43e-05,0.2879,0.05,
690,0,0.418149,0.000000,0.633177,9.43e-05,0.1937,0.05,
691,0,0.417028,0.000000,0.582011,9.43e-05,0.1705,0.05,
692,0,0.408148,0.000000,0.599101,9.43e-05,0.1739,0.05,
693,0,0.413273,0.000000,0.592158,9.42e-05,0.1756,0.05,
694,0,0.421235,0.000000,0.633187,9.42e-05,0.4776,0.05,
695,0,0.416361,0.000000,0.641636,9.42e-05,0.2580,0.05,
696,0,0.411864,0.000000,0.594337,9.41e-05,0.2115,0.05,
697,0,0.413409,0.000000,0.625075,9.41e-05,0.2931,0.05,
698,0,0.418300,0.000000,0.597745,9.41e-05,0.2652,0.05,
699,0,0.413110,0.000000,0.605594,9.40e-05,0.2474,0.05,
700,0,0.409589,0.000000,0.634908,9.40e-05,0.2563,0.05,
701,0,0.424525,0.000000,0.625760,9.40e-05,0.2257,0.05,
702,0,0.423505,0.000000,0.614723,9.39e-05,0.1479,0.05,
703,0,0.423554,0.000000,0.586129,9.39e-05,0.1089,0.05,
704,0,0.423213,0.000000,0.622616,9.39e-05,0.1910,0.05,
705,0,0.414086,0.000000,0.605785,9.38e-05,0.3023,0.05,
706,0,0.418224,0.000000,0.620282,9.38e-05,0.4381,0.05,
707,0,0.412748,0.000000,0.623920,9.38e-05,0.2549,0.06,
708,0,0.410253,0.000000,0.619957,9.38e-05,0.1607,0.05,
709,0,0.413499,0.000000,0.609452,9.37e-05,0.1564,0.05,
710,0,0.415566,0.000000,0.592334,9.37e-05,0.2838,0.05,
711,0,0.419933,0.000000,0.617241,9.37e-05,0.1432,0.06,
712,0,0.420608,0.000000,0.591735,9.36e-05,0.2154,0.05,
713,0,0.423277,0.000000,0.588790,9.36e-05,0.1369,0.05,
714,0,0.419497,0.000000,0.603264,9.36e-05,0.1425,0.05,
715,0,0.427967,0.000000,0.644492,9.35e-05,0.1194,0.05,
716,0,0.422785,0.000000,0.652006,9.35e-05,0.2433,0.05,
717,0,0.422727,0.000000,0.642422,9.35e-05,0.1538,0.05,
718,0,0.418175,0.000000,0.595191,9.34e-05,0.1847,0.05,
719,0,0.418343,0.000000,0.587456,9.34e-05,0.1541,0.05,
720,0,0.416506,0.000000,0.572545,9.34e-05,0.1231,0.04,
721,0,0.418269,0.000000,0.580417,9.33e-05,0.1078,0.05,
722,0,0.418402,0.000000,0.580628,9.33e-05,0.1904,0.05,
723,0,0.428428,0.000000,0.629555,9.33e-05,0.1587,0.05,
724,0,0.423180,0.000000,0.645194,9.32e-05,0.1443,0.05,
725,0,0.433838,0.000000,0.621062,9.32e-05,0.1461,0.06,
726,0,0.418926,0.000000,0.568296,9.32e-05,0.1795,0.05,
727,0,0.435094,0.000000,0.630578,9.31e-05,0.1211,0.06,
728,0,0.420212,0.000000,0.621297,9.31e-05,0.2999,0.05,
729,0,0.430210,0.000000,0.614161,9.31e-05,0.0943,0.06,
730,0,0.421953,0.000000,0.590029,9.30e-05,0.1510,0.05,
731,0,0.412454,0.000000,0.579044,9.30e-05,0.1836,0.05,
732,0,0.422704,0.000000,0.582308,9.30e-05,0.1354,0.05,
733,0,0.419562,0.000000,0.563795,9.29e-05,0.1039,0.05,
734,0,0.418244,0.000000,0.558551,9.29e-05,0.1909,0.05,
735,0,0.410132,0.000000,0.586840,9.29e-05,0.1423,0.05,
736,0,0.422733,0.000000,0.588687,9.28e-05,0.1443,0.05,
737,0,0.418608,0.000000,0.621701,9.28e-05,0.1368,0.05,
738,0,0.430586,0.000000,0.623238,9.28e-05,0.1635,0.05,
739,0,0.426724,0.000000,0.582334,9.27e-05,0.1203,0.05,
740,0,0.431132,0.000000,0.625470,9.27e-05,0.1481,0.05,
741,0,0.432123,0.000000,0.592848,9.27e-05,0.1358,0.05,
742,0,0.436477,0.000000,0.609410,9.26e-05,0.1187,0.05,
743,0,0.429136,0.000000,0.622008,9.26e-05,0.2761,0.05,
744,0,0.422105,0.000000,0.587777,9.26e-05,0.2044,0.05,
745,0,0.421012,0.000000,0.581292,9.25e-05,0.2986,0.05,
746,0,0.424845,0.000000,0.583296,9.25e-05,0.1381,0.05,
747,0,0.421246,0.000000,0.586179,9.25e-05,0.1419,0.05,
748,0,0.425029,0.000000,0.609317,9.24e-05,0.2974,0.05,
749,0,0.425833,0.000000,0.573978,9.24e-05,0.2380,0.05,
750,0,0.427268,0.000000,0.570832,9.24e-05,0.1296,0.05,
751,0,0.417605,0.000000,0.568383,9.23e-05,0.1225,0.05,
752,0,0.416465,0.000000,0.576823,9.23e-05,0.1745,0.05,
753,0,0.428482,0.000000,0.573404,9.22e-05,0.1200,0.06,
754,0,0.427239,0.000000,0.565870,9.22e-05,0.1562,0.05,
755,0,0.414732,0.000000,0.589068,9.22e-05,0.1200,0.05,
756,0,0.419529,0.000000,0.582169,9.21e-05,0.1123,0.05,
757,0,0.433631,0.000000,0.621572,9.21e-05,0.1157,0.06,
758,0,0.422499,0.000000,0.603982,9.21e-05,0.1415,0.05,
759,0,0.429050,0.000000,0.615627,9.20e-05,0.1789,0.06,
760,0,0.411972,0.000000,0.565584,9.20e-05,0.1583,0.05,
761,0,0.434356,0.000000,0.565505,9.20e-05,0.1538,0.06,
762,0,0.418840,0.000000,0.575946,9.19e-05,0.0964,0.06,
763,0,0.415287,0.000000,0.548339,9.19e-05,0.1205,0.05,
764,0,0.421197,0.000000,0.604751,9.19e-05,0.1695,0.05,
765,0,0.413306,0.000000,0.578379,9.18e-05,0.1090,0.05,
766,0,0.418326,0.000000,0.622561,9.18e-05,0.1866,0.05,
767,0,0.423503,0.000000,0.631714,9.17e-05,0.1591,0.06,
768,0,0.424324,0.000000,0.625875,9.17e-05,0.2198,0.05,
769,0,0.416288,0.000000,0.577406,9.17e-05,0.1959,0.05,
770,0,0.423279,0.000000,0.590073,9.16e-05,0.1369,0.05,
771,0,0.419358,0.000000,0.602258,9.16e-05,0.2423,0.05,
772,0,0.421929,0.000000,0.598851,9.16e-05,0.1649,0.05,
773,0,0.420560,0.000000,0.572266,9.15e-05,0.1471,0.05,
774,0,0.428612,0.000000,0.604925,9.15e-05,0.1349,0.05,
775,0,0.425112,0.000000,0.610287,9.15e-05,0.1658,0.05,
776,0,0.425671,0.000000,0.598287,9.14e-05,0.1117,0.05,
777,0,0.427323,0.000000,0.582939,9.14e-05,0.0854,0.06,
778,0,0.422330,0.000000,0.638326,9.13e-05,0.3264,0.05,
779,0,0.429883,0.000000,0.630716,9.13e-05,0.2208,0.06,
780,0,0.417330,0.000000,0.589937,9.13e-05,0.1547,0.06,
781,0,0.421147,0.000000,0.581363,9.12e-05,0.1356,0.05,
782,0,0.418718,0.000000,0.590915,9.12e-05,0.1746,0.05,
783,0,0.410362,0.000000,0.530925,9.12e-05,0.1994,0.05,
784,0,0.421781,0.000000,0.589013,9.11e-05,0.2739,0.05,
785,0,0.412054,0.000000,0.564760,9.11e-05,0.2317,0.05,
786,0,0.409684,0.000000,0.616805,9.10e-05,0.1837,0.05,
787,0,0.424834,0.000000,0.568057,9.10e-05,0.2206,0.05,
788,0,0.428878,0.000000,0.565278,9.10e-05,0.1242,0.05,
789,0,0.429174,0.000000,0.584841,9.09e-05,0.1303,0.06,
790,0,0.416972,0.000000,0.593027,9.09e-05,0.2172,0.06,
791,0,0.415351,0.000000,0.588297,9.09e-05,0.2391,0.05,
792,0,0.428163,0.000000,0.640619,9.08e-05,0.1397,0.05,
793,0,0.424947,0.000000,0.601743,9.08e-05,0.1458,0.05,
794,0,0.424614,0.000000,0.577525,9.07e-05,0.1333,0.05,
795,0,0.417742,0.000000,0.603228,9.07e-05,0.2660,0.05,
796,0,0.424246,0.000000,0.607631,9.07e-05,0.1812,0.05,
797,0,0.427648,0.000000,0.570382,9.06e-05,0.1700,0.06,
798,0,0.414933,0.000000,0.612201,9.06e-05,0.1330,0.06,
799,0,0.405886,0.000000,0.554156,9.06e-05,0.1580,0.05,
800,0,0.421416,0.000000,0.558678,9.05e-05,0.1447,0.05,
801,0,0.413472,0.000000,0.596879,9.05e-05,0.1232,0.05,
802,0,0.411711,0.000000,0.578949,9.04e-05,0.1531,0.06,
803,0,0.412261,0.000000,0.564936,9.04e-05,0.2453,0.05,
804,0,0.414265,0.000000,0.604500,9.04e-05,0.2004,0.05,
805,0,0.415014,0.000000,0.600911,9.03e-05,0.1807,0.06,
806,0,0.402928,0.000000,0.584740,9.03e-05,0.1920,0.05,
807,0,0.413954,0.000000,0.586397,9.02e-05,0.1947,0.05,
808,0,0.410227,0.000000,0.587751,9.02e-05,0.1636,0.05,
809,0,0.409269,0.000000,0.582348,9.02e-05,0.1834,0.05,
810,0,0.414444,0.000000,0.589726,9.01e-05,0.1426,0.05,
811,0,0.409717,0.000000,0.575622,9.01e-05,0.1694,0.05,
812,0,0.416531,0.000000,0.568576,9.00e-05,0.1540,0.05,
813,0,0.404611,0.000000,0.585994,9.00e-05,0.1141,0.05,
814,0,0.408542,0.000000,0.604719,9.00e-05,0.1581,0.05,
815,0,0.409971,0.000000,0.593313,8.99e-05,0.2075,0.06,
816,0,0.411078,0.000000,0.586472,8.99e-05,0.2522,0.05,
817,0,0.408274,0.000000,0.568215,8.98e-05,0.1366,0.05,
818,0,0.398073,0.000000,0.546837,8.98e-05,0.1906,0.05,
819,0,0.396804,0.000000,0.537394,8.98e-05,0.1617,0.05,
820,0,0.402941,0.000000,0.576921,8.97e-05,0.2414,0.05,
821,0,0.405033,0.000000,0.590979,8.97e-05,0.2219,0.05,
822,0,0.398752,0.000000,0.536058,8.96e-05,0.1223,0.05,
823,0,0.408770,0.000000,0.596133,8.96e-05,0.1872,0.05,
824,0,0.408874,0.000000,0.559232,8.96e-05,0.1193,0.06,
825,0,0.399485,0.000000,0.560237,8.95e-05,0.1318,0.05,
826,0,0.395896,0.000000,0.563957,8.95e-05,0.2491,0.05,
827,0,0.410726,0.000000,0.551694,8.94e-05,0.1223,0.06,
828,0,0.389274,0.000000,0.518509,8.94e-05,0.0990,0.05,
829,0,0.402566,0.000000,0.543281,8.94e-05,0.0962,0.05,
830,0,0.406186,0.000000,0.554835,8.93e-05,0.1028,0.05,
831,0,0.413320,0.000000,0.563327,8.93e-05,0.0987,0.06,
832,0,0.414312,0.000000,0.584714,8.92e-05,0.1001,0.06,
833,0,0.400693,0.000000,0.619737,8.92e-05,0.2006,0.05,
834,0,0.406674,0.000000,0.532201,8.92e-05,0.1345,0.05,
835,0,0.412158,0.000000,0.539588,8.91e-05,0.1047,0.05,
836,0,0.413645,0.000000,0.567999,8.91e-05,0.1030,0.05,
837,0,0.410125,0.000000,0.629044,8.90e-05,0.1234,0.05,
838,0,0.413911,0.000000,0.635380,8.90e-05,0.1594,0.05,
839,0,0.409879,0.000000,0.598748,8.90e-05,0.1426,0.05,
840,0,0.403167,0.000000,0.589775,8.89e-05,0.1272,0.05,
841,0,0.399549,0.000000,0.596266,8.89e-05,0.1974,0.05,
842,0,0.408349,0.000000,0.593563,8.88e-05,0.1498,0.05,
843,0,0.396116,0.000000,0.538314,8.88e-05,0.2170,0.05,
844,0,0.402452,0.000000,0.604215,8.87e-05,0.1894,0.05,
845,0,0.402456,0.000000,0.668812,8.87e-05,0.1640,0.05,
846,0,0.402458,0.000000,0.577035,8.87e-05,0.1585,0.05,
847,0,0.421480,0.000000,0.606234,8.86e-05,0.1269,0.05,
848,0,0.419707,0.000000,0.599611,8.86e-05,0.1131,0.05,
849,0,0.405883,0.000000,0.631362,8.85e-05,0.1542,0.05,
850,0,0.412853,0.000000,0.621454,8.85e-05,0.1660,0.05,
851,0,0.405271,0.000000,0.623283,8.85e-05,0.1342,0.05,
852,0,0.411996,0.000000,0.569605,8.84e-05,0.1522,0.05,
853,0,0.412973,0.000000,0.611518,8.84e-05,0.1235,0.05,
854,0,0.413521,0.000000,0.588539,8.83e-05,0.1309,0.05,
855,0,0.410029,0.000000,0.634813,8.83e-05,0.1261,0.05,
856,0,0.413827,0.000000,0.643420,8.82e-05,0.1583,0.05,
857,0,0.415669,0.000000,0.635672,8.82e-05,0.1670,0.05,
858,0,0.405695,0.000000,0.619145,8.82e-05,0.1848,0.05,
859,0,0.415939,0.000000,0.590941,8.81e-05,0.1323,0.05,
860,0,0.404334,0.000000,0.599621,8.81e-05,0.1591,0.05,
861,0,0.409394,0.000000,0.621762,8.80e-05,0.1648,0.05,
862,0,0.406135,0.000000,0.637813,8.80e-05,0.1670,0.05,
863,0,0.414398,0.000000,0.638288,8.79e-05,0.1696,0.05,
864,0,0.415891,0.000000,0.666675,8.79e-05,0.2590,0.05,
865,0,0.409511,0.000000,0.606831,8.79e-05,0.1478,0.05,
866,0,0.409942,0.000000,0.591371,8.78e-05,0.1537,0.05,
867,0,0.404935,0.000000,0.580749,8.78e-05,0.1238,0.05,
868,0,0.398743,0.000000,0.559062,8.77e-05,0.1210,0.05,
869,0,0.399829,0.000000,0.584801,8.77e-05,0.1847,0.05,
870,0,0.403977,0.000000,0.603553,8.76e-05,0.1060,0.05,
871,0,0.415838,0.000000,0.599187,8.76e-05,0.1583,0.05,
872,0,0.409390,0.000000,0.602514,8.76e-05,0.1882,0.05,
873,0,0.392988,0.000000,0.588188,8.75e-05,0.1933,0.05,
874,0,0.401656,0.000000,0.587134,8.75e-05,0.1660,0.05,
875,0,0.410653,0.000000,0.613117,8.74e-05,0.2881,0.05,
876,0,0.406591,0.000000,0.619237,8.74e-05,0.1244,0.05,
877,0,0.414398,0.000000,0.611668,8.73e-05,0.3435,0.05,
878,0,0.402570,0.000000,0.596747,8.73e-05,0.1455,0.05,
879,0,0.402112,0.000000,0.597259,8.73e-05,0.1344,0.05,
880,0,0.407251,0.000000,0.616014,8.72e-05,0.1465,0.05,
881,0,0.403702,0.000000,0.559332,8.72e-05,0.1327,0.05,
882,0,0.398994,0.000000,0.532384,8.71e-05,0.1246,0.05,
883,0,0.406976,0.000000,0.584493,8.71e-05,0.1131,0.05,
884,0,0.402262,0.000000,0.583800,8.70e-05,0.1128,0.05,
885,0,0.402006,0.000000,0.601512,8.70e-05,0.1673,0.05,
886,0,0.413675,0.000000,0.618400,8.69e-05,0.1042,0.05,
887,0,0.400695,0.000000,0.622919,8.69e-05,0.3019,0.06,
888,0,0.405779,0.000000,0.611137,8.69e-05,0.1248,0.05,
889,0,0.409571,0.000000,0.593962,8.68e-05,0.1157,0.05,
890,0,0.408915,0.000000,0.618643,8.68e-05,0.1454,0.05,
891,0,0.410347,0.000000,0.584481,8.67e-05,0.1147,0.05,
892,0,0.407638,0.000000,0.612769,8.67e-05,0.1334,0.05,
893,0,0.400823,0.000000,0.577290,8.66e-05,0.4548,0.05,
894,0,0.408883,0.000000,0.555149,8.66e-05,0.1554,0.05,
895,0,0.414310,0.000000,0.594037,8.65e-05,0.1556,0.05,
896,0,0.414724,0.000000,0.601561,8.65e-05,0.1584,0.05,
897,0,0.413862,0.000000,0.565562,8.65e-05,0.1352,0.05,
898,0,0.412916,0.000000,0.580645,8.64e-05,0.1605,0.05,
899,0,0.417230,0.000000,0.589704,8.64e-05,0.1457,0.06,
900,0,0.418404,0.000000,0.582533,8.63e-05,0.1911,0.05,
901,0,0.412643,0.000000,0.569147,8.63e-05,0.2121,0.05,
902,0,0.414910,0.000000,0.578375,8.62e-05,0.1321,0.05,
902,0,,,,,,,0.413986
903,0,0.428176,0.000000,0.589756,8.62e-05,0.1639,0.00,
904,0,0.412896,0.000000,0.604911,8.61e-05,0.1738,0.05,
905,0,0.421204,0.000000,0.578374,8.61e-05,0.2418,0.05,
906,0,0.426706,0.000000,0.602855,8.60e-05,0.1483,0.05,
907,0,0.421896,0.000000,0.555775,8.60e-05,0.0845,0.05,
908,0,0.409101,0.000000,0.518545,8.60e-05,0.1031,0.05,
909,0,0.413710,0.000000,0.585429,8.59e-05,0.1360,0.05,
910,0,0.410735,0.000000,0.599529,8.59e-05,0.1819,0.05,
911,0,0.418334,0.000000,0.666157,8.58e-05,0.2014,0.05,
912,0,0.418513,0.000000,0.676333,8.58e-05,0.1593,0.05,
913,0,0.414052,0.000000,0.628630,8.57e-05,0.1528,0.05,
914,0,0.417314,0.000000,0.616124,8.57e-05,0.1971,0.05,
915,0,0.423504,0.000000,0.632468,8.56e-05,0.1472,0.05,
916,0,0.407250,0.000000,0.585734,8.56e-05,0.1397,0.05,
917,0,0.406219,0.000000,0.692548,8.55e-05,0.2469,0.05,
918,0,0.408745,0.000000,0.634767,8.55e-05,0.2646,0.05,
919,0,0.413209,0.000000,0.622076,8.54e-05,0.2518,0.05,
920,0,0.418365,0.000000,0.608500,8.54e-05,0.1607,0.05,
921,0,0.410733,0.000000,0.566377,8.54e-05,0.1260,0.05,
922,0,0.414024,0.000000,0.605561,8.53e-05,0.1714,0.05,
923,0,0.408186,0.000000,0.635458,8.53e-05,0.1525,0.05,
924,0,0.413356,0.000000,0.763443,8.52e-05,0.4548,0.05,
925,0,0.402676,0.000000,0.638149,8.52e-05,0.1420,0.05,
926,0,0.407824,0.000000,0.629234,8.51e-05,0.2031,0.05,
927,0,0.402880,0.000000,0.629765,8.51e-05,0.1382,0.05,
928,0,0.399632,0.000000,0.612138,8.50e-05,0.1935,0.05,
929,0,0.399124,0.000000,0.605315,8.50e-05,0.2195,0.05,
930,0,0.384128,0.000000,0.786466,8.49e-05,0.5485,0.05,
931,0,0.399968,0.000000,0.581838,8.49e-05,0.1656,0.05,
932,0,0.405901,0.000000,0.619960,8.48e-05,0.2077,0.05,
933,0,0.416652,0.000000,0.616941,8.48e-05,0.2229,0.05,
934,0,0.422285,0.000000,0.673078,8.47e-05,0.3078,0.06,
935,0,0.407882,0.000000,0.608095,8.47e-05,0.3188,0.05,
936,0,0.397944,0.000000,0.552049,8.47e-05,0.2096,0.05,
937,0,0.410034,0.000000,0.575616,8.46e-05,0.1252,0.05,
938,0,0.407632,0.000000,0.573841,8.46e-05,0.1974,0.06,
939,0,0.413234,0.000000,0.582425,8.45e-05,0.2216,0.05,
940,0,0.415225,0.000000,0.657181,8.45e-05,0.2781,0.05,
941,0,0.430973,0.000000,0.674870,8.44e-05,0.2112,0.05,
942,0,0.402047,0.000000,0.565010,8.44e-05,0.1952,0.05,
943,0,0.410107,0.000000,0.585574,8.43e-05,0.1590,0.05,
944,0,0.404315,0.000000,0.543450,8.43e-05,0.1354,0.05,
945,0,0.414128,0.000000,0.613015,8.42e-05,0.1656,0.05,
946,0,0.413359,0.000000,0.604628,8.42e-05,0.1229,0.05,
947,0,0.407477,0.000000,0.606348,8.41e-05,0.1953,0.05,
948,0,0.415824,0.000000,0.598411,8.41e-05,0.1535,0.05,
949,0,0.404108,0.000000,0.597408,8.40e-05,0.1233,0.05,
950,0,0.408020,0.000000,0.627249,8.40e-05,0.1533,0.05,
951,0,0.413012,0.000000,0.611871,8.39e-05,0.1447,0.05,
952,0,0.429243,0.000000,0.610993,8.39e-05,0.1043,0.06,
953,0,0.411018,0.000000,0.600409,8.38e-05,0.1676,0.06,
954,0,0.417853,0.000000,0.597348,8.38e-05,0.1106,0.06,
955,0,0.416731,0.000000,0.585697,8.37e-05,0.1143,0.05,
956,0,0.395219,0.000000,0.527303,8.37e-05,0.1250,0.05,
957,0,0.409931,0.000000,0.618686,8.36e-05,0.1053,0.05,
958,0,0.406671,0.000000,0.638938,8.36e-05,0.1530,0.05,
959,0,0.396662,0.000000,0.611448,8.35e-05,0.1665,0.05,
960,0,0.405533,0.000000,0.589685,8.35e-05,0.1272,0.05,
961,0,0.406669,0.000000,0.596527,8.34e-05,0.1163,0.05,
962,0,0.399790,0.000000,0.626027,8.34e-05,0.1016,0.05,
963,0,0.411518,0.000000,0.580342,8.33e-05,0.1072,0.05,
964,0,0.406390,0.000000,0.596128,8.33e-05,0.1583,0.05,
965,0,0.396704,0.000000,0.618193,8.33e-05,0.1547,0.05,
966,0,0.414181,0.000000,0.609097,8.32e-05,0.1372,0.05,
967,0,0.408135,0.000000,0.600706,8.32e-05,0.1574,0.05,
968,0,0.406732,0.000000,0.628733,8.31e-05,0.1529,0.05,
969,0,0.407992,0.000000,0.575229,8.31e-05,0.1207,0.05,
970,0,0.410354,0.000000,0.575932,8.30e-05,0.1407,0.05,
971,0,0.406485,0.000000,0.568312,8.30e-05,0.1132,0.05,
972,0,0.406065,0.000000,0.622347,8.29e-05,0.1801,0.05,
973,0,0.419949,0.000000,0.635925,8.29e-05,0.1171,0.06,
974,0,0.416428,0.000000,0.581476,8.28e-05,0.1121,0.05,
975,0,0.408742,0.000000,0.592058,8.28e-05,0.1907,0.05,
976,0,0.409655,0.000000,0.596380,8.27e-05,0.1211,0.06,
977,0,0.403197,0.000000,0.593008,8.27e-05,0.1417,0.05,
978,0,0.406549,0.000000,0.582744,8.26e-05,0.1340,0.05,
979,0,0.401981,0.000000,0.581599,8.26e-05,0.1058,0.05,
980,0,0.410155,0.000000,0.586643,8.25e-05,0.1564,0.05,
981,0,0.404774,0.000000,0.569259,8.25e-05,0.1191,0.05,
982,0,0.407784,0.000000,0.572021,8.24e-05,0.1107,0.06,
983,0,0.399599,0.000000,0.596121,8.24e-05,0.1195,0.05,
984,0,0.398965,0.000000,0.548586,8.23e-05,0.1286,0.05,
985,0,0.399146,0.000000,0.546729,8.23e-05,0.1174,0.05,
986,0,0.398790,0.000000,0.588532,8.22e-05,0.1366,0.05,
987,0,0.415337,0.000000,0.640476,8.22e-05,0.1193,0.05,
988,0,0.409676,0.000000,0.622383,8.21e-05,0.1297,0.06,
989,0,0.422261,0.000000,0.557245,8.21e-05,0.1079,0.06,
990,0,0.410430,0.000000,0.581378,8.20e-05,0.1715,0.05,
991,0,0.410246,0.000000,0.558770,8.20e-05,0.2071,0.06,
992,0,0.405068,0.000000,0.551319,8.19e-05,0.1247,0.06,
993,0,0.416522,0.000000,0.609718,8.19e-05,0.1334,0.06,
994,0,0.422989,0.000000,0.624136,8.18e-05,0.1809,0.05,
995,0,0.429003,0.000000,0.621406,8.18e-05,0.1402,0.06,
996,0,0.409627,0.000000,0.567865,8.17e-05,0.1116,0.05,
997,0,0.416027,0.000000,0.588057,8.16e-05,0.1433,0.05,
998,0,0.412994,0.000000,0.601328,8.16e-05,0.1254,0.05,
999,0,0.418305,0.000000,0.613071,8.15e-05,0.1506,0.05,
1000,0,0.417464,0.000000,0.587320,8.15e-05,0.1313,0.06,
1001,0,0.417806,0.000000,0.602243,8.14e-05,0.1052,0.05,
1002,0,0.423327,0.000000,0.602161,8.14e-05,0.1336,0.05,
1003,0,0.419483,0.000000,0.579543,8.13e-05,0.1129,0.05,
1004,0,0.428035,0.000000,0.592520,8.13e-05,0.1009,0.06,
1005,0,0.429892,0.000000,0.611515,8.12e-05,0.1783,0.06,
1006,0,0.418865,0.000000,0.641759,8.12e-05,0.2478,0.06,
1007,0,0.414051,0.000000,0.622182,8.11e-05,0.1097,0.05,
1008,0,0.406811,0.000000,0.585902,8.11e-05,0.1971,0.05,
1009,0,0.432347,0.000000,0.632125,8.10e-05,0.0978,0.05,
1010,0,0.417717,0.000000,0.605547,8.10e-05,0.1090,0.05,
1011,0,0.413874,0.000000,0.622465,8.09e-05,0.3064,0.05,
1012,0,0.424885,0.000000,0.630374,8.09e-05,0.1698,0.05,
1013,0,0.421214,0.000000,0.590028,8.08e-05,0.1183,0.05,
1014,0,0.433193,0.000000,0.590623,8.08e-05,0.1534,0.06,
1015,0,0.431541,0.000000,0.625454,8.07e-05,0.1523,0.06,
1016,0,0.432659,0.000000,0.682067,8.07e-05,0.1309,0.06,
1017,0,0.427559,0.000000,0.635317,8.06e-05,0.1328,0.05,
1018,0,0.415107,0.000000,0.608935,8.06e-05,0.1475,0.05,
1019,0,0.432157,0.000000,0.645517,8.05e-05,0.1069,0.05,
1020,0,0.410709,0.000000,0.584439,8.05e-05,0.1383,0.05,
1021,0,0.416536,0.000000,0.609070,8.04e-05,0.1887,0.05,
1022,0,0.418612,0.000000,0.612960,8.04e-05,0.1616,0.04,
1023,0,0.412161,0.000000,0.588687,8.03e-05,0.1255,0.04,
1024,0,0.422452,0.000000,0.615185,8.03e-05,0.1559,0.06,
1025,0,0.424878,0.000000,0.598097,8.02e-05,0.1146,0.06,
1026,0,0.423213,0.000000,0.612774,8.02e-05,0.1326,0.06,
1027,0,0.418881,0.000000,0.624532,8.01e-05,0.1410,0.06,
1028,0,0.411745,0.000000,0.652705,8.00e-05,0.1223,0.05,
1029,0,0.416621,0.000000,0.602973,8.00e-05,0.1214,0.05,
1030,0,0.416223,0.000000,0.647209,7.99e-05,0.1552,0.05,
1031,0,0.412213,0.000000,0.622655,7.99e-05,0.1149,0.05,
1032,0,0.420927,0.000000,0.647376,7.98e-05,0.1097,0.05,
1033,0,0.405479,0.000000,0.602114,7.98e-05,0.1685,0.05,
1034,0,0.414595,0.000000,0.595262,7.97e-05,0.2090,0.05,
1035,0,0.417727,0.000000,0.618488,7.97e-05,0.1086,0.05,
1036,0,0.421484,0.000000,0.617438,7.96e-05,0.1411,0.05,
1037,0,0.410200,0.000000,0.639122,7.96e-05,0.1090,0.05,
1038,0,0.415781,0.000000,0.617079,7.95e-05,0.1488,0.06,
1039,0,0.417232,0.000000,0.634013,7.95e-05,0.1666,0.06,
1040,0,0.404157,0.000000,0.617569,7.94e-05,0.1676,0.05,
1041,0,0.420776,0.000000,0.623292,7.94e-05,0.1095,0.05,
1042,0,0.411141,0.000000,0.590953,7.93e-05,0.1326,0.05,
1043,0,0.407701,0.000000,0.643869,7.93e-05,0.2850,0.05,
1044,0,0.405136,0.000000,0.623747,7.92e-05,0.2741,0.05,
1045,0,0.409264,0.000000,0.604819,7.91e-05,0.1495,0.05,
1046,0,0.414219,0.000000,0.634639,7.91e-05,0.3568,0.05,
1047,0,0.411482,0.000000,0.662491,7.90e-05,0.3179,0.05,
1048,0,0.423492,0.000000,0.648823,7.90e-05,0.2476,0.06,
1049,0,0.413108,0.000000,0.602408,7.89e-05,0.1653,0.06,
1050,0,0.423396,0.000000,0.610496,7.89e-05,0.1494,0.05,
1051,0,0.419723,0.000000,0.642740,7.88e-05,0.2792,0.05,
1052,0,0.424070,0.000000,0.667919,7.88e-05,0.3388,0.06,
1053,0,0.418733,0.000000,0.610024,7.87e-05,0.2225,0.05,
1054,0,0.424529,0.000000,0.646445,7.87e-05,0.1353,0.06,
1055,0,0.414015,0.000000,0.599756,7.86e-05,0.1436,0.05,
1056,0,0.425884,0.000000,0.597411,7.86e-05,0.1494,0.06,
1057,0,0.417184,0.000000,0.577962,7.85e-05,0.1172,0.06,
1058,0,0.413212,0.000000,0.603869,7.84e-05,0.1509,0.05,
1059,0,0.421990,0.000000,0.602653,7.84e-05,0.1345,0.05,
1060,0,0.418733,0.000000,0.610982,7.83e-05,0.1362,0.05,
1061,0,0.418225,0.000000,0.586010,7.83e-05,0.1464,0.06,
1062,0,0.414872,0.000000,0.568690,7.82e-05,0.1510,0.05,
1063,0,0.409735,0.000000,0.611750,7.82e-05,0.1990,0.05,
1064,0,0.414231,0.000000,0.595798,7.81e-05,0.1070,0.06,
1065,0,0.411788,0.000000,0.587350,7.81e-05,0.1493,0.05,
1066,0,0.405717,0.000000,0.557009,7.80e-05,0.1491,0.05,
1067,0,0.418688,0.000000,0.587903,7.80e-05,0.1095,0.05,
1068,0,0.418616,0.000000,0.603589,7.79e-05,0.1115,0.06,
1069,0,0.407665,0.000000,0.605833,7.78e-05,0.1804,0.05,
1070,0,0.414489,0.000000,0.619598,7.78e-05,0.1191,0.05,
1071,0,0.415023,0.000000,0.556875,7.77e-05,0.0876,0.06,
1072,0,0.409405,0.000000,0.549973,7.77e-05,0.0961,0.05,
1073,0,0.411954,0.000000,0.586750,7.76e-05,0.2315,0.05,
1074,0,0.417168,0.000000,0.561017,7.76e-05,0.0952,0.06,
1075,0,0.418758,0.000000,0.589271,7.75e-05,0.1472,0.06,
1076,0,0.413966,0.000000,0.596776,7.75e-05,0.1223,0.05,
1077,0,0.415408,0.000000,0.635535,7.74e-05,0.1821,0.05,
1078,0,0.414345,0.000000,0.578326,7.74e-05,0.1182,0.05,
1079,0,0.422834,0.000000,0.627516,7.73e-05,0.1111,0.06,
1080,0,0.423444,0.000000,0.589182,7.72e-05,0.1600,0.06,
1081,0,0.415489,0.000000,0.584205,7.72e-05,0.2375,0.05,
1082,0,0.408867,0.000000,0.594189,7.71e-05,0.1278,0.05,
1083,0,0.419064,0.000000,0.548550,7.71e-05,0.0976,0.05,
1084,0,0.405103,0.000000,0.581494,7.70e-05,0.1141,0.05,
1085,0,0.420235,0.000000,0.575915,7.70e-05,0.1447,0.05,
1086,0,0.411363,0.000000,0.599626,7.69e-05,0.1358,0.05,
1087,0,0.419764,0.000000,0.616551,7.69e-05,0.1404,0.06,
1088,0,0.403690,0.000000,0.558401,7.68e-05,0.1260,0.05,
1089,0,0.408554,0.000000,0.567506,7.67e-05,0.1401,0.05,
1090,0,0.407091,0.000000,0.602091,7.67e-05,0.1917,0.05,
1091,0,0.412984,0.000000,0.611578,7.66e-05,0.1380,0.06,
1092,0,0.417909,0.000000,0.632000,7.66e-05,0.3137,0.05,
1093,0,0.416735,0.000000,0.613199,7.65e-05,0.3761,0.05,
1094,0,0.411375,0.000000,0.588429,7.65e-05,0.1682,0.05,
1095,0,0.422616,0.000000,0.595846,7.64e-05,0.1528,0.05,
1096,0,0.421892,0.000000,0.577371,7.64e-05,0.2251,0.06,
1097,0,0.417782,0.000000,0.611826,7.63e-05,0.4118,0.05,
1098,0,0.411357,0.000000,0.578516,7.62e-05,0.1023,0.05,
1099,0,0.407609,0.000000,0.593891,7.62e-05,0.1346,0.06,
1100,0,0.413024,0.000000,0.621110,7.61e-05,0.2281,0.05,
1101,0,0.401634,0.000000,0.558793,7.61e-05,0.1643,0.05,
1102,0,0.420183,0.000000,0.612982,7.60e-05,0.2392,0.06,
1103,0,0.420190,0.000000,0.577624,7.60e-05,0.2041,0.06,
1104,0,0.409478,0.000000,0.560555,7.59e-05,0.1311,0.05,
1105,0,0.419745,0.000000,0.583553,7.58e-05,0.2633,0.06,
1106,0,0.405009,0.000000,0.579667,7.58e-05,0.3364,0.05,
1107,0,0.412562,0.000000,0.565051,7.57e-05,0.2151,0.05,
1108,0,0.407910,0.000000,0.557247,7.57e-05,0.0953,0.05,
1109,0,0.415247,0.000000,0.550632,7.56e-05,0.1385,0.05,
1110,0,0.405621,0.000000,0.606274,7.56e-05,0.1492,0.05,
1111,0,0.410874,0.000000,0.560040,7.55e-05,0.2336,0.05,
1112,0,0.409844,0.000000,0.555126,7.55e-05,0.2432,0.05,
1113,0,0.411371,0.000000,0.603512,7.54e-05,0.1735,0.05,
1114,0,0.422508,0.000000,0.588572,7.53e-05,0.1258,0.06,
1115,0,0.412321,0.000000,0.589920,7.53e-05,0.1451,0.06,
1116,0,0.413171,0.000000,0.599766,7.52e-05,0.1963,0.05,
1117,0,0.422794,0.000000,0.606688,7.52e-05,0.2437,0.05,
1118,0,0.416771,0.000000,0.558139,7.51e-05,0.1223,0.05,
1119,0,0.421466,0.000000,0.591156,7.51e-05,0.1435,0.05,
1120,0,0.406445,0.000000,0.575670,7.50e-05,0.1225,0.05,
1121,0,0.413369,0.000000,0.598054,7.49e-05,0.1892,0.05,
1122,0,0.401751,0.000000,0.563945,7.49e-05,0.1925,0.05,
1123,0,0.403068,0.000000,0.614975,7.48e-05,0.1508,0.05,
1124,0,0.411358,0.000000,0.637294,7.48e-05,0.1606,0.05,
1125,0,0.417122,0.000000,0.608717,7.47e-05,0.1712,0.06,
1126,0,0.417628,0.000000,0.568715,7.47e-05,0.1968,0.05,
1127,0,0.406162,0.000000,0.564289,7.46e-05,0.1418,0.05,
1128,0,0.408724,0.000000,0.578973,7.45e-05,0.2008,0.06,
1129,0,0.417651,0.000000,0.600081,7.45e-05,0.1859,0.06,
1130,0,0.409049,0.000000,0.570710,7.44e-05,0.1982,0.05,
1131,0,0.414898,0.000000,0.589979,7.44e-05,0.1850,0.05,
1132,0,0.403776,0.000000,0.540700,7.43e-05,0.1878,0.05,
1133,0,0.407234,0.000000,0.534646,7.43e-05,0.1191,0.05,
1134,0,0.408807,0.000000,0.552997,7.42e-05,0.1369,0.05,
1135,0,0.404813,0.000000,0.561375,7.41e-05,0.1096,0.05,
1136,0,0.401598,0.000000,0.581409,7.41e-05,0.1310,0.05,
1137,0,0.413688,0.000000,0.548231,7.40e-05,0.1294,0.05,
1138,0,0.405564,0.000000,0.537428,7.40e-05,0.3116,0.05,
1139,0,0.416608,0.000000,0.555255,7.39e-05,0.1065,0.05,
1140,0,0.412282,0.000000,0.566681,7.39e-05,0.1386,0.06,
1141,0,0.403128,0.000000,0.575325,7.38e-05,0.1410,0.05,
1142,0,0.401986,0.000000,0.574322,7.37e-05,0.2119,0.05,
1143,0,0.402982,0.000000,0.533107,7.37e-05,0.1485,0.05,
1144,0,0.399716,0.000000,0.517469,7.36e-05,0.1316,0.05,
1145,0,0.405370,0.000000,0.541940,7.36e-05,0.1107,0.05,
1146,0,0.406941,0.000000,0.609227,7.35e-05,0.1884,0.05,
1147,0,0.402286,0.000000,0.547405,7.34e-05,0.1549,0.05,
1148,0,0.411705,0.000000,0.564992,7.34e-05,0.1432,0.06,
1149,0,0.410002,0.000000,0.572512,7.33e-05,0.1083,0.05,
1150,0,0.401935,0.000000,0.526241,7.33e-05,0.1273,0.05,
1151,0,0.399056,0.000000,0.555770,7.32e-05,0.2367,0.05,
1152,0,0.403360,0.000000,0.530918,7.32e-05,0.1868,0.05,
1153,0,0.411746,0.000000,0.558254,7.31e-05,0.0962,0.05,
1154,0,0.409371,0.000000,0.574428,7.30e-05,0.1176,0.06,
1155,0,0.412230,0.000000,0.543249,7.30e-05,0.1628,0.06,
1156,0,0.406086,0.000000,0.598088,7.29e-05,0.2776,0.06,
1157,0,0.405585,0.000000,0.559844,7.29e-05,0.1011,0.06,
1158,0,0.400971,0.000000,0.524993,7.28e-05,0.1282,0.05,
1159,0,0.405480,0.000000,0.531647,7.27e-05,0.1605,0.05,
1160,0,0.408843,0.000000,0.540263,7.27e-05,0.1017,0.05,
1161,0,0.409118,0.000000,0.556092,7.26e-05,0.1512,0.05,
1162,0,0.405241,0.000000,0.551407,7.26e-05,0.1465,0.05,
1163,0,0.411370,0.000000,0.558830,7.25e-05,0.1794,0.05,
1164,0,0.415227,0.000000,0.592403,7.25e-05,0.1219,0.06,
1165,0,0.419617,0.000000,0.550241,7.24e-05,0.1291,0.06,
1166,0,0.411212,0.000000,0.541369,7.23e-05,0.1378,0.06,
1167,0,0.408813,0.000000,0.560954,7.23e-05,0.1794,0.05,
1168,0,0.410473,0.000000,0.582482,7.22e-05,0.1982,0.05,
1169,0,0.409509,0.000000,0.547016,7.22e-05,0.1566,0.05,
1170,0,0.413260,0.000000,0.567480,7.21e-05,0.2395,0.06,
1171,0,0.416973,0.000000,0.550574,7.20e-05,0.1610,0.06,
1172,0,0.421146,0.000000,0.546843,7.20e-05,0.1826,0.06,
1173,0,0.414447,0.000000,0.552448,7.19e-05,0.1262,0.06,
1174,0,0.418457,0.000000,0.547684,7.19e-05,0.2559,0.06,
1175,0,0.420166,0.000000,0.579128,7.18e-05,0.1423,0.06,
1176,0,0.414148,0.000000,0.582303,7.17e-05,0.1386,0.05,
1177,0,0.417734,0.000000,0.582014,7.17e-05,0.1739,0.06,
1178,0,0.409043,0.000000,0.589415,7.16e-05,0.2962,0.05,
1179,0,0.408622,0.000000,0.530627,7.16e-05,0.1705,0.05,
1180,0,0.399717,0.000000,0.545524,7.15e-05,0.1498,0.05,
1181,0,0.420733,0.000000,0.552732,7.14e-05,0.1766,0.05,
1182,0,0.409581,0.000000,0.587669,7.14e-05,0.1640,0.05,
1183,0,0.400695,0.000000,0.532509,7.13e-05,0.2078,0.05,
1184,0,0.413545,0.000000,0.574852,7.13e-05,0.1435,0.05,
1185,0,0.410473,0.000000,0.555836,7.12e-05,0.1587,0.05,
1186,0,0.419689,0.000000,0.604438,7.12e-05,0.1371,0.06,
1187,0,0.418657,0.000000,0.564277,7.11e-05,0.2568,0.06,
1188,0,0.412578,0.000000,0.597205,7.10e-05,0.1994,0.05,
1189,0,0.421031,0.000000,0.633617,7.10e-05,0.5256,0.05,
1190,0,0.417952,0.000000,0.634018,7.09e-05,0.2332,0.06,
1191,0,0.404493,0.000000,0.621372,7.09e-05,0.2301,0.05,
1192,0,0.414324,0.000000,0.597198,7.08e-05,0.2561,0.05,
1193,0,0.421086,0.000000,0.615816,7.07e-05,0.3643,0.05,
1194,0,0.407712,0.000000,0.638906,7.07e-05,0.3499,0.05,
1195,0,0.411386,0.000000,0.602812,7.06e-05,0.2386,0.05,
1196,0,0.411652,0.000000,0.618143,7.06e-05,0.1549,0.05,
1197,0,0.412211,0.000000,0.580425,7.05e-05,0.1814,0.05,
1198,0,0.415423,0.000000,0.627627,7.04e-05,0.2823,0.06,
1199,0,0.415846,0.000000,0.638187,7.04e-05,0.2486,0.06,
1200,0,0.410976,0.000000,0.587370,7.03e-05,0.2535,0.05,
1201,0,0.409266,0.000000,0.562464,7.03e-05,0.1832,0.05,
1202,0,0.415805,0.000000,0.575672,7.02e-05,0.1394,0.05,
1203,0,0.416672,0.000000,0.578684,7.01e-05,0.1780,0.06,
1203,0,,,,,,,0.412625
1204,0,0.415215,0.000000,0.610247,7.01e-05,0.2154,0.00,
1205,0,0.408658,0.000000,0.597438,7.00e-05,0.3266,0.05,
1206,0,0.418155,0.000000,0.597898,7.00e-05,0.2665,0.05,
1207,0,0.412568,0.000000,0.567681,6.99e-05,0.1689,0.05,
1208,0,0.410857,0.000000,0.576824,6.98e-05,0.1625,0.05,
1209,0,0.407138,0.000000,0.553432,6.98e-05,0.1678,0.05,
1210,0,0.417557,0.000000,0.595941,6.97e-05,0.1685,0.05,
1211,0,0.407162,0.000000,0.596868,6.96e-05,0.2013,0.05,
1212,0,0.406473,0.000000,0.582435,6.96e-05,0.3541,0.05,
1213,0,0.407421,0.000000,0.539585,6.95e-05,0.1862,0.05,
1214,0,0.414292,0.000000,0.588481,6.95e-05,0.1380,0.05,
1215,0,0.410064,0.000000,0.596213,6.94e-05,0.1765,0.05,
1216,0,0.406535,0.000000,0.606149,6.93e-05,0.1784,0.05,
1217,0,0.419161,0.000000,0.595722,6.93e-05,0.1667,0.05,
1218,0,0.412769,0.000000,0.600711,6.92e-05,0.3392,0.05,
1219,0,0.421399,0.000000,0.628982,6.92e-05,0.3066,0.05,
1220,0,0.406864,0.000000,0.597413,6.91e-05,0.3266,0.05,
1221,0,0.421181,0.000000,0.583483,6.90e-05,0.1634,0.05,
1222,0,0.405377,0.000000,0.566995,6.90e-05,0.1390,0.05,
1223,0,0.404048,0.000000,0.582849,6.89e-05,0.2341,0.05,
1224,0,0.405052,0.000000,0.600662,6.89e-05,0.3060,0.05,
1225,0,0.413496,0.000000,0.596810,6.88e-05,0.1858,0.05,
1226,0,0.409857,0.000000,0.598513,6.87e-05,0.2013,0.05,
1227,0,0.416440,0.000000,0.597247,6.87e-05,0.1832,0.05,
1228,0,0.407256,0.000000,0.575401,6.86e-05,0.1541,0.05,
1229,0,0.405907,0.000000,0.575950,6.86e-05,0.1205,0.05,
1230,0,0.403825,0.000000,0.579147,6.85e-05,0.1708,0.05,
1231,0,0.405161,0.000000,0.600861,6.84e-05,0.2356,0.05,
1232,0,0.409522,0.000000,0.597565,6.84e-05,0.2103,0.05,
1233,0,0.410159,0.000000,0.568048,6.83e-05,0.1348,0.05,
1234,0,0.404625,0.000000,0.563492,6.82e-05,0.1370,0.05,
1235,0,0.400945,0.000000,0.575788,6.82e-05,0.1612,0.05,
1236,0,0.412692,0.000000,0.591509,6.81e-05,0.1937,0.05,
1237,0,0.414254,0.000000,0.563549,6.81e-05,0.1134,0.05,
1238,0,0.408103,0.000000,0.569033,6.80e-05,0.1883,0.05,
1239,0,0.417463,0.000000,0.599764,6.79e-05,0.2265,0.05,
1240,0,0.423286,0.000000,0.605151,6.79e-05,0.2526,0.05,
1241,0,0.407728,0.000000,0.553908,6.78e-05,0.2012,0.05,
1242,0,0.412155,0.000000,0.554759,6.78e-05,0.1472,0.05,
1243,0,0.407971,0.000000,0.564482,6.77e-05,0.2297,0.05,
1244,0,0.404853,0.000000,0.600443,6.76e-05,0.1807,0.05,
1245,0,0.415194,0.000000,0.544780,6.76e-05,0.1327,0.05,
1246,0,0.409052,0.000000,0.552294,6.75e-05,0.1243,0.05,
1247,0,0.404112,0.000000,0.563101,6.75e-05,0.1186,0.05,
1248,0,0.405470,0.000000,0.553448,6.74e-05,0.1021,0.05,
1249,0,0.412402,0.000000,0.592089,6.73e-05,0.1221,0.05,
1250,0,0.410315,0.000000,0.568964,6.73e-05,0.1505,0.05,
1251,0,0.411597,0.000000,0.617440,6.72e-05,0.2053,0.05,
1252,0,0.410634,0.000000,0.578788,6.71e-05,0.2067,0.05,
1253,0,0.417608,0.000000,0.581680,6.71e-05,0.3902,0.05,
1254,0,0.408014,0.000000,0.584144,6.70e-05,0.1823,0.05,
1255,0,0.401176,0.000000,0.574297,6.70e-05,0.1713,0.05,
1256,0,0.406709,0.000000,0.613316,6.69e-05,0.1879,0.05,
1257,0,0.410187,0.000000,0.593993,6.68e-05,0.3067,0.05,
1258,0,0.407583,0.000000,0.586413,6.68e-05,0.2654,0.05,
1259,0,0.412851,0.000000,0.577945,6.67e-05,0.2160,0.05,
1260,0,0.412556,0.000000,0.593154,6.66e-05,0.2219,0.05,
1261,0,0.413069,0.000000,0.606432,6.66e-05,0.1702,0.05,
1262,0,0.409934,0.000000,0.585964,6.65e-05,0.1989,0.05,
1263,0,0.407978,0.000000,0.561173,6.65e-05,0.2175,0.05,
1264,0,0.407690,0.000000,0.580259,6.64e-05,0.3029,0.05,
1265,0,0.403079,0.000000,0.576606,6.63e-05,0.1755,0.05,
1266,0,0.410390,0.000000,0.564137,6.63e-05,0.2382,0.05,
1267,0,0.412328,0.000000,0.563477,6.62e-05,0.1401,0.05,
1268,0,0.404449,0.000000,0.526016,6.61e-05,0.1382,0.05,
1269,0,0.413996,0.000000,0.607948,6.61e-05,0.3129,0.06,
1270,0,0.416113,0.000000,0.590790,6.60e-05,0.2679,0.05,
1271,0,0.415237,0.000000,0.566736,6.60e-05,0.1640,0.05,
1272,0,0.414379,0.000000,0.608486,6.59e-05,0.2527,0.05,
1273,0,0.401596,0.000000,0.577170,6.58e-05,0.1406,0.05,
1274,0,0.409582,0.000000,0.590037,6.58e-05,0.1787,0.06,
1275,0,0.412902,0.000000,0.551896,6.57e-05,0.1185,0.06,
1276,0,0.406565,0.000000,0.593806,6.57e-05,0.2380,0.05,
1277,0,0.409606,0.000000,0.572525,6.56e-05,0.3534,0.05,
1278,0,0.405971,0.000000,0.580131,6.55e-05,0.3059,0.05,
1279,0,0.395435,0.000000,0.518921,6.55e-05,0.2145,0.05,
1280,0,0.410505,0.000000,0.596814,6.54e-05,0.1590,0.05,
1281,0,0.405604,0.000000,0.592480,6.53e-05,0.2226,0.05,
1282,0,0.411174,0.000000,0.600460,6.53e-05,0.3882,0.05,
1283,0,0.408889,0.000000,0.627884,6.52e-05,0.4110,0.05,
1284,0,0.407639,0.000000,0.575650,6.52e-05,0.2312,0.05,
1285,0,0.406536,0.000000,0.586946,6.51e-05,0.1443,0.05,
1286,0,0.398596,0.000000,0.587888,6.50e-05,0.2780,0.05,
1287,0,0.407543,0.000000,0.534575,6.50e-05,0.2593,0.05,
1288,0,0.402360,0.000000,0.569397,6.49e-05,0.3320,0.05,
1289,0,0.403799,0.000000,0.625350,6.48e-05,0.2032,0.05,
1290,0,0.396599,0.000000,0.575705,6.48e-05,0.2266,0.05,
1291,0,0.415633,0.000000,0.619574,6.47e-05,0.1755,0.05,
1292,0,0.403003,0.000000,0.584601,6.46e-05,0.1541,0.05,
1293,0,0.406753,0.000000,0.660849,6.46e-05,0.4694,0.05,
1294,0,0.411694,0.000000,0.637651,6.45e-05,0.2736,0.05,
1295,0,0.409239,0.000000,0.587156,6.45e-05,0.2013,0.05,
1296,0,0.420394,0.000000,0.585539,6.44e-05,0.1210,0.05,
1297,0,0.407232,0.000000,0.578786,6.43e-05,0.1391,0.05,
1298,0,0.411556,0.000000,0.565914,6.43e-05,0.1996,0.05,
1299,0,0.416347,0.000000,0.579058,6.42e-05,0.1139,0.05,
1300,0,0.398321,0.000000,0.552600,6.41e-05,0.1899,0.05,
1301,0,0.412242,0.000000,0.554056,6.41e-05,0.1217,0.05,
1302,0,0.414171,0.000000,0.586126,6.40e-05,0.1690,0.05,
1303,0,0.415453,0.000000,0.585604,6.40e-05,0.1266,0.05,
1304,0,0.409000,0.000000,0.608395,6.39e-05,0.2194,0.05,
1305,0,0.408382,0.000000,0.629332,6.38e-05,0.2772,0.05,
1306,0,0.407081,0.000000,0.569846,6.38e-05,0.2066,0.05,
1307,0,0.414790,0.000000,0.560718,6.37e-05,0.1306,0.05,
1308,0,0.410273,0.000000,0.574815,6.36e-05,0.1595,0.05,
1309,0,0.413304,0.000000,0.585133,6.36e-05,0.1283,0.05,
1310,0,0.417259,0.000000,0.608474,6.35e-05,0.2199,0.05,
1311,0,0.416445,0.000000,0.604899,6.34e-05,0.1135,0.05,
1312,0,0.410067,0.000000,0.557500,6.34e-05,0.1028,0.05,
1313,0,0.413356,0.000000,0.557448,6.33e-05,0.1025,0.05,
1314,0,0.413369,0.000000,0.612745,6.33e-05,0.1350,0.05,
1315,0,0.407780,0.000000,0.596578,6.32e-05,0.2027,0.05,
1316,0,0.396810,0.000000,0.590129,6.31e-05,0.1716,0.05,
1317,0,0.403336,0.000000,0.571685,6.31e-05,0.1284,0.05,
1318,0,0.415386,0.000000,0.588644,6.30e-05,0.1076,0.05,
1319,0,0.412033,0.000000,0.567848,6.29e-05,0.1132,0.05,
1320,0,0.405464,0.000000,0.563363,6.29e-05,0.1559,0.05,
1321,0,0.411329,0.000000,0.605986,6.28e-05,0.1202,0.04,
1322,0,0.407323,0.000000,0.565571,6.28e-05,0.1273,0.04,
1323,0,0.406754,0.000000,0.554940,6.27e-05,0.2399,0.05,
1324,0,0.403423,0.000000,0.536563,6.26e-05,0.0977,0.05,
1325,0,0.404297,0.000000,0.530159,6.26e-05,0.1560,0.05,
1326,0,0.416343,0.000000,0.567166,6.25e-05,0.1317,0.05,
1327,0,0.401294,0.000000,0.547265,6.24e-05,0.1570,0.05,
1328,0,0.417622,0.000000,0.580460,6.24e-05,0.1754,0.05,
1329,0,0.407486,0.000000,0.583286,6.23e-05,0.2907,0.05,
1330,0,0.404949,0.000000,0.606757,6.22e-05,0.1429,0.05,
1331,0,0.414231,0.000000,0.591191,6.22e-05,0.1522,0.05,
1332,0,0.411471,0.000000,0.573770,6.21e-05,0.1242,0.05,
1333,0,0.412347,0.000000,0.571767,6.20e-05,0.1765,0.05,
1334,0,0.409930,0.000000,0.587771,6.20e-05,0.3362,0.05,
1335,0,0.412969,0.000000,0.579212,6.19e-05,0.2701,0.05,
1336,0,0.417011,0.000000,0.577697,6.19e-05,0.2123,0.05,
1337,0,0.410672,0.000000,0.573480,6.18e-05,0.1433,0.05,
1338,0,0.411883,0.000000,0.614932,6.17e-05,0.3612,0.05,
1339,0,0.404161,0.000000,0.553170,6.17e-05,0.3278,0.05,
1340,0,0.408357,0.000000,0.563510,6.16e-05,0.2649,0.05,
1341,0,0.412189,0.000000,0.611367,6.15e-05,0.1322,0.05,
1342,0,0.411827,0.000000,0.611870,6.15e-05,0.1635,0.05,
1343,0,0.416740,0.000000,0.576685,6.14e-05,0.1935,0.05,
1344,0,0.406243,0.000000,0.540164,6.13e-05,0.1433,0.05,
1345,0,0.404712,0.000000,0.575593,6.13e-05,0.2208,0.05,
1346,0,0.408288,0.000000,0.569266,6.12e-05,0.1784,0.05,
1347,0,0.407677,0.000000,0.526237,6.12e-05,0.1099,0.05,
1348,0,0.401519,0.000000,0.555527,6.11e-05,0.1098,0.05,
1349,0,0.402843,0.000000,0.578289,6.10e-05,0.1593,0.05,
1350,0,0.412829,0.000000,0.623135,6.10e-05,0.2065,0.05,
1351,0,0.415723,0.000000,0.586693,6.09e-05,0.1749,0.05,
1352,0,0.410755,0.000000,0.578910,6.08e-05,0.1760,0.05,
1353,0,0.412706,0.000000,0.594591,6.08e-05,0.1995,0.05,
1354,0,0.415569,0.000000,0.563762,6.07e-05,0.1297,0.05,
1355,0,0.412968,0.000000,0.564727,6.06e-05,0.1867,0.05,
1356,0,0.412623,0.000000,0.569860,6.06e-05,0.1523,0.05,
1357,0,0.408942,0.000000,0.601258,6.05e-05,0.1393,0.05,
1358,0,0.411241,0.000000,0.544342,6.04e-05,0.1386,0.05,
1359,0,0.408204,0.000000,0.562941,6.04e-05,0.1017,0.05,
1360,0,0.408633,0.000000,0.541929,6.03e-05,0.1719,0.05,
1361,0,0.399844,0.000000,0.515013,6.03e-05,0.2578,0.05,
1362,0,0.413046,0.000000,0.578837,6.02e-05,0.1202,0.05,
1363,0,0.416023,0.000000,0.562749,6.01e-05,0.2016,0.06,
1364,0,0.407690,0.000000,0.573353,6.01e-05,0.1512,0.05,
1365,0,0.406038,0.000000,0.645060,6.00e-05,0.1622,0.05,
1366,0,0.421701,0.000000,0.589552,5.99e-05,0.2698,0.05,
1367,0,0.399925,0.000000,0.545526,5.99e-05,0.2430,0.05,
1368,0,0.419046,0.000000,0.576774,5.98e-05,0.1098,0.05,
1369,0,0.418569,0.000000,0.571091,5.97e-05,0.2143,0.05,
1370,0,0.412274,0.000000,0.588489,5.97e-05,0.1816,0.05,
1371,0,0.414798,0.000000,0.543096,5.96e-05,0.1674,0.05,
1372,0,0.417572,0.000000,0.634121,5.95e-05,0.1582,0.05,
1373,0,0.408510,0.000000,0.559892,5.95e-05,0.1155,0.05,
1374,0,0.400754,0.000000,0.585081,5.94e-05,0.1794,0.05,
1375,0,0.406658,0.000000,0.552687,5.94e-05,0.1695,0.05,
1376,0,0.409687,0.000000,0.585522,5.93e-05,0.1528,0.05,
1377,0,0.403800,0.000000,0.578259,5.92e-05,0.1769,0.05,
1378,0,0.417088,0.000000,0.578658,5.92e-05,0.1871,0.05,
1379,0,0.410246,0.000000,0.591338,5.91e-05,0.1602,0.05,
1380,0,0.412731,0.000000,0.618458,5.90e-05,0.2374,0.05,
1381,0,0.421570,0.000000,0.583623,5.90e-05,0.1219,0.06,
1382,0,0.416766,0.000000,0.577141,5.89e-05,0.2438,0.05,
1383,0,0.407651,0.000000,0.575670,5.88e-05,0.1601,0.05,
1384,0,0.413424,0.000000,0.598359,5.88e-05,0.3055,0.05,
1385,0,0.411638,0.000000,0.558974,5.87e-05,0.1778,0.05,
1386,0,0.411196,0.000000,0.567763,5.86e-05,0.2766,0.05,
1387,0,0.408983,0.000000,0.631928,5.86e-05,0.1297,0.05,
1388,0,0.407677,0.000000,0.568564,5.85e-05,0.3273,0.05,
1389,0,0.413738,0.000000,0.569969,5.84e-05,0.2059,0.05,
1390,0,0.413757,0.000000,0.550196,5.84e-05,0.2298,0.05,
1391,0,0.417507,0.000000,0.580551,5.83e-05,0.1914,0.05,
1392,0,0.410987,0.000000,0.569318,5.83e-05,0.1750,0.05,
1393,0,0.409172,0.000000,0.568105,5.82e-05,0.3322,0.05,
1394,0,0.409497,0.000000,0.585765,5.81e-05,0.2863,0.05,
1395,0,0.392698,0.000000,0.530991,5.81e-05,0.2383,0.05,
1396,0,0.397454,0.000000,0.525103,5.80e-05,0.1107,0.05,
1397,0,0.411646,0.000000,0.606370,5.79e-05,0.2672,0.05,
1398,0,0.411234,0.000000,0.612459,5.79e-05,0.2427,0.05,
1399,0,0.417453,0.000000,0.574443,5.78e-05,0.1731,0.05,
1400,0,0.407458,0.000000,0.596542,5.77e-05,0.1630,0.05,
1401,0,0.409822,0.000000,0.563193,5.77e-05,0.1648,0.05,
1402,0,0.409374,0.000000,0.543372,5.76e-05,0.1512,0.05,
1403,0,0.408729,0.000000,0.562702,5.75e-05,0.1211,0.05,
1404,0,0.410900,0.000000,0.570494,5.75e-05,0.2090,0.05,
1405,0,0.411686,0.000000,0.581698,5.74e-05,0.2917,0.05,
1406,0,0.407901,0.000000,0.590538,5.73e-05,0.1257,0.05,
1407,0,0.425098,0.000000,0.607280,5.73e-05,0.1879,0.05,
1408,0,0.425723,0.000000,0.577180,5.72e-05,0.1599,0.05,
1409,0,0.418473,0.000000,0.557119,5.71e-05,0.1388,0.05,
1410,0,0.412840,0.000000,0.545036,5.71e-05,0.1301,0.05,
1411,0,0.411340,0.000000,0.522105,5.70e-05,0.1334,0.05,
1412,0,0.406609,0.000000,0.546031,5.69e-05,0.1588,0.05,
1413,0,0.409186,0.000000,0.536243,5.69e-05,0.1775,0.05,
1414,0,0.410467,0.000000,0.565685,5.68e-05,0.1913,0.05,
1415,0,0.412114,0.000000,0.574314,5.68e-05,0.2297,0.05,
1416,0,0.407679,0.000000,0.585505,5.67e-05,0.2201,0.05,
1417,0,0.406532,0.000000,0.546370,5.66e-05,0.1497,0.05,
1418,0,0.413270,0.000000,0.604899,5.66e-05,0.2268,0.05,
1419,0,0.410570,0.000000,0.609767,5.65e-05,0.2051,0.05,
1420,0,0.407236,0.000000,0.615736,5.64e-05,0.1391,0.05,
1421,0,0.408199,0.000000,0.596308,5.64e-05,0.7793,0.05,
1422,0,0.402164,0.000000,0.592175,5.63e-05,0.2256,0.05,
1423,0,0.413767,0.000000,0.587161,5.62e-05,1.3629,0.05,
1424,0,0.401246,0.000000,0.557081,5.62e-05,0.1454,0.05,
1425,0,0.406616,0.000000,0.627253,5.61e-05,0.2049,0.05,
1426,0,0.411194,0.000000,0.583831,5.60e-05,0.1461,0.05,
1427,0,0.409425,0.000000,0.566935,5.60e-05,0.1645,0.05,
1428,0,0.405199,0.000000,0.573432,5.59e-05,0.1455,0.05,
1429,0,0.411514,0.000000,0.586803,5.58e-05,0.1622,0.05,
1430,0,0.401645,0.000000,0.560333,5.58e-05,0.1463,0.05,
1431,0,0.412318,0.000000,0.579944,5.57e-05,0.2093,0.05,
1432,0,0.413375,0.000000,0.584620,5.56e-05,0.1437,0.05,
1433,0,0.403448,0.000000,0.569030,5.56e-05,0.1474,0.05,
1434,0,0.408372,0.000000,0.577452,5.55e-05,0.1846,0.05,
1435,0,0.401961,0.000000,0.579435,5.54e-05,0.1306,0.05,
1436,0,0.401103,0.000000,0.544366,5.54e-05,0.3502,0.05,
1437,0,0.408961,0.000000,0.579653,5.53e-05,0.2520,0.05,
1438,0,0.412007,0.000000,0.578468,5.53e-05,0.1346,0.05,
1439,0,0.402078,0.000000,0.563121,5.52e-05,0.1958,0.05,
1440,0,0.400904,0.000000,0.584735,5.51e-05,0.1700,0.05,
1441,0,0.403160,0.000000,0.549555,5.51e-05,0.1498,0.05,
1442,0,0.398079,0.000000,0.564370,5.50e-05,0.2560,0.05,
1443,0,0.405278,0.000000,0.616335,5.49e-05,0.2070,0.05,
1444,0,0.410729,0.000000,0.591147,5.49e-05,0.2433,0.05,
1445,0,0.402532,0.000000,0.570134,5.48e-05,0.1318,0.05,
1446,0,0.397935,0.000000,0.607704,5.47e-05,0.1675,0.05,
1447,0,0.397317,0.000000,0.591255,5.47e-05,0.1862,0.05,
1448,0,0.397564,0.000000,0.535612,5.46e-05,0.2107,0.05,
1449,0,0.398822,0.000000,0.589059,5.45e-05,0.1673,0.05,
1450,0,0.409109,0.000000,0.560489,5.45e-05,0.1468,0.05,
1451,0,0.403317,0.000000,0.569759,5.44e-05,0.1476,0.05,
1452,0,0.402747,0.000000,0.582233,5.43e-05,0.1288,0.05,
1453,0,0.405476,0.000000,0.592026,5.43e-05,0.1347,0.05,
1454,0,0.402587,0.000000,0.592752,5.42e-05,0.2351,0.05,
1455,0,0.402007,0.000000,0.573524,5.41e-05,0.1934,0.05,
1456,0,0.409857,0.000000,0.581997,5.41e-05,0.1722,0.05,
1457,0,0.408949,0.000000,0.568591,5.40e-05,0.1160,0.05,
1458,0,0.420642,0.000000,0.615696,5.39e-05,0.2371,0.05,
1459,0,0.410418,0.000000,0.561472,5.39e-05,0.1491,0.05,
1460,0,0.406345,0.000000,0.621149,5.38e-05,0.1818,0.05,
1461,0,0.406327,0.000000,0.603980,5.37e-05,0.2025,0.05,
1462,0,0.408584,0.000000,0.592758,5.37e-05,0.3053,0.05,
1463,0,0.410138,0.000000,0.604672,5.36e-05,0.2315,0.05,
1464,0,0.417590,0.000000,0.577873,5.35e-05,0.1378,0.05,
1465,0,0.407503,0.000000,0.579289,5.35e-05,0.1588,0.05,
1466,0,0.409651,0.000000,0.565784,5.34e-05,0.2534,0.05,
1467,0,0.402538,0.000000,0.593276,5.34e-05,0.2150,0.05,
1468,0,0.406003,0.000000,0.540841,5.33e-05,0.1430,0.05,
1469,0,0.405818,0.000000,0.533843,5.32e-05,0.2518,0.05,
1470,0,0.410959,0.000000,0.554012,5.32e-05,0.1484,0.05,
1471,0,0.406771,0.000000,0.616317,5.31e-05,0.2040,0.05,
1472,0,0.400408,0.000000,0.589060,5.30e-05,0.1554,0.05,
1473,0,0.410059,0.000000,0.567218,5.30e-05,0.2415,0.05,
1474,0,0.409004,0.000000,0.562032,5.29e-05,0.1303,0.05,
1475,0,0.403778,0.000000,0.569289,5.28e-05,0.1508,0.05,
1476,0,0.410180,0.000000,0.598505,5.28e-05,0.2452,0.05,
1477,0,0.403655,0.000000,0.554283,5.27e-05,0.1306,0.05,
1478,0,0.418085,0.000000,0.594927,5.26e-05,0.1772,0.05,
1479,0,0.406968,0.000000,0.625066,5.26e-05,0.1448,0.05,
1480,0,0.414740,0.000000,0.572287,5.25e-05,0.2048,0.05,
1481,0,0.417663,0.000000,0.580008,5.24e-05,0.1379,0.05,
1482,0,0.406471,0.000000,0.568835,5.24e-05,0.1334,0.05,
1483,0,0.414207,0.000000,0.615266,5.23e-05,0.2542,0.05,
1484,0,0.410821,0.000000,0.591891,5.22e-05,0.2421,0.05,
1485,0,0.399918,0.000000,0.559745,5.22e-05,0.1774,0.05,
1486,0,0.403905,0.000000,0.564551,5.21e-05,0.1634,0.05,
1487,0,0.403945,0.000000,0.580739,5.20e-05,0.1345,0.05,
1488,0,0.416848,0.000000,0.591079,5.20e-05,0.1548,0.05,
1489,0,0.396811,0.000000,0.566972,5.19e-05,0.2400,0.05,
1490,0,0.402301,0.000000,0.552402,5.18e-05,0.2449,0.05,
1491,0,0.394344,0.000000,0.550442,5.18e-05,0.2400,0.05,
1492,0,0.394979,0.000000,0.535797,5.17e-05,0.1544,0.05,
1493,0,0.401911,0.000000,0.537690,5.16e-05,0.2107,0.05,
1494,0,0.408055,0.000000,0.556135,5.16e-05,0.1813,0.05,
1495,0,0.407086,0.000000,0.551478,5.15e-05,0.1451,0.05,
1496,0,0.407045,0.000000,0.577839,5.14e-05,0.1650,0.05,
1497,0,0.407979,0.000000,0.611089,5.14e-05,0.2004,0.05,
1498,0,0.408256,0.000000,0.562128,5.13e-05,0.1599,0.05,
1499,0,0.402505,0.000000,0.562872,5.12e-05,0.1896,0.05,
1500,0,0.404686,0.000000,0.561034,5.12e-05,0.1631,0.05,
1501,0,0.424956,0.000000,0.593805,5.11e-05,0.1310,0.05,
1502,0,0.403725,0.000000,0.603714,5.11e-05,0.1449,0.05,
1503,0,0.405621,0.000000,0.599415,5.10e-05,0.1936,0.05,
1504,0,0.410470,0.000000,0.563017,5.09e-05,0.1943,0.05,
1504,0,,,,,,,0.407309
1505,0,0.402061,0.000000,0.575037,5.09e-05,0.2019,0.00,
1506,0,0.404565,0.000000,0.580003,5.08e-05,0.1411,0.05,
1507,0,0.411727,0.000000,0.611715,5.07e-05,0.2755,0.05,
1508,0,0.408387,0.000000,0.618144,5.07e-05,0.2579,0.05,
1509,0,0.395307,0.000000,0.544926,5.06e-05,0.1623,0.05,
1510,0,0.414683,0.000000,0.605943,5.05e-05,0.2317,0.05,
1511,0,0.404722,0.000000,0.592228,5.05e-05,0.2314,0.05,
1512,0,0.404212,0.000000,0.584440,5.04e-05,0.1951,0.05,
1513,0,0.402126,0.000000,0.578660,5.03e-05,0.1464,0.05,
1514,0,0.408729,0.000000,0.580232,5.03e-05,0.2580,0.05,
1515,0,0.402290,0.000000,0.564024,5.02e-05,0.1143,0.05,
1516,0,0.391723,0.000000,0.553670,5.01e-05,0.1146,0.05,
1517,0,0.390418,0.000000,0.522385,5.01e-05,0.2220,0.05,
1518,0,0.409766,0.000000,0.579315,5.00e-05,0.1140,0.05,
1519,0,0.402779,0.000000,0.548278,4.99e-05,0.1302,0.05,
1520,0,0.409218,0.000000,0.621714,4.99e-05,0.2392,0.05,
1521,0,0.402717,0.000000,0.602137,4.98e-05,0.1921,0.05,
1522,0,0.400936,0.000000,0.594784,4.97e-05,0.1612,0.05,
1523,0,0.400996,0.000000,0.580055,4.97e-05,0.2538,0.05,
1524,0,0.404229,0.000000,0.592950,4.96e-05,0.1841,0.05,
1525,0,0.406618,0.000000,0.600216,4.95e-05,0.2242,0.05,
1526,0,0.392258,0.000000,0.598698,4.95e-05,0.1797,0.05,
1527,0,0.385433,0.000000,0.514895,4.94e-05,0.1455,0.05,
1528,0,0.401438,0.000000,0.554852,4.93e-05,0.1971,0.05,
1529,0,0.401758,0.000000,0.560067,4.93e-05,0.1543,0.05,
1530,0,0.401936,0.000000,0.554150,4.92e-05,0.2366,0.05,
1531,0,0.396131,0.000000,0.563404,4.91e-05,0.1376,0.05,
1532,0,0.395524,0.000000,0.564271,4.91e-05,0.1196,0.05,
1533,0,0.391386,0.000000,0.556731,4.90e-05,0.1776,0.05,
1534,0,0.393393,0.000000,0.576528,4.89e-05,0.1533,0.05,
1535,0,0.405194,0.000000,0.591109,4.89e-05,0.2092,0.05,
1536,0,0.398179,0.000000,0.560093,4.88e-05,0.1627,0.05,
1537,0,0.394808,0.000000,0.558752,4.88e-05,0.2373,0.05,
1538,0,0.396813,0.000000,0.553969,4.87e-05,0.2426,0.05,
1539,0,0.399247,0.000000,0.543998,4.86e-05,0.2542,0.05,
1540,0,0.406405,0.000000,0.534510,4.86e-05,0.0981,0.05,
1541,0,0.406587,0.000000,0.597723,4.85e-05,0.1504,0.05,
1542,0,0.410228,0.000000,0.606240,4.84e-05,0.2095,0.05,
1543,0,0.401581,0.000000,0.581720,4.84e-05,0.1960,0.05,
1544,0,0.402929,0.000000,0.560402,4.83e-05,0.2137,0.05,
1545,0,0.406159,0.000000,0.572740,4.82e-05,0.1786,0.05,
1546,0,0.409665,0.000000,0.572949,4.82e-05,0.1692,0.05,
1547,0,0.409165,0.000000,0.552316,4.81e-05,0.1275,0.05,
1548,0,0.406149,0.000000,0.556928,4.80e-05,0.1421,0.05,
1549,0,0.410035,0.000000,0.560562,4.80e-05,0.1700,0.05,
1550,0,0.408503,0.000000,0.550220,4.79e-05,0.1561,0.05,
1551,0,0.402108,0.000000,0.549083,4.78e-05,0.2274,0.05,
1552,0,0.414944,0.000000,0.590317,4.78e-05,0.1424,0.05,
1553,0,0.401229,0.000000,0.563956,4.77e-05,0.2144,0.05,
1554,0,0.408276,0.000000,0.561510,4.76e-05,0.1534,0.05,
1555,0,0.412254,0.000000,0.546472,4.76e-05,0.1386,0.05,
1556,0,0.399070,0.000000,0.544628,4.75e-05,0.2300,0.05,
1557,0,0.404148,0.000000,0.584861,4.74e-05,0.3091,0.05,
1558,0,0.394694,0.000000,0.567750,4.74e-05,0.1513,0.05,
1559,0,0.405333,0.000000,0.583386,4.73e-05,0.1928,0.05,
1560,0,0.406335,0.000000,0.563974,4.72e-05,0.3297,0.05,
1561,0,0.400735,0.000000,0.544893,4.72e-05,0.1673,0.05,
1562,0,0.411384,0.000000,0.605920,4.71e-05,0.3240,0.05,
1563,0,0.405503,0.000000,0.607781,4.70e-05,0.2798,0.05,
1564,0,0.405597,0.000000,0.543028,4.70e-05,0.1142,0.05,
1565,0,0.403206,0.000000,0.566150,4.69e-05,0.1220,0.05,
1566,0,0.397952,0.000000,0.587582,4.68e-05,0.2253,0.05,
1567,0,0.404218,0.000000,0.557430,4.68e-05,0.3424,0.05,
1568,0,0.390592,0.000000,0.607503,4.67e-05,0.5347,0.05,
1569,0,0.395236,0.000000,0.577289,4.66e-05,0.5654,0.05,
1570,0,0.395577,0.000000,0.563855,4.66e-05,0.1676,0.05,
1571,0,0.404232,0.000000,0.544159,4.65e-05,0.1878,0.05,
1572,0,0.401506,0.000000,0.541306,4.65e-05,0.1578,0.05,
1573,0,0.401787,0.000000,0.559517,4.64e-05,0.2651,0.05,
1574,0,0.395873,0.000000,0.592852,4.63e-05,0.3382,0.05,
1575,0,0.390148,0.000000,0.573191,4.63e-05,0.4064,0.05,
1576,0,0.399194,0.000000,0.608371,4.62e-05,0.2029,0.05,
1577,0,0.406383,0.000000,0.588488,4.61e-05,0.1673,0.05,
1578,0,0.394658,0.000000,0.554433,4.61e-05,0.1341,0.05,
1579,0,0.400901,0.000000,0.588505,4.60e-05,0.3719,0.05,
1580,0,0.401615,0.000000,0.563449,4.59e-05,0.1832,0.05,
1581,0,0.397381,0.000000,0.625195,4.59e-05,0.3099,0.05,
1582,0,0.408490,0.000000,0.625358,4.58e-05,0.3372,0.05,
1583,0,0.403995,0.000000,0.583346,4.57e-05,0.1281,0.05,
1584,0,0.401950,0.000000,0.571628,4.57e-05,0.1500,0.05,
1585,0,0.397427,0.000000,0.562852,4.56e-05,0.1313,0.05,
1586,0,0.406155,0.000000,0.627523,4.55e-05,0.1676,0.05,
1587,0,0.400745,0.000000,0.601350,4.55e-05,0.2018,0.05,
1588,0,0.401837,0.000000,0.584736,4.54e-05,0.2255,0.05,
1589,0,0.393727,0.000000,0.567392,4.53e-05,0.1369,0.05,
1590,0,0.404530,0.000000,0.577666,4.53e-05,0.2284,0.05,
1591,0,0.418090,0.000000,0.616904,4.52e-05,0.1872,0.05,
1592,0,0.413001,0.000000,0.566574,4.51e-05,0.1089,0.05,
1593,0,0.395459,0.000000,0.628340,4.51e-05,0.1728,0.05,
1594,0,0.405260,0.000000,0.587985,4.50e-05,0.1415,0.05,
1595,0,0.412728,0.000000,0.567410,4.49e-05,0.1408,0.05,
1596,0,0.406544,0.000000,0.565057,4.49e-05,0.1383,0.05,
1597,0,0.408973,0.000000,0.590779,4.48e-05,0.1001,0.05,
1598,0,0.404741,0.000000,0.580698,4.47e-05,0.1049,0.05,
1599,0,0.414969,0.000000,0.577228,4.47e-05,0.1599,0.05,
1600,0,0.413816,0.000000,0.609920,4.46e-05,0.2454,0.05,
1601,0,0.411753,0.000000,0.571532,4.46e-05,0.1250,0.05,
1602,0,0.402181,0.000000,0.582829,4.45e-05,0.1787,0.05,
1603,0,0.408764,0.000000,0.583258,4.44e-05,0.1362,0.05,
1604,0,0.400496,0.000000,0.549334,4.44e-05,0.1246,0.05,
1605,0,0.404605,0.000000,0.573233,4.43e-05,0.1267,0.05,
1606,0,0.404089,0.000000,0.571748,4.42e-05,0.1851,0.05,
1607,0,0.399963,0.000000,0.585951,4.42e-05,0.1838,0.05,
1608,0,0.401069,0.000000,0.579712,4.41e-05,0.1722,0.05,
1609,0,0.404925,0.000000,0.593419,4.40e-05,0.1207,0.05,
1610,0,0.397795,0.000000,0.596412,4.40e-05,0.2019,0.05,
1611,0,0.398970,0.000000,0.573252,4.39e-05,0.1601,0.05,
1612,0,0.402521,0.000000,0.553093,4.38e-05,0.2764,0.05,
1613,0,0.407342,0.000000,0.606241,4.38e-05,0.2156,0.05,
1614,0,0.411200,0.000000,0.631824,4.37e-05,0.1524,0.05,
1615,0,0.398281,0.000000,0.576312,4.36e-05,0.1370,0.05,
1616,0,0.405576,0.000000,0.573561,4.36e-05,0.3069,0.05,
1617,0,0.393754,0.000000,0.565249,4.35e-05,0.1486,0.05,
1618,0,0.411444,0.000000,0.589236,4.34e-05,0.1728,0.05,
1619,0,0.395213,0.000000,0.566178,4.34e-05,0.1764,0.05,
1620,0,0.414414,0.000000,0.579244,4.33e-05,0.2229,0.04,
1621,0,0.409911,0.000000,0.625945,4.32e-05,0.1468,0.05,
1622,0,0.418995,0.000000,0.580745,4.32e-05,0.2459,0.05,
1623,0,0.405358,0.000000,0.603248,4.31e-05,0.1860,0.05,
1624,0,0.406849,0.000000,0.584988,4.31e-05,0.1748,0.05,
1625,0,0.409465,0.000000,0.561802,4.30e-05,0.1633,0.05,
1626,0,0.394284,0.000000,0.580350,4.29e-05,0.2877,0.05,
1627,0,0.413692,0.000000,0.594472,4.29e-05,0.1492,0.05,
1628,0,0.414836,0.000000,0.567252,4.28e-05,0.1373,0.05,
1629,0,0.409918,0.000000,0.540730,4.27e-05,0.1214,0.05,
1630,0,0.409742,0.000000,0.574308,4.27e-05,0.1780,0.05,
1631,0,0.408202,0.000000,0.599360,4.26e-05,0.3294,0.05,
1632,0,0.405870,0.000000,0.583941,4.25e-05,0.2167,0.05,
1633,0,0.409023,0.000000,0.552556,4.25e-05,0.1920,0.05,
1634,0,0.415819,0.000000,0.585208,4.24e-05,0.1617,0.05,
1635,0,0.407407,0.000000,0.553882,4.23e-05,0.1258,0.05,
1636,0,0.411864,0.000000,0.588687,4.23e-05,0.2299,0.05,
1637,0,0.399873,0.000000,0.565869,4.22e-05,0.2008,0.05,
1638,0,0.415869,0.000000,0.570466,4.21e-05,0.2770,0.05,
1639,0,0.417156,0.000000,0.610601,4.21e-05,0.2059,0.05,
1640,0,0.404289,0.000000,0.556670,4.20e-05,0.1472,0.05,
1641,0,0.407663,0.000000,0.560873,4.19e-05,0.1155,0.05,
1642,0,0.412147,0.000000,0.548973,4.19e-05,0.2405,0.05,
1643,0,0.405038,0.000000,0.577277,4.18e-05,0.1190,0.05,
1644,0,0.413526,0.000000,0.565379,4.17e-05,0.1227,0.05,
1645,0,0.404584,0.000000,0.563390,4.17e-05,0.2544,0.05,
1646,0,0.410356,0.000000,0.562585,4.16e-05,0.1758,0.05,
1647,0,0.411960,0.000000,0.542552,4.16e-05,0.1160,0.05,
1648,0,0.400452,0.000000,0.570367,4.15e-05,0.1383,0.05,
1649,0,0.411315,0.000000,0.609743,4.14e-05,0.1017,0.05,
1650,0,0.397074,0.000000,0.592194,4.14e-05,0.1737,0.05,
1651,0,0.413731,0.000000,0.598117,4.13e-05,0.1351,0.05,
1652,0,0.410748,0.000000,0.585151,4.12e-05,0.1223,0.05,
1653,0,0.404072,0.000000,0.572919,4.12e-05,0.1710,0.05,
1654,0,0.419771,0.000000,0.667012,4.11e-05,0.1392,0.06,
1655,0,0.411240,0.000000,0.619706,4.10e-05,0.1746,0.05,
1656,0,0.411744,0.000000,0.615778,4.10e-05,0.2066,0.05,
1657,0,0.411144,0.000000,0.558509,4.09e-05,0.1314,0.05,
1658,0,0.410684,0.000000,0.605901,4.08e-05,0.1851,0.05,
1659,0,0.412420,0.000000,0.585756,4.08e-05,0.1065,0.05,
1660,0,0.403208,0.000000,0.555842,4.07e-05,0.1393,0.05,
1661,0,0.414605,0.000000,0.590130,4.06e-05,0.1446,0.05,
1662,0,0.409583,0.000000,0.577720,4.06e-05,0.1600,0.05,
1663,0,0.412674,0.000000,0.607893,4.05e-05,0.2300,0.05,
1664,0,0.417989,0.000000,0.574378,4.05e-05,0.1728,0.05,
1665,0,0.416587,0.000000,0.572353,4.04e-05,0.2042,0.05,
1666,0,0.419868,0.000000,0.575697,4.03e-05,0.1577,0.05,
1667,0,0.422506,0.000000,0.573132,4.03e-05,0.1393,0.05,
1668,0,0.402999,0.000000,0.559538,4.02e-05,0.2720,0.05,
1669,0,0.414109,0.000000,0.566818,4.01e-05,0.2157,0.05,
1670,0,0.426583,0.000000,0.620335,4.01e-05,0.1517,0.05,
1671,0,0.417197,0.000000,0.591291,4.00e-05,0.1532,0.05,
1672,0,0.421145,0.000000,0.610022,3.99e-05,0.1834,0.05,
1673,0,0.415778,0.000000,0.575625,3.99e-05,0.2323,0.05,
1674,0,0.409677,0.000000,0.550236,3.98e-05,0.2289,0.05,
1675,0,0.413219,0.000000,0.602071,3.97e-05,0.1520,0.05,
1676,0,0.406779,0.000000,0.572106,3.97e-05,0.1617,0.05,
1677,0,0.414119,0.000000,0.568917,3.96e-05,0.1565,0.05,
1678,0,0.415533,0.000000,0.587182,3.96e-05,0.1351,0.05,
1679,0,0.406909,0.000000,0.593214,3.95e-05,0.1962,0.05,
1680,0,0.406775,0.000000,0.545323,3.94e-05,0.1401,0.05,
1681,0,0.414046,0.000000,0.575763,3.94e-05,0.2593,0.05,
1682,0,0.424912,0.000000,0.619669,3.93e-05,0.1793,0.05,
1683,0,0.403429,0.000000,0.557340,3.92e-05,0.1285,0.05,
1684,0,0.412190,0.000000,0.571087,3.92e-05,0.1446,0.05,
1685,0,0.421631,0.000000,0.591677,3.91e-05,0.1376,0.05,
1686,0,0.425588,0.000000,0.601724,3.90e-05,0.2222,0.05,
1687,0,0.424500,0.000000,0.618129,3.90e-05,0.1560,0.05,
1688,0,0.412467,0.000000,0.588660,3.89e-05,0.1767,0.05,
1689,0,0.427703,0.000000,0.600415,3.88e-05,0.1575,0.05,
1690,0,0.422464,0.000000,0.621977,3.88e-05,0.2581,0.05,
1691,0,0.415335,0.000000,0.606252,3.87e-05,0.2275,0.05,
1692,0,0.414594,0.000000,0.575498,3.87e-05,0.1598,0.05,
1693,0,0.416840,0.000000,0.572565,3.86e-05,0.1957,0.05,
1694,0,0.420796,0.000000,0.618479,3.85e-05,0.2105,0.05,
1695,0,0.421562,0.000000,0.619233,3.85e-05,0.2396,0.05,
1696,0,0.417374,0.000000,0.618250,3.84e-05,0.1390,0.05,
1697,0,0.417114,0.000000,0.611866,3.83e-05,0.2235,0.05,
1698,0,0.415001,0.000000,0.565967,3.83e-05,0.2363,0.05,
1699,0,0.426895,0.000000,0.593441,3.82e-05,0.1764,0.05,
1700,0,0.413812,0.000000,0.562143,3.81e-05,0.2118,0.05,
1701,0,0.419676,0.000000,0.571226,3.81e-05,0.1095,0.05,
1702,0,0.429120,0.000000,0.592440,3.80e-05,0.1235,0.05,
1703,0,0.407540,0.000000,0.571906,3.80e-05,0.1457,0.05,
1704,0,0.419850,0.000000,0.554600,3.79e-05,0.1844,0.05,
1705,0,0.407275,0.000000,0.534654,3.78e-05,0.2337,0.05,
1706,0,0.419344,0.000000,0.587251,3.78e-05,0.1639,0.06,
1707,0,0.411406,0.000000,0.561729,3.77e-05,0.2020,0.05,
1708,0,0.410377,0.000000,0.614082,3.76e-05,0.2547,0.05,
1709,0,0.413764,0.000000,0.553104,3.76e-05,0.0975,0.05,
1710,0,0.409215,0.000000,0.573541,3.75e-05,0.1449,0.05,
1711,0,0.412977,0.000000,0.557327,3.74e-05,0.2035,0.05,
1712,0,0.408901,0.000000,0.572412,3.74e-05,0.1207,0.05,
1713,0,0.409698,0.000000,0.560644,3.73e-05,0.1590,0.05,
1714,0,0.411681,0.000000,0.568313,3.72e-05,0.1769,0.05,
1715,0,0.398772,0.000000,0.602686,3.72e-05,0.1297,0.05,
1716,0,0.403142,0.000000,0.581109,3.71e-05,0.1517,0.05,
1717,0,0.422241,0.000000,0.553451,3.71e-05,0.1731,0.05,
1718,0,0.405618,0.000000,0.574880,3.70e-05,0.1555,0.05,
1719,0,0.401592,0.000000,0.574420,3.69e-05,0.1904,0.05,
1720,0,0.412965,0.000000,0.609547,3.69e-05,0.1316,0.05,
1721,0,0.416138,0.000000,0.616544,3.68e-05,0.2488,0.05,
1722,0,0.404313,0.000000,0.589601,3.67e-05,0.1191,0.05,
1723,0,0.407590,0.000000,0.596237,3.67e-05,0.2264,0.05,
1724,0,0.409445,0.000000,0.589648,3.66e-05,0.1389,0.05,
1725,0,0.400148,0.000000,0.564818,3.66e-05,0.1927,0.05,
1726,0,0.412881,0.000000,0.602328,3.65e-05,0.1389,0.05,
1727,0,0.410250,0.000000,0.573110,3.64e-05,0.1475,0.05,
1728,0,0.409318,0.000000,0.558289,3.64e-05,0.1817,0.05,
1729,0,0.415512,0.000000,0.572267,3.63e-05,0.1863,0.05,
1730,0,0.410696,0.000000,0.554608,3.62e-05,0.2024,0.05,
1731,0,0.420522,0.000000,0.596807,3.62e-05,0.3019,0.05,
1732,0,0.416400,0.000000,0.604885,3.61e-05,0.1327,0.05,
1733,0,0.411410,0.000000,0.586450,3.60e-05,0.2070,0.05,
1734,0,0.414569,0.000000,0.586409,3.60e-05,0.1685,0.05,
1735,0,0.420571,0.000000,0.606339,3.59e-05,0.1204,0.05,
1736,0,0.426472,0.000000,0.617459,3.59e-05,0.1705,0.05,
1737,0,0.422790,0.000000,0.601066,3.58e-05,0.1642,0.05,
1738,0,0.416498,0.000000,0.602060,3.57e-05,0.1762,0.05,
1739,0,0.404997,0.000000,0.576627,3.57e-05,0.1647,0.05,
1740,0,0.417173,0.000000,0.593242,3.56e-05,0.1898,0.05,
1741,0,0.414815,0.000000,0.635460,3.55e-05,0.2511,0.05,
1742,0,0.411309,0.000000,0.593286,3.55e-05,0.2369,0.05,
1743,0,0.403839,0.000000,0.573018,3.54e-05,0.1690,0.05,
1744,0,0.414317,0.000000,0.645454,3.54e-05,0.2201,0.05,
1745,0,0.414964,0.000000,0.618151,3.53e-05,0.1757,0.05,
1746,0,0.407006,0.000000,0.571744,3.52e-05,0.1732,0.05,
1747,0,0.396044,0.000000,0.597757,3.52e-05,0.2049,0.05,
1748,0,0.404072,0.000000,0.611642,3.51e-05,0.3947,0.05,
1749,0,0.407577,0.000000,0.599461,3.50e-05,0.2660,0.05,
1750,0,0.413471,0.000000,0.576678,3.50e-05,0.2337,0.05,
1751,0,0.401105,0.000000,0.598111,3.49e-05,0.3038,0.05,
1752,0,0.409406,0.000000,0.579837,3.48e-05,0.4022,0.05,
1753,0,0.411426,0.000000,0.597959,3.48e-05,0.3692,0.05,
1754,0,0.415608,0.000000,0.633656,3.47e-05,0.2685,0.05,
1755,0,0.405880,0.000000,0.566293,3.47e-05,0.2283,0.05,
1756,0,0.405752,0.000000,0.597345,3.46e-05,0.2348,0.06,
1757,0,0.406422,0.000000,0.576495,3.45e-05,0.1932,0.05,
1758,0,0.425410,0.000000,0.578368,3.45e-05,0.1420,0.05,
1759,0,0.417291,0.000000,0.598039,3.44e-05,0.4526,0.05,
1760,0,0.414967,0.000000,0.627370,3.43e-05,0.2089,0.05,
1761,0,0.410335,0.000000,0.574217,3.43e-05,0.1256,0.05,
1762,0,0.407295,0.000000,0.692936,3.42e-05,0.1919,0.05,
1763,0,0.407085,0.000000,0.580034,3.42e-05,0.2272,0.05,
1764,0,0.408095,0.000000,0.625029,3.41e-05,0.3145,0.05,
1765,0,0.404189,0.000000,0.609555,3.40e-05,0.1996,0.05,
1766,0,0.400454,0.000000,0.628974,3.40e-05,0.2625,0.05,
1767,0,0.407350,0.000000,0.582100,3.39e-05,0.1616,0.05,
1768,0,0.410237,0.000000,0.580607,3.39e-05,0.1422,0.05,
1769,0,0.419904,0.000000,0.642766,3.38e-05,0.2048,0.05,
1770,0,0.416796,0.000000,0.601503,3.37e-05,0.2955,0.05,
1771,0,0.421545,0.000000,0.590068,3.37e-05,0.1702,0.05,
1772,0,0.414589,0.000000,0.571268,3.36e-05,0.1994,0.05,
1773,0,0.402263,0.000000,0.614892,3.35e-05,0.1577,0.05,
1774,0,0.404343,0.000000,0.585785,3.35e-05,0.2081,0.05,
1775,0,0.399753,0.000000,0.604590,3.34e-05,0.2252,0.05,
1776,0,0.405126,0.000000,0.619612,3.34e-05,0.2534,0.05,
1777,0,0.405731,0.000000,0.569691,3.33e-05,0.1394,0.05,
1778,0,0.416818,0.000000,0.608184,3.32e-05,0.2630,0.05,
1779,0,0.417541,0.000000,0.575346,3.32e-05,0.1977,0.05,
1780,0,0.418384,0.000000,0.577953,3.31e-05,0.2113,0.05,
1781,0,0.410346,0.000000,0.559315,3.30e-05,0.1780,0.05,
1782,0,0.413602,0.000000,0.571346,3.30e-05,0.1229,0.05,
1783,0,0.418968,0.000000,0.569837,3.29e-05,0.1197,0.05,
1784,0,0.429209,0.000000,0.600352,3.29e-05,0.1661,0.06,
1785,0,0.406195,0.000000,0.586290,3.28e-05,0.1795,0.05,
1786,0,0.412916,0.000000,0.577017,3.27e-05,0.1558,0.05,
1787,0,0.403354,0.000000,0.551742,3.27e-05,0.1894,0.05,
1788,0,0.411789,0.000000,0.558496,3.26e-05,0.1430,0.05,
1789,0,0.410938,0.000000,0.607156,3.25e-05,0.3886,0.05,
1790,0,0.411177,0.000000,0.557507,3.25e-05,0.2214,0.05,
1791,0,0.415450,0.000000,0.590362,3.24e-05,0.1129,0.05,
1792,0,0.397857,0.000000,0.558493,3.24e-05,0.2719,0.05,
1793,0,0.412390,0.000000,0.577186,3.23e-05,0.2676,0.05,
1794,0,0.404527,0.000000,0.552063,3.22e-05,0.1673,0.06,
1795,0,0.411587,0.000000,0.599716,3.22e-05,0.1844,0.05,
1796,0,0.404949,0.000000,0.578471,3.21e-05,0.1653,0.05,
1797,0,0.414394,0.000000,0.613144,3.21e-05,0.1739,0.05,
1798,0,0.419028,0.000000,0.575038,3.20e-05,0.1418,0.05,
1799,0,0.410989,0.000000,0.554302,3.19e-05,0.1799,0.05,
1800,0,0.416469,0.000000,0.619018,3.19e-05,0.3008,0.05,
1801,0,0.402599,0.000000,0.625342,3.18e-05,0.2271,0.05,
1802,0,0.415829,0.000000,0.584558,3.18e-05,0.2198,0.05,
1803,0,0.414179,0.000000,0.605364,3.17e-05,0.1298,0.05,
1804,0,0.409792,0.000000,0.609979,3.16e-05,0.4001,0.05,
1805,0,0.410881,0.000000,0.627776,3.16e-05,0.2464,0.05,
1805,0,,,,,,,0.404188
1806,0,0.408831,0.000000,0.578421,3.15e-05,0.1836,0.00,
1807,0,0.401970,0.000000,0.571959,3.14e-05,0.1195,0.05,
1808,0,0.410489,0.000000,0.580799,3.14e-05,0.2296,0.05,
1809,0,0.423874,0.000000,0.591383,3.13e-05,0.1643,0.05,
1810,0,0.412973,0.000000,0.587693,3.13e-05,0.2060,0.05,
1811,0,0.412939,0.000000,0.584505,3.12e-05,0.2555,0.05,
1812,0,0.419989,0.000000,0.595247,3.11e-05,0.1721,0.05,
1813,0,0.410846,0.000000,0.572625,3.11e-05,0.1781,0.05,
1814,0,0.420127,0.000000,0.612860,3.10e-05,0.1479,0.05,
1815,0,0.412873,0.000000,0.602970,3.10e-05,0.2294,0.05,
1816,0,0.407370,0.000000,0.587627,3.09e-05,0.1917,0.05,
1817,0,0.418549,0.000000,0.612643,3.08e-05,0.2127,0.05,
1818,0,0.416407,0.000000,0.599928,3.08e-05,0.2052,0.05,
1819,0,0.418010,0.000000,0.613761,3.07e-05,0.1861,0.05,
1820,0,0.419310,0.000000,0.573543,3.07e-05,0.1499,0.05,
1821,0,0.420336,0.000000,0.588978,3.06e-05,0.1528,0.05,
1822,0,0.416624,0.000000,0.604808,3.05e-05,0.1585,0.05,
1823,0,0.416419,0.000000,0.591606,3.05e-05,0.1720,0.05,
1824,0,0.421153,0.000000,0.597916,3.04e-05,0.1658,0.05,
1825,0,0.413593,0.000000,0.584323,3.04e-05,0.5160,0.05,
1826,0,0.418978,0.000000,0.565202,3.03e-05,0.1759,0.05,
1827,0,0.415684,0.000000,0.566285,3.02e-05,0.3058,0.05,
1828,0,0.420988,0.000000,0.589030,3.02e-05,0.1494,0.05,
1829,0,0.424033,0.000000,0.597519,3.01e-05,0.1564,0.05,
1830,0,0.418605,0.000000,0.568286,3.00e-05,0.1900,0.05,
1831,0,0.421892,0.000000,0.621649,3.00e-05,0.1646,0.05,
1832,0,0.420182,0.000000,0.606942,2.99e-05,0.1839,0.05,
1833,0,0.416450,0.000000,0.574948,2.99e-05,0.1800,0.05,
1834,0,0.412917,0.000000,0.614330,2.98e-05,0.2022,0.05,
1835,0,0.408290,0.000000,0.580381,2.97e-05,0.1884,0.05,
1836,0,0.420511,0.000000,0.615174,2.97e-05,0.1208,0.05,
1837,0,0.419833,0.000000,0.579114,2.96e-05,0.2902,0.05,
1838,0,0.422893,0.000000,0.584283,2.96e-05,0.1516,0.05,
1839,0,0.425560,0.000000,0.612544,2.95e-05,0.1890,0.05,
1840,0,0.420456,0.000000,0.643808,2.94e-05,0.2174,0.05,
1841,0,0.414377,0.000000,0.630731,2.94e-05,0.2623,0.05,
1842,0,0.422661,0.000000,0.599992,2.93e-05,0.2023,0.05,
1843,0,0.414386,0.000000,0.594957,2.93e-05,0.2179,0.05,
1844,0,0.419036,0.000000,0.615642,2.92e-05,0.2327,0.05,
1845,0,0.415644,0.000000,0.599726,2.91e-05,0.3178,0.05,
1846,0,0.420876,0.000000,0.640661,2.91e-05,0.1775,0.05,
1847,0,0.416338,0.000000,0.626577,2.90e-05,0.1852,0.05,
1848,0,0.410759,0.000000,0.634290,2.90e-05,0.1920,0.05,
1849,0,0.423076,0.000000,0.621145,2.89e-05,0.2744,0.05,
1850,0,0.421220,0.000000,0.650066,2.88e-05,0.1669,0.05,
1851,0,0.412600,0.000000,0.685311,2.88e-05,0.1700,0.05,
1852,0,0.432108,0.000000,0.594427,2.87e-05,0.1339,0.05,
1853,0,0.429116,0.000000,0.617387,2.87e-05,0.1848,0.05,
1854,0,0.415101,0.000000,0.583588,2.86e-05,0.2166,0.05,
1855,0,0.409261,0.000000,0.617553,2.86e-05,0.1555,0.05,
1856,0,0.428530,0.000000,0.586747,2.85e-05,0.1888,0.05,
1857,0,0.418434,0.000000,0.610643,2.84e-05,0.2179,0.05,
1858,0,0.415265,0.000000,0.604495,2.84e-05,0.1665,0.05,
1859,0,0.417334,0.000000,0.587646,2.83e-05,0.2359,0.05,
1860,0,0.422958,0.000000,0.639874,2.83e-05,0.3073,0.05,
1861,0,0.411257,0.000000,0.577785,2.82e-05,0.1940,0.05,
1862,0,0.411190,0.000000,0.635499,2.81e-05,0.3237,0.05,
1863,0,0.427914,0.000000,0.620148,2.81e-05,0.1896,0.05,
1864,0,0.413783,0.000000,0.586726,2.80e-05,0.1317,0.05,
1865,0,0.426531,0.000000,0.657123,2.80e-05,0.4850,0.06,
1866,0,0.421464,0.000000,0.613540,2.79e-05,0.1280,0.05,
1867,0,0.422639,0.000000,0.624156,2.78e-05,0.2136,0.05,
1868,0,0.422893,0.000000,0.661086,2.78e-05,0.1691,0.05,
1869,0,0.406106,0.000000,0.562897,2.77e-05,0.2180,0.05,
1870,0,0.407054,0.000000,0.592993,2.77e-05,0.2771,0.05,
1871,0,0.415153,0.000000,0.615021,2.76e-05,0.1246,0.05,
1872,0,0.412477,0.000000,0.633703,2.75e-05,0.1545,0.05,
1873,0,0.414809,0.000000,0.582942,2.75e-05,0.1416,0.05,
1874,0,0.413983,0.000000,0.587682,2.74e-05,0.1377,0.05,
1875,0,0.421363,0.000000,0.570490,2.74e-05,0.1352,0.05,
1876,0,0.414744,0.000000,0.594086,2.73e-05,0.1733,0.05,
1877,0,0.409733,0.000000,0.541348,2.73e-05,0.1355,0.05,
1878,0,0.408724,0.000000,0.543825,2.72e-05,0.1614,0.05,
1879,0,0.413161,0.000000,0.551046,2.71e-05,0.1099,0.06,
1880,0,0.407590,0.000000,0.576948,2.71e-05,0.2604,0.05,
1881,0,0.408268,0.000000,0.560960,2.70e-05,0.1247,0.05,
1882,0,0.405883,0.000000,0.592674,2.70e-05,0.1367,0.05,
1883,0,0.406012,0.000000,0.524350,2.69e-05,0.1567,0.05,
1884,0,0.406265,0.000000,0.649148,2.68e-05,0.1964,0.05,
1885,0,0.415181,0.000000,0.609810,2.68e-05,0.1657,0.05,
1886,0,0.416183,0.000000,0.586360,2.67e-05,0.1248,0.05,
1887,0,0.423403,0.000000,0.579880,2.67e-05,0.1422,0.05,
1888,0,0.426209,0.000000,0.593685,2.66e-05,0.1902,0.05,
1889,0,0.420491,0.000000,0.587869,2.66e-05,0.1505,0.06,
1890,0,0.416376,0.000000,0.591188,2.65e-05,0.2041,0.06,
1891,0,0.415483,0.000000,0.575643,2.64e-05,0.1290,0.05,
1892,0,0.428028,0.000000,0.597598,2.64e-05,0.1457,0.05,
1893,0,0.422305,0.000000,0.621410,2.63e-05,0.2027,0.05,
1894,0,0.412916,0.000000,0.585164,2.63e-05,0.1587,0.05,
1895,0,0.412958,0.000000,0.606719,2.62e-05,0.1605,0.05,
1896,0,0.411623,0.000000,0.537815,2.61e-05,0.1286,0.05,
1897,0,0.422360,0.000000,0.595165,2.61e-05,0.2406,0.05,
1898,0,0.409387,0.000000,0.548103,2.60e-05,0.1071,0.05,
1899,0,0.421860,0.000000,0.564710,2.60e-05,0.1471,0.05,
1900,0,0.411958,0.000000,0.584201,2.59e-05,0.1427,0.05,
1901,0,0.402000,0.000000,0.596646,2.59e-05,0.1273,0.05,
1902,0,0.403815,0.000000,0.535479,2.58e-05,0.1187,0.05,
1903,0,0.414251,0.000000,0.564802,2.57e-05,0.1501,0.05,
1904,0,0.410070,0.000000,0.560706,2.57e-05,0.1188,0.05,
1905,0,0.411467,0.000000,0.555932,2.56e-05,0.2300,0.05,
1906,0,0.411090,0.000000,0.601366,2.56e-05,0.4185,0.05,
1907,0,0.413907,0.000000,0.574951,2.55e-05,0.3003,0.05,
1908,0,0.420089,0.000000,0.602698,2.55e-05,0.2610,0.05,
1909,0,0.404840,0.000000,0.551127,2.54e-05,0.1795,0.05,
1910,0,0.404506,0.000000,0.588903,2.53e-05,0.1908,0.05,
1911,0,0.413804,0.000000,0.568183,2.53e-05,0.1399,0.05,
1912,0,0.401977,0.000000,0.561087,2.52e-05,0.1192,0.05,
1913,0,0.404941,0.000000,0.565757,2.52e-05,0.1417,0.05,
1914,0,0.412346,0.000000,0.585919,2.51e-05,0.1318,0.05,
1915,0,0.409135,0.000000,0.545979,2.51e-05,0.1236,0.05,
1916,0,0.406267,0.000000,0.569608,2.50e-05,0.1192,0.05,
1917,0,0.398235,0.000000,0.585026,2.49e-05,0.1725,0.05,
1918,0,0.412406,0.000000,0.613156,2.49e-05,0.1498,0.05,
1919,0,0.400704,0.000000,0.590262,2.48e-05,0.3002,0.05,
1920,0,0.402537,0.000000,0.570531,2.48e-05,0.1932,0.05,
1921,0,0.398920,0.000000,0.580855,2.47e-05,0.2787,0.05,
1922,0,0.397002,0.000000,0.583846,2.47e-05,0.2199,0.04,
1923,0,0.408428,0.000000,0.581268,2.46e-05,0.1972,0.05,
1924,0,0.406933,0.000000,0.579601,2.45e-05,0.2006,0.05,
1925,0,0.396125,0.000000,0.555500,2.45e-05,0.1364,0.05,
1926,0,0.391090,0.000000,0.564790,2.44e-05,0.1764,0.05,
1927,0,0.403457,0.000000,0.552815,2.44e-05,0.1348,0.05,
1928,0,0.402189,0.000000,0.562391,2.43e-05,0.1541,0.05,
1929,0,0.401137,0.000000,0.580733,2.43e-05,0.2599,0.05,
1930,0,0.389799,0.000000,0.582547,2.42e-05,0.1867,0.05,
1931,0,0.402620,0.000000,0.564384,2.42e-05,0.2683,0.06,
1932,0,0.399997,0.000000,0.586592,2.41e-05,0.2454,0.05,
1933,0,0.407756,0.000000,0.613084,2.40e-05,0.1973,0.05,
1934,0,0.403847,0.000000,0.570856,2.40e-05,0.1565,0.05,
1935,0,0.405992,0.000000,0.581184,2.39e-05,0.1394,0.05,
1936,0,0.401122,0.000000,0.572600,2.39e-05,0.3038,0.05,
1937,0,0.398543,0.000000,0.587761,2.38e-05,0.1373,0.05,
1938,0,0.392923,0.000000,0.625712,2.38e-05,0.4150,0.05,
1939,0,0.398951,0.000000,0.561418,2.37e-05,0.2654,0.05,
1940,0,0.403154,0.000000,0.595833,2.36e-05,0.3177,0.05,
1941,0,0.400733,0.000000,0.564174,2.36e-05,0.1696,0.05,
1942,0,0.398156,0.000000,0.609144,2.35e-05,0.2768,0.05,
1943,0,0.401581,0.000000,0.584052,2.35e-05,0.1724,0.05,
1944,0,0.406524,0.000000,0.597778,2.34e-05,0.1829,0.05,
1945,0,0.396235,0.000000,0.541213,2.34e-05,0.1368,0.05,
1946,0,0.403526,0.000000,0.604687,2.33e-05,0.1911,0.05,
1947,0,0.399415,0.000000,0.614503,2.33e-05,0.1620,0.05,
1948,0,0.399750,0.000000,0.592767,2.32e-05,0.2802,0.05,
1949,0,0.392582,0.000000,0.609534,2.31e-05,0.2112,0.05,
1950,0,0.402601,0.000000,0.555980,2.31e-05,0.1093,0.05,
1951,0,0.404464,0.000000,0.571798,2.30e-05,0.1755,0.05,
1952,0,0.394817,0.000000,0.550239,2.30e-05,0.1672,0.05,
1953,0,0.405125,0.000000,0.590984,2.29e-05,0.1195,0.05,
1954,0,0.412268,0.000000,0.597685,2.29e-05,0.2782,0.05,
1955,0,0.403898,0.000000,0.586211,2.28e-05,0.1300,0.05,
1956,0,0.401518,0.000000,0.578484,2.28e-05,0.1427,0.05,
1957,0,0.401850,0.000000,0.573470,2.27e-05,0.1428,0.05,
1958,0,0.399993,0.000000,0.576755,2.26e-05,0.2170,0.05,
1959,0,0.398359,0.000000,0.558917,2.26e-05,0.1564,0.05,
1960,0,0.399726,0.000000,0.553913,2.25e-05,0.1865,0.05,
1961,0,0.401111,0.000000,0.551458,2.25e-05,0.1459,0.05,
1962,0,0.403272,0.000000,0.530047,2.24e-05,0.1928,0.05,
1963,0,0.396204,0.000000,0.544357,2.24e-05,0.2760,0.05,
1964,0,0.395029,0.000000,0.554835,2.23e-05,0.2359,0.06,
1965,0,0.400989,0.000000,0.568660,2.23e-05,0.1254,0.05,
1966,0,0.406060,0.000000,0.592143,2.22e-05,0.1800,0.05,
1967,0,0.413321,0.000000,0.579549,2.22e-05,0.1135,0.05,
1968,0,0.399231,0.000000,0.555451,2.21e-05,0.1246,0.05,
1969,0,0.411324,0.000000,0.549219,2.20e-05,0.2506,0.05,
1970,0,0.405094,0.000000,0.585196,2.20e-05,0.2035,0.05,
1971,0,0.409676,0.000000,0.578879,2.19e-05,0.1895,0.05,
1972,0,0.417893,0.000000,0.695287,2.19e-05,0.1650,0.06,
1973,0,0.412665,0.000000,0.631396,2.18e-05,0.3050,0.05,
1974,0,0.411175,0.000000,0.585895,2.18e-05,0.1859,0.05,
1975,0,0.407052,0.000000,0.593100,2.17e-05,0.2014,0.05,
1976,0,0.408993,0.000000,0.597718,2.17e-05,0.2233,0.05,
1977,0,0.410703,0.000000,0.590523,2.16e-05,0.1843,0.05,
1978,0,0.433480,0.000000,0.653645,2.16e-05,0.1927,0.05,
1979,0,0.411124,0.000000,0.596146,2.15e-05,0.2236,0.05,
1980,0,0.407588,0.000000,0.586561,2.14e-05,0.1803,0.05,
1981,0,0.409697,0.000000,0.567186,2.14e-05,0.1497,0.05,
1982,0,0.407117,0.000000,0.580200,2.13e-05,0.1722,0.05,
1983,0,0.410253,0.000000,0.606215,2.13e-05,0.1954,0.05,
1984,0,0.403685,0.000000,0.585012,2.12e-05,0.1785,0.05,
1985,0,0.404071,0.000000,0.574042,2.12e-05,0.1934,0.05,
1986,0,0.418262,0.000000,0.596240,2.11e-05,0.2095,0.05,
1987,0,0.413992,0.000000,0.573266,2.11e-05,0.1692,0.05,
1988,0,0.419896,0.000000,0.608305,2.10e-05,0.2057,0.05,
1989,0,0.397819,0.000000,0.572469,2.10e-05,0.2570,0.05,
1990,0,0.406887,0.000000,0.532906,2.09e-05,0.1932,0.05,
1991,0,0.405900,0.000000,0.573411,2.09e-05,0.2419,0.05,
1992,0,0.415361,0.000000,0.561100,2.08e-05,0.1641,0.05,
1993,0,0.410863,0.000000,0.574431,2.07e-05,0.1701,0.05,
1994,0,0.406721,0.000000,0.533858,2.07e-05,0.1384,0.05,
1995,0,0.413192,0.000000,0.565802,2.06e-05,0.1697,0.05,
1996,0,0.412773,0.000000,0.635500,2.06e-05,0.3628,0.05,
1997,0,0.409292,0.000000,0.580304,2.05e-05,0.2109,0.05,
1998,0,0.402488,0.000000,0.603190,2.05e-05,0.2297,0.05,
1999,0,0.403838,0.000000,0.610386,2.04e-05,0.2273,0.05,
2000,0,0.396011,0.000000,0.699668,2.04e-05,0.2607,0.05,
2001,0,0.397150,0.000000,0.621447,2.03e-05,0.2208,0.05,
2002,0,0.400603,0.000000,0.618819,2.03e-05,0.2654,0.05,
2003,0,0.402071,0.000000,0.565644,2.02e-05,0.2281,0.05,
2004,0,0.394621,0.000000,0.555373,2.02e-05,0.1368,0.05,
2005,0,0.403323,0.000000,0.540293,2.01e-05,0.1119,0.05,
2006,0,0.401383,0.000000,0.582511,2.01e-05,0.1617,0.05,
2007,0,0.413643,0.000000,0.615296,2.00e-05,0.1549,0.05,
2008,0,0.409959,0.000000,0.591607,2.00e-05,0.1375,0.05,
2009,0,0.407203,0.000000,0.686382,1.99e-05,0.1299,0.05,
2010,0,0.414552,0.000000,0.583270,1.98e-05,0.3048,0.05,
2011,0,0.402065,0.000000,0.591051,1.98e-05,0.2647,0.05,
2012,0,0.416531,0.000000,0.683271,1.97e-05,0.2196,0.05,
2013,0,0.402563,0.000000,0.626372,1.97e-05,0.2095,0.05,
2014,0,0.406490,0.000000,0.588782,1.96e-05,0.2149,0.05,
2015,0,0.406953,0.000000,0.580978,1.96e-05,0.2517,0.05,
2016,0,0.393444,0.000000,0.533079,1.95e-05,0.1870,0.05,
2017,0,0.394141,0.000000,0.548203,1.95e-05,0.1637,0.05,
2018,0,0.403539,0.000000,0.584178,1.94e-05,0.1366,0.05,
2019,0,0.407003,0.000000,0.594569,1.94e-05,0.1498,0.05,
2020,0,0.402801,0.000000,0.573881,1.93e-05,0.1513,0.05,
2021,0,0.406788,0.000000,0.555640,1.93e-05,0.1232,0.05,
2022,0,0.415397,0.000000,0.611159,1.92e-05,0.1811,0.05,
2023,0,0.409752,0.000000,0.553573,1.92e-05,0.1662,0.05,
2024,0,0.407288,0.000000,0.546903,1.91e-05,0.2656,0.05,
2025,0,0.399795,0.000000,0.554464,1.91e-05,0.1254,0.05,
2026,0,0.413600,0.000000,0.586557,1.90e-05,0.1328,0.05,
2027,0,0.402766,0.000000,0.538983,1.90e-05,0.1097,0.05,
2028,0,0.389320,0.000000,0.575738,1.89e-05,0.1510,0.05,
2029,0,0.390081,0.000000,0.574852,1.89e-05,0.1704,0.05,
2030,0,0.401838,0.000000,0.606484,1.88e-05,0.1575,0.05,
2031,0,0.402248,0.000000,0.551821,1.88e-05,0.1580,0.05,
2032,0,0.393541,0.000000,0.533116,1.87e-05,0.1493,0.05,
2033,0,0.413998,0.000000,0.597525,1.87e-05,0.2640,0.05,
2034,0,0.398659,0.000000,0.560261,1.86e-05,0.1593,0.05,
2035,0,0.401167,0.000000,0.567068,1.86e-05,0.1543,0.05,
2036,0,0.398011,0.000000,0.557137,1.85e-05,0.2285,0.05,
2037,0,0.405454,0.000000,0.587697,1.85e-05,0.1401,0.06,
2038,0,0.390725,0.000000,0.570094,1.84e-05,0.1261,0.05,
2039,0,0.397738,0.000000,0.544297,1.84e-05,0.2035,0.05,
2040,0,0.409350,0.000000,0.599678,1.83e-05,0.2906,0.05,
2041,0,0.407189,0.000000,0.562656,1.82e-05,0.1543,0.05,
2042,0,0.401937,0.000000,0.558761,1.82e-05,0.1200,0.05,
2043,0,0.399204,0.000000,0.570417,1.81e-05,0.1418,0.05,
2044,0,0.407502,0.000000,0.583553,1.81e-05,0.1660,0.05,
2045,0,0.399892,0.000000,0.557911,1.80e-05,0.2547,0.05,
2046,0,0.406094,0.000000,0.573576,1.80e-05,0.3065,0.05,
2047,0,0.398492,0.000000,0.569340,1.79e-05,0.1419,0.05,
2048,0,0.414288,0.000000,0.624436,1.79e-05,0.2140,0.05,
2049,0,0.396846,0.000000,0.523929,1.78e-05,0.2313,0.05,
2050,0,0.397081,0.000000,0.542237,1.78e-05,0.1371,0.05,
2051,0,0.400114,0.000000,0.581851,1.77e-05,0.1196,0.05,
2052,0,0.404205,0.000000,0.555380,1.77e-05,0.1390,0.05,
2053,0,0.403512,0.000000,0.556444,1.76e-05,0.1516,0.05,
2054,0,0.400221,0.000000,0.521969,1.76e-05,0.1463,0.05,
2055,0,0.407829,0.000000,0.576874,1.75e-05,0.2284,0.05,
2056,0,0.402930,0.000000,0.539892,1.75e-05,0.1272,0.05,
2057,0,0.400756,0.000000,0.543326,1.74e-05,0.1322,0.05,
2058,0,0.413270,0.000000,0.580070,1.74e-05,0.2911,0.05,
2059,0,0.411871,0.000000,0.572196,1.73e-05,0.1717,0.05,
2060,0,0.406233,0.000000,0.569680,1.73e-05,0.2752,0.05,
2061,0,0.397880,0.000000,0.538961,1.72e-05,0.1891,0.05,
2062,0,0.404999,0.000000,0.547667,1.72e-05,0.1768,0.05,
2063,0,0.399648,0.000000,0.555489,1.71e-05,0.2443,0.05,
2064,0,0.403037,0.000000,0.570818,1.71e-05,0.1487,0.05,
2065,0,0.413650,0.000000,0.591975,1.70e-05,0.1994,0.05,
2066,0,0.413883,0.000000,0.575676,1.70e-05,0.2823,0.05,
2067,0,0.410184,0.000000,0.572101,1.69e-05,0.1316,0.05,
2068,0,0.411741,0.000000,0.597628,1.69e-05,0.1913,0.05,
2069,0,0.411516,0.000000,0.621509,1.68e-05,0.1627,0.05,
2070,0,0.409990,0.000000,0.601348,1.68e-05,0.3112,0.05,
2071,0,0.417335,0.000000,0.625274,1.67e-05,0.1752,0.05,
2072,0,0.411999,0.000000,0.556730,1.67e-05,0.1389,0.05,
2073,0,0.414630,0.000000,0.575452,1.67e-05,0.1792,0.05,
2074,0,0.427373,0.000000,0.594085,1.66e-05,0.1679,0.05,
2075,0,0.423575,0.000000,0.617485,1.66e-05,0.1854,0.05,
2076,0,0.409223,0.000000,0.628489,1.65e-05,0.2144,0.05,
2077,0,0.413037,0.000000,0.564561,1.65e-05,0.1940,0.05,
2078,0,0.408307,0.000000,0.596124,1.64e-05,0.1529,0.05,
2079,0,0.418055,0.000000,0.580455,1.64e-05,0.1410,0.05,
2080,0,0.420432,0.000000,0.583154,1.63e-05,0.2879,0.05,
2081,0,0.410743,0.000000,0.630324,1.63e-05,0.2648,0.05,
2082,0,0.401894,0.000000,0.590231,1.62e-05,0.1472,0.05,
2083,0,0.406076,0.000000,0.550681,1.62e-05,0.2617,0.05,
2084,0,0.398738,0.000000,0.557085,1.61e-05,0.1520,0.05,
2085,0,0.397899,0.000000,0.558117,1.61e-05,0.1282,0.05,
2086,0,0.402363,0.000000,0.575338,1.60e-05,0.1554,0.05,
2087,0,0.412040,0.000000,0.605734,1.60e-05,0.1547,0.05,
2088,0,0.411694,0.000000,0.567748,1.59e-05,0.1693,0.05,
2089,0,0.410706,0.000000,0.589478,1.59e-05,0.1609,0.05,
2090,0,0.399531,0.000000,0.549004,1.58e-05,0.1225,0.05,
2091,0,0.414065,0.000000,0.573885,1.58e-05,0.1484,0.05,
2092,0,0.410462,0.000000,0.558528,1.57e-05,0.1099,0.05,
2093,0,0.412476,0.000000,0.577528,1.57e-05,0.1606,0.05,
2094,0,0.405734,0.000000,0.572244,1.56e-05,0.1485,0.05,
2095,0,0.404370,0.000000,0.589491,1.56e-05,0.2121,0.05,
2096,0,0.403004,0.000000,0.537259,1.55e-05,0.1654,0.05,
2097,0,0.401489,0.000000,0.558752,1.55e-05,0.1666,0.05,
2098,0,0.404490,0.000000,0.554425,1.54e-05,0.1564,0.05,
2099,0,0.416042,0.000000,0.571974,1.54e-05,0.1164,0.05,
2100,0,0.415329,0.000000,0.568446,1.53e-05,0.1223,0.05,
2101,0,0.406651,0.000000,0.558417,1.53e-05,0.1400,0.05,
2102,0,0.411667,0.000000,0.598029,1.53e-05,0.1745,0.05,
2103,0,0.424225,0.000000,0.614944,1.52e-05,0.2848,0.05,
2104,0,0.402659,0.000000,0.598131,1.52e-05,0.2800,0.05,
2105,0,0.426386,0.000000,0.642061,1.51e-05,0.3057,0.05,
2106,0,0.404706,0.000000,0.555162,1.51e-05,0.2120,0.05,
2106,0,,,,,,,0.399636
2107,0,0.412142,0.000000,0.570986,1.50e-05,0.1313,0.00,
2108,0,0.415167,0.000000,0.566908,1.50e-05,0.1440,0.05,
2109,0,0.415887,0.000000,0.598170,1.49e-05,0.2325,0.05,
2110,0,0.419513,0.000000,0.599880,1.49e-05,0.1895,0.05,
2111,0,0.422660,0.000000,0.552534,1.48e-05,0.1472,0.05,
2112,0,0.421749,0.000000,0.571927,1.48e-05,0.2120,0.05,
2113,0,0.408828,0.000000,0.547314,1.47e-05,0.1653,0.05,
2114,0,0.410410,0.000000,0.578119,1.47e-05,0.1307,0.05,
2115,0,0.403290,0.000000,0.616070,1.46e-05,0.1635,0.05,
2116,0,0.413620,0.000000,0.585028,1.46e-05,0.1335,0.05,
2117,0,0.412469,0.000000,0.589432,1.46e-05,0.1810,0.05,
2118,0,0.408035,0.000000,0.553901,1.45e-05,0.2025,0.05,
2119,0,0.411869,0.000000,0.557819,1.45e-05,0.1649,0.05,
2120,0,0.412334,0.000000,0.538990,1.44e-05,0.1813,0.05,
2121,0,0.414766,0.000000,0.560596,1.44e-05,0.1393,0.05,
2122,0,0.414751,0.000000,0.603835,1.43e-05,0.2453,0.05,
2123,0,0.409673,0.000000,0.568958,1.43e-05,0.1342,0.05,
2124,0,0.424481,0.000000,0.601245,1.42e-05,0.2428,0.05,
2125,0,0.413968,0.000000,0.583286,1.42e-05,0.2574,0.05,
2126,0,0.415128,0.000000,0.631960,1.41e-05,0.3007,0.05,
2127,0,0.411736,0.000000,0.621128,1.41e-05,0.1845,0.05,
2128,0,0.411728,0.000000,0.541629,1.40e-05,0.1177,0.05,
2129,0,0.407146,0.000000,0.582963,1.40e-05,0.1447,0.05,
2130,0,0.417011,0.000000,0.578874,1.40e-05,0.1203,0.05,
2131,0,0.414759,0.000000,0.576142,1.39e-05,0.1320,0.05,
2132,0,0.403794,0.000000,0.547190,1.39e-05,0.1330,0.05,
2133,0,0.409836,0.000000,0.599105,1.38e-05,0.1272,0.05,
2134,0,0.402021,0.000000,0.582466,1.38e-05,0.1694,0.05,
2135,0,0.405516,0.000000,0.573374,1.37e-05,0.1652,0.05,
2136,0,0.400605,0.000000,0.573258,1.37e-05,0.1305,0.05,
2137,0,0.401263,0.000000,0.570182,1.36e-05,0.1511,0.05,
2138,0,0.406233,0.000000,0.565656,1.36e-05,0.1400,0.05,
2139,0,0.404084,0.000000,0.533395,1.35e-05,0.1213,0.05,
2140,0,0.395490,0.000000,0.559827,1.35e-05,0.2155,0.05,
2141,0,0.403995,0.000000,0.607147,1.35e-05,0.2063,0.05,
2142,0,0.417845,0.000000,0.580687,1.34e-05,0.2105,0.06,
2143,0,0.411016,0.000000,0.596881,1.34e-05,0.2123,0.05,
2144,0,0.395497,0.000000,0.611386,1.33e-05,0.2979,0.05,
2145,0,0.406808,0.000000,0.608740,1.33e-05,0.2615,0.05,
2146,0,0.406114,0.000000,0.544643,1.32e-05,0.2192,0.05,
2147,0,0.397702,0.000000,0.560943,1.32e-05,0.1341,0.05,
2148,0,0.395553,0.000000,0.647414,1.31e-05,0.1367,0.05,
2149,0,0.404541,0.000000,0.591171,1.31e-05,0.1236,0.05,
2150,0,0.401585,0.000000,0.616174,1.31e-05,0.2169,0.05,
2151,0,0.399764,0.000000,0.638227,1.30e-05,0.2226,0.05,
2152,0,0.404442,0.000000,0.611401,1.30e-05,0.1766,0.05,
2153,0,0.392110,0.000000,0.618766,1.29e-05,0.2870,0.05,
2154,0,0.404845,0.000000,0.590338,1.29e-05,0.3395,0.05,
2155,0,0.403410,0.000000,0.590451,1.28e-05,0.2607,0.06,
2156,0,0.411244,0.000000,0.605173,1.28e-05,0.2333,0.05,
2157,0,0.405375,0.000000,0.574736,1.27e-05,0.2213,0.05,
2158,0,0.404851,0.000000,0.597318,1.27e-05,0.2344,0.05,
2159,0,0.404885,0.000000,0.584408,1.27e-05,0.1836,0.05,
2160,0,0.398140,0.000000,0.582140,1.26e-05,0.1546,0.05,
2161,0,0.397707,0.000000,0.623705,1.26e-05,0.3133,0.05,
2162,0,0.403958,0.000000,0.570268,1.25e-05,0.2072,0.05,
2163,0,0.408345,0.000000,0.589011,1.25e-05,0.2107,0.05,
2164,0,0.408796,0.000000,0.594505,1.24e-05,0.1723,0.05,
2165,0,0.411427,0.000000,0.581820,1.24e-05,0.1527,0.05,
2166,0,0.397168,0.000000,0.611949,1.24e-05,0.2064,0.05,
2167,0,0.401628,0.000000,0.572547,1.23e-05,0.1611,0.05,
2168,0,0.399790,0.000000,0.680619,1.23e-05,0.1749,0.05,
2169,0,0.402201,0.000000,0.637856,1.22e-05,0.1459,0.05,
2170,0,0.407921,0.000000,0.599497,1.22e-05,0.1518,0.06,
2171,0,0.415174,0.000000,0.590453,1.21e-05,0.1640,0.06,
2172,0,0.404807,0.000000,0.619458,1.21e-05,0.1756,0.06,
2173,0,0.399316,0.000000,0.584317,1.21e-05,0.1314,0.06,
2174,0,0.414425,0.000000,0.603509,1.20e-05,0.1569,0.06,
2175,0,0.408379,0.000000,0.602245,1.20e-05,0.2169,0.06,
2176,0,0.413882,0.000000,0.634826,1.19e-05,0.1821,0.05,
2177,0,0.395401,0.000000,0.582949,1.19e-05,0.1439,0.05,
2178,0,0.398989,0.000000,0.558540,1.18e-05,0.2406,0.05,
2179,0,0.394835,0.000000,0.596941,1.18e-05,0.1879,0.05,
2180,0,0.394360,0.000000,0.587659,1.18e-05,0.1675,0.05,
2181,0,0.407036,0.000000,0.580933,1.17e-05,0.1557,0.05,
2182,0,0.401279,0.000000,0.621549,1.17e-05,0.1507,0.05,
2183,0,0.403401,0.000000,0.579737,1.16e-05,0.1827,0.05,
2184,0,0.402005,0.000000,0.569467,1.16e-05,0.1953,0.05,
2185,0,0.405839,0.000000,0.599874,1.15e-05,0.1108,0.05,
2186,0,0.392750,0.000000,0.616158,1.15e-05,0.1891,0.05,
2187,0,0.405224,0.000000,0.533478,1.15e-05,0.0899,0.05,
2188,0,0.395908,0.000000,0.557712,1.14e-05,0.1280,0.05,
2189,0,0.389775,0.000000,0.550809,1.14e-05,0.1592,0.05,
2190,0,0.395823,0.000000,0.538319,1.13e-05,0.1295,0.06,
2191,0,0.396292,0.000000,0.546259,1.13e-05,0.1177,0.05,
2192,0,0.391868,0.000000,0.569235,1.13e-05,0.1408,0.05,
2193,0,0.396706,0.000000,0.539865,1.12e-05,0.2067,0.05,
2194,0,0.398015,0.000000,0.531761,1.12e-05,0.1101,0.05,
2195,0,0.393136,0.000000,0.537461,1.11e-05,0.1399,0.05,
2196,0,0.383330,0.000000,0.524152,1.11e-05,0.1355,0.05,
2197,0,0.390203,0.000000,0.513565,1.10e-05,0.1377,0.05,
2198,0,0.404498,0.000000,0.570188,1.10e-05,0.1415,0.06,
2199,0,0.390960,0.000000,0.540060,1.10e-05,0.1203,0.06,
2200,0,0.391782,0.000000,0.549778,1.09e-05,0.2083,0.05,
2201,0,0.399241,0.000000,0.574539,1.09e-05,0.2088,0.05,
2202,0,0.404498,0.000000,0.604307,1.08e-05,0.4456,0.05,
2203,0,0.397993,0.000000,0.566732,1.08e-05,0.3579,0.05,
2204,0,0.389608,0.000000,0.568097,1.08e-05,0.1878,0.05,
2205,0,0.403743,0.000000,0.571041,1.07e-05,0.2273,0.05,
2206,0,0.391888,0.000000,0.543990,1.07e-05,0.2317,0.05,
2207,0,0.386822,0.000000,0.563996,1.06e-05,0.1764,0.05,
2208,0,0.393555,0.000000,0.516805,1.06e-05,0.0953,0.05,
2209,0,0.395152,0.000000,0.534708,1.06e-05,0.1915,0.05,
2210,0,0.387279,0.000000,0.564802,1.05e-05,0.2351,0.05,
2211,0,0.388709,0.000000,0.551399,1.05e-05,0.1538,0.05,
2212,0,0.395184,0.000000,0.557886,1.04e-05,0.1774,0.05,
2213,0,0.406289,0.000000,0.626192,1.04e-05,0.2475,0.05,
2214,0,0.406812,0.000000,0.574860,1.04e-05,0.2310,0.06,
2215,0,0.410389,0.000000,0.567352,1.03e-05,0.1241,0.06,
2216,0,0.399736,0.000000,0.527951,1.03e-05,0.2012,0.05,
2217,0,0.390931,0.000000,0.509405,1.02e-05,0.1359,0.05,
2218,0,0.396650,0.000000,0.543221,1.02e-05,0.1498,0.06,
2219,0,0.389974,0.000000,0.528477,1.02e-05,0.3040,0.06,
2220,0,0.385855,0.000000,0.481691,1.01e-05,0.2095,0.05,
2221,0,0.397673,0.000000,0.567563,1.01e-05,0.2830,0.05,
2222,0,0.397649,0.000000,0.591787,1.00e-05,0.2757,0.05,
2223,0,0.392490,0.000000,0.562600,1.00e-05,0.3297,0.05,
2224,0,0.390885,0.000000,0.576808,1.00e-05,0.2812,0.05,
2225,0,0.387364,0.000000,0.646224,1.00e-05,0.2467,0.04,
2226,0,0.391866,0.000000,0.600259,1.00e-05,0.1555,0.05,
2227,0,0.398409,0.000000,0.608117,1.00e-05,0.1800,0.05,
2228,0,0.394570,0.000000,0.543076,1.00e-05,0.1543,0.05,
2229,0,0.406828,0.000000,0.592378,1.00e-05,0.1359,0.05,
2230,0,0.411438,0.000000,0.581547,1.00e-05,0.1808,0.05,
2231,0,0.401712,0.000000,0.557138,1.00e-05,0.1839,0.05,
2232,0,0.396819,0.000000,0.547090,1.00e-05,0.2164,0.05,
2233,0,0.396070,0.000000,0.550486,1.00e-05,0.2049,0.05,
2234,0,0.390108,0.000000,0.550674,1.00e-05,0.1458,0.05,
2235,0,0.397279,0.000000,0.548606,1.00e-05,0.1924,0.05,
2236,0,0.397850,0.000000,0.548656,1.00e-05,0.1449,0.05,
2237,0,0.402331,0.000000,0.563945,1.00e-05,0.2129,0.05,
2238,0,0.408495,0.000000,0.570737,1.00e-05,0.1660,0.05,
2239,0,0.399157,0.000000,0.562827,1.00e-05,0.1878,0.05,
2240,0,0.401360,0.000000,0.555627,1.00e-05,0.1898,0.06,
2241,0,0.409530,0.000000,0.572549,1.00e-05,0.1812,0.06,
2242,0,0.401529,0.000000,0.558227,1.00e-05,0.1706,0.05,
2243,0,0.404113,0.000000,0.571557,1.00e-05,0.1557,0.05,
2244,0,0.408510,0.000000,0.593780,1.00e-05,0.3642,0.05,
2245,0,0.407229,0.000000,0.615937,1.00e-05,0.1934,0.05,
2246,0,0.406742,0.000000,0.604595,1.00e-05,0.2061,0.05,
2247,0,0.395913,0.000000,0.575022,1.00e-05,0.1710,0.05,
2248,0,0.390786,0.000000,0.637133,1.00e-05,0.2111,0.05,
2249,0,0.406187,0.000000,0.649875,1.00e-05,0.2417,0.05,
2250,0,0.407196,0.000000,0.657821,1.00e-05,0.2577,0.05,
2251,0,0.411282,0.000000,0.596005,1.00e-05,0.1811,0.05,
2252,0,0.395390,0.000000,0.632560,1.00e-05,0.2496,0.05,
2253,0,0.402257,0.000000,0.637882,1.00e-05,0.1999,0.05,
2254,0,0.386872,0.000000,0.652634,1.00e-05,0.4912,0.05,
2255,0,0.403388,0.000000,0.658604,1.00e-05,0.3348,0.05,
2256,0,0.410854,0.000000,0.602091,1.00e-05,0.1817,0.06,
2257,0,0.390723,0.000000,0.694102,1.00e-05,0.2963,0.05,
2258,0,0.405424,0.000000,0.611119,1.00e-05,0.1714,0.05,
2259,0,0.410337,0.000000,0.575271,1.00e-05,0.2581,0.05,
2260,0,0.399015,0.000000,0.576668,1.00e-05,0.1364,0.05,
2261,0,0.404503,0.000000,0.608058,1.00e-05,0.2541,0.05,
2262,0,0.399636,0.000000,0.613037,1.00e-05,0.1915,0.05,
2263,0,0.402216,0.000000,0.628370,1.00e-05,0.1404,0.05,
2264,0,0.396535,0.000000,0.541966,1.00e-05,0.2861,0.06,
2265,0,0.400126,0.000000,0.553065,1.00e-05,0.1663,0.06,
2266,0,0.404223,0.000000,0.621330,1.00e-05,0.2092,0.06,
2267,0,0.392941,0.000000,0.573358,1.00e-05,0.1298,0.05,
2268,0,0.397911,0.000000,0.595072,1.00e-05,0.2264,0.06,
2269,0,0.403588,0.000000,0.581366,1.00e-05,0.1832,0.06,
2270,0,0.406639,0.000000,0.571043,1.00e-05,0.1833,0.05,
2271,0,0.397387,0.000000,0.613390,1.00e-05,0.2257,0.05,
2272,0,0.406309,0.000000,0.611054,1.00e-05,0.1696,0.05,
2273,0,0.401779,0.000000,0.573345,1.00e-05,0.3614,0.05,
2274,0,0.403498,0.000000,0.583371,1.00e-05,0.1848,0.05,
2275,0,0.408442,0.000000,0.606283,1.00e-05,0.2574,0.05,
2276,0,0.407435,0.000000,0.590628,1.00e-05,0.1932,0.06,
2277,0,0.408009,0.000000,0.586066,1.00e-05,0.1729,0.06,
2278,0,0.396417,0.000000,0.549935,1.00e-05,0.1436,0.05,
2279,0,0.402938,0.000000,0.571913,1.00e-05,0.1790,0.05,
2280,0,0.398478,0.000000,0.561527,1.00e-05,0.1495,0.06,
2281,0,0.395735,0.000000,0.576450,1.00e-05,0.1866,0.05,
2282,0,0.392837,0.000000,0.546960,1.00e-05,0.1820,0.05,
2283,0,0.399453,0.000000,0.572768,1.00e-05,0.1356,0.05,
2284,0,0.397726,0.000000,0.571752,1.00e-05,0.2589,0.05,
2285,0,0.404419,0.000000,0.557641,1.00e-05,0.1621,0.05,
2286,0,0.404201,0.000000,0.575388,1.00e-05,0.2140,0.05,
2287,0,0.398837,0.000000,0.534912,1.00e-05,0.1769,0.05,
2288,0,0.413814,0.000000,0.575241,1.00e-05,0.1223,0.06,
2289,0,0.398677,0.000000,0.602292,1.00e-05,0.1794,0.06,
2290,0,0.397976,0.000000,0.532058,1.00e-05,0.1959,0.05,
2291,0,0.406140,0.000000,0.588120,1.00e-05,0.1326,0.05,
2292,0,0.404620,0.000000,0.563312,1.00e-05,0.1731,0.05,
2293,0,0.408289,0.000000,0.643131,1.00e-05,0.1534,0.06,
2294,0,0.396864,0.000000,0.803152,1.00e-05,0.2885,0.05,
2295,0,0.402372,0.000000,0.637788,1.00e-05,0.2572,0.05,
2296,0,0.403564,0.000000,0.574129,1.00e-05,0.1600,0.05,
2297,0,0.404959,0.000000,0.604929,1.00e-05,0.2434,0.05,
2298,0,0.392578,0.000000,0.545766,1.00e-05,0.1636,0.05,
2299,0,0.417668,0.000000,0.567219,1.00e-05,0.1811,0.05,
2300,0,0.405151,0.000000,0.596007,1.00e-05,0.1781,0.05,
2301,0,0.400993,0.000000,0.575846,1.00e-05,0.1754,0.05,
2302,0,0.394451,0.000000,0.600325,1.00e-05,0.1916,0.05,
2303,0,0.399539,0.000000,0.582217,1.00e-05,0.2052,0.05,
2304,0,0.395180,0.000000,0.540881,1.00e-05,0.1363,0.05,
2305,0,0.396670,0.000000,0.562691,1.00e-05,0.1839,0.05,
2306,0,0.409561,0.000000,0.591086,1.00e-05,0.4640,0.06,
2307,0,0.410690,0.000000,0.556501,1.00e-05,0.1258,0.06,
2308,0,0.394845,0.000000,0.501463,1.00e-05,0.2579,0.05,
2309,0,0.399483,0.000000,0.565223,1.00e-05,0.1747,0.05,
2310,0,0.418474,0.000000,0.565313,1.00e-05,0.1514,0.06,
2311,0,0.402280,0.000000,0.594883,1.00e-05,0.1650,0.06,
2312,0,0.406215,0.000000,0.581256,1.00e-05,0.1401,0.06,
2313,0,0.398207,0.000000,0.566392,1.00e-05,0.1595,0.05,
2314,0,0.388429,0.000000,0.550150,1.00e-05,0.1963,0.06,
2315,0,0.405884,0.000000,0.586645,1.00e-05,0.1690,0.05,
2316,0,0.388308,0.000000,0.538318,1.00e-05,0.1861,0.05,
2317,0,0.407933,0.000000,0.555623,1.00e-05,0.1622,0.06,
2318,0,0.395076,0.000000,0.553492,1.00e-05,0.2166,0.05,
2319,0,0.395892,0.000000,0.527541,1.00e-05,0.1407,0.05,
2320,0,0.404566,0.000000,0.521098,1.00e-05,0.1568,0.06,
2321,0,0.390556,0.000000,0.587115,1.00e-05,0.2117,0.06,
2322,0,0.373877,0.000000,0.493421,1.00e-05,0.1549,0.05,
2323,0,0.397016,0.000000,0.562195,1.00e-05,0.2434,0.05,
2324,0,0.380626,0.000000,0.532457,1.00e-05,0.1806,0.05,
2325,0,0.390995,0.000000,0.526026,1.00e-05,0.1830,0.05,
2326,0,0.393315,0.000000,0.539172,1.00e-05,0.2770,0.06,
2327,0,0.384321,0.000000,0.516604,1.00e-05,0.1213,0.05,
2328,0,0.383160,0.000000,0.526266,1.00e-05,0.1595,0.05,
2329,0,0.393521,0.000000,0.583488,1.00e-05,0.3020,0.05,
2330,0,0.392259,0.000000,0.543676,1.00e-05,0.1801,0.05,
2331,0,0.384342,0.000000,0.518212,1.00e-05,0.1323,0.05,
2332,0,0.402637,0.000000,0.552037,1.00e-05,0.1832,0.06,
2333,0,0.400624,0.000000,0.625376,1.00e-05,0.2383,0.06,
2334,0,0.414312,0.000000,0.642190,1.00e-05,0.2520,0.05,
2335,0,0.385949,0.000000,0.577477,1.00e-05,0.2553,0.05,
2336,0,0.405854,0.000000,0.586014,1.00e-05,0.1806,0.06,
2337,0,0.392025,0.000000,0.555477,1.00e-05,0.1982,0.05,
2338,0,0.401066,0.000000,0.558670,1.00e-05,0.1535,0.05,
2339,0,0.392947,0.000000,0.555063,1.00e-05,0.2114,0.05,
2340,0,0.403876,0.000000,0.605062,1.00e-05,0.1699,0.05,
2341,0,0.403199,0.000000,0.574961,1.00e-05,0.1699,0.05,
2342,0,0.402105,0.000000,0.572034,1.00e-05,0.1277,0.05,
2343,0,0.393881,0.000000,0.589769,1.00e-05,0.1391,0.05,
2344,0,0.401946,0.000000,0.573092,1.00e-05,0.1265,0.06,
2345,0,0.405606,0.000000,0.626443,1.00e-05,0.1621,0.05,
2346,0,0.405193,0.000000,0.589887,1.00e-05,0.1238,0.05,
2347,0,0.413451,0.000000,0.591370,1.00e-05,0.1654,0.06,
2348,0,0.396198,0.000000,0.576129,1.00e-05,0.1353,0.06,
2349,0,0.396547,0.000000,0.541166,1.00e-05,0.1722,0.05,
2350,0,0.422635,0.000000,0.617164,1.00e-05,0.1798,0.05,
2351,0,0.409957,0.000000,0.596406,1.00e-05,0.1358,0.05,
2352,0,0.405424,0.000000,0.605333,1.00e-05,0.2021,0.05,
2353,0,0.421849,0.000000,0.579420,1.00e-05,0.2022,0.06,
2354,0,0.414200,0.000000,0.584522,1.00e-05,0.1582,0.05,
2355,0,0.411514,0.000000,0.583532,1.00e-05,0.1293,0.05,
2356,0,0.407317,0.000000,0.595088,1.00e-05,0.1106,0.06,
2357,0,0.409886,0.000000,0.573035,1.00e-05,0.1470,0.05,
2358,0,0.403897,0.000000,0.565463,1.00e-05,0.1309,0.06,
2359,0,0.391894,0.000000,0.537502,1.00e-05,0.1428,0.05,
2360,0,0.409733,0.000000,0.674132,1.00e-05,0.3396,0.06,
2361,0,0.405291,0.000000,0.639295,1.00e-05,0.1938,0.05,
2362,0,0.389661,0.000000,0.590514,1.00e-05,0.1900,0.05,
2363,0,0.407321,0.000000,0.591504,1.00e-05,0.1396,0.05,
2364,0,0.391247,0.000000,0.568840,1.00e-05,0.1894,0.05,
2365,0,0.397094,0.000000,0.582307,1.00e-05,0.1939,0.05,
2366,0,0.393789,0.000000,0.588259,1.00e-05,0.1552,0.05,
2367,0,0.407467,0.000000,0.565094,1.00e-05,0.1495,0.05,
2368,0,0.387308,0.000000,0.527766,1.00e-05,0.1463,0.05,
2369,0,0.401163,0.000000,0.568919,1.00e-05,0.2561,0.05,
2370,0,0.407196,0.000000,0.564366,1.00e-05,0.2144,0.05,
2371,0,0.420576,0.000000,0.586361,1.00e-05,0.2370,0.06,
2372,0,0.414642,0.000000,0.564790,1.00e-05,0.1184,0.06,
2373,0,0.399242,0.000000,0.576935,1.00e-05,0.1437,0.06,
2374,0,0.394724,0.000000,0.602985,1.00e-05,0.2009,0.05,
2375,0,0.402668,0.000000,0.591996,1.00e-05,0.1413,0.05,
2376,0,0.410569,0.000000,0.593261,1.00e-05,0.1218,0.05,
2377,0,0.406260,0.000000,0.618797,1.00e-05,0.2782,0.05,
2378,0,0.405879,0.000000,0.607580,1.00e-05,0.1504,0.05,
2379,0,0.414615,0.000000,0.645364,1.00e-05,0.1434,0.06,
2380,0,0.398030,0.000000,0.594060,1.00e-05,0.1387,0.05,
2381,0,0.401846,0.000000,0.568559,1.00e-05,0.2267,0.05,
2382,0,0.403435,0.000000,0.640944,1.00e-05,0.1341,0.05,
2383,0,0.402369,0.000000,0.592906,1.00e-05,0.1796,0.05,
2384,0,0.408113,0.000000,0.613240,1.00e-05,0.1403,0.05,
2385,0,0.403736,0.000000,0.655691,1.00e-05,0.1611,0.05,
2386,0,0.410919,0.000000,0.597044,1.00e-05,0.1679,0.05,
2387,0,0.414869,0.000000,0.571778,1.00e-05,0.2003,0.06,
2388,0,0.399318,0.000000,0.627901,1.00e-05,0.1877,0.05,
2389,0,0.401986,0.000000,0.633979,1.00e-05,0.2069,0.05,
2390,0,0.404736,0.000000,0.574689,1.00e-05,0.1521,0.05,
2391,0,0.393240,0.000000,0.540598,1.00e-05,0.1270,0.05,
2392,0,0.381876,0.000000,0.551600,1.00e-05,0.1538,0.05,
2393,0,0.388270,0.000000,0.579654,1.00e-05,0.2408,0.05,
2394,0,0.396916,0.000000,0.748610,1.00e-05,0.2009,0.06,
2395,0,0.405862,0.000000,0.595503,1.00e-05,0.1890,0.06,
2396,0,0.385179,0.000000,0.638657,1.00e-05,0.1906,0.05,
2397,0,0.383838,0.000000,0.565867,1.00e-05,0.1277,0.05,
2398,0,0.385583,0.000000,0.597116,1.00e-05,0.1491,0.05,
2399,0,0.386948,0.000000,0.570355,1.00e-05,0.1899,0.05,
2400,0,0.382379,0.000000,0.825894,1.00e-05,0.1799,0.05,
2401,0,0.385880,0.000000,0.756762,1.00e-05,0.2718,0.05,
2402,0,0.394208,0.000000,0.576034,1.00e-05,0.1725,0.05,
2403,0,0.395898,0.000000,0.578633,1.00e-05,0.2721,0.05,
2404,0,0.402492,0.000000,0.573743,1.00e-05,0.2029,0.05,
2405,0,0.386847,0.000000,0.604864,1.00e-05,0.4146,0.05,
2406,0,0.392859,0.000000,0.589828,1.00e-05,0.1765,0.05,
2407,0,0.396218,0.000000,0.575048,1.00e-05,0.1621,0.06,
2407,0,,,,,,,0.398531
2408,0,0.398634,0.000000,0.563282,1.00e-05,0.1751,0.00,
2409,0,0.397472,0.000000,0.555824,1.00e-05,0.1139,0.06,
2410,0,0.407096,0.000000,0.582769,1.00e-05,0.1489,0.05,
2411,0,0.402373,0.000000,0.544124,1.00e-05,0.1919,0.05,
2412,0,0.399213,0.000000,0.563604,1.00e-05,0.2437,0.05,
2413,0,0.397064,0.000000,0.565224,1.00e-05,0.3025,0.05,
2414,0,0.391115,0.000000,0.545319,1.00e-05,0.1757,0.05,
2415,0,0.388724,0.000000,0.552127,1.00e-05,0.1742,0.05,
2416,0,0.396774,0.000000,0.577571,1.00e-05,0.2316,0.05,
2417,0,0.398915,0.000000,0.612080,1.00e-05,0.1504,0.05,
2418,0,0.391418,0.000000,0.560268,1.00e-05,0.2053,0.05,
2419,0,0.378506,0.000000,0.535101,1.00e-05,0.2100,0.05,
2420,0,0.392155,0.000000,0.565990,1.00e-05,0.1445,0.05,
2421,0,0.396471,0.000000,0.595047,1.00e-05,0.1832,0.05,
2422,0,0.392849,0.000000,0.538535,1.00e-05,0.1737,0.05,
2423,0,0.381661,0.000000,0.559737,1.00e-05,0.2036,0.05,
2424,0,0.382699,0.000000,0.563597,1.00e-05,0.1671,0.05,
2425,0,0.386613,0.000000,0.548733,1.00e-05,0.1577,0.05,
2426,0,0.390578,0.000000,0.586571,1.00e-05,0.1231,0.05,
2427,0,0.395870,0.000000,0.586216,1.00e-05,0.1346,0.05,
2428,0,0.392241,0.000000,0.578241,1.00e-05,0.1615,0.05,
2429,0,0.392082,0.000000,0.596986,1.00e-05,0.1421,0.05,
2430,0,0.388708,0.000000,0.627516,1.00e-05,0.2106,0.05,
2431,0,0.393173,0.000000,0.584124,1.00e-05,0.2373,0.05,
2432,0,0.395956,0.000000,0.572935,1.00e-05,0.1445,0.05,
2433,0,0.397442,0.000000,0.590627,1.00e-05,0.1724,0.05,
2434,0,0.397482,0.000000,0.630931,1.00e-05,0.2574,0.05,
2435,0,0.398560,0.000000,0.662640,1.00e-05,0.3865,0.05,
2436,0,0.400844,0.000000,0.626333,1.00e-05,0.2518,0.05,
2437,0,0.399789,0.000000,0.580640,1.00e-05,0.1504,0.05,
2438,0,0.403458,0.000000,0.602744,1.00e-05,0.2148,0.05,
2439,0,0.399597,0.000000,0.589299,1.00e-05,0.2442,0.05,
2440,0,0.398821,0.000000,0.578425,1.00e-05,0.2196,0.05,
2441,0,0.388772,0.000000,0.554486,1.00e-05,0.2593,0.05,
2442,0,0.388020,0.000000,0.584183,1.00e-05,0.2835,0.05,
2443,0,0.389576,0.000000,0.551886,1.00e-05,0.2459,0.05,
2444,0,0.403539,0.000000,0.594748,1.00e-05,0.3065,0.05,
2445,0,0.388448,0.000000,0.636546,1.00e-05,0.2088,0.05,
2446,0,0.399320,0.000000,0.577551,1.00e-05,0.1630,0.05,
2447,0,0.397758,0.000000,0.600445,1.00e-05,0.1987,0.05,
2448,0,0.386721,0.000000,0.582478,1.00e-05,0.2079,0.05,
2449,0,0.409353,0.000000,0.615622,1.00e-05,0.2654,0.05,
2450,0,0.391158,0.000000,0.600779,1.00e-05,0.1740,0.05,
2451,0,0.396303,0.000000,0.595243,1.00e-05,0.2130,0.05,
2452,0,0.395328,0.000000,0.582256,1.00e-05,0.2288,0.05,
2453,0,0.403307,0.000000,0.626803,1.00e-05,0.1894,0.05,
2454,0,0.410474,0.000000,0.562164,1.00e-05,0.2170,0.05,
2455,0,0.402519,0.000000,0.580926,1.00e-05,0.2713,0.05,
2456,0,0.414015,0.000000,0.579554,1.00e-05,0.2006,0.05,
2457,0,0.405188,0.000000,0.588133,1.00e-05,0.2485,0.05,
2458,0,0.407188,0.000000,0.569550,1.00e-05,0.4260,0.05,
2459,0,0.413864,0.000000,0.576783,1.00e-05,0.2798,0.05,
2460,0,0.418984,0.000000,0.581873,1.00e-05,0.1693,0.05,
2461,0,0.413096,0.000000,0.569423,1.00e-05,0.2174,0.05,
2462,0,0.420427,0.000000,0.602780,1.00e-05,0.2000,0.05,
2463,0,0.424949,0.000000,0.603795,1.00e-05,1.2868,0.05,
2464,0,0.403455,0.000000,0.611880,1.00e-05,0.2173,0.05,
2465,0,0.417113,0.000000,0.617552,1.00e-05,0.2216,0.05,
2466,0,0.412889,0.000000,0.591497,1.00e-05,0.1734,0.05,
2467,0,0.416497,0.000000,0.638835,1.00e-05,0.1821,0.05,
2468,0,0.409156,0.000000,0.573975,1.00e-05,0.1373,0.05,
2469,0,0.417357,0.000000,0.593714,1.00e-05,0.2503,0.05,
2470,0,0.412816,0.000000,0.554465,1.00e-05,0.1522,0.05,
2471,0,0.426854,0.000000,0.580939,1.00e-05,0.1631,0.05,
2472,0,0.417430,0.000000,0.622761,1.00e-05,0.1862,0.05,
2473,0,0.405009,0.000000,0.581647,1.00e-05,0.2242,0.05,
2474,0,0.412325,0.000000,0.567775,1.00e-05,0.1483,0.05,
2475,0,0.428241,0.000000,0.576065,1.00e-05,0.1179,0.05,
2476,0,0.400711,0.000000,0.566676,1.00e-05,0.2012,0.05,
2477,0,0.410244,0.000000,0.560502,1.00e-05,0.1488,0.05,
2478,0,0.404089,0.000000,0.556952,1.00e-05,0.2563,0.05,
2479,0,0.406893,0.000000,0.575671,1.00e-05,0.1836,0.05,
2480,0,0.414859,0.000000,0.627315,1.00e-05,0.1790,0.05,
2481,0,0.424359,0.000000,0.607387,1.00e-05,0.1726,0.06,
2482,0,0.421205,0.000000,0.557223,1.00e-05,0.1934,0.05,
2483,0,0.422372,0.000000,0.593949,1.00e-05,0.1940,0.06,
2484,0,0.426158,0.000000,0.631520,1.00e-05,0.2178,0.06,
2485,0,0.420145,0.000000,0.583725,1.00e-05,0.1982,0.05,
2486,0,0.410747,0.000000,0.591464,1.00e-05,0.2853,0.05,
2487,0,0.423869,0.000000,0.577098,1.00e-05,0.1320,0.05,
2488,0,0.407695,0.000000,0.574246,1.00e-05,0.1956,0.05,
2489,0,0.400454,0.000000,0.595315,1.00e-05,0.2758,0.05,
2490,0,0.400080,0.000000,0.579325,1.00e-05,0.2528,0.05,
2491,0,0.399389,0.000000,0.562337,1.00e-05,0.1277,0.05,
2492,0,0.422994,0.000000,0.590039,1.00e-05,0.2470,0.05,
2493,0,0.414472,0.000000,0.574420,1.00e-05,0.1720,0.06,
2494,0,0.406352,0.000000,0.625951,1.00e-05,0.1856,0.05,
2495,0,0.406459,0.000000,0.675120,1.00e-05,0.2556,0.05,
2496,0,0.401888,0.000000,0.576240,1.00e-05,0.2370,0.05,
2497,0,0.411713,0.000000,0.573618,1.00e-05,0.1511,0.05,
2498,0,0.415277,0.000000,0.554124,1.00e-05,0.1536,0.05,
2499,0,0.410994,0.000000,0.548437,1.00e-05,0.1995,0.05,
2500,0,0.403122,0.000000,0.543783,1.00e-05,0.1575,0.05,
2501,0,0.415435,0.000000,0.557959,1.00e-05,0.1287,0.06,
2502,0,0.401608,0.000000,0.552260,1.00e-05,0.2485,0.06,
2503,0,0.410419,0.000000,0.561611,1.00e-05,0.5126,0.05,
2504,0,0.396010,0.000000,0.552087,1.00e-05,0.1762,0.05,
2505,0,0.399679,0.000000,0.541289,1.00e-05,0.1641,0.06,
2506,0,0.398001,0.000000,0.517997,1.00e-05,0.1804,0.05,
2507,0,0.403377,0.000000,0.568078,1.00e-05,0.1452,0.05,
2508,0,0.416048,0.000000,0.567924,1.00e-05,0.2505,0.06,
2509,0,0.399278,0.000000,0.574935,1.00e-05,0.2763,0.05,
2510,0,0.395894,0.000000,0.533795,1.00e-05,0.2383,0.05,
2511,0,0.415175,0.000000,0.572113,1.00e-05,0.1307,0.05,
2512,0,0.418419,0.000000,0.570591,1.00e-05,0.1414,0.06,
2513,0,0.403727,0.000000,0.602989,1.00e-05,0.1771,0.05,
2514,0,0.396186,0.000000,0.544665,1.00e-05,0.1647,0.05,
2515,0,0.402534,0.000000,0.566714,1.00e-05,0.1393,0.05,
2516,0,0.406731,0.000000,0.570026,1.00e-05,0.1940,0.05,
2517,0,0.393471,0.000000,0.553615,1.00e-05,0.2207,0.05,
2518,0,0.408942,0.000000,0.558380,1.00e-05,0.3477,0.05,
2519,0,0.406208,0.000000,0.567016,1.00e-05,0.2473,0.05,
2520,0,0.405847,0.000000,0.586054,1.00e-05,0.1884,0.05,
2521,0,0.416291,0.000000,0.593624,1.00e-05,0.1321,0.06,
2522,0,0.407795,0.000000,0.567979,1.00e-05,0.3503,0.06,
2523,0,0.399856,0.000000,0.548166,1.00e-05,0.1389,0.06,
2524,0,0.421001,0.000000,0.587548,1.00e-05,0.1488,0.06,
2525,0,0.414061,0.000000,0.592857,1.00e-05,0.2311,0.06,
2526,0,0.410737,0.000000,0.582543,1.00e-05,0.1626,0.05,
2527,0,0.403521,0.000000,0.568480,1.00e-05,0.1782,0.04,
2528,0,0.401925,0.000000,0.554173,1.00e-05,0.1265,0.05,
2529,0,0.399053,0.000000,0.579785,1.00e-05,0.2398,0.05,
2530,0,0.404334,0.000000,0.593913,1.00e-05,0.2170,0.05,
2531,0,0.406665,0.000000,0.620236,1.00e-05,0.1742,0.05,
2532,0,0.415525,0.000000,0.578172,1.00e-05,0.1737,0.06,
2533,0,0.408906,0.000000,0.556778,1.00e-05,0.2564,0.06,
2534,0,0.396618,0.000000,0.557517,1.00e-05,0.2501,0.05,
2535,0,0.405269,0.000000,0.582183,1.00e-05,0.1764,0.05,
2536,0,0.409075,0.000000,0.572443,1.00e-05,0.2454,0.06,
2537,0,0.395405,0.000000,0.549396,1.00e-05,0.2356,0.05,
2538,0,0.399186,0.000000,0.579848,1.00e-05,0.1609,0.05,
2539,0,0.395293,0.000000,0.576486,1.00e-05,0.2618,0.05,
2540,0,0.400474,0.000000,0.579028,1.00e-05,0.2027,0.05,
2541,0,0.407307,0.000000,0.574073,1.00e-05,0.2062,0.05,
2542,0,0.414428,0.000000,0.568137,1.00e-05,0.1553,0.06,
2543,0,0.401134,0.000000,0.607423,1.00e-05,0.2226,0.05,
2544,0,0.405546,0.000000,0.582711,1.00e-05,0.2279,0.05,
2545,0,0.395327,0.000000,0.599330,1.00e-05,0.1862,0.05,
2546,0,0.405981,0.000000,0.582650,1.00e-05,0.1874,0.05,
2547,0,0.403276,0.000000,0.587457,1.00e-05,0.1871,0.06,
2548,0,0.403566,0.000000,0.589138,1.00e-05,0.2290,0.06,
2549,0,0.413570,0.000000,0.578809,1.00e-05,0.2500,0.05,
2550,0,0.411841,0.000000,0.623050,1.00e-05,0.1675,0.05,
2551,0,0.401738,0.000000,0.577571,1.00e-05,0.1344,0.05,
2552,0,0.400577,0.000000,0.596639,1.00e-05,0.1505,0.05,
2553,0,0.393550,0.000000,0.555443,1.00e-05,0.2269,0.05,
2554,0,0.417358,0.000000,0.611399,1.00e-05,0.3200,0.05,
2555,0,0.403988,0.000000,0.585162,1.00e-05,0.1710,0.05,
2556,0,0.404077,0.000000,0.565991,1.00e-05,0.2053,0.05,
2557,0,0.392901,0.000000,0.561872,1.00e-05,0.2315,0.05,
2558,0,0.401804,0.000000,0.608911,1.00e-05,0.2698,0.05,
2559,0,0.405163,0.000000,0.606744,1.00e-05,0.2072,0.05,
2560,0,0.410356,0.000000,0.582715,1.00e-05,0.1890,0.05,
2561,0,0.401005,0.000000,0.583274,1.00e-05,0.1816,0.05,
2562,0,0.401609,0.000000,0.572177,1.00e-05,0.2073,0.05,
2563,0,0.418009,0.000000,0.577032,1.00e-05,0.2364,0.06,
2564,0,0.403556,0.000000,0.518455,1.00e-05,0.2381,0.05,
2565,0,0.421443,0.000000,0.573067,1.00e-05,0.1997,0.05,
2566,0,0.421501,0.000000,0.560292,1.00e-05,0.1287,0.05,
2567,0,0.396051,0.000000,0.548984,1.00e-05,0.1607,0.05,
2568,0,0.395657,0.000000,0.570346,1.00e-05,0.2331,0.05,
2569,0,0.406194,0.000000,0.589427,1.00e-05,0.1733,0.05,
2570,0,0.405757,0.000000,0.553337,1.00e-05,0.2021,0.05,
2571,0,0.404949,0.000000,0.602104,1.00e-05,0.1710,0.05,
2572,0,0.405885,0.000000,0.543790,1.00e-05,0.1346,0.06,
2573,0,0.407090,0.000000,0.560663,1.00e-05,0.1670,0.05,
2574,0,0.402543,0.000000,0.529029,1.00e-05,0.1871,0.05,
2575,0,0.413537,0.000000,0.584095,1.00e-05,0.2021,0.05,
2576,0,0.419746,0.000000,0.574470,1.00e-05,0.2359,0.06,
2577,0,0.412084,0.000000,0.565912,1.00e-05,0.1383,0.05,
2578,0,0.417783,0.000000,0.588586,1.00e-05,0.2131,0.05,
2579,0,0.422807,0.000000,0.588052,1.00e-05,0.1834,0.05,
2580,0,0.416019,0.000000,0.558806,1.00e-05,0.1679,0.05,
2581,0,0.412662,0.000000,0.591650,1.00e-05,0.2789,0.05,
2582,0,0.418811,0.000000,0.598751,1.00e-05,0.1613,0.05,
2583,0,0.409015,0.000000,0.541147,1.00e-05,0.1229,0.05,
2584,0,0.407332,0.000000,0.538417,1.00e-05,0.1394,0.05,
2585,0,0.406992,0.000000,0.589686,1.00e-05,0.2188,0.05,
2586,0,0.417554,0.000000,0.539197,1.00e-05,0.1542,0.06,
2587,0,0.416187,0.000000,0.568573,1.00e-05,0.1609,0.05,
2588,0,0.409445,0.000000,0.535879,1.00e-05,0.1126,0.05,
2589,0,0.413649,0.000000,0.579389,1.00e-05,0.1403,0.06,
2590,0,0.411436,0.000000,0.575592,1.00e-05,0.2150,0.06,
2591,0,0.401764,0.000000,0.530473,1.00e-05,0.1676,0.05,
2592,0,0.413021,0.000000,0.598245,1.00e-05,0.1758,0.05,
2593,0,0.402211,0.000000,0.524840,1.00e-05,0.1652,0.06,
2594,0,0.391217,0.000000,0.545374,1.00e-05,0.1369,0.05,
2595,0,0.397045,0.000000,0.531285,1.00e-05,0.1054,0.05,
2596,0,0.417249,0.000000,0.588056,1.00e-05,0.1937,0.05,
2597,0,0.410200,0.000000,0.585396,1.00e-05,0.2977,0.05,
2598,0,0.408815,0.000000,0.541951,1.00e-05,0.1388,0.06,
2599,0,0.408991,0.000000,0.568986,1.00e-05,0.1602,0.06,
2600,0,0.391340,0.000000,0.560979,1.00e-05,0.1674,0.05,
2601,0,0.391700,0.000000,0.561902,1.00e-05,0.1621,0.05,
2602,0,0.389904,0.000000,0.523270,1.00e-05,0.1514,0.05,
2603,0,0.402313,0.000000,0.561616,1.00e-05,0.1441,0.05,
2604,0,0.399308,0.000000,0.526268,1.00e-05,0.1058,0.05,
2605,0,0.403254,0.000000,0.565501,1.00e-05,0.1885,0.05,
2606,0,0.414419,0.000000,0.588035,1.00e-05,0.1901,0.06,
2607,0,0.400484,0.000000,0.548984,1.00e-05,0.1514,0.05,
2608,0,0.399411,0.000000,0.551044,1.00e-05,0.1634,0.05,
2609,0,0.402718,0.000000,0.542752,1.00e-05,0.1490,0.06,
2610,0,0.401299,0.000000,0.527779,1.00e-05,0.1696,0.05,
2611,0,0.406695,0.000000,0.529004,1.00e-05,0.1533,0.06,
2612,0,0.405791,0.000000,0.562046,1.00e-05,0.1695,0.05,
2613,0,0.401401,0.000000,0.550756,1.00e-05,0.1556,0.05,
2614,0,0.406488,0.000000,0.538233,1.00e-05,0.1284,0.05,
2615,0,0.404788,0.000000,0.555766,1.00e-05,0.2608,0.05,
2616,0,0.404948,0.000000,0.538734,1.00e-05,0.1177,0.05,
2617,0,0.408205,0.000000,0.571161,1.00e-05,0.1375,0.06,
2618,0,0.423329,0.000000,0.559376,1.00e-05,0.2384,0.06,
2619,0,0.405352,0.000000,0.573757,1.00e-05,0.1816,0.05,
2620,0,0.413123,0.000000,0.561797,1.00e-05,0.1761,0.05,
2621,0,0.412376,0.000000,0.547293,1.00e-05,0.2058,0.06,
2622,0,0.416062,0.000000,0.524684,1.00e-05,0.1334,0.06,
2623,0,0.403793,0.000000,0.527337,1.00e-05,0.1319,0.05,
2624,0,0.408709,0.000000,0.559402,1.00e-05,0.1840,0.05,
2625,0,0.400217,0.000000,0.540276,1.00e-05,0.1825,0.05,
2626,0,0.397209,0.000000,0.540747,1.00e-05,0.1118,0.05,
2627,0,0.403858,0.000000,0.561040,1.00e-05,0.2088,0.06,
2628,0,0.409112,0.000000,0.564154,1.00e-05,0.1526,0.05,
2629,0,0.413697,0.000000,0.563593,1.00e-05,0.1147,0.06,
2630,0,0.400354,0.000000,0.605512,1.00e-05,0.1916,0.05,
2631,0,0.417339,0.000000,0.588402,1.00e-05,0.1549,0.06,
2632,0,0.397212,0.000000,0.564029,1.00e-05,0.2123,0.05,
2633,0,0.402363,0.000000,0.564273,1.00e-05,0.1200,0.05,
2634,0,0.410252,0.000000,0.549277,1.00e-05,0.1193,0.05,
2635,0,0.392283,0.000000,0.569226,1.00e-05,0.1599,0.05,
2636,0,0.415933,0.000000,0.584572,1.00e-05,0.1680,0.05,
2637,0,0.404750,0.000000,0.570568,1.00e-05,0.2132,0.05,
2638,0,0.413593,0.000000,0.548052,1.00e-05,0.1888,0.05,
2639,0,0.407444,0.000000,0.615197,1.00e-05,0.2219,0.06,
2640,0,0.406798,0.000000,0.628355,1.00e-05,0.1352,0.05,
2641,0,0.405158,0.000000,0.548410,1.00e-05,0.1487,0.05,
2642,0,0.405124,0.000000,0.565322,1.00e-05,0.2488,0.05,
2643,0,0.414799,0.000000,0.639957,1.00e-05,0.1668,0.06,
2644,0,0.388360,0.000000,0.568795,1.00e-05,0.2162,0.05,
2645,0,0.386894,0.000000,0.518554,1.00e-05,0.2135,0.05,
2646,0,0.398835,0.000000,0.565711,1.00e-05,0.2419,0.05,
2647,0,0.393747,0.000000,0.611112,1.00e-05,0.1841,0.06,
2648,0,0.398455,0.000000,0.525144,1.00e-05,0.1794,0.06,
2649,0,0.398034,0.000000,0.577922,1.00e-05,0.1774,0.05,
2650,0,0.393588,0.000000,0.641120,1.00e-05,0.2065,0.05,
2651,0,0.397829,0.000000,0.592834,1.00e-05,0.2758,0.05,
2652,0,0.398123,0.000000,0.547225,1.00e-05,0.1451,0.05,
2653,0,0.392580,0.000000,0.522096,1.00e-05,0.2873,0.05,
2654,0,0.400869,0.000000,0.515840,1.00e-05,0.1206,0.05,
2655,0,0.399850,0.000000,0.539498,1.00e-05,0.1308,0.05,
2656,0,0.403465,0.000000,0.554097,1.00e-05,0.1664,0.05,
2657,0,0.406772,0.000000,0.585465,1.00e-05,0.2090,0.06,
2658,0,0.398547,0.000000,0.548550,1.00e-05,0.1694,0.05,
2659,0,0.413579,0.000000,0.568523,1.00e-05,0.1301,0.05,
2660,0,0.407496,0.000000,0.552131,1.00e-05,0.2024,0.05,
2661,0,0.423556,0.000000,0.570256,1.00e-05,0.2190,0.06,
2662,0,0.402444,0.000000,0.567763,1.00e-05,0.2002,0.05,
2663,0,0.412807,0.000000,0.569044,1.00e-05,0.2644,0.06,
2664,0,0.402911,0.000000,0.557475,1.00e-05,0.2410,0.05,
2665,0,0.407021,0.000000,0.555197,1.00e-05,0.1896,0.05,
2666,0,0.413016,0.000000,0.577348,1.00e-05,0.2410,0.05,
2667,0,0.407910,0.000000,0.533154,1.00e-05,0.1436,0.05,
2668,0,0.408332,0.000000,0.539295,1.00e-05,0.1741,0.06,
2669,0,0.394604,0.000000,0.539061,1.00e-05,0.1637,0.05,
2670,0,0.416997,0.000000,0.551911,1.00e-05,0.1530,0.06,
2671,0,0.415032,0.000000,0.551347,1.00e-05,0.1242,0.06,
2672,0,0.392264,0.000000,0.516014,1.00e-05,0.1258,0.06,
2673,0,0.410992,0.000000,0.548745,1.00e-05,0.2131,0.06,
2674,0,0.389420,0.000000,0.561282,1.00e-05,0.1517,0.06,
2675,0,0.401042,0.000000,0.568022,1.00e-05,0.1930,0.05,
2676,0,0.391854,0.000000,0.559592,1.00e-05,0.1963,0.05,
2677,0,0.406199,0.000000,0.585694,1.00e-05,0.2094,0.06,
2678,0,0.417083,0.000000,0.589836,1.00e-05,0.1882,0.05,
2679,0,0.405701,0.000000,0.608732,1.00e-05,0.3648,0.05,
2680,0,0.406882,0.000000,0.577312,1.00e-05,0.2675,0.05,
2681,0,0.402947,0.000000,0.562019,1.00e-05,0.3578,0.05,
2682,0,0.411631,0.000000,0.579319,1.00e-05,0.3780,0.05,
2683,0,0.412872,0.000000,0.548367,1.00e-05,0.1913,0.06,
2684,0,0.406921,0.000000,0.548034,1.00e-05,0.1753,0.06,
2685,0,0.406325,0.000000,0.566319,1.00e-05,0.1462,0.05,
2686,0,0.404164,0.000000,0.546721,1.00e-05,0.1938,0.05,
2687,0,0.407923,0.000000,0.585246,1.00e-05,0.1717,0.05,
2688,0,0.411239,0.000000,0.545339,1.00e-05,0.1599,0.05,
2689,0,0.399075,0.000000,0.572345,1.00e-05,0.1781,0.05,
2690,0,0.412086,0.000000,0.566221,1.00e-05,0.1699,0.05,
2691,0,0.407636,0.000000,0.579932,1.00e-05,0.1664,0.05,
2692,0,0.398289,0.000000,0.557833,1.00e-05,0.1622,0.05,
2693,0,0.398229,0.000000,0.581074,1.00e-05,0.1699,0.05,
2694,0,0.400115,0.000000,0.560682,1.00e-05,0.1848,0.05,
2695,0,0.421544,0.000000,0.595909,1.00e-05,0.2342,0.06,
2696,0,0.409029,0.000000,0.561378,1.00e-05,0.1767,0.05,
2697,0,0.416321,0.000000,0.577410,1.00e-05,0.1521,0.05,
2698,0,0.412811,0.000000,0.581445,1.00e-05,0.2674,0.05,
2699,0,0.411807,0.000000,0.577120,1.00e-05,0.1508,0.05,
2700,0,0.416254,0.000000,0.596926,1.00e-05,0.1822,0.05,
2701,0,0.407006,0.000000,0.582035,1.00e-05,0.1453,0.05,
2702,0,0.407497,0.000000,0.585391,1.00e-05,0.1661,0.05,
2703,0,0.414599,0.000000,0.589825,1.00e-05,0.2235,0.05,
2704,0,0.405266,0.000000,0.557691,1.00e-05,0.2468,0.05,
2705,0,0.413642,0.000000,0.556526,1.00e-05,0.2221,0.05,
2706,0,0.410281,0.000000,0.587266,1.00e-05,0.1987,0.05,
2707,0,0.412715,0.000000,0.565559,1.00e-05,0.1412,0.05,
2708,0,0.417980,0.000000,0.555299,1.00e-05,0.2297,0.05,
2708,0,,,,,,,0.397777
2709,0,0.410447,0.000000,0.572818,1.00e-05,0.2384,0.00,
2710,0,0.409987,0.000000,0.567690,1.00e-05,0.3371,0.05,
2711,0,0.399646,0.000000,0.604049,1.00e-05,0.2063,0.05,
2712,0,0.381274,0.000000,0.496334,1.00e-05,0.2346,0.05,
