scale,metric,direction,unit,arm_a,arm_b,side_a,side_b,n,raw_delta_a_minus_b,raw_ci_lo,raw_ci_hi,a_advantage,a_adv_ci_lo,a_adv_ci_hi,separated,p_value,source
POC-2B,act,higher,pp,frozen,full_ft_encoder,REF,COMP,1825,-8.4384,-10.7397,-6.0822,-8.4384,-10.7397,-6.0822,True,0.0,probe_action/probe_paired_delta.json
POC-2B,act,higher,pp,frozen,lpft_encoder,REF,COMP,1825,-4.7671,-7.0685,-2.5753,-4.7671,-7.0685,-2.5753,True,0.0,probe_action/probe_paired_delta.json
POC-2B,act,higher,pp,frozen,peft_dora_encoder,REF,COMP,1825,-8.3288,-10.6301,-6.0822,-8.3288,-10.6301,-6.0822,True,0.0,probe_action/probe_paired_delta.json
POC-2B,act,higher,pp,frozen,peft_lora_encoder,REF,COMP,1825,-6.6301,-8.9315,-4.274,-6.6301,-8.9315,-4.274,True,0.0,probe_action/probe_paired_delta.json
POC-2B,act,higher,pp,frozen,pretrain_encoder,REF,COMP,1825,-8.5479,-10.7397,-6.137,-8.5479,-10.7397,-6.137,True,0.0,probe_action/probe_paired_delta.json
POC-2B,act,higher,pp,frozen,surgery_raw_encoder,REF,OURS,1825,-6.411,-8.7123,-3.9452,-6.411,-8.7123,-3.9452,True,0.0,probe_action/probe_paired_delta.json
POC-2B,act,higher,pp,frozen,surgical_3stage_DI_diheavy_encoder,REF,OURS,1825,-5.7534,-7.9452,-3.4521,-5.7534,-7.9452,-3.4521,True,0.0,probe_action/probe_paired_delta.json
POC-2B,act,higher,pp,frozen,surgical_3stage_DI_encoder,REF,OURS,1825,-4.8767,-7.3425,-2.411,-4.8767,-7.3425,-2.411,True,0.0,probe_action/probe_paired_delta.json
POC-2B,act,higher,pp,frozen,surgical_3stage_DI_head,REF,OURS,1825,-5.6986,-7.8356,-3.5068,-5.6986,-7.8356,-3.5068,True,0.0,probe_action/probe_paired_delta.json
POC-2B,act,higher,pp,frozen,surgical_3stage_DI_intervene_encoder,REF,OURS,1825,-6.5753,-8.8219,-4.1644,-6.5753,-8.8219,-4.1644,True,0.0,probe_action/probe_paired_delta.json
POC-2B,act,higher,pp,frozen,surgical_3stage_DI_replay25_encoder,REF,OURS,1825,-5.7534,-7.9452,-3.5616,-5.7534,-7.9452,-3.5616,True,0.0,probe_action/probe_paired_delta.json
POC-2B,act,higher,pp,frozen,surgical_3stage_DI_tccaux_encoder,REF,OURS,1825,-5.1507,-7.3973,-2.7945,-5.1507,-7.3973,-2.7945,True,0.0,probe_action/probe_paired_delta.json
POC-2B,act,higher,pp,frozen,surgical_3stage_DI_wiseft_encoder,REF,OURS,1825,-4.274,-6.3562,-2.137,-4.274,-6.3562,-2.137,True,0.0,probe_action/probe_paired_delta.json
POC-2B,act,higher,pp,frozen,surgical_autorgn_encoder,REF,COMP,1825,-8.0,-10.2466,-5.7534,-8.0,-10.2466,-5.7534,True,0.0,probe_action/probe_paired_delta.json
POC-2B,act,higher,pp,frozen,surgical_intervene_wiseft_f30_encoder,REF,OURS,1825,-3.8904,-6.2466,-1.4247,-3.8904,-6.2466,-1.4247,True,0.0022,probe_action/probe_paired_delta.json
POC-2B,act,higher,pp,frozen,surgical_intervene_wiseft_f50_encoder,REF,OURS,1825,-3.2877,-5.4247,-1.0959,-3.2877,-5.4247,-1.0959,True,0.0028,probe_action/probe_paired_delta.json
POC-2B,act,higher,pp,frozen,surgical_intervene_wiseft_f70_encoder,REF,OURS,1825,-3.1781,-5.3699,-0.9315,-3.1781,-5.3699,-0.9315,True,0.0058,probe_action/probe_paired_delta.json
POC-2B,act,higher,pp,frozen,surgical_noDI_encoder,REF,OURS,1825,-6.3014,-8.6027,-4.0,-6.3014,-8.6027,-4.0,True,0.0,probe_action/probe_paired_delta.json
POC-2B,act,higher,pp,frozen,surgical_noDI_head,REF,OURS,1825,-5.3699,-7.7808,-3.0137,-5.3699,-7.7808,-3.0137,True,0.0,probe_action/probe_paired_delta.json
POC-2B,act,higher,pp,full_ft_encoder,lpft_encoder,COMP,COMP,1825,3.6712,1.589,5.6986,3.6712,1.589,5.6986,True,0.0002,probe_action/probe_paired_delta.json
POC-2B,act,higher,pp,full_ft_encoder,peft_dora_encoder,COMP,COMP,1825,0.1096,-1.6986,1.9178,0.1096,-1.6986,1.9178,False,0.9204,probe_action/probe_paired_delta.json
POC-2B,act,higher,pp,full_ft_encoder,peft_lora_encoder,COMP,COMP,1825,1.8082,-0.1096,3.5616,1.8082,-0.1096,3.5616,False,0.0566,probe_action/probe_paired_delta.json
POC-2B,act,higher,pp,full_ft_encoder,pretrain_encoder,COMP,COMP,1825,-0.1096,-2.0274,1.8082,-0.1096,-2.0274,1.8082,False,0.9292,probe_action/probe_paired_delta.json
POC-2B,act,higher,pp,full_ft_encoder,surgery_raw_encoder,COMP,OURS,1825,2.0274,0.0,3.9924,2.0274,0.0,3.9924,False,0.0476,probe_action/probe_paired_delta.json
POC-2B,act,higher,pp,full_ft_encoder,surgical_3stage_DI_diheavy_encoder,COMP,OURS,1825,2.6849,0.7671,4.6027,2.6849,0.7671,4.6027,True,0.0054,probe_action/probe_paired_delta.json
POC-2B,act,higher,pp,full_ft_encoder,surgical_3stage_DI_encoder,COMP,OURS,1825,3.5616,1.5342,5.589,3.5616,1.5342,5.589,True,0.0012,probe_action/probe_paired_delta.json
POC-2B,act,higher,pp,full_ft_encoder,surgical_3stage_DI_head,COMP,OURS,1825,2.7397,0.7671,4.7671,2.7397,0.7671,4.7671,True,0.0092,probe_action/probe_paired_delta.json
POC-2B,act,higher,pp,full_ft_encoder,surgical_3stage_DI_intervene_encoder,COMP,OURS,1825,1.863,-0.0548,3.8356,1.863,-0.0548,3.8356,False,0.0606,probe_action/probe_paired_delta.json
POC-2B,act,higher,pp,full_ft_encoder,surgical_3stage_DI_replay25_encoder,COMP,OURS,1825,2.6849,0.7671,4.6027,2.6849,0.7671,4.6027,True,0.0056,probe_action/probe_paired_delta.json
POC-2B,act,higher,pp,full_ft_encoder,surgical_3stage_DI_tccaux_encoder,COMP,OURS,1825,3.2877,1.3151,5.2603,3.2877,1.3151,5.2603,True,0.0016,probe_action/probe_paired_delta.json
POC-2B,act,higher,pp,full_ft_encoder,surgical_3stage_DI_wiseft_encoder,COMP,OURS,1825,4.1644,2.0822,6.137,4.1644,2.0822,6.137,True,0.0,probe_action/probe_paired_delta.json
POC-2B,act,higher,pp,full_ft_encoder,surgical_autorgn_encoder,COMP,COMP,1825,0.4384,-1.4247,2.3014,0.4384,-1.4247,2.3014,False,0.6548,probe_action/probe_paired_delta.json
POC-2B,act,higher,pp,full_ft_encoder,surgical_intervene_wiseft_f30_encoder,COMP,OURS,1825,4.5479,2.4658,6.6301,4.5479,2.4658,6.6301,True,0.0,probe_action/probe_paired_delta.json
POC-2B,act,higher,pp,full_ft_encoder,surgical_intervene_wiseft_f50_encoder,COMP,OURS,1825,5.1507,2.9589,7.3425,5.1507,2.9589,7.3425,True,0.0,probe_action/probe_paired_delta.json
POC-2B,act,higher,pp,full_ft_encoder,surgical_intervene_wiseft_f70_encoder,COMP,OURS,1825,5.2603,3.0685,7.5068,5.2603,3.0685,7.5068,True,0.0,probe_action/probe_paired_delta.json
POC-2B,act,higher,pp,full_ft_encoder,surgical_noDI_encoder,COMP,OURS,1825,2.137,0.274,4.0,2.137,0.274,4.0,True,0.0236,probe_action/probe_paired_delta.json
POC-2B,act,higher,pp,full_ft_encoder,surgical_noDI_head,COMP,OURS,1825,3.0685,0.9315,5.1507,3.0685,0.9315,5.1507,True,0.0058,probe_action/probe_paired_delta.json
POC-2B,act,higher,pp,lpft_encoder,peft_dora_encoder,COMP,COMP,1825,-3.5616,-5.3151,-1.8082,-3.5616,-5.3151,-1.8082,True,0.0,probe_action/probe_paired_delta.json
POC-2B,act,higher,pp,lpft_encoder,peft_lora_encoder,COMP,COMP,1825,-1.863,-3.7808,0.0,-1.863,-3.7808,0.0,False,0.0538,probe_action/probe_paired_delta.json
POC-2B,act,higher,pp,lpft_encoder,pretrain_encoder,COMP,COMP,1825,-3.7808,-5.6438,-1.863,-3.7808,-5.6438,-1.863,True,0.0,probe_action/probe_paired_delta.json
POC-2B,act,higher,pp,lpft_encoder,surgery_raw_encoder,COMP,OURS,1825,-1.6438,-3.3425,0.0,-1.6438,-3.3425,0.0,False,0.056,probe_action/probe_paired_delta.json
POC-2B,act,higher,pp,lpft_encoder,surgical_3stage_DI_diheavy_encoder,COMP,OURS,1825,-0.9863,-2.6301,0.6575,-0.9863,-2.6301,0.6575,False,0.2522,probe_action/probe_paired_delta.json
POC-2B,act,higher,pp,lpft_encoder,surgical_3stage_DI_encoder,COMP,OURS,1825,-0.1096,-1.863,1.6986,-0.1096,-1.863,1.6986,False,0.9212,probe_action/probe_paired_delta.json
POC-2B,act,higher,pp,lpft_encoder,surgical_3stage_DI_head,COMP,OURS,1825,-0.9315,-2.5205,0.7123,-0.9315,-2.5205,0.7123,False,0.2626,probe_action/probe_paired_delta.json
POC-2B,act,higher,pp,lpft_encoder,surgical_3stage_DI_intervene_encoder,COMP,OURS,1825,-1.8082,-3.3973,-0.2192,-1.8082,-3.3973,-0.2192,True,0.0272,probe_action/probe_paired_delta.json
POC-2B,act,higher,pp,lpft_encoder,surgical_3stage_DI_replay25_encoder,COMP,OURS,1825,-0.9863,-2.7397,0.7123,-0.9863,-2.7397,0.7123,False,0.281,probe_action/probe_paired_delta.json
POC-2B,act,higher,pp,lpft_encoder,surgical_3stage_DI_tccaux_encoder,COMP,OURS,1825,-0.3836,-2.137,1.4247,-0.3836,-2.137,1.4247,False,0.6788,probe_action/probe_paired_delta.json
POC-2B,act,higher,pp,lpft_encoder,surgical_3stage_DI_wiseft_encoder,COMP,OURS,1825,0.4932,-1.3151,2.3014,0.4932,-1.3151,2.3014,False,0.616,probe_action/probe_paired_delta.json
POC-2B,act,higher,pp,lpft_encoder,surgical_autorgn_encoder,COMP,COMP,1825,-3.2329,-4.9863,-1.3699,-3.2329,-4.9863,-1.3699,True,0.0008,probe_action/probe_paired_delta.json
POC-2B,act,higher,pp,lpft_encoder,surgical_intervene_wiseft_f30_encoder,COMP,OURS,1825,0.8767,-0.8767,2.6849,0.8767,-0.8767,2.6849,False,0.353,probe_action/probe_paired_delta.json
POC-2B,act,higher,pp,lpft_encoder,surgical_intervene_wiseft_f50_encoder,COMP,OURS,1825,1.4795,-0.4932,3.4521,1.4795,-0.4932,3.4521,False,0.1566,probe_action/probe_paired_delta.json
POC-2B,act,higher,pp,lpft_encoder,surgical_intervene_wiseft_f70_encoder,COMP,OURS,1825,1.589,-0.4384,3.6164,1.589,-0.4384,3.6164,False,0.137,probe_action/probe_paired_delta.json
POC-2B,act,higher,pp,lpft_encoder,surgical_noDI_encoder,COMP,OURS,1825,-1.5342,-3.2183,0.1096,-1.5342,-3.2183,0.1096,False,0.0688,probe_action/probe_paired_delta.json
POC-2B,act,higher,pp,lpft_encoder,surgical_noDI_head,COMP,OURS,1825,-0.6027,-2.2466,0.9863,-0.6027,-2.2466,0.9863,False,0.4894,probe_action/probe_paired_delta.json
POC-2B,act,higher,pp,peft_dora_encoder,peft_lora_encoder,COMP,COMP,1825,1.6986,0.1644,3.2877,1.6986,0.1644,3.2877,True,0.036,probe_action/probe_paired_delta.json
POC-2B,act,higher,pp,peft_dora_encoder,pretrain_encoder,COMP,COMP,1825,-0.2192,-1.9726,1.5342,-0.2192,-1.9726,1.5342,False,0.8252,probe_action/probe_paired_delta.json
POC-2B,act,higher,pp,peft_dora_encoder,surgery_raw_encoder,COMP,OURS,1825,1.9178,0.3288,3.5616,1.9178,0.3288,3.5616,True,0.0178,probe_action/probe_paired_delta.json
POC-2B,act,higher,pp,peft_dora_encoder,surgical_3stage_DI_diheavy_encoder,COMP,OURS,1825,2.5753,1.0959,4.0548,2.5753,1.0959,4.0548,True,0.0002,probe_action/probe_paired_delta.json
POC-2B,act,higher,pp,peft_dora_encoder,surgical_3stage_DI_encoder,COMP,OURS,1825,3.4521,1.7534,5.1507,3.4521,1.7534,5.1507,True,0.0,probe_action/probe_paired_delta.json
POC-2B,act,higher,pp,peft_dora_encoder,surgical_3stage_DI_head,COMP,OURS,1825,2.6301,0.9863,4.274,2.6301,0.9863,4.274,True,0.0012,probe_action/probe_paired_delta.json
POC-2B,act,higher,pp,peft_dora_encoder,surgical_3stage_DI_intervene_encoder,COMP,OURS,1825,1.7534,0.1644,3.3973,1.7534,0.1644,3.3973,True,0.0352,probe_action/probe_paired_delta.json
POC-2B,act,higher,pp,peft_dora_encoder,surgical_3stage_DI_replay25_encoder,COMP,OURS,1825,2.5753,0.9315,4.2192,2.5753,0.9315,4.2192,True,0.003,probe_action/probe_paired_delta.json
POC-2B,act,higher,pp,peft_dora_encoder,surgical_3stage_DI_tccaux_encoder,COMP,OURS,1825,3.1781,1.2603,5.0411,3.1781,1.2603,5.0411,True,0.001,probe_action/probe_paired_delta.json
POC-2B,act,higher,pp,peft_dora_encoder,surgical_3stage_DI_wiseft_encoder,COMP,OURS,1825,4.0548,2.2466,5.863,4.0548,2.2466,5.863,True,0.0,probe_action/probe_paired_delta.json
POC-2B,act,higher,pp,peft_dora_encoder,surgical_autorgn_encoder,COMP,COMP,1825,0.3288,-1.2603,1.9726,0.3288,-1.2603,1.9726,False,0.711,probe_action/probe_paired_delta.json
POC-2B,act,higher,pp,peft_dora_encoder,surgical_intervene_wiseft_f30_encoder,COMP,OURS,1825,4.4384,2.7397,6.1918,4.4384,2.7397,6.1918,True,0.0,probe_action/probe_paired_delta.json
POC-2B,act,higher,pp,peft_dora_encoder,surgical_intervene_wiseft_f50_encoder,COMP,OURS,1825,5.0411,3.0137,7.1233,5.0411,3.0137,7.1233,True,0.0,probe_action/probe_paired_delta.json
POC-2B,act,higher,pp,peft_dora_encoder,surgical_intervene_wiseft_f70_encoder,COMP,OURS,1825,5.1507,3.1781,7.1781,5.1507,3.1781,7.1781,True,0.0,probe_action/probe_paired_delta.json
POC-2B,act,higher,pp,peft_dora_encoder,surgical_noDI_encoder,COMP,OURS,1825,2.0274,0.5479,3.5616,2.0274,0.5479,3.5616,True,0.008,probe_action/probe_paired_delta.json
POC-2B,act,higher,pp,peft_dora_encoder,surgical_noDI_head,COMP,OURS,1825,2.9589,1.0411,4.8767,2.9589,1.0411,4.8767,True,0.003,probe_action/probe_paired_delta.json
POC-2B,act,higher,pp,peft_lora_encoder,pretrain_encoder,COMP,COMP,1825,-1.9178,-3.6712,-0.1644,-1.9178,-3.6712,-0.1644,True,0.0354,probe_action/probe_paired_delta.json
POC-2B,act,higher,pp,peft_lora_encoder,surgery_raw_encoder,COMP,OURS,1825,0.2192,-1.5342,1.9726,0.2192,-1.5342,1.9726,False,0.8326,probe_action/probe_paired_delta.json
POC-2B,act,higher,pp,peft_lora_encoder,surgical_3stage_DI_diheavy_encoder,COMP,OURS,1825,0.8767,-0.8219,2.6297,0.8767,-0.8219,2.6297,False,0.3294,probe_action/probe_paired_delta.json
POC-2B,act,higher,pp,peft_lora_encoder,surgical_3stage_DI_encoder,COMP,OURS,1825,1.7534,-0.0548,3.605,1.7534,-0.0548,3.605,False,0.0632,probe_action/probe_paired_delta.json
POC-2B,act,higher,pp,peft_lora_encoder,surgical_3stage_DI_head,COMP,OURS,1825,0.9315,-0.8219,2.7397,0.9315,-0.8219,2.7397,False,0.3204,probe_action/probe_paired_delta.json
POC-2B,act,higher,pp,peft_lora_encoder,surgical_3stage_DI_intervene_encoder,COMP,OURS,1825,0.0548,-1.6986,1.863,0.0548,-1.6986,1.863,False,0.9772,probe_action/probe_paired_delta.json
POC-2B,act,higher,pp,peft_lora_encoder,surgical_3stage_DI_replay25_encoder,COMP,OURS,1825,0.8767,-0.9315,2.5753,0.8767,-0.9315,2.5753,False,0.3476,probe_action/probe_paired_delta.json
POC-2B,act,higher,pp,peft_lora_encoder,surgical_3stage_DI_tccaux_encoder,COMP,OURS,1825,1.4795,-0.3836,3.4521,1.4795,-0.3836,3.4521,False,0.1342,probe_action/probe_paired_delta.json
POC-2B,act,higher,pp,peft_lora_encoder,surgical_3stage_DI_wiseft_encoder,COMP,OURS,1825,2.3562,0.4932,4.1644,2.3562,0.4932,4.1644,True,0.0122,probe_action/probe_paired_delta.json
POC-2B,act,higher,pp,peft_lora_encoder,surgical_autorgn_encoder,COMP,COMP,1825,-1.3699,-3.1781,0.3288,-1.3699,-3.1781,0.3288,False,0.134,probe_action/probe_paired_delta.json
POC-2B,act,higher,pp,peft_lora_encoder,surgical_intervene_wiseft_f30_encoder,COMP,OURS,1825,2.7397,0.8767,4.6027,2.7397,0.8767,4.6027,True,0.0034,probe_action/probe_paired_delta.json
POC-2B,act,higher,pp,peft_lora_encoder,surgical_intervene_wiseft_f50_encoder,COMP,OURS,1825,3.3425,1.3151,5.4795,3.3425,1.3151,5.4795,True,0.0018,probe_action/probe_paired_delta.json
POC-2B,act,higher,pp,peft_lora_encoder,surgical_intervene_wiseft_f70_encoder,COMP,OURS,1825,3.4521,1.3151,5.589,3.4521,1.3151,5.589,True,0.0014,probe_action/probe_paired_delta.json
POC-2B,act,higher,pp,peft_lora_encoder,surgical_noDI_encoder,COMP,OURS,1825,0.3288,-1.2055,1.9178,0.3288,-1.2055,1.9178,False,0.713,probe_action/probe_paired_delta.json
POC-2B,act,higher,pp,peft_lora_encoder,surgical_noDI_head,COMP,OURS,1825,1.2603,-0.8219,3.2877,1.2603,-0.8219,3.2877,False,0.2436,probe_action/probe_paired_delta.json
POC-2B,act,higher,pp,pretrain_encoder,surgery_raw_encoder,COMP,OURS,1825,2.137,0.274,3.971,2.137,0.274,3.971,True,0.0258,probe_action/probe_paired_delta.json
POC-2B,act,higher,pp,pretrain_encoder,surgical_3stage_DI_diheavy_encoder,COMP,OURS,1825,2.7945,0.9863,4.5479,2.7945,0.9863,4.5479,True,0.0034,probe_action/probe_paired_delta.json
POC-2B,act,higher,pp,pretrain_encoder,surgical_3stage_DI_encoder,COMP,OURS,1825,3.6712,1.6986,5.589,3.6712,1.6986,5.589,True,0.0,probe_action/probe_paired_delta.json
POC-2B,act,higher,pp,pretrain_encoder,surgical_3stage_DI_head,COMP,OURS,1825,2.8493,1.0198,4.6575,2.8493,1.0198,4.6575,True,0.0022,probe_action/probe_paired_delta.json
POC-2B,act,higher,pp,pretrain_encoder,surgical_3stage_DI_intervene_encoder,COMP,OURS,1825,1.9726,0.1216,3.8356,1.9726,0.1216,3.8356,True,0.0406,probe_action/probe_paired_delta.json
POC-2B,act,higher,pp,pretrain_encoder,surgical_3stage_DI_replay25_encoder,COMP,OURS,1825,2.7945,0.9863,4.6575,2.7945,0.9863,4.6575,True,0.0052,probe_action/probe_paired_delta.json
POC-2B,act,higher,pp,pretrain_encoder,surgical_3stage_DI_tccaux_encoder,COMP,OURS,1825,3.3973,1.4795,5.3151,3.3973,1.4795,5.3151,True,0.001,probe_action/probe_paired_delta.json
POC-2B,act,higher,pp,pretrain_encoder,surgical_3stage_DI_wiseft_encoder,COMP,OURS,1825,4.274,2.369,6.1918,4.274,2.369,6.1918,True,0.0,probe_action/probe_paired_delta.json
POC-2B,act,higher,pp,pretrain_encoder,surgical_autorgn_encoder,COMP,COMP,1825,0.5479,-1.3151,2.3562,0.5479,-1.3151,2.3562,False,0.5552,probe_action/probe_paired_delta.json
POC-2B,act,higher,pp,pretrain_encoder,surgical_intervene_wiseft_f30_encoder,COMP,OURS,1825,4.6575,2.7945,6.5753,4.6575,2.7945,6.5753,True,0.0,probe_action/probe_paired_delta.json
POC-2B,act,higher,pp,pretrain_encoder,surgical_intervene_wiseft_f50_encoder,COMP,OURS,1825,5.2603,3.2329,7.2877,5.2603,3.2329,7.2877,True,0.0,probe_action/probe_paired_delta.json
POC-2B,act,higher,pp,pretrain_encoder,surgical_intervene_wiseft_f70_encoder,COMP,OURS,1825,5.3699,3.2329,7.4521,5.3699,3.2329,7.4521,True,0.0,probe_action/probe_paired_delta.json
POC-2B,act,higher,pp,pretrain_encoder,surgical_noDI_encoder,COMP,OURS,1825,2.2466,0.5479,3.9452,2.2466,0.5479,3.9452,True,0.0126,probe_action/probe_paired_delta.json
POC-2B,act,higher,pp,pretrain_encoder,surgical_noDI_head,COMP,OURS,1825,3.1781,1.1507,5.0959,3.1781,1.1507,5.0959,True,0.0016,probe_action/probe_paired_delta.json
POC-2B,act,higher,pp,surgery_raw_encoder,surgical_3stage_DI_diheavy_encoder,OURS,OURS,1825,0.6575,-0.8219,2.137,0.6575,-0.8219,2.137,False,0.3946,probe_action/probe_paired_delta.json
POC-2B,act,higher,pp,surgery_raw_encoder,surgical_3stage_DI_encoder,OURS,OURS,1825,1.5342,-0.2192,3.1781,1.5342,-0.2192,3.1781,False,0.0862,probe_action/probe_paired_delta.json
POC-2B,act,higher,pp,surgery_raw_encoder,surgical_3stage_DI_head,OURS,OURS,1825,0.7123,-0.9315,2.3774,0.7123,-0.9315,2.3774,False,0.4202,probe_action/probe_paired_delta.json
POC-2B,act,higher,pp,surgery_raw_encoder,surgical_3stage_DI_intervene_encoder,OURS,OURS,1825,-0.1644,-1.6438,1.2603,-0.1644,-1.6438,1.2603,False,0.8672,probe_action/probe_paired_delta.json
POC-2B,act,higher,pp,surgery_raw_encoder,surgical_3stage_DI_replay25_encoder,OURS,OURS,1825,0.6575,-1.0411,2.3562,0.6575,-1.0411,2.3562,False,0.4598,probe_action/probe_paired_delta.json
POC-2B,act,higher,pp,surgery_raw_encoder,surgical_3stage_DI_tccaux_encoder,OURS,OURS,1825,1.2603,-0.4932,3.0685,1.2603,-0.4932,3.0685,False,0.174,probe_action/probe_paired_delta.json
POC-2B,act,higher,pp,surgery_raw_encoder,surgical_3stage_DI_wiseft_encoder,OURS,OURS,1825,2.137,0.274,3.9452,2.137,0.274,3.9452,True,0.019,probe_action/probe_paired_delta.json
POC-2B,act,higher,pp,surgery_raw_encoder,surgical_autorgn_encoder,OURS,COMP,1825,-1.589,-3.2877,0.0,-1.589,-3.2877,0.0,False,0.0602,probe_action/probe_paired_delta.json
POC-2B,act,higher,pp,surgery_raw_encoder,surgical_intervene_wiseft_f30_encoder,OURS,OURS,1825,2.5205,0.8767,4.2192,2.5205,0.8767,4.2192,True,0.0046,probe_action/probe_paired_delta.json
POC-2B,act,higher,pp,surgery_raw_encoder,surgical_intervene_wiseft_f50_encoder,OURS,OURS,1825,3.1233,1.0411,5.1507,3.1233,1.0411,5.1507,True,0.0036,probe_action/probe_paired_delta.json
POC-2B,act,higher,pp,surgery_raw_encoder,surgical_intervene_wiseft_f70_encoder,OURS,OURS,1825,3.2329,1.1507,5.3151,3.2329,1.1507,5.3151,True,0.0034,probe_action/probe_paired_delta.json
POC-2B,act,higher,pp,surgery_raw_encoder,surgical_noDI_encoder,OURS,OURS,1825,0.1096,-1.3699,1.589,0.1096,-1.3699,1.589,False,0.9196,probe_action/probe_paired_delta.json
POC-2B,act,higher,pp,surgery_raw_encoder,surgical_noDI_head,OURS,OURS,1825,1.0411,-0.5479,2.6849,1.0411,-0.5479,2.6849,False,0.2144,probe_action/probe_paired_delta.json
POC-2B,act,higher,pp,surgical_3stage_DI_diheavy_encoder,surgical_3stage_DI_encoder,OURS,OURS,1825,0.8767,-0.8219,2.5753,0.8767,-0.8219,2.5753,False,0.3332,probe_action/probe_paired_delta.json
POC-2B,act,higher,pp,surgical_3stage_DI_diheavy_encoder,surgical_3stage_DI_head,OURS,OURS,1825,0.0548,-1.4795,1.589,0.0548,-1.4795,1.589,False,0.9728,probe_action/probe_paired_delta.json
POC-2B,act,higher,pp,surgical_3stage_DI_diheavy_encoder,surgical_3stage_DI_intervene_encoder,OURS,OURS,1825,-0.8219,-2.2466,0.5479,-0.8219,-2.2466,0.5479,False,0.2796,probe_action/probe_paired_delta.json
POC-2B,act,higher,pp,surgical_3stage_DI_diheavy_encoder,surgical_3stage_DI_replay25_encoder,OURS,OURS,1825,0.0,-1.589,1.6986,0.0,-1.589,1.6986,False,1.0,probe_action/probe_paired_delta.json
POC-2B,act,higher,pp,surgical_3stage_DI_diheavy_encoder,surgical_3stage_DI_tccaux_encoder,OURS,OURS,1825,0.6027,-1.2055,2.5205,0.6027,-1.2055,2.5205,False,0.5562,probe_action/probe_paired_delta.json
POC-2B,act,higher,pp,surgical_3stage_DI_diheavy_encoder,surgical_3stage_DI_wiseft_encoder,OURS,OURS,1825,1.4795,-0.2192,3.1233,1.4795,-0.2192,3.1233,False,0.0922,probe_action/probe_paired_delta.json
POC-2B,act,higher,pp,surgical_3stage_DI_diheavy_encoder,surgical_autorgn_encoder,OURS,COMP,1825,-2.2466,-3.8904,-0.5818,-2.2466,-3.8904,-0.5818,True,0.0092,probe_action/probe_paired_delta.json
POC-2B,act,higher,pp,surgical_3stage_DI_diheavy_encoder,surgical_intervene_wiseft_f30_encoder,OURS,OURS,1825,1.863,0.274,3.5068,1.863,0.274,3.5068,True,0.0244,probe_action/probe_paired_delta.json
POC-2B,act,higher,pp,surgical_3stage_DI_diheavy_encoder,surgical_intervene_wiseft_f50_encoder,OURS,OURS,1825,2.4658,0.5152,4.4932,2.4658,0.5152,4.4932,True,0.0168,probe_action/probe_paired_delta.json
POC-2B,act,higher,pp,surgical_3stage_DI_diheavy_encoder,surgical_intervene_wiseft_f70_encoder,OURS,OURS,1825,2.5753,0.6027,4.4932,2.5753,0.6027,4.4932,True,0.0116,probe_action/probe_paired_delta.json
POC-2B,act,higher,pp,surgical_3stage_DI_diheavy_encoder,surgical_noDI_encoder,OURS,OURS,1825,-0.5479,-2.0822,0.9863,-0.5479,-2.0822,0.9863,False,0.49,probe_action/probe_paired_delta.json
POC-2B,act,higher,pp,surgical_3stage_DI_diheavy_encoder,surgical_noDI_head,OURS,OURS,1825,0.3836,-1.3151,2.0822,0.3836,-1.3151,2.0822,False,0.6836,probe_action/probe_paired_delta.json
POC-2B,act,higher,pp,surgical_3stage_DI_encoder,surgical_3stage_DI_head,OURS,OURS,1825,-0.8219,-2.6849,1.0411,-0.8219,-2.6849,1.0411,False,0.3832,probe_action/probe_paired_delta.json
POC-2B,act,higher,pp,surgical_3stage_DI_encoder,surgical_3stage_DI_intervene_encoder,OURS,OURS,1825,-1.6986,-3.3425,0.0,-1.6986,-3.3425,0.0,False,0.0498,probe_action/probe_paired_delta.json
POC-2B,act,higher,pp,surgical_3stage_DI_encoder,surgical_3stage_DI_replay25_encoder,OURS,OURS,1825,-0.8767,-2.6849,0.9315,-0.8767,-2.6849,0.9315,False,0.356,probe_action/probe_paired_delta.json
POC-2B,act,higher,pp,surgical_3stage_DI_encoder,surgical_3stage_DI_tccaux_encoder,OURS,OURS,1825,-0.274,-2.2466,1.6986,-0.274,-2.2466,1.6986,False,0.799,probe_action/probe_paired_delta.json
POC-2B,act,higher,pp,surgical_3stage_DI_encoder,surgical_3stage_DI_wiseft_encoder,OURS,OURS,1825,0.6027,-1.4247,2.5753,0.6027,-1.4247,2.5753,False,0.5746,probe_action/probe_paired_delta.json
POC-2B,act,higher,pp,surgical_3stage_DI_encoder,surgical_autorgn_encoder,OURS,COMP,1825,-3.1233,-5.0411,-1.1507,-3.1233,-5.0411,-1.1507,True,0.0016,probe_action/probe_paired_delta.json
POC-2B,act,higher,pp,surgical_3stage_DI_encoder,surgical_intervene_wiseft_f30_encoder,OURS,OURS,1825,0.9863,-0.6575,2.5753,0.9863,-0.6575,2.5753,False,0.2472,probe_action/probe_paired_delta.json
POC-2B,act,higher,pp,surgical_3stage_DI_encoder,surgical_intervene_wiseft_f50_encoder,OURS,OURS,1825,1.589,-0.4384,3.6712,1.589,-0.4384,3.6712,False,0.1456,probe_action/probe_paired_delta.json
POC-2B,act,higher,pp,surgical_3stage_DI_encoder,surgical_intervene_wiseft_f70_encoder,OURS,OURS,1825,1.6986,-0.4384,3.7808,1.6986,-0.4384,3.7808,False,0.126,probe_action/probe_paired_delta.json
POC-2B,act,higher,pp,surgical_3stage_DI_encoder,surgical_noDI_encoder,OURS,OURS,1825,-1.4247,-3.1233,0.3288,-1.4247,-3.1233,0.3288,False,0.1096,probe_action/probe_paired_delta.json
POC-2B,act,higher,pp,surgical_3stage_DI_encoder,surgical_noDI_head,OURS,OURS,1825,-0.4932,-2.3562,1.3151,-0.4932,-2.3562,1.3151,False,0.622,probe_action/probe_paired_delta.json
POC-2B,act,higher,pp,surgical_3stage_DI_head,surgical_3stage_DI_intervene_encoder,OURS,OURS,1825,-0.8767,-2.5658,0.7123,-0.8767,-2.5658,0.7123,False,0.311,probe_action/probe_paired_delta.json
POC-2B,act,higher,pp,surgical_3stage_DI_head,surgical_3stage_DI_replay25_encoder,OURS,OURS,1825,-0.0548,-1.589,1.5342,-0.0548,-1.589,1.5342,False,0.9784,probe_action/probe_paired_delta.json
POC-2B,act,higher,pp,surgical_3stage_DI_head,surgical_3stage_DI_tccaux_encoder,OURS,OURS,1825,0.5479,-1.2055,2.411,0.5479,-1.2055,2.411,False,0.5766,probe_action/probe_paired_delta.json
POC-2B,act,higher,pp,surgical_3stage_DI_head,surgical_3stage_DI_wiseft_encoder,OURS,OURS,1825,1.4247,-0.2192,3.0685,1.4247,-0.2192,3.0685,False,0.0944,probe_action/probe_paired_delta.json
POC-2B,act,higher,pp,surgical_3stage_DI_head,surgical_autorgn_encoder,OURS,COMP,1825,-2.3014,-3.9452,-0.6575,-2.3014,-3.9452,-0.6575,True,0.0076,probe_action/probe_paired_delta.json
POC-2B,act,higher,pp,surgical_3stage_DI_head,surgical_intervene_wiseft_f30_encoder,OURS,OURS,1825,1.8082,0.0,3.5616,1.8082,0.0,3.5616,False,0.051,probe_action/probe_paired_delta.json
POC-2B,act,higher,pp,surgical_3stage_DI_head,surgical_intervene_wiseft_f50_encoder,OURS,OURS,1825,2.411,0.3836,4.4932,2.411,0.3836,4.4932,True,0.0206,probe_action/probe_paired_delta.json
POC-2B,act,higher,pp,surgical_3stage_DI_head,surgical_intervene_wiseft_f70_encoder,OURS,OURS,1825,2.5205,0.5479,4.5479,2.5205,0.5479,4.5479,True,0.018,probe_action/probe_paired_delta.json
POC-2B,act,higher,pp,surgical_3stage_DI_head,surgical_noDI_encoder,OURS,OURS,1825,-0.6027,-2.137,0.9315,-0.6027,-2.137,0.9315,False,0.4646,probe_action/probe_paired_delta.json
POC-2B,act,higher,pp,surgical_3stage_DI_head,surgical_noDI_head,OURS,OURS,1825,0.3288,-1.4247,2.0274,0.3288,-1.4247,2.0274,False,0.735,probe_action/probe_paired_delta.json
POC-2B,act,higher,pp,surgical_3stage_DI_intervene_encoder,surgical_3stage_DI_replay25_encoder,OURS,OURS,1825,0.8219,-0.8767,2.4658,0.8219,-0.8767,2.4658,False,0.3452,probe_action/probe_paired_delta.json
POC-2B,act,higher,pp,surgical_3stage_DI_intervene_encoder,surgical_3stage_DI_tccaux_encoder,OURS,OURS,1825,1.4247,-0.3288,3.2329,1.4247,-0.3288,3.2329,False,0.1202,probe_action/probe_paired_delta.json
POC-2B,act,higher,pp,surgical_3stage_DI_intervene_encoder,surgical_3stage_DI_wiseft_encoder,OURS,OURS,1825,2.3014,0.5479,4.0548,2.3014,0.5479,4.0548,True,0.0128,probe_action/probe_paired_delta.json
POC-2B,act,higher,pp,surgical_3stage_DI_intervene_encoder,surgical_autorgn_encoder,OURS,COMP,1825,-1.4247,-3.1781,0.3228,-1.4247,-3.1781,0.3228,False,0.1204,probe_action/probe_paired_delta.json
POC-2B,act,higher,pp,surgical_3stage_DI_intervene_encoder,surgical_intervene_wiseft_f30_encoder,OURS,OURS,1825,2.6849,1.0959,4.3288,2.6849,1.0959,4.3288,True,0.0008,probe_action/probe_paired_delta.json
POC-2B,act,higher,pp,surgical_3stage_DI_intervene_encoder,surgical_intervene_wiseft_f50_encoder,OURS,OURS,1825,3.2877,1.3151,5.2615,3.2877,1.3151,5.2615,True,0.0008,probe_action/probe_paired_delta.json
POC-2B,act,higher,pp,surgical_3stage_DI_intervene_encoder,surgical_intervene_wiseft_f70_encoder,OURS,OURS,1825,3.3973,1.3151,5.5342,3.3973,1.3151,5.5342,True,0.0016,probe_action/probe_paired_delta.json
POC-2B,act,higher,pp,surgical_3stage_DI_intervene_encoder,surgical_noDI_encoder,OURS,OURS,1825,0.274,-1.3151,1.863,0.274,-1.3151,1.863,False,0.7724,probe_action/probe_paired_delta.json
POC-2B,act,higher,pp,surgical_3stage_DI_intervene_encoder,surgical_noDI_head,OURS,OURS,1825,1.2055,-0.3836,2.7397,1.2055,-0.3836,2.7397,False,0.1422,probe_action/probe_paired_delta.json
POC-2B,act,higher,pp,surgical_3stage_DI_replay25_encoder,surgical_3stage_DI_tccaux_encoder,OURS,OURS,1825,0.6027,-1.2055,2.4658,0.6027,-1.2055,2.4658,False,0.5438,probe_action/probe_paired_delta.json
POC-2B,act,higher,pp,surgical_3stage_DI_replay25_encoder,surgical_3stage_DI_wiseft_encoder,OURS,OURS,1825,1.4795,-0.274,3.2877,1.4795,-0.274,3.2877,False,0.1044,probe_action/probe_paired_delta.json
POC-2B,act,higher,pp,surgical_3stage_DI_replay25_encoder,surgical_autorgn_encoder,OURS,COMP,1825,-2.2466,-4.0,-0.5479,-2.2466,-4.0,-0.5479,True,0.0096,probe_action/probe_paired_delta.json
POC-2B,act,higher,pp,surgical_3stage_DI_replay25_encoder,surgical_intervene_wiseft_f30_encoder,OURS,OURS,1825,1.863,0.1644,3.6712,1.863,0.1644,3.6712,True,0.042,probe_action/probe_paired_delta.json
POC-2B,act,higher,pp,surgical_3stage_DI_replay25_encoder,surgical_intervene_wiseft_f50_encoder,OURS,OURS,1825,2.4658,0.5479,4.4932,2.4658,0.5479,4.4932,True,0.014,probe_action/probe_paired_delta.json
POC-2B,act,higher,pp,surgical_3stage_DI_replay25_encoder,surgical_intervene_wiseft_f70_encoder,OURS,OURS,1825,2.5753,0.6027,4.5479,2.5753,0.6027,4.5479,True,0.0118,probe_action/probe_paired_delta.json
POC-2B,act,higher,pp,surgical_3stage_DI_replay25_encoder,surgical_noDI_encoder,OURS,OURS,1825,-0.5479,-2.137,1.0411,-0.5479,-2.137,1.0411,False,0.5054,probe_action/probe_paired_delta.json
POC-2B,act,higher,pp,surgical_3stage_DI_replay25_encoder,surgical_noDI_head,OURS,OURS,1825,0.3836,-1.5342,2.3014,0.3836,-1.5342,2.3014,False,0.7106,probe_action/probe_paired_delta.json
POC-2B,act,higher,pp,surgical_3stage_DI_tccaux_encoder,surgical_3stage_DI_wiseft_encoder,OURS,OURS,1825,0.8767,-1.1507,2.7945,0.8767,-1.1507,2.7945,False,0.3908,probe_action/probe_paired_delta.json
POC-2B,act,higher,pp,surgical_3stage_DI_tccaux_encoder,surgical_autorgn_encoder,OURS,COMP,1825,-2.8493,-4.7671,-1.0293,-2.8493,-4.7671,-1.0293,True,0.0044,probe_action/probe_paired_delta.json
POC-2B,act,higher,pp,surgical_3stage_DI_tccaux_encoder,surgical_intervene_wiseft_f30_encoder,OURS,OURS,1825,1.2603,-0.8219,3.2877,1.2603,-0.8219,3.2877,False,0.2378,probe_action/probe_paired_delta.json
POC-2B,act,higher,pp,surgical_3stage_DI_tccaux_encoder,surgical_intervene_wiseft_f50_encoder,OURS,OURS,1825,1.863,-0.1096,3.8356,1.863,-0.1096,3.8356,False,0.067,probe_action/probe_paired_delta.json
POC-2B,act,higher,pp,surgical_3stage_DI_tccaux_encoder,surgical_intervene_wiseft_f70_encoder,OURS,OURS,1825,1.9726,-0.1644,4.1581,1.9726,-0.1644,4.1581,False,0.0706,probe_action/probe_paired_delta.json
POC-2B,act,higher,pp,surgical_3stage_DI_tccaux_encoder,surgical_noDI_encoder,OURS,OURS,1825,-1.1507,-2.9041,0.6575,-1.1507,-2.9041,0.6575,False,0.2212,probe_action/probe_paired_delta.json
POC-2B,act,higher,pp,surgical_3stage_DI_tccaux_encoder,surgical_noDI_head,OURS,OURS,1825,-0.2192,-2.137,1.6438,-0.2192,-2.137,1.6438,False,0.8512,probe_action/probe_paired_delta.json
POC-2B,act,higher,pp,surgical_3stage_DI_wiseft_encoder,surgical_autorgn_encoder,OURS,COMP,1825,-3.726,-5.5342,-1.9726,-3.726,-5.5342,-1.9726,True,0.0002,probe_action/probe_paired_delta.json
POC-2B,act,higher,pp,surgical_3stage_DI_wiseft_encoder,surgical_intervene_wiseft_f30_encoder,OURS,OURS,1825,0.3836,-1.3699,2.2466,0.3836,-1.3699,2.2466,False,0.7306,probe_action/probe_paired_delta.json
POC-2B,act,higher,pp,surgical_3stage_DI_wiseft_encoder,surgical_intervene_wiseft_f50_encoder,OURS,OURS,1825,0.9863,-0.9863,3.0137,0.9863,-0.9863,3.0137,False,0.3462,probe_action/probe_paired_delta.json
POC-2B,act,higher,pp,surgical_3stage_DI_wiseft_encoder,surgical_intervene_wiseft_f70_encoder,OURS,OURS,1825,1.0959,-0.9528,3.1233,1.0959,-0.9528,3.1233,False,0.3092,probe_action/probe_paired_delta.json
POC-2B,act,higher,pp,surgical_3stage_DI_wiseft_encoder,surgical_noDI_encoder,OURS,OURS,1825,-2.0274,-3.7808,-0.1644,-2.0274,-3.7808,-0.1644,True,0.0312,probe_action/probe_paired_delta.json
POC-2B,act,higher,pp,surgical_3stage_DI_wiseft_encoder,surgical_noDI_head,OURS,OURS,1825,-1.0959,-2.9041,0.6575,-1.0959,-2.9041,0.6575,False,0.2388,probe_action/probe_paired_delta.json
POC-2B,act,higher,pp,surgical_autorgn_encoder,surgical_intervene_wiseft_f30_encoder,COMP,OURS,1825,4.1096,2.1918,6.0822,4.1096,2.1918,6.0822,True,0.0,probe_action/probe_paired_delta.json
POC-2B,act,higher,pp,surgical_autorgn_encoder,surgical_intervene_wiseft_f50_encoder,COMP,OURS,1825,4.7123,2.6849,6.7945,4.7123,2.6849,6.7945,True,0.0,probe_action/probe_paired_delta.json
POC-2B,act,higher,pp,surgical_autorgn_encoder,surgical_intervene_wiseft_f70_encoder,COMP,OURS,1825,4.8219,2.7945,6.8493,4.8219,2.7945,6.8493,True,0.0,probe_action/probe_paired_delta.json
POC-2B,act,higher,pp,surgical_autorgn_encoder,surgical_noDI_encoder,COMP,OURS,1825,1.6986,0.1096,3.2329,1.6986,0.1096,3.2329,True,0.0404,probe_action/probe_paired_delta.json
POC-2B,act,higher,pp,surgical_autorgn_encoder,surgical_noDI_head,COMP,OURS,1825,2.6301,0.8219,4.4384,2.6301,0.8219,4.4384,True,0.0056,probe_action/probe_paired_delta.json
POC-2B,act,higher,pp,surgical_intervene_wiseft_f30_encoder,surgical_intervene_wiseft_f50_encoder,OURS,OURS,1825,0.6027,-1.4247,2.6301,0.6027,-1.4247,2.6301,False,0.5782,probe_action/probe_paired_delta.json
POC-2B,act,higher,pp,surgical_intervene_wiseft_f30_encoder,surgical_intervene_wiseft_f70_encoder,OURS,OURS,1825,0.7123,-1.3151,2.6849,0.7123,-1.3151,2.6849,False,0.5194,probe_action/probe_paired_delta.json
POC-2B,act,higher,pp,surgical_intervene_wiseft_f30_encoder,surgical_noDI_encoder,OURS,OURS,1825,-2.411,-4.2192,-0.6027,-2.411,-4.2192,-0.6027,True,0.0078,probe_action/probe_paired_delta.json
POC-2B,act,higher,pp,surgical_intervene_wiseft_f30_encoder,surgical_noDI_head,OURS,OURS,1825,-1.4795,-3.2877,0.274,-1.4795,-3.2877,0.274,False,0.111,probe_action/probe_paired_delta.json
POC-2B,act,higher,pp,surgical_intervene_wiseft_f50_encoder,surgical_intervene_wiseft_f70_encoder,OURS,OURS,1825,0.1096,-1.7534,2.0274,0.1096,-1.7534,2.0274,False,0.9358,probe_action/probe_paired_delta.json
POC-2B,act,higher,pp,surgical_intervene_wiseft_f50_encoder,surgical_noDI_encoder,OURS,OURS,1825,-3.0137,-4.9863,-1.0411,-3.0137,-4.9863,-1.0411,True,0.0022,probe_action/probe_paired_delta.json
POC-2B,act,higher,pp,surgical_intervene_wiseft_f50_encoder,surgical_noDI_head,OURS,OURS,1825,-2.0822,-4.1096,0.0,-2.0822,-4.1096,0.0,False,0.0512,probe_action/probe_paired_delta.json
POC-2B,act,higher,pp,surgical_intervene_wiseft_f70_encoder,surgical_noDI_encoder,OURS,OURS,1825,-3.1233,-5.0411,-1.1507,-3.1233,-5.0411,-1.1507,True,0.0022,probe_action/probe_paired_delta.json
POC-2B,act,higher,pp,surgical_intervene_wiseft_f70_encoder,surgical_noDI_head,OURS,OURS,1825,-2.1918,-4.274,-0.1096,-2.1918,-4.274,-0.1096,True,0.0434,probe_action/probe_paired_delta.json
POC-2B,act,higher,pp,surgical_noDI_encoder,surgical_noDI_head,OURS,OURS,1825,0.9315,-0.8767,2.7397,0.9315,-0.8767,2.7397,False,0.317,probe_action/probe_paired_delta.json
POC-2B,mcos,higher,raw,frozen,full_ft_encoder,REF,COMP,1825,-0.235264,-0.241018,-0.229581,-0.235264,-0.241018,-0.229581,True,0.0,probe_motion_cos/probe_motion_cos_paired.json
POC-2B,mcos,higher,raw,frozen,lpft_encoder,REF,COMP,1825,-0.110065,-0.11431,-0.105982,-0.110065,-0.11431,-0.105982,True,0.0,probe_motion_cos/probe_motion_cos_paired.json
POC-2B,mcos,higher,raw,frozen,peft_dora_encoder,REF,COMP,1825,-0.152015,-0.156643,-0.147473,-0.152015,-0.156643,-0.147473,True,0.0,probe_motion_cos/probe_motion_cos_paired.json
POC-2B,mcos,higher,raw,frozen,peft_lora_encoder,REF,COMP,1825,-0.160495,-0.16521,-0.155844,-0.160495,-0.16521,-0.155844,True,0.0,probe_motion_cos/probe_motion_cos_paired.json
POC-2B,mcos,higher,raw,frozen,pretrain_encoder,REF,COMP,1825,-0.142206,-0.146142,-0.138407,-0.142206,-0.146142,-0.138407,True,0.0,probe_motion_cos/probe_motion_cos_paired.json
POC-2B,mcos,higher,raw,frozen,surgery_raw_encoder,REF,OURS,1825,-0.124289,-0.128557,-0.120144,-0.124289,-0.128557,-0.120144,True,0.0,probe_motion_cos/probe_motion_cos_paired.json
POC-2B,mcos,higher,raw,frozen,surgical_3stage_DI_diheavy_encoder,REF,OURS,1825,-0.106563,-0.11037,-0.102889,-0.106563,-0.11037,-0.102889,True,0.0,probe_motion_cos/probe_motion_cos_paired.json
POC-2B,mcos,higher,raw,frozen,surgical_3stage_DI_encoder,REF,OURS,1825,-0.109613,-0.113494,-0.105874,-0.109613,-0.113494,-0.105874,True,0.0,probe_motion_cos/probe_motion_cos_paired.json
POC-2B,mcos,higher,raw,frozen,surgical_3stage_DI_head,REF,OURS,1825,-0.118265,-0.122593,-0.114109,-0.118265,-0.122593,-0.114109,True,0.0,probe_motion_cos/probe_motion_cos_paired.json
POC-2B,mcos,higher,raw,frozen,surgical_3stage_DI_intervene_encoder,REF,OURS,1825,-0.111829,-0.115868,-0.107935,-0.111829,-0.115868,-0.107935,True,0.0,probe_motion_cos/probe_motion_cos_paired.json
POC-2B,mcos,higher,raw,frozen,surgical_3stage_DI_replay25_encoder,REF,OURS,1825,-0.107712,-0.1116,-0.103963,-0.107712,-0.1116,-0.103963,True,0.0,probe_motion_cos/probe_motion_cos_paired.json
POC-2B,mcos,higher,raw,frozen,surgical_3stage_DI_tccaux_encoder,REF,OURS,1825,-0.108695,-0.112613,-0.104888,-0.108695,-0.112613,-0.104888,True,0.0,probe_motion_cos/probe_motion_cos_paired.json
POC-2B,mcos,higher,raw,frozen,surgical_3stage_DI_wiseft_encoder,REF,OURS,1825,-0.052966,-0.055013,-0.051063,-0.052966,-0.055013,-0.051063,True,0.0,probe_motion_cos/probe_motion_cos_paired.json
POC-2B,mcos,higher,raw,frozen,surgical_autorgn_encoder,REF,COMP,1825,-0.179516,-0.184614,-0.174483,-0.179516,-0.184614,-0.174483,True,0.0,probe_motion_cos/probe_motion_cos_paired.json
POC-2B,mcos,higher,raw,frozen,surgical_intervene_wiseft_f30_encoder,REF,OURS,1825,-0.053234,-0.055304,-0.051298,-0.053234,-0.055304,-0.051298,True,0.0,probe_motion_cos/probe_motion_cos_paired.json
POC-2B,mcos,higher,raw,frozen,surgical_intervene_wiseft_f50_encoder,REF,OURS,1825,-0.025571,-0.026642,-0.024577,-0.025571,-0.026642,-0.024577,True,0.0,probe_motion_cos/probe_motion_cos_paired.json
POC-2B,mcos,higher,raw,frozen,surgical_intervene_wiseft_f70_encoder,REF,OURS,1825,-0.00897,-0.009409,-0.008561,-0.00897,-0.009409,-0.008561,True,0.0,probe_motion_cos/probe_motion_cos_paired.json
POC-2B,mcos,higher,raw,frozen,surgical_noDI_encoder,REF,OURS,1825,-0.11835,-0.12253,-0.114324,-0.11835,-0.12253,-0.114324,True,0.0,probe_motion_cos/probe_motion_cos_paired.json
POC-2B,mcos,higher,raw,frozen,surgical_noDI_head,REF,OURS,1825,-0.125503,-0.130003,-0.121181,-0.125503,-0.130003,-0.121181,True,0.0,probe_motion_cos/probe_motion_cos_paired.json
POC-2B,mcos,higher,raw,frozen,frozen,REF,REF,1825,0.002101,0.001756,0.002456,0.002101,0.001756,0.002456,True,0.0,probe_motion_cos/probe_motion_cos_paired.json
POC-2B,mcos,higher,raw,full_ft_encoder,lpft_encoder,COMP,COMP,1825,0.125199,0.121526,0.129015,0.125199,0.121526,0.129015,True,0.0,probe_motion_cos/probe_motion_cos_paired.json
POC-2B,mcos,higher,raw,full_ft_encoder,peft_dora_encoder,COMP,COMP,1825,0.083249,0.080644,0.085867,0.083249,0.080644,0.085867,True,0.0,probe_motion_cos/probe_motion_cos_paired.json
POC-2B,mcos,higher,raw,full_ft_encoder,peft_lora_encoder,COMP,COMP,1825,0.074768,0.072297,0.077269,0.074768,0.072297,0.077269,True,0.0,probe_motion_cos/probe_motion_cos_paired.json
POC-2B,mcos,higher,raw,full_ft_encoder,pretrain_encoder,COMP,COMP,1825,0.093058,0.089967,0.096151,0.093058,0.089967,0.096151,True,0.0,probe_motion_cos/probe_motion_cos_paired.json
POC-2B,mcos,higher,raw,full_ft_encoder,surgery_raw_encoder,COMP,OURS,1825,0.110975,0.107656,0.114395,0.110975,0.107656,0.114395,True,0.0,probe_motion_cos/probe_motion_cos_paired.json
POC-2B,mcos,higher,raw,full_ft_encoder,surgical_3stage_DI_diheavy_encoder,COMP,OURS,1825,0.128701,0.125247,0.13232,0.128701,0.125247,0.13232,True,0.0,probe_motion_cos/probe_motion_cos_paired.json
POC-2B,mcos,higher,raw,full_ft_encoder,surgical_3stage_DI_encoder,COMP,OURS,1825,0.12565,0.122304,0.129198,0.12565,0.122304,0.129198,True,0.0,probe_motion_cos/probe_motion_cos_paired.json
POC-2B,mcos,higher,raw,full_ft_encoder,surgical_3stage_DI_head,COMP,OURS,1825,0.116998,0.113583,0.120565,0.116998,0.113583,0.120565,True,0.0,probe_motion_cos/probe_motion_cos_paired.json
POC-2B,mcos,higher,raw,full_ft_encoder,surgical_3stage_DI_intervene_encoder,COMP,OURS,1825,0.123435,0.119985,0.127009,0.123435,0.119985,0.127009,True,0.0,probe_motion_cos/probe_motion_cos_paired.json
POC-2B,mcos,higher,raw,full_ft_encoder,surgical_3stage_DI_replay25_encoder,COMP,OURS,1825,0.127551,0.124061,0.131177,0.127551,0.124061,0.131177,True,0.0,probe_motion_cos/probe_motion_cos_paired.json
POC-2B,mcos,higher,raw,full_ft_encoder,surgical_3stage_DI_tccaux_encoder,COMP,OURS,1825,0.126568,0.123113,0.130147,0.126568,0.123113,0.130147,True,0.0,probe_motion_cos/probe_motion_cos_paired.json
POC-2B,mcos,higher,raw,full_ft_encoder,surgical_3stage_DI_wiseft_encoder,COMP,OURS,1825,0.182297,0.17801,0.186585,0.182297,0.17801,0.186585,True,0.0,probe_motion_cos/probe_motion_cos_paired.json
POC-2B,mcos,higher,raw,full_ft_encoder,surgical_autorgn_encoder,COMP,COMP,1825,0.055748,0.053666,0.05786,0.055748,0.053666,0.05786,True,0.0,probe_motion_cos/probe_motion_cos_paired.json
POC-2B,mcos,higher,raw,full_ft_encoder,surgical_intervene_wiseft_f30_encoder,COMP,OURS,1825,0.182029,0.177727,0.186313,0.182029,0.177727,0.186313,True,0.0,probe_motion_cos/probe_motion_cos_paired.json
POC-2B,mcos,higher,raw,full_ft_encoder,surgical_intervene_wiseft_f50_encoder,COMP,OURS,1825,0.209693,0.20475,0.214637,0.209693,0.20475,0.214637,True,0.0,probe_motion_cos/probe_motion_cos_paired.json
POC-2B,mcos,higher,raw,full_ft_encoder,surgical_intervene_wiseft_f70_encoder,COMP,OURS,1825,0.226293,0.22088,0.231706,0.226293,0.22088,0.231706,True,0.0,probe_motion_cos/probe_motion_cos_paired.json
POC-2B,mcos,higher,raw,full_ft_encoder,surgical_noDI_encoder,COMP,OURS,1825,0.116914,0.113535,0.120463,0.116914,0.113535,0.120463,True,0.0,probe_motion_cos/probe_motion_cos_paired.json
POC-2B,mcos,higher,raw,full_ft_encoder,surgical_noDI_head,COMP,OURS,1825,0.10976,0.106462,0.113207,0.10976,0.106462,0.113207,True,0.0,probe_motion_cos/probe_motion_cos_paired.json
POC-2B,mcos,higher,raw,full_ft_encoder,frozen,COMP,REF,1825,0.237365,0.231676,0.243078,0.237365,0.231676,0.243078,True,0.0,probe_motion_cos/probe_motion_cos_paired.json
POC-2B,mcos,higher,raw,lpft_encoder,peft_dora_encoder,COMP,COMP,1825,-0.04195,-0.044015,-0.040016,-0.04195,-0.044015,-0.040016,True,0.0,probe_motion_cos/probe_motion_cos_paired.json
POC-2B,mcos,higher,raw,lpft_encoder,peft_lora_encoder,COMP,COMP,1825,-0.050431,-0.052615,-0.04838,-0.050431,-0.052615,-0.04838,True,0.0,probe_motion_cos/probe_motion_cos_paired.json
POC-2B,mcos,higher,raw,lpft_encoder,pretrain_encoder,COMP,COMP,1825,-0.032141,-0.034911,-0.02945,-0.032141,-0.034911,-0.02945,True,0.0,probe_motion_cos/probe_motion_cos_paired.json
POC-2B,mcos,higher,raw,lpft_encoder,surgery_raw_encoder,COMP,OURS,1825,-0.014224,-0.015222,-0.013288,-0.014224,-0.015222,-0.013288,True,0.0,probe_motion_cos/probe_motion_cos_paired.json
POC-2B,mcos,higher,raw,lpft_encoder,surgical_3stage_DI_diheavy_encoder,COMP,OURS,1825,0.003502,0.002592,0.004371,0.003502,0.002592,0.004371,True,0.0,probe_motion_cos/probe_motion_cos_paired.json
POC-2B,mcos,higher,raw,lpft_encoder,surgical_3stage_DI_encoder,COMP,OURS,1825,0.000451,-0.000443,0.001302,0.000451,-0.000443,0.001302,False,0.311,probe_motion_cos/probe_motion_cos_paired.json
POC-2B,mcos,higher,raw,lpft_encoder,surgical_3stage_DI_head,COMP,OURS,1825,-0.0082,-0.008573,-0.007838,-0.0082,-0.008573,-0.007838,True,0.0,probe_motion_cos/probe_motion_cos_paired.json
POC-2B,mcos,higher,raw,lpft_encoder,surgical_3stage_DI_intervene_encoder,COMP,OURS,1825,-0.001764,-0.002413,-0.001182,-0.001764,-0.002413,-0.001182,True,0.0,probe_motion_cos/probe_motion_cos_paired.json
POC-2B,mcos,higher,raw,lpft_encoder,surgical_3stage_DI_replay25_encoder,COMP,OURS,1825,0.002353,0.001539,0.003108,0.002353,0.001539,0.003108,True,0.0,probe_motion_cos/probe_motion_cos_paired.json
POC-2B,mcos,higher,raw,lpft_encoder,surgical_3stage_DI_tccaux_encoder,COMP,OURS,1825,0.00137,0.000638,0.002033,0.00137,0.000638,0.002033,True,0.0002,probe_motion_cos/probe_motion_cos_paired.json
POC-2B,mcos,higher,raw,lpft_encoder,surgical_3stage_DI_wiseft_encoder,COMP,OURS,1825,0.057099,0.054768,0.05945,0.057099,0.054768,0.05945,True,0.0,probe_motion_cos/probe_motion_cos_paired.json
POC-2B,mcos,higher,raw,lpft_encoder,surgical_autorgn_encoder,COMP,COMP,1825,-0.069451,-0.071851,-0.067041,-0.069451,-0.071851,-0.067041,True,0.0,probe_motion_cos/probe_motion_cos_paired.json
POC-2B,mcos,higher,raw,lpft_encoder,surgical_intervene_wiseft_f30_encoder,COMP,OURS,1825,0.056831,0.054556,0.059145,0.056831,0.054556,0.059145,True,0.0,probe_motion_cos/probe_motion_cos_paired.json
POC-2B,mcos,higher,raw,lpft_encoder,surgical_intervene_wiseft_f50_encoder,COMP,OURS,1825,0.084494,0.081259,0.087819,0.084494,0.081259,0.087819,True,0.0,probe_motion_cos/probe_motion_cos_paired.json
POC-2B,mcos,higher,raw,lpft_encoder,surgical_intervene_wiseft_f70_encoder,COMP,OURS,1825,0.101095,0.09728,0.105015,0.101095,0.09728,0.105015,True,0.0,probe_motion_cos/probe_motion_cos_paired.json
POC-2B,mcos,higher,raw,lpft_encoder,surgical_noDI_encoder,COMP,OURS,1825,-0.008285,-0.009076,-0.007583,-0.008285,-0.009076,-0.007583,True,0.0,probe_motion_cos/probe_motion_cos_paired.json
POC-2B,mcos,higher,raw,lpft_encoder,surgical_noDI_head,COMP,OURS,1825,-0.015438,-0.016016,-0.014884,-0.015438,-0.016016,-0.014884,True,0.0,probe_motion_cos/probe_motion_cos_paired.json
POC-2B,mcos,higher,raw,lpft_encoder,frozen,COMP,REF,1825,0.112166,0.108132,0.116365,0.112166,0.108132,0.116365,True,0.0,probe_motion_cos/probe_motion_cos_paired.json
POC-2B,mcos,higher,raw,peft_dora_encoder,peft_lora_encoder,COMP,COMP,1825,-0.008481,-0.008695,-0.008262,-0.008481,-0.008695,-0.008262,True,0.0,probe_motion_cos/probe_motion_cos_paired.json
POC-2B,mcos,higher,raw,peft_dora_encoder,pretrain_encoder,COMP,COMP,1825,0.009809,0.007783,0.011746,0.009809,0.007783,0.011746,True,0.0,probe_motion_cos/probe_motion_cos_paired.json
POC-2B,mcos,higher,raw,peft_dora_encoder,surgery_raw_encoder,COMP,OURS,1825,0.027726,0.026433,0.029065,0.027726,0.026433,0.029065,True,0.0,probe_motion_cos/probe_motion_cos_paired.json
POC-2B,mcos,higher,raw,peft_dora_encoder,surgical_3stage_DI_diheavy_encoder,COMP,OURS,1825,0.045452,0.043892,0.047107,0.045452,0.043892,0.047107,True,0.0,probe_motion_cos/probe_motion_cos_paired.json
POC-2B,mcos,higher,raw,peft_dora_encoder,surgical_3stage_DI_encoder,COMP,OURS,1825,0.042401,0.04091,0.043996,0.042401,0.04091,0.043996,True,0.0,probe_motion_cos/probe_motion_cos_paired.json
POC-2B,mcos,higher,raw,peft_dora_encoder,surgical_3stage_DI_head,COMP,OURS,1825,0.03375,0.031992,0.035593,0.03375,0.031992,0.035593,True,0.0,probe_motion_cos/probe_motion_cos_paired.json
POC-2B,mcos,higher,raw,peft_dora_encoder,surgical_3stage_DI_intervene_encoder,COMP,OURS,1825,0.040186,0.038577,0.041853,0.040186,0.038577,0.041853,True,0.0,probe_motion_cos/probe_motion_cos_paired.json
POC-2B,mcos,higher,raw,peft_dora_encoder,surgical_3stage_DI_replay25_encoder,COMP,OURS,1825,0.044303,0.042634,0.046037,0.044303,0.042634,0.046037,True,0.0,probe_motion_cos/probe_motion_cos_paired.json
POC-2B,mcos,higher,raw,peft_dora_encoder,surgical_3stage_DI_tccaux_encoder,COMP,OURS,1825,0.04332,0.041723,0.045012,0.04332,0.041723,0.045012,True,0.0,probe_motion_cos/probe_motion_cos_paired.json
POC-2B,mcos,higher,raw,peft_dora_encoder,surgical_3stage_DI_wiseft_encoder,COMP,OURS,1825,0.099049,0.096135,0.101962,0.099049,0.096135,0.101962,True,0.0,probe_motion_cos/probe_motion_cos_paired.json
POC-2B,mcos,higher,raw,peft_dora_encoder,surgical_autorgn_encoder,COMP,COMP,1825,-0.027501,-0.028562,-0.026444,-0.027501,-0.028562,-0.026444,True,0.0,probe_motion_cos/probe_motion_cos_paired.json
POC-2B,mcos,higher,raw,peft_dora_encoder,surgical_intervene_wiseft_f30_encoder,COMP,OURS,1825,0.098781,0.095871,0.101691,0.098781,0.095871,0.101691,True,0.0,probe_motion_cos/probe_motion_cos_paired.json
POC-2B,mcos,higher,raw,peft_dora_encoder,surgical_intervene_wiseft_f50_encoder,COMP,OURS,1825,0.126444,0.122686,0.130233,0.126444,0.122686,0.130233,True,0.0,probe_motion_cos/probe_motion_cos_paired.json
POC-2B,mcos,higher,raw,peft_dora_encoder,surgical_intervene_wiseft_f70_encoder,COMP,OURS,1825,0.143045,0.138742,0.147354,0.143045,0.138742,0.147354,True,0.0,probe_motion_cos/probe_motion_cos_paired.json
POC-2B,mcos,higher,raw,peft_dora_encoder,surgical_noDI_encoder,COMP,OURS,1825,0.033665,0.032193,0.035176,0.033665,0.032193,0.035176,True,0.0,probe_motion_cos/probe_motion_cos_paired.json
POC-2B,mcos,higher,raw,peft_dora_encoder,surgical_noDI_head,COMP,OURS,1825,0.026512,0.024837,0.028307,0.026512,0.024837,0.028307,True,0.0,probe_motion_cos/probe_motion_cos_paired.json
POC-2B,mcos,higher,raw,peft_dora_encoder,frozen,COMP,REF,1825,0.154116,0.149602,0.158704,0.154116,0.149602,0.158704,True,0.0,probe_motion_cos/probe_motion_cos_paired.json
POC-2B,mcos,higher,raw,peft_lora_encoder,pretrain_encoder,COMP,COMP,1825,0.01829,0.016273,0.02024,0.01829,0.016273,0.02024,True,0.0,probe_motion_cos/probe_motion_cos_paired.json
POC-2B,mcos,higher,raw,peft_lora_encoder,surgery_raw_encoder,COMP,OURS,1825,0.036207,0.0348,0.037671,0.036207,0.0348,0.037671,True,0.0,probe_motion_cos/probe_motion_cos_paired.json
POC-2B,mcos,higher,raw,peft_lora_encoder,surgical_3stage_DI_diheavy_encoder,COMP,OURS,1825,0.053933,0.052254,0.055704,0.053933,0.052254,0.055704,True,0.0,probe_motion_cos/probe_motion_cos_paired.json
POC-2B,mcos,higher,raw,peft_lora_encoder,surgical_3stage_DI_encoder,COMP,OURS,1825,0.050882,0.049287,0.0526,0.050882,0.049287,0.0526,True,0.0,probe_motion_cos/probe_motion_cos_paired.json
POC-2B,mcos,higher,raw,peft_lora_encoder,surgical_3stage_DI_head,COMP,OURS,1825,0.04223,0.040402,0.044189,0.04223,0.040402,0.044189,True,0.0,probe_motion_cos/probe_motion_cos_paired.json
POC-2B,mcos,higher,raw,peft_lora_encoder,surgical_3stage_DI_intervene_encoder,COMP,OURS,1825,0.048667,0.046949,0.050459,0.048667,0.046949,0.050459,True,0.0,probe_motion_cos/probe_motion_cos_paired.json
POC-2B,mcos,higher,raw,peft_lora_encoder,surgical_3stage_DI_replay25_encoder,COMP,OURS,1825,0.052783,0.051013,0.05464,0.052783,0.051013,0.05464,True,0.0,probe_motion_cos/probe_motion_cos_paired.json
POC-2B,mcos,higher,raw,peft_lora_encoder,surgical_3stage_DI_tccaux_encoder,COMP,OURS,1825,0.0518,0.050059,0.053607,0.0518,0.050059,0.053607,True,0.0,probe_motion_cos/probe_motion_cos_paired.json
POC-2B,mcos,higher,raw,peft_lora_encoder,surgical_3stage_DI_wiseft_encoder,COMP,OURS,1825,0.107529,0.104498,0.110534,0.107529,0.104498,0.110534,True,0.0,probe_motion_cos/probe_motion_cos_paired.json
POC-2B,mcos,higher,raw,peft_lora_encoder,surgical_autorgn_encoder,COMP,COMP,1825,-0.01902,-0.020002,-0.018025,-0.01902,-0.020002,-0.018025,True,0.0,probe_motion_cos/probe_motion_cos_paired.json
POC-2B,mcos,higher,raw,peft_lora_encoder,surgical_intervene_wiseft_f30_encoder,COMP,OURS,1825,0.107261,0.104218,0.110264,0.107261,0.104218,0.110264,True,0.0,probe_motion_cos/probe_motion_cos_paired.json
POC-2B,mcos,higher,raw,peft_lora_encoder,surgical_intervene_wiseft_f50_encoder,COMP,OURS,1825,0.134925,0.131104,0.138828,0.134925,0.131104,0.138828,True,0.0,probe_motion_cos/probe_motion_cos_paired.json
POC-2B,mcos,higher,raw,peft_lora_encoder,surgical_intervene_wiseft_f70_encoder,COMP,OURS,1825,0.151525,0.147146,0.155949,0.151525,0.147146,0.155949,True,0.0,probe_motion_cos/probe_motion_cos_paired.json
POC-2B,mcos,higher,raw,peft_lora_encoder,surgical_noDI_encoder,COMP,OURS,1825,0.042146,0.040556,0.04378,0.042146,0.040556,0.04378,True,0.0,probe_motion_cos/probe_motion_cos_paired.json
POC-2B,mcos,higher,raw,peft_lora_encoder,surgical_noDI_head,COMP,OURS,1825,0.034992,0.033261,0.036844,0.034992,0.033261,0.036844,True,0.0,probe_motion_cos/probe_motion_cos_paired.json
POC-2B,mcos,higher,raw,peft_lora_encoder,frozen,COMP,REF,1825,0.162597,0.157992,0.167305,0.162597,0.157992,0.167305,True,0.0,probe_motion_cos/probe_motion_cos_paired.json
POC-2B,mcos,higher,raw,pretrain_encoder,surgery_raw_encoder,COMP,OURS,1825,0.017917,0.015587,0.020383,0.017917,0.015587,0.020383,True,0.0,probe_motion_cos/probe_motion_cos_paired.json
POC-2B,mcos,higher,raw,pretrain_encoder,surgical_3stage_DI_diheavy_encoder,COMP,OURS,1825,0.035643,0.033428,0.037939,0.035643,0.033428,0.037939,True,0.0,probe_motion_cos/probe_motion_cos_paired.json
POC-2B,mcos,higher,raw,pretrain_encoder,surgical_3stage_DI_encoder,COMP,OURS,1825,0.032592,0.030355,0.034896,0.032592,0.030355,0.034896,True,0.0,probe_motion_cos/probe_motion_cos_paired.json
POC-2B,mcos,higher,raw,pretrain_encoder,surgical_3stage_DI_head,COMP,OURS,1825,0.02394,0.021437,0.026579,0.02394,0.021437,0.026579,True,0.0,probe_motion_cos/probe_motion_cos_paired.json
POC-2B,mcos,higher,raw,pretrain_encoder,surgical_3stage_DI_intervene_encoder,COMP,OURS,1825,0.030377,0.028051,0.032808,0.030377,0.028051,0.032808,True,0.0,probe_motion_cos/probe_motion_cos_paired.json
POC-2B,mcos,higher,raw,pretrain_encoder,surgical_3stage_DI_replay25_encoder,COMP,OURS,1825,0.034493,0.032254,0.036809,0.034493,0.032254,0.036809,True,0.0,probe_motion_cos/probe_motion_cos_paired.json
POC-2B,mcos,higher,raw,pretrain_encoder,surgical_3stage_DI_tccaux_encoder,COMP,OURS,1825,0.03351,0.031166,0.035949,0.03351,0.031166,0.035949,True,0.0,probe_motion_cos/probe_motion_cos_paired.json
POC-2B,mcos,higher,raw,pretrain_encoder,surgical_3stage_DI_wiseft_encoder,COMP,OURS,1825,0.08924,0.086649,0.091863,0.08924,0.086649,0.091863,True,0.0,probe_motion_cos/probe_motion_cos_paired.json
POC-2B,mcos,higher,raw,pretrain_encoder,surgical_autorgn_encoder,COMP,COMP,1825,-0.03731,-0.039659,-0.034795,-0.03731,-0.039659,-0.034795,True,0.0,probe_motion_cos/probe_motion_cos_paired.json
POC-2B,mcos,higher,raw,pretrain_encoder,surgical_intervene_wiseft_f30_encoder,COMP,OURS,1825,0.088972,0.086393,0.091577,0.088972,0.086393,0.091577,True,0.0,probe_motion_cos/probe_motion_cos_paired.json
POC-2B,mcos,higher,raw,pretrain_encoder,surgical_intervene_wiseft_f50_encoder,COMP,OURS,1825,0.116635,0.113518,0.119838,0.116635,0.113518,0.119838,True,0.0,probe_motion_cos/probe_motion_cos_paired.json
POC-2B,mcos,higher,raw,pretrain_encoder,surgical_intervene_wiseft_f70_encoder,COMP,OURS,1825,0.133235,0.129697,0.136913,0.133235,0.129697,0.136913,True,0.0,probe_motion_cos/probe_motion_cos_paired.json
POC-2B,mcos,higher,raw,pretrain_encoder,surgical_noDI_encoder,COMP,OURS,1825,0.023856,0.021442,0.026393,0.023856,0.021442,0.026393,True,0.0,probe_motion_cos/probe_motion_cos_paired.json
POC-2B,mcos,higher,raw,pretrain_encoder,surgical_noDI_head,COMP,OURS,1825,0.016702,0.014153,0.019376,0.016702,0.014153,0.019376,True,0.0,probe_motion_cos/probe_motion_cos_paired.json
POC-2B,mcos,higher,raw,pretrain_encoder,frozen,COMP,REF,1825,0.144307,0.140462,0.148275,0.144307,0.140462,0.148275,True,0.0,probe_motion_cos/probe_motion_cos_paired.json
POC-2B,mcos,higher,raw,surgery_raw_encoder,surgical_3stage_DI_diheavy_encoder,OURS,OURS,1825,0.017726,0.017068,0.018402,0.017726,0.017068,0.018402,True,0.0,probe_motion_cos/probe_motion_cos_paired.json
POC-2B,mcos,higher,raw,surgery_raw_encoder,surgical_3stage_DI_encoder,OURS,OURS,1825,0.014675,0.014072,0.015309,0.014675,0.014072,0.015309,True,0.0,probe_motion_cos/probe_motion_cos_paired.json
POC-2B,mcos,higher,raw,surgery_raw_encoder,surgical_3stage_DI_head,OURS,OURS,1825,0.006023,0.005163,0.006947,0.006023,0.005163,0.006947,True,0.0,probe_motion_cos/probe_motion_cos_paired.json
POC-2B,mcos,higher,raw,surgery_raw_encoder,surgical_3stage_DI_intervene_encoder,OURS,OURS,1825,0.01246,0.011847,0.013082,0.01246,0.011847,0.013082,True,0.0,probe_motion_cos/probe_motion_cos_paired.json
POC-2B,mcos,higher,raw,surgery_raw_encoder,surgical_3stage_DI_replay25_encoder,OURS,OURS,1825,0.016576,0.015859,0.017306,0.016576,0.015859,0.017306,True,0.0,probe_motion_cos/probe_motion_cos_paired.json
POC-2B,mcos,higher,raw,surgery_raw_encoder,surgical_3stage_DI_tccaux_encoder,OURS,OURS,1825,0.015593,0.014947,0.016267,0.015593,0.014947,0.016267,True,0.0,probe_motion_cos/probe_motion_cos_paired.json
POC-2B,mcos,higher,raw,surgery_raw_encoder,surgical_3stage_DI_wiseft_encoder,OURS,OURS,1825,0.071323,0.068928,0.073725,0.071323,0.068928,0.073725,True,0.0,probe_motion_cos/probe_motion_cos_paired.json
POC-2B,mcos,higher,raw,surgery_raw_encoder,surgical_autorgn_encoder,OURS,COMP,1825,-0.055227,-0.057172,-0.053337,-0.055227,-0.057172,-0.053337,True,0.0,probe_motion_cos/probe_motion_cos_paired.json
POC-2B,mcos,higher,raw,surgery_raw_encoder,surgical_intervene_wiseft_f30_encoder,OURS,OURS,1825,0.071055,0.068665,0.073428,0.071055,0.068665,0.073428,True,0.0,probe_motion_cos/probe_motion_cos_paired.json
POC-2B,mcos,higher,raw,surgery_raw_encoder,surgical_intervene_wiseft_f50_encoder,OURS,OURS,1825,0.098718,0.095396,0.102072,0.098718,0.095396,0.102072,True,0.0,probe_motion_cos/probe_motion_cos_paired.json
POC-2B,mcos,higher,raw,surgery_raw_encoder,surgical_intervene_wiseft_f70_encoder,OURS,OURS,1825,0.115318,0.111472,0.119273,0.115318,0.111472,0.119273,True,0.0,probe_motion_cos/probe_motion_cos_paired.json
POC-2B,mcos,higher,raw,surgery_raw_encoder,surgical_noDI_encoder,OURS,OURS,1825,0.005939,0.005622,0.006256,0.005939,0.005622,0.006256,True,0.0,probe_motion_cos/probe_motion_cos_paired.json
POC-2B,mcos,higher,raw,surgery_raw_encoder,surgical_noDI_head,OURS,OURS,1825,-0.001215,-0.002104,-0.000316,-0.001215,-0.002104,-0.000316,True,0.009,probe_motion_cos/probe_motion_cos_paired.json
POC-2B,mcos,higher,raw,surgery_raw_encoder,frozen,OURS,REF,1825,0.12639,0.122276,0.130605,0.12639,0.122276,0.130605,True,0.0,probe_motion_cos/probe_motion_cos_paired.json
POC-2B,mcos,higher,raw,surgical_3stage_DI_diheavy_encoder,surgical_3stage_DI_encoder,OURS,OURS,1825,-0.003051,-0.003277,-0.002826,-0.003051,-0.003277,-0.002826,True,0.0,probe_motion_cos/probe_motion_cos_paired.json
POC-2B,mcos,higher,raw,surgical_3stage_DI_diheavy_encoder,surgical_3stage_DI_head,OURS,OURS,1825,-0.011703,-0.012541,-0.010841,-0.011703,-0.012541,-0.010841,True,0.0,probe_motion_cos/probe_motion_cos_paired.json
POC-2B,mcos,higher,raw,surgical_3stage_DI_diheavy_encoder,surgical_3stage_DI_intervene_encoder,OURS,OURS,1825,-0.005266,-0.005672,-0.004887,-0.005266,-0.005672,-0.004887,True,0.0,probe_motion_cos/probe_motion_cos_paired.json
POC-2B,mcos,higher,raw,surgical_3stage_DI_diheavy_encoder,surgical_3stage_DI_replay25_encoder,OURS,OURS,1825,-0.00115,-0.001442,-0.000867,-0.00115,-0.001442,-0.000867,True,0.0,probe_motion_cos/probe_motion_cos_paired.json
POC-2B,mcos,higher,raw,surgical_3stage_DI_diheavy_encoder,surgical_3stage_DI_tccaux_encoder,OURS,OURS,1825,-0.002133,-0.002455,-0.001806,-0.002133,-0.002455,-0.001806,True,0.0,probe_motion_cos/probe_motion_cos_paired.json
POC-2B,mcos,higher,raw,surgical_3stage_DI_diheavy_encoder,surgical_3stage_DI_wiseft_encoder,OURS,OURS,1825,0.053597,0.05172,0.055501,0.053597,0.05172,0.055501,True,0.0,probe_motion_cos/probe_motion_cos_paired.json
POC-2B,mcos,higher,raw,surgical_3stage_DI_diheavy_encoder,surgical_autorgn_encoder,OURS,COMP,1825,-0.072953,-0.075235,-0.070776,-0.072953,-0.075235,-0.070776,True,0.0,probe_motion_cos/probe_motion_cos_paired.json
POC-2B,mcos,higher,raw,surgical_3stage_DI_diheavy_encoder,surgical_intervene_wiseft_f30_encoder,OURS,OURS,1825,0.053329,0.051483,0.0552,0.053329,0.051483,0.0552,True,0.0,probe_motion_cos/probe_motion_cos_paired.json
POC-2B,mcos,higher,raw,surgical_3stage_DI_diheavy_encoder,surgical_intervene_wiseft_f50_encoder,OURS,OURS,1825,0.080992,0.07818,0.083886,0.080992,0.07818,0.083886,True,0.0,probe_motion_cos/probe_motion_cos_paired.json
POC-2B,mcos,higher,raw,surgical_3stage_DI_diheavy_encoder,surgical_intervene_wiseft_f70_encoder,OURS,OURS,1825,0.097592,0.094225,0.10107,0.097592,0.094225,0.10107,True,0.0,probe_motion_cos/probe_motion_cos_paired.json
POC-2B,mcos,higher,raw,surgical_3stage_DI_diheavy_encoder,surgical_noDI_encoder,OURS,OURS,1825,-0.011787,-0.012349,-0.011234,-0.011787,-0.012349,-0.011234,True,0.0,probe_motion_cos/probe_motion_cos_paired.json
POC-2B,mcos,higher,raw,surgical_3stage_DI_diheavy_encoder,surgical_noDI_head,OURS,OURS,1825,-0.018941,-0.019909,-0.017961,-0.018941,-0.019909,-0.017961,True,0.0,probe_motion_cos/probe_motion_cos_paired.json
POC-2B,mcos,higher,raw,surgical_3stage_DI_diheavy_encoder,frozen,OURS,REF,1825,0.108664,0.105054,0.112409,0.108664,0.105054,0.112409,True,0.0,probe_motion_cos/probe_motion_cos_paired.json
POC-2B,mcos,higher,raw,surgical_3stage_DI_encoder,surgical_3stage_DI_head,OURS,OURS,1825,-0.008652,-0.009441,-0.00782,-0.008652,-0.009441,-0.00782,True,0.0,probe_motion_cos/probe_motion_cos_paired.json
POC-2B,mcos,higher,raw,surgical_3stage_DI_encoder,surgical_3stage_DI_intervene_encoder,OURS,OURS,1825,-0.002215,-0.002574,-0.001853,-0.002215,-0.002574,-0.001853,True,0.0,probe_motion_cos/probe_motion_cos_paired.json
POC-2B,mcos,higher,raw,surgical_3stage_DI_encoder,surgical_3stage_DI_replay25_encoder,OURS,OURS,1825,0.001901,0.001569,0.002258,0.001901,0.001569,0.002258,True,0.0,probe_motion_cos/probe_motion_cos_paired.json
POC-2B,mcos,higher,raw,surgical_3stage_DI_encoder,surgical_3stage_DI_tccaux_encoder,OURS,OURS,1825,0.000918,0.00066,0.001192,0.000918,0.00066,0.001192,True,0.0,probe_motion_cos/probe_motion_cos_paired.json
POC-2B,mcos,higher,raw,surgical_3stage_DI_encoder,surgical_3stage_DI_wiseft_encoder,OURS,OURS,1825,0.056647,0.054735,0.0586,0.056647,0.054735,0.0586,True,0.0,probe_motion_cos/probe_motion_cos_paired.json
POC-2B,mcos,higher,raw,surgical_3stage_DI_encoder,surgical_autorgn_encoder,OURS,COMP,1825,-0.069902,-0.072074,-0.06782,-0.069902,-0.072074,-0.06782,True,0.0,probe_motion_cos/probe_motion_cos_paired.json
POC-2B,mcos,higher,raw,surgical_3stage_DI_encoder,surgical_intervene_wiseft_f30_encoder,OURS,OURS,1825,0.056379,0.054479,0.058294,0.056379,0.054479,0.058294,True,0.0,probe_motion_cos/probe_motion_cos_paired.json
POC-2B,mcos,higher,raw,surgical_3stage_DI_encoder,surgical_intervene_wiseft_f50_encoder,OURS,OURS,1825,0.084043,0.081186,0.086992,0.084043,0.081186,0.086992,True,0.0,probe_motion_cos/probe_motion_cos_paired.json
POC-2B,mcos,higher,raw,surgical_3stage_DI_encoder,surgical_intervene_wiseft_f70_encoder,OURS,OURS,1825,0.100643,0.097209,0.104184,0.100643,0.097209,0.104184,True,0.0,probe_motion_cos/probe_motion_cos_paired.json
POC-2B,mcos,higher,raw,surgical_3stage_DI_encoder,surgical_noDI_encoder,OURS,OURS,1825,-0.008736,-0.009264,-0.008223,-0.008736,-0.009264,-0.008223,True,0.0,probe_motion_cos/probe_motion_cos_paired.json
POC-2B,mcos,higher,raw,surgical_3stage_DI_encoder,surgical_noDI_head,OURS,OURS,1825,-0.01589,-0.016784,-0.014948,-0.01589,-0.016784,-0.014948,True,0.0,probe_motion_cos/probe_motion_cos_paired.json
POC-2B,mcos,higher,raw,surgical_3stage_DI_encoder,frozen,OURS,REF,1825,0.111715,0.108047,0.115553,0.111715,0.108047,0.115553,True,0.0,probe_motion_cos/probe_motion_cos_paired.json
POC-2B,mcos,higher,raw,surgical_3stage_DI_head,surgical_3stage_DI_intervene_encoder,OURS,OURS,1825,0.006436,0.005834,0.007006,0.006436,0.005834,0.007006,True,0.0,probe_motion_cos/probe_motion_cos_paired.json
POC-2B,mcos,higher,raw,surgical_3stage_DI_head,surgical_3stage_DI_replay25_encoder,OURS,OURS,1825,0.010553,0.009773,0.011288,0.010553,0.009773,0.011288,True,0.0,probe_motion_cos/probe_motion_cos_paired.json
POC-2B,mcos,higher,raw,surgical_3stage_DI_head,surgical_3stage_DI_tccaux_encoder,OURS,OURS,1825,0.00957,0.008895,0.010227,0.00957,0.008895,0.010227,True,0.0,probe_motion_cos/probe_motion_cos_paired.json
POC-2B,mcos,higher,raw,surgical_3stage_DI_head,surgical_3stage_DI_wiseft_encoder,OURS,OURS,1825,0.065299,0.062936,0.067723,0.065299,0.062936,0.067723,True,0.0,probe_motion_cos/probe_motion_cos_paired.json
POC-2B,mcos,higher,raw,surgical_3stage_DI_head,surgical_autorgn_encoder,OURS,COMP,1825,-0.061251,-0.063465,-0.05908,-0.061251,-0.063465,-0.05908,True,0.0,probe_motion_cos/probe_motion_cos_paired.json
POC-2B,mcos,higher,raw,surgical_3stage_DI_head,surgical_intervene_wiseft_f30_encoder,OURS,OURS,1825,0.065031,0.062716,0.067399,0.065031,0.062716,0.067399,True,0.0,probe_motion_cos/probe_motion_cos_paired.json
POC-2B,mcos,higher,raw,surgical_3stage_DI_head,surgical_intervene_wiseft_f50_encoder,OURS,OURS,1825,0.092694,0.089399,0.096077,0.092694,0.089399,0.096077,True,0.0,probe_motion_cos/probe_motion_cos_paired.json
POC-2B,mcos,higher,raw,surgical_3stage_DI_head,surgical_intervene_wiseft_f70_encoder,OURS,OURS,1825,0.109295,0.105405,0.113293,0.109295,0.105405,0.113293,True,0.0,probe_motion_cos/probe_motion_cos_paired.json
POC-2B,mcos,higher,raw,surgical_3stage_DI_head,surgical_noDI_encoder,OURS,OURS,1825,-8.5e-05,-0.00082,0.000594,-8.5e-05,-0.00082,0.000594,False,0.8158,probe_motion_cos/probe_motion_cos_paired.json
POC-2B,mcos,higher,raw,surgical_3stage_DI_head,surgical_noDI_head,OURS,OURS,1825,-0.007238,-0.007518,-0.006959,-0.007238,-0.007518,-0.006959,True,0.0,probe_motion_cos/probe_motion_cos_paired.json
POC-2B,mcos,higher,raw,surgical_3stage_DI_head,frozen,OURS,REF,1825,0.120366,0.116256,0.124666,0.120366,0.116256,0.124666,True,0.0,probe_motion_cos/probe_motion_cos_paired.json
POC-2B,mcos,higher,raw,surgical_3stage_DI_intervene_encoder,surgical_3stage_DI_replay25_encoder,OURS,OURS,1825,0.004117,0.003854,0.004376,0.004117,0.003854,0.004376,True,0.0,probe_motion_cos/probe_motion_cos_paired.json
POC-2B,mcos,higher,raw,surgical_3stage_DI_intervene_encoder,surgical_3stage_DI_tccaux_encoder,OURS,OURS,1825,0.003134,0.002915,0.003365,0.003134,0.002915,0.003365,True,0.0,probe_motion_cos/probe_motion_cos_paired.json
POC-2B,mcos,higher,raw,surgical_3stage_DI_intervene_encoder,surgical_3stage_DI_wiseft_encoder,OURS,OURS,1825,0.058863,0.05678,0.061019,0.058863,0.05678,0.061019,True,0.0,probe_motion_cos/probe_motion_cos_paired.json
POC-2B,mcos,higher,raw,surgical_3stage_DI_intervene_encoder,surgical_autorgn_encoder,OURS,COMP,1825,-0.067687,-0.069898,-0.065536,-0.067687,-0.069898,-0.065536,True,0.0,probe_motion_cos/probe_motion_cos_paired.json
POC-2B,mcos,higher,raw,surgical_3stage_DI_intervene_encoder,surgical_intervene_wiseft_f30_encoder,OURS,OURS,1825,0.058595,0.056542,0.060697,0.058595,0.056542,0.060697,True,0.0,probe_motion_cos/probe_motion_cos_paired.json
POC-2B,mcos,higher,raw,surgical_3stage_DI_intervene_encoder,surgical_intervene_wiseft_f50_encoder,OURS,OURS,1825,0.086258,0.083221,0.089396,0.086258,0.083221,0.089396,True,0.0,probe_motion_cos/probe_motion_cos_paired.json
POC-2B,mcos,higher,raw,surgical_3stage_DI_intervene_encoder,surgical_intervene_wiseft_f70_encoder,OURS,OURS,1825,0.102859,0.099284,0.106598,0.102859,0.099284,0.106598,True,0.0,probe_motion_cos/probe_motion_cos_paired.json
POC-2B,mcos,higher,raw,surgical_3stage_DI_intervene_encoder,surgical_noDI_encoder,OURS,OURS,1825,-0.006521,-0.006982,-0.006066,-0.006521,-0.006982,-0.006066,True,0.0,probe_motion_cos/probe_motion_cos_paired.json
POC-2B,mcos,higher,raw,surgical_3stage_DI_intervene_encoder,surgical_noDI_head,OURS,OURS,1825,-0.013674,-0.014397,-0.012933,-0.013674,-0.014397,-0.012933,True,0.0,probe_motion_cos/probe_motion_cos_paired.json
POC-2B,mcos,higher,raw,surgical_3stage_DI_intervene_encoder,frozen,OURS,REF,1825,0.11393,0.110079,0.117938,0.11393,0.110079,0.117938,True,0.0,probe_motion_cos/probe_motion_cos_paired.json
POC-2B,mcos,higher,raw,surgical_3stage_DI_replay25_encoder,surgical_3stage_DI_tccaux_encoder,OURS,OURS,1825,-0.000983,-0.001296,-0.000659,-0.000983,-0.001296,-0.000659,True,0.0,probe_motion_cos/probe_motion_cos_paired.json
POC-2B,mcos,higher,raw,surgical_3stage_DI_replay25_encoder,surgical_3stage_DI_wiseft_encoder,OURS,OURS,1825,0.054746,0.05279,0.056754,0.054746,0.05279,0.056754,True,0.0,probe_motion_cos/probe_motion_cos_paired.json
POC-2B,mcos,higher,raw,surgical_3stage_DI_replay25_encoder,surgical_autorgn_encoder,OURS,COMP,1825,-0.071804,-0.074134,-0.069569,-0.071804,-0.074134,-0.069569,True,0.0,probe_motion_cos/probe_motion_cos_paired.json
POC-2B,mcos,higher,raw,surgical_3stage_DI_replay25_encoder,surgical_intervene_wiseft_f30_encoder,OURS,OURS,1825,0.054478,0.052565,0.056448,0.054478,0.052565,0.056448,True,0.0,probe_motion_cos/probe_motion_cos_paired.json
POC-2B,mcos,higher,raw,surgical_3stage_DI_replay25_encoder,surgical_intervene_wiseft_f50_encoder,OURS,OURS,1825,0.082141,0.079242,0.085121,0.082141,0.079242,0.085121,True,0.0,probe_motion_cos/probe_motion_cos_paired.json
POC-2B,mcos,higher,raw,surgical_3stage_DI_replay25_encoder,surgical_intervene_wiseft_f70_encoder,OURS,OURS,1825,0.098742,0.095265,0.102285,0.098742,0.095265,0.102285,True,0.0,probe_motion_cos/probe_motion_cos_paired.json
POC-2B,mcos,higher,raw,surgical_3stage_DI_replay25_encoder,surgical_noDI_encoder,OURS,OURS,1825,-0.010638,-0.011226,-0.010031,-0.010638,-0.011226,-0.010031,True,0.0,probe_motion_cos/probe_motion_cos_paired.json
POC-2B,mcos,higher,raw,surgical_3stage_DI_replay25_encoder,surgical_noDI_head,OURS,OURS,1825,-0.017791,-0.018678,-0.01686,-0.017791,-0.018678,-0.01686,True,0.0,probe_motion_cos/probe_motion_cos_paired.json
POC-2B,mcos,higher,raw,surgical_3stage_DI_replay25_encoder,frozen,OURS,REF,1825,0.109813,0.106089,0.113648,0.109813,0.106089,0.113648,True,0.0,probe_motion_cos/probe_motion_cos_paired.json
POC-2B,mcos,higher,raw,surgical_3stage_DI_tccaux_encoder,surgical_3stage_DI_wiseft_encoder,OURS,OURS,1825,0.055729,0.053733,0.057773,0.055729,0.053733,0.057773,True,0.0,probe_motion_cos/probe_motion_cos_paired.json
POC-2B,mcos,higher,raw,surgical_3stage_DI_tccaux_encoder,surgical_autorgn_encoder,OURS,COMP,1825,-0.070821,-0.073028,-0.06866,-0.070821,-0.073028,-0.06866,True,0.0,probe_motion_cos/probe_motion_cos_paired.json
POC-2B,mcos,higher,raw,surgical_3stage_DI_tccaux_encoder,surgical_intervene_wiseft_f30_encoder,OURS,OURS,1825,0.055461,0.053509,0.057472,0.055461,0.053509,0.057472,True,0.0,probe_motion_cos/probe_motion_cos_paired.json
POC-2B,mcos,higher,raw,surgical_3stage_DI_tccaux_encoder,surgical_intervene_wiseft_f50_encoder,OURS,OURS,1825,0.083125,0.0802,0.086176,0.083125,0.0802,0.086176,True,0.0,probe_motion_cos/probe_motion_cos_paired.json
POC-2B,mcos,higher,raw,surgical_3stage_DI_tccaux_encoder,surgical_intervene_wiseft_f70_encoder,OURS,OURS,1825,0.099725,0.096224,0.103381,0.099725,0.096224,0.103381,True,0.0,probe_motion_cos/probe_motion_cos_paired.json
POC-2B,mcos,higher,raw,surgical_3stage_DI_tccaux_encoder,surgical_noDI_encoder,OURS,OURS,1825,-0.009655,-0.010176,-0.00918,-0.009655,-0.010176,-0.00918,True,0.0,probe_motion_cos/probe_motion_cos_paired.json
POC-2B,mcos,higher,raw,surgical_3stage_DI_tccaux_encoder,surgical_noDI_head,OURS,OURS,1825,-0.016808,-0.017602,-0.015991,-0.016808,-0.017602,-0.015991,True,0.0,probe_motion_cos/probe_motion_cos_paired.json
POC-2B,mcos,higher,raw,surgical_3stage_DI_tccaux_encoder,frozen,OURS,REF,1825,0.110797,0.107067,0.114717,0.110797,0.107067,0.114717,True,0.0,probe_motion_cos/probe_motion_cos_paired.json
POC-2B,mcos,higher,raw,surgical_3stage_DI_wiseft_encoder,surgical_autorgn_encoder,OURS,COMP,1825,-0.12655,-0.129991,-0.123128,-0.12655,-0.129991,-0.123128,True,0.0,probe_motion_cos/probe_motion_cos_paired.json
POC-2B,mcos,higher,raw,surgical_3stage_DI_wiseft_encoder,surgical_intervene_wiseft_f30_encoder,OURS,OURS,1825,-0.000268,-0.000361,-0.000177,-0.000268,-0.000361,-0.000177,True,0.0,probe_motion_cos/probe_motion_cos_paired.json
POC-2B,mcos,higher,raw,surgical_3stage_DI_wiseft_encoder,surgical_intervene_wiseft_f50_encoder,OURS,OURS,1825,0.027395,0.026421,0.028413,0.027395,0.026421,0.028413,True,0.0,probe_motion_cos/probe_motion_cos_paired.json
POC-2B,mcos,higher,raw,surgical_3stage_DI_wiseft_encoder,surgical_intervene_wiseft_f70_encoder,OURS,OURS,1825,0.043996,0.042418,0.045651,0.043996,0.042418,0.045651,True,0.0,probe_motion_cos/probe_motion_cos_paired.json
POC-2B,mcos,higher,raw,surgical_3stage_DI_wiseft_encoder,surgical_noDI_encoder,OURS,OURS,1825,-0.065384,-0.067693,-0.063129,-0.065384,-0.067693,-0.063129,True,0.0,probe_motion_cos/probe_motion_cos_paired.json
POC-2B,mcos,higher,raw,surgical_3stage_DI_wiseft_encoder,surgical_noDI_head,OURS,OURS,1825,-0.072537,-0.075104,-0.070009,-0.072537,-0.075104,-0.070009,True,0.0,probe_motion_cos/probe_motion_cos_paired.json
POC-2B,mcos,higher,raw,surgical_3stage_DI_wiseft_encoder,frozen,OURS,REF,1825,0.055067,0.053203,0.057068,0.055067,0.053203,0.057068,True,0.0,probe_motion_cos/probe_motion_cos_paired.json
POC-2B,mcos,higher,raw,surgical_autorgn_encoder,surgical_intervene_wiseft_f30_encoder,COMP,OURS,1825,0.126282,0.122853,0.129713,0.126282,0.122853,0.129713,True,0.0,probe_motion_cos/probe_motion_cos_paired.json
POC-2B,mcos,higher,raw,surgical_autorgn_encoder,surgical_intervene_wiseft_f50_encoder,COMP,OURS,1825,0.153945,0.14972,0.158216,0.153945,0.14972,0.158216,True,0.0,probe_motion_cos/probe_motion_cos_paired.json
POC-2B,mcos,higher,raw,surgical_autorgn_encoder,surgical_intervene_wiseft_f70_encoder,COMP,OURS,1825,0.170546,0.165802,0.175297,0.170546,0.165802,0.175297,True,0.0,probe_motion_cos/probe_motion_cos_paired.json
POC-2B,mcos,higher,raw,surgical_autorgn_encoder,surgical_noDI_encoder,COMP,OURS,1825,0.061166,0.05914,0.063275,0.061166,0.05914,0.063275,True,0.0,probe_motion_cos/probe_motion_cos_paired.json
POC-2B,mcos,higher,raw,surgical_autorgn_encoder,surgical_noDI_head,COMP,OURS,1825,0.054013,0.05196,0.05614,0.054013,0.05196,0.05614,True,0.0,probe_motion_cos/probe_motion_cos_paired.json
POC-2B,mcos,higher,raw,surgical_autorgn_encoder,frozen,COMP,REF,1825,0.181617,0.176593,0.186696,0.181617,0.176593,0.186696,True,0.0,probe_motion_cos/probe_motion_cos_paired.json
POC-2B,mcos,higher,raw,surgical_intervene_wiseft_f30_encoder,surgical_intervene_wiseft_f50_encoder,OURS,OURS,1825,0.027663,0.026658,0.02871,0.027663,0.026658,0.02871,True,0.0,probe_motion_cos/probe_motion_cos_paired.json
POC-2B,mcos,higher,raw,surgical_intervene_wiseft_f30_encoder,surgical_intervene_wiseft_f70_encoder,OURS,OURS,1825,0.044264,0.042668,0.045965,0.044264,0.042668,0.045965,True,0.0,probe_motion_cos/probe_motion_cos_paired.json
POC-2B,mcos,higher,raw,surgical_intervene_wiseft_f30_encoder,surgical_noDI_encoder,OURS,OURS,1825,-0.065116,-0.067365,-0.062855,-0.065116,-0.067365,-0.062855,True,0.0,probe_motion_cos/probe_motion_cos_paired.json
POC-2B,mcos,higher,raw,surgical_intervene_wiseft_f30_encoder,surgical_noDI_head,OURS,OURS,1825,-0.072269,-0.074798,-0.069781,-0.072269,-0.074798,-0.069781,True,0.0,probe_motion_cos/probe_motion_cos_paired.json
POC-2B,mcos,higher,raw,surgical_intervene_wiseft_f30_encoder,frozen,OURS,REF,1825,0.055335,0.053435,0.057357,0.055335,0.053435,0.057357,True,0.0,probe_motion_cos/probe_motion_cos_paired.json
POC-2B,mcos,higher,raw,surgical_intervene_wiseft_f50_encoder,surgical_intervene_wiseft_f70_encoder,OURS,OURS,1825,0.0166,0.015985,0.017258,0.0166,0.015985,0.017258,True,0.0,probe_motion_cos/probe_motion_cos_paired.json
POC-2B,mcos,higher,raw,surgical_intervene_wiseft_f50_encoder,surgical_noDI_encoder,OURS,OURS,1825,-0.092779,-0.096045,-0.08957,-0.092779,-0.096045,-0.08957,True,0.0,probe_motion_cos/probe_motion_cos_paired.json
POC-2B,mcos,higher,raw,surgical_intervene_wiseft_f50_encoder,surgical_noDI_head,OURS,OURS,1825,-0.099932,-0.103485,-0.096478,-0.099932,-0.103485,-0.096478,True,0.0,probe_motion_cos/probe_motion_cos_paired.json
POC-2B,mcos,higher,raw,surgical_intervene_wiseft_f50_encoder,frozen,OURS,REF,1825,0.027672,0.026672,0.028753,0.027672,0.026672,0.028753,True,0.0,probe_motion_cos/probe_motion_cos_paired.json
POC-2B,mcos,higher,raw,surgical_intervene_wiseft_f70_encoder,surgical_noDI_encoder,OURS,OURS,1825,-0.10938,-0.113259,-0.105652,-0.10938,-0.113259,-0.105652,True,0.0,probe_motion_cos/probe_motion_cos_paired.json
POC-2B,mcos,higher,raw,surgical_intervene_wiseft_f70_encoder,surgical_noDI_head,OURS,OURS,1825,-0.116533,-0.120685,-0.112517,-0.116533,-0.120685,-0.112517,True,0.0,probe_motion_cos/probe_motion_cos_paired.json
POC-2B,mcos,higher,raw,surgical_intervene_wiseft_f70_encoder,frozen,OURS,REF,1825,0.011071,0.01056,0.011609,0.011071,0.01056,0.011609,True,0.0,probe_motion_cos/probe_motion_cos_paired.json
POC-2B,mcos,higher,raw,surgical_noDI_encoder,surgical_noDI_head,OURS,OURS,1825,-0.007153,-0.007904,-0.006381,-0.007153,-0.007904,-0.006381,True,0.0,probe_motion_cos/probe_motion_cos_paired.json
POC-2B,mcos,higher,raw,surgical_noDI_encoder,frozen,OURS,REF,1825,0.120451,0.116435,0.124571,0.120451,0.116435,0.124571,True,0.0,probe_motion_cos/probe_motion_cos_paired.json
POC-2B,mcos,higher,raw,surgical_noDI_head,frozen,OURS,REF,1825,0.127604,0.12335,0.132067,0.127604,0.12335,0.132067,True,0.0,probe_motion_cos/probe_motion_cos_paired.json
POC-2B,fut,lower,raw,frozen,pretrain_encoder,REF,COMP,1825,0.024359,0.023472,0.025275,-0.024359,-0.023472,-0.025275,True,0.0,probe_future_mse/probe_future_mse_per_variant.json
POC-2B,fut,lower,raw,frozen,surgical_3stage_DI_encoder,REF,OURS,1825,0.05979,0.059024,0.060551,-0.05979,-0.059024,-0.060551,True,0.0,probe_future_mse/probe_future_mse_per_variant.json
POC-2B,fut,lower,raw,frozen,surgical_3stage_DI_replay25_encoder,REF,OURS,1825,0.059864,0.059124,0.060619,-0.059864,-0.059124,-0.060619,True,0.0,probe_future_mse/probe_future_mse_per_variant.json
POC-2B,fut,lower,raw,frozen,surgical_3stage_DI_diheavy_encoder,REF,OURS,1825,0.061422,0.060651,0.062178,-0.061422,-0.060651,-0.062178,True,0.0,probe_future_mse/probe_future_mse_per_variant.json
POC-2B,fut,lower,raw,frozen,surgical_3stage_DI_tccaux_encoder,REF,OURS,1825,0.061801,0.061033,0.062564,-0.061801,-0.061033,-0.062564,True,0.0,probe_future_mse/probe_future_mse_per_variant.json
POC-2B,fut,lower,raw,frozen,surgical_3stage_DI_intervene_encoder,REF,OURS,1825,0.061827,0.061072,0.062553,-0.061827,-0.061072,-0.062553,True,0.0,probe_future_mse/probe_future_mse_per_variant.json
POC-2B,fut,lower,raw,frozen,surgical_intervene_wiseft_f30_encoder,REF,OURS,1825,0.049527,0.048842,0.050217,-0.049527,-0.048842,-0.050217,True,0.0,probe_future_mse/probe_future_mse_per_variant.json
POC-2B,fut,lower,raw,frozen,surgical_intervene_wiseft_f50_encoder,REF,OURS,1825,0.037965,0.037305,0.038648,-0.037965,-0.037305,-0.038648,True,0.0,probe_future_mse/probe_future_mse_per_variant.json
POC-2B,fut,lower,raw,frozen,surgical_intervene_wiseft_f70_encoder,REF,OURS,1825,0.024681,0.024065,0.02532,-0.024681,-0.024065,-0.02532,True,0.0,probe_future_mse/probe_future_mse_per_variant.json
POC-2B,fut,lower,raw,frozen,surgical_noDI_encoder,REF,OURS,1825,0.058967,0.058233,0.059719,-0.058967,-0.058233,-0.059719,True,0.0,probe_future_mse/probe_future_mse_per_variant.json
POC-2B,fut,lower,raw,frozen,surgical_autorgn_encoder,REF,COMP,1825,0.031835,0.030926,0.032739,-0.031835,-0.030926,-0.032739,True,0.0,probe_future_mse/probe_future_mse_per_variant.json
POC-2B,fut,lower,raw,frozen,surgery_raw_encoder,REF,OURS,1825,0.060733,0.059947,0.061495,-0.060733,-0.059947,-0.061495,True,0.0,probe_future_mse/probe_future_mse_per_variant.json
POC-2B,fut,lower,raw,frozen,full_ft_encoder,REF,COMP,1825,0.016211,0.015217,0.017181,-0.016211,-0.015217,-0.017181,True,0.0,probe_future_mse/probe_future_mse_per_variant.json
POC-2B,fut,lower,raw,frozen,lpft_encoder,REF,COMP,1825,0.021192,0.020239,0.02213,-0.021192,-0.020239,-0.02213,True,0.0,probe_future_mse/probe_future_mse_per_variant.json
POC-2B,fut,lower,raw,frozen,peft_lora_encoder,REF,COMP,1825,0.053325,0.052499,0.054141,-0.053325,-0.052499,-0.054141,True,0.0,probe_future_mse/probe_future_mse_per_variant.json
POC-2B,fut,lower,raw,frozen,peft_dora_encoder,REF,COMP,1825,0.043355,0.042442,0.044257,-0.043355,-0.042442,-0.044257,True,0.0,probe_future_mse/probe_future_mse_per_variant.json
POC-2B,fut,lower,raw,frozen,surgical_3stage_DI_head,REF,OURS,1825,0.024257,0.023365,0.025152,-0.024257,-0.023365,-0.025152,True,0.0,probe_future_mse/probe_future_mse_per_variant.json
POC-2B,fut,lower,raw,frozen,surgical_noDI_head,REF,OURS,1825,0.024314,0.023429,0.025196,-0.024314,-0.023429,-0.025196,True,0.0,probe_future_mse/probe_future_mse_per_variant.json
POC-2B,fut,lower,raw,frozen,frozen,REF,REF,1825,-0.079512,-0.080337,-0.078645,0.079512,0.080337,0.078645,True,0.0,probe_future_mse/probe_future_mse_per_variant.json
POC-2B,fut,lower,raw,pretrain_encoder,surgical_3stage_DI_encoder,COMP,OURS,1825,0.03543,0.034548,0.036347,-0.03543,-0.034548,-0.036347,True,0.0,probe_future_mse/probe_future_mse_per_variant.json
POC-2B,fut,lower,raw,pretrain_encoder,surgical_3stage_DI_replay25_encoder,COMP,OURS,1825,0.035505,0.034637,0.036424,-0.035505,-0.034637,-0.036424,True,0.0,probe_future_mse/probe_future_mse_per_variant.json
POC-2B,fut,lower,raw,pretrain_encoder,surgical_3stage_DI_diheavy_encoder,COMP,OURS,1825,0.037063,0.036122,0.038014,-0.037063,-0.036122,-0.038014,True,0.0,probe_future_mse/probe_future_mse_per_variant.json
POC-2B,fut,lower,raw,pretrain_encoder,surgical_3stage_DI_tccaux_encoder,COMP,OURS,1825,0.037442,0.036569,0.03837,-0.037442,-0.036569,-0.03837,True,0.0,probe_future_mse/probe_future_mse_per_variant.json
POC-2B,fut,lower,raw,pretrain_encoder,surgical_3stage_DI_intervene_encoder,COMP,OURS,1825,0.037468,0.03656,0.038402,-0.037468,-0.03656,-0.038402,True,0.0,probe_future_mse/probe_future_mse_per_variant.json
POC-2B,fut,lower,raw,pretrain_encoder,surgical_intervene_wiseft_f30_encoder,COMP,OURS,1825,0.025167,0.024272,0.026084,-0.025167,-0.024272,-0.026084,True,0.0,probe_future_mse/probe_future_mse_per_variant.json
POC-2B,fut,lower,raw,pretrain_encoder,surgical_intervene_wiseft_f50_encoder,COMP,OURS,1825,0.013605,0.012718,0.014481,-0.013605,-0.012718,-0.014481,True,0.0,probe_future_mse/probe_future_mse_per_variant.json
POC-2B,fut,lower,raw,pretrain_encoder,surgical_intervene_wiseft_f70_encoder,COMP,OURS,1825,0.000321,-0.000573,0.001233,-0.000321,0.000573,-0.001233,True,0.4836,probe_future_mse/probe_future_mse_per_variant.json
POC-2B,fut,lower,raw,pretrain_encoder,surgical_noDI_encoder,COMP,OURS,1825,0.034607,0.033713,0.035505,-0.034607,-0.033713,-0.035505,True,0.0,probe_future_mse/probe_future_mse_per_variant.json
POC-2B,fut,lower,raw,pretrain_encoder,surgical_autorgn_encoder,COMP,COMP,1825,0.007476,0.006547,0.008418,-0.007476,-0.006547,-0.008418,True,0.0,probe_future_mse/probe_future_mse_per_variant.json
POC-2B,fut,lower,raw,pretrain_encoder,surgery_raw_encoder,COMP,OURS,1825,0.036373,0.035452,0.037287,-0.036373,-0.035452,-0.037287,True,0.0,probe_future_mse/probe_future_mse_per_variant.json
POC-2B,fut,lower,raw,pretrain_encoder,full_ft_encoder,COMP,COMP,1825,-0.008148,-0.009081,-0.007199,0.008148,0.009081,0.007199,True,0.0,probe_future_mse/probe_future_mse_per_variant.json
POC-2B,fut,lower,raw,pretrain_encoder,lpft_encoder,COMP,COMP,1825,-0.003167,-0.003983,-0.002346,0.003167,0.003983,0.002346,True,0.0,probe_future_mse/probe_future_mse_per_variant.json
POC-2B,fut,lower,raw,pretrain_encoder,peft_lora_encoder,COMP,COMP,1825,0.028965,0.028074,0.029884,-0.028965,-0.028074,-0.029884,True,0.0,probe_future_mse/probe_future_mse_per_variant.json
POC-2B,fut,lower,raw,pretrain_encoder,peft_dora_encoder,COMP,COMP,1825,0.018996,0.018105,0.019931,-0.018996,-0.018105,-0.019931,True,0.0,probe_future_mse/probe_future_mse_per_variant.json
POC-2B,fut,lower,raw,pretrain_encoder,surgical_3stage_DI_head,COMP,OURS,1825,-0.000102,-0.00069,0.000466,0.000102,0.00069,-0.000466,True,0.707,probe_future_mse/probe_future_mse_per_variant.json
POC-2B,fut,lower,raw,pretrain_encoder,surgical_noDI_head,COMP,OURS,1825,-4.5e-05,-0.000616,0.000533,4.5e-05,0.000616,-0.000533,True,0.8608,probe_future_mse/probe_future_mse_per_variant.json
POC-2B,fut,lower,raw,pretrain_encoder,frozen,COMP,REF,1825,-0.103871,-0.104989,-0.102696,0.103871,0.104989,0.102696,True,0.0,probe_future_mse/probe_future_mse_per_variant.json
POC-2B,fut,lower,raw,surgical_3stage_DI_encoder,surgical_3stage_DI_replay25_encoder,OURS,OURS,1825,7.4e-05,-0.000587,0.00074,-7.4e-05,0.000587,-0.00074,True,0.8396,probe_future_mse/probe_future_mse_per_variant.json
POC-2B,fut,lower,raw,surgical_3stage_DI_encoder,surgical_3stage_DI_diheavy_encoder,OURS,OURS,1825,0.001632,0.000932,0.002343,-0.001632,-0.000932,-0.002343,True,0.0,probe_future_mse/probe_future_mse_per_variant.json
POC-2B,fut,lower,raw,surgical_3stage_DI_encoder,surgical_3stage_DI_tccaux_encoder,OURS,OURS,1825,0.002011,0.001321,0.002709,-0.002011,-0.001321,-0.002709,True,0.0,probe_future_mse/probe_future_mse_per_variant.json
POC-2B,fut,lower,raw,surgical_3stage_DI_encoder,surgical_3stage_DI_intervene_encoder,OURS,OURS,1825,0.002037,0.001374,0.002706,-0.002037,-0.001374,-0.002706,True,0.0,probe_future_mse/probe_future_mse_per_variant.json
POC-2B,fut,lower,raw,surgical_3stage_DI_encoder,surgical_intervene_wiseft_f30_encoder,OURS,OURS,1825,-0.010263,-0.010964,-0.009578,0.010263,0.010964,0.009578,True,0.0,probe_future_mse/probe_future_mse_per_variant.json
POC-2B,fut,lower,raw,surgical_3stage_DI_encoder,surgical_intervene_wiseft_f50_encoder,OURS,OURS,1825,-0.021825,-0.022528,-0.021127,0.021825,0.022528,0.021127,True,0.0,probe_future_mse/probe_future_mse_per_variant.json
POC-2B,fut,lower,raw,surgical_3stage_DI_encoder,surgical_intervene_wiseft_f70_encoder,OURS,OURS,1825,-0.035109,-0.03585,-0.034355,0.035109,0.03585,0.034355,True,0.0,probe_future_mse/probe_future_mse_per_variant.json
POC-2B,fut,lower,raw,surgical_3stage_DI_encoder,surgical_noDI_encoder,OURS,OURS,1825,-0.000823,-0.001489,-0.000132,0.000823,0.001489,0.000132,True,0.016,probe_future_mse/probe_future_mse_per_variant.json
POC-2B,fut,lower,raw,surgical_3stage_DI_encoder,surgical_autorgn_encoder,OURS,COMP,1825,-0.027955,-0.028781,-0.027124,0.027955,0.028781,0.027124,True,0.0,probe_future_mse/probe_future_mse_per_variant.json
POC-2B,fut,lower,raw,surgical_3stage_DI_encoder,surgery_raw_encoder,OURS,OURS,1825,0.000943,0.000239,0.001636,-0.000943,-0.000239,-0.001636,True,0.0066,probe_future_mse/probe_future_mse_per_variant.json
POC-2B,fut,lower,raw,surgical_3stage_DI_encoder,full_ft_encoder,OURS,COMP,1825,-0.043579,-0.044472,-0.04266,0.043579,0.044472,0.04266,True,0.0,probe_future_mse/probe_future_mse_per_variant.json
POC-2B,fut,lower,raw,surgical_3stage_DI_encoder,lpft_encoder,OURS,COMP,1825,-0.038598,-0.039471,-0.037709,0.038598,0.039471,0.037709,True,0.0,probe_future_mse/probe_future_mse_per_variant.json
POC-2B,fut,lower,raw,surgical_3stage_DI_encoder,peft_lora_encoder,OURS,COMP,1825,-0.006465,-0.007237,-0.005703,0.006465,0.007237,0.005703,True,0.0,probe_future_mse/probe_future_mse_per_variant.json
POC-2B,fut,lower,raw,surgical_3stage_DI_encoder,peft_dora_encoder,OURS,COMP,1825,-0.016434,-0.017309,-0.015582,0.016434,0.017309,0.015582,True,0.0,probe_future_mse/probe_future_mse_per_variant.json
POC-2B,fut,lower,raw,surgical_3stage_DI_encoder,surgical_3stage_DI_head,OURS,OURS,1825,-0.035533,-0.036403,-0.034678,0.035533,0.036403,0.034678,True,0.0,probe_future_mse/probe_future_mse_per_variant.json
POC-2B,fut,lower,raw,surgical_3stage_DI_encoder,surgical_noDI_head,OURS,OURS,1825,-0.035476,-0.03637,-0.034606,0.035476,0.03637,0.034606,True,0.0,probe_future_mse/probe_future_mse_per_variant.json
POC-2B,fut,lower,raw,surgical_3stage_DI_encoder,frozen,OURS,REF,1825,-0.139302,-0.140175,-0.138419,0.139302,0.140175,0.138419,True,0.0,probe_future_mse/probe_future_mse_per_variant.json
POC-2B,fut,lower,raw,surgical_3stage_DI_replay25_encoder,surgical_3stage_DI_diheavy_encoder,OURS,OURS,1825,0.001558,0.000873,0.002246,-0.001558,-0.000873,-0.002246,True,0.0,probe_future_mse/probe_future_mse_per_variant.json
POC-2B,fut,lower,raw,surgical_3stage_DI_replay25_encoder,surgical_3stage_DI_tccaux_encoder,OURS,OURS,1825,0.001937,0.001242,0.002644,-0.001937,-0.001242,-0.002644,True,0.0,probe_future_mse/probe_future_mse_per_variant.json
POC-2B,fut,lower,raw,surgical_3stage_DI_replay25_encoder,surgical_3stage_DI_intervene_encoder,OURS,OURS,1825,0.001963,0.001278,0.002669,-0.001963,-0.001278,-0.002669,True,0.0,probe_future_mse/probe_future_mse_per_variant.json
POC-2B,fut,lower,raw,surgical_3stage_DI_replay25_encoder,surgical_intervene_wiseft_f30_encoder,OURS,OURS,1825,-0.010338,-0.011013,-0.009633,0.010338,0.011013,0.009633,True,0.0,probe_future_mse/probe_future_mse_per_variant.json
POC-2B,fut,lower,raw,surgical_3stage_DI_replay25_encoder,surgical_intervene_wiseft_f50_encoder,OURS,OURS,1825,-0.0219,-0.022574,-0.021162,0.0219,0.022574,0.021162,True,0.0,probe_future_mse/probe_future_mse_per_variant.json
POC-2B,fut,lower,raw,surgical_3stage_DI_replay25_encoder,surgical_intervene_wiseft_f70_encoder,OURS,OURS,1825,-0.035183,-0.035898,-0.034452,0.035183,0.035898,0.034452,True,0.0,probe_future_mse/probe_future_mse_per_variant.json
POC-2B,fut,lower,raw,surgical_3stage_DI_replay25_encoder,surgical_noDI_encoder,OURS,OURS,1825,-0.000898,-0.001572,-0.000179,0.000898,0.001572,0.000179,True,0.011,probe_future_mse/probe_future_mse_per_variant.json
POC-2B,fut,lower,raw,surgical_3stage_DI_replay25_encoder,surgical_autorgn_encoder,OURS,COMP,1825,-0.028029,-0.028862,-0.027168,0.028029,0.028862,0.027168,True,0.0,probe_future_mse/probe_future_mse_per_variant.json
POC-2B,fut,lower,raw,surgical_3stage_DI_replay25_encoder,surgery_raw_encoder,OURS,OURS,1825,0.000868,0.000161,0.001586,-0.000868,-0.000161,-0.001586,True,0.0164,probe_future_mse/probe_future_mse_per_variant.json
POC-2B,fut,lower,raw,surgical_3stage_DI_replay25_encoder,full_ft_encoder,OURS,COMP,1825,-0.043653,-0.044577,-0.042695,0.043653,0.044577,0.042695,True,0.0,probe_future_mse/probe_future_mse_per_variant.json
POC-2B,fut,lower,raw,surgical_3stage_DI_replay25_encoder,lpft_encoder,OURS,COMP,1825,-0.038672,-0.039579,-0.037776,0.038672,0.039579,0.037776,True,0.0,probe_future_mse/probe_future_mse_per_variant.json
POC-2B,fut,lower,raw,surgical_3stage_DI_replay25_encoder,peft_lora_encoder,OURS,COMP,1825,-0.006539,-0.007289,-0.005731,0.006539,0.007289,0.005731,True,0.0,probe_future_mse/probe_future_mse_per_variant.json
POC-2B,fut,lower,raw,surgical_3stage_DI_replay25_encoder,peft_dora_encoder,OURS,COMP,1825,-0.016509,-0.017375,-0.015611,0.016509,0.017375,0.015611,True,0.0,probe_future_mse/probe_future_mse_per_variant.json
POC-2B,fut,lower,raw,surgical_3stage_DI_replay25_encoder,surgical_3stage_DI_head,OURS,OURS,1825,-0.035607,-0.036496,-0.034724,0.035607,0.036496,0.034724,True,0.0,probe_future_mse/probe_future_mse_per_variant.json
POC-2B,fut,lower,raw,surgical_3stage_DI_replay25_encoder,surgical_noDI_head,OURS,OURS,1825,-0.03555,-0.036425,-0.034675,0.03555,0.036425,0.034675,True,0.0,probe_future_mse/probe_future_mse_per_variant.json
POC-2B,fut,lower,raw,surgical_3stage_DI_replay25_encoder,frozen,OURS,REF,1825,-0.139376,-0.14025,-0.138461,0.139376,0.14025,0.138461,True,0.0,probe_future_mse/probe_future_mse_per_variant.json
POC-2B,fut,lower,raw,surgical_3stage_DI_diheavy_encoder,surgical_3stage_DI_tccaux_encoder,OURS,OURS,1825,0.000379,-0.000297,0.001061,-0.000379,0.000297,-0.001061,True,0.2788,probe_future_mse/probe_future_mse_per_variant.json
POC-2B,fut,lower,raw,surgical_3stage_DI_diheavy_encoder,surgical_3stage_DI_intervene_encoder,OURS,OURS,1825,0.000405,-0.000298,0.001108,-0.000405,0.000298,-0.001108,True,0.264,probe_future_mse/probe_future_mse_per_variant.json
POC-2B,fut,lower,raw,surgical_3stage_DI_diheavy_encoder,surgical_intervene_wiseft_f30_encoder,OURS,OURS,1825,-0.011895,-0.012595,-0.011168,0.011895,0.012595,0.011168,True,0.0,probe_future_mse/probe_future_mse_per_variant.json
POC-2B,fut,lower,raw,surgical_3stage_DI_diheavy_encoder,surgical_intervene_wiseft_f50_encoder,OURS,OURS,1825,-0.023457,-0.024159,-0.022739,0.023457,0.024159,0.022739,True,0.0,probe_future_mse/probe_future_mse_per_variant.json
POC-2B,fut,lower,raw,surgical_3stage_DI_diheavy_encoder,surgical_intervene_wiseft_f70_encoder,OURS,OURS,1825,-0.036741,-0.037483,-0.036013,0.036741,0.037483,0.036013,True,0.0,probe_future_mse/probe_future_mse_per_variant.json
POC-2B,fut,lower,raw,surgical_3stage_DI_diheavy_encoder,surgical_noDI_encoder,OURS,OURS,1825,-0.002455,-0.003148,-0.001758,0.002455,0.003148,0.001758,True,0.0,probe_future_mse/probe_future_mse_per_variant.json
POC-2B,fut,lower,raw,surgical_3stage_DI_diheavy_encoder,surgical_autorgn_encoder,OURS,COMP,1825,-0.029587,-0.03046,-0.028724,0.029587,0.03046,0.028724,True,0.0,probe_future_mse/probe_future_mse_per_variant.json
POC-2B,fut,lower,raw,surgical_3stage_DI_diheavy_encoder,surgery_raw_encoder,OURS,OURS,1825,-0.000689,-0.001393,2.5e-05,0.000689,0.001393,-2.5e-05,True,0.0586,probe_future_mse/probe_future_mse_per_variant.json
POC-2B,fut,lower,raw,surgical_3stage_DI_diheavy_encoder,full_ft_encoder,OURS,COMP,1825,-0.045211,-0.046158,-0.044287,0.045211,0.046158,0.044287,True,0.0,probe_future_mse/probe_future_mse_per_variant.json
POC-2B,fut,lower,raw,surgical_3stage_DI_diheavy_encoder,lpft_encoder,OURS,COMP,1825,-0.04023,-0.041167,-0.039308,0.04023,0.041167,0.039308,True,0.0,probe_future_mse/probe_future_mse_per_variant.json
POC-2B,fut,lower,raw,surgical_3stage_DI_diheavy_encoder,peft_lora_encoder,OURS,COMP,1825,-0.008097,-0.008897,-0.007291,0.008097,0.008897,0.007291,True,0.0,probe_future_mse/probe_future_mse_per_variant.json
POC-2B,fut,lower,raw,surgical_3stage_DI_diheavy_encoder,peft_dora_encoder,OURS,COMP,1825,-0.018067,-0.018973,-0.017184,0.018067,0.018973,0.017184,True,0.0,probe_future_mse/probe_future_mse_per_variant.json
POC-2B,fut,lower,raw,surgical_3stage_DI_diheavy_encoder,surgical_3stage_DI_head,OURS,OURS,1825,-0.037165,-0.038093,-0.036257,0.037165,0.038093,0.036257,True,0.0,probe_future_mse/probe_future_mse_per_variant.json
POC-2B,fut,lower,raw,surgical_3stage_DI_diheavy_encoder,surgical_noDI_head,OURS,OURS,1825,-0.037108,-0.038,-0.036177,0.037108,0.038,0.036177,True,0.0,probe_future_mse/probe_future_mse_per_variant.json
POC-2B,fut,lower,raw,surgical_3stage_DI_diheavy_encoder,frozen,OURS,REF,1825,-0.140934,-0.141802,-0.140036,0.140934,0.141802,0.140036,True,0.0,probe_future_mse/probe_future_mse_per_variant.json
POC-2B,fut,lower,raw,surgical_3stage_DI_tccaux_encoder,surgical_3stage_DI_intervene_encoder,OURS,OURS,1825,2.6e-05,-0.000668,0.000728,-2.6e-05,0.000668,-0.000728,True,0.951,probe_future_mse/probe_future_mse_per_variant.json
POC-2B,fut,lower,raw,surgical_3stage_DI_tccaux_encoder,surgical_intervene_wiseft_f30_encoder,OURS,OURS,1825,-0.012274,-0.012943,-0.011563,0.012274,0.012943,0.011563,True,0.0,probe_future_mse/probe_future_mse_per_variant.json
POC-2B,fut,lower,raw,surgical_3stage_DI_tccaux_encoder,surgical_intervene_wiseft_f50_encoder,OURS,OURS,1825,-0.023836,-0.024512,-0.023104,0.023836,0.024512,0.023104,True,0.0,probe_future_mse/probe_future_mse_per_variant.json
POC-2B,fut,lower,raw,surgical_3stage_DI_tccaux_encoder,surgical_intervene_wiseft_f70_encoder,OURS,OURS,1825,-0.03712,-0.037827,-0.036379,0.03712,0.037827,0.036379,True,0.0,probe_future_mse/probe_future_mse_per_variant.json
POC-2B,fut,lower,raw,surgical_3stage_DI_tccaux_encoder,surgical_noDI_encoder,OURS,OURS,1825,-0.002834,-0.003537,-0.00215,0.002834,0.003537,0.00215,True,0.0,probe_future_mse/probe_future_mse_per_variant.json
POC-2B,fut,lower,raw,surgical_3stage_DI_tccaux_encoder,surgical_autorgn_encoder,OURS,COMP,1825,-0.029966,-0.030855,-0.029099,0.029966,0.030855,0.029099,True,0.0,probe_future_mse/probe_future_mse_per_variant.json
POC-2B,fut,lower,raw,surgical_3stage_DI_tccaux_encoder,surgery_raw_encoder,OURS,OURS,1825,-0.001068,-0.001781,-0.000347,0.001068,0.001781,0.000347,True,0.005,probe_future_mse/probe_future_mse_per_variant.json
POC-2B,fut,lower,raw,surgical_3stage_DI_tccaux_encoder,full_ft_encoder,OURS,COMP,1825,-0.04559,-0.046558,-0.044638,0.04559,0.046558,0.044638,True,0.0,probe_future_mse/probe_future_mse_per_variant.json
POC-2B,fut,lower,raw,surgical_3stage_DI_tccaux_encoder,lpft_encoder,OURS,COMP,1825,-0.040609,-0.041528,-0.039691,0.040609,0.041528,0.039691,True,0.0,probe_future_mse/probe_future_mse_per_variant.json
POC-2B,fut,lower,raw,surgical_3stage_DI_tccaux_encoder,peft_lora_encoder,OURS,COMP,1825,-0.008476,-0.009262,-0.007651,0.008476,0.009262,0.007651,True,0.0,probe_future_mse/probe_future_mse_per_variant.json
POC-2B,fut,lower,raw,surgical_3stage_DI_tccaux_encoder,peft_dora_encoder,OURS,COMP,1825,-0.018446,-0.019321,-0.017547,0.018446,0.019321,0.017547,True,0.0,probe_future_mse/probe_future_mse_per_variant.json
POC-2B,fut,lower,raw,surgical_3stage_DI_tccaux_encoder,surgical_3stage_DI_head,OURS,OURS,1825,-0.037544,-0.038442,-0.036657,0.037544,0.038442,0.036657,True,0.0,probe_future_mse/probe_future_mse_per_variant.json
POC-2B,fut,lower,raw,surgical_3stage_DI_tccaux_encoder,surgical_noDI_head,OURS,OURS,1825,-0.037487,-0.038376,-0.03659,0.037487,0.038376,0.03659,True,0.0,probe_future_mse/probe_future_mse_per_variant.json
POC-2B,fut,lower,raw,surgical_3stage_DI_tccaux_encoder,frozen,OURS,REF,1825,-0.141313,-0.142175,-0.140413,0.141313,0.142175,0.140413,True,0.0,probe_future_mse/probe_future_mse_per_variant.json
POC-2B,fut,lower,raw,surgical_3stage_DI_intervene_encoder,surgical_intervene_wiseft_f30_encoder,OURS,OURS,1825,-0.0123,-0.012977,-0.011591,0.0123,0.012977,0.011591,True,0.0,probe_future_mse/probe_future_mse_per_variant.json
POC-2B,fut,lower,raw,surgical_3stage_DI_intervene_encoder,surgical_intervene_wiseft_f50_encoder,OURS,OURS,1825,-0.023862,-0.024538,-0.023131,0.023862,0.024538,0.023131,True,0.0,probe_future_mse/probe_future_mse_per_variant.json
POC-2B,fut,lower,raw,surgical_3stage_DI_intervene_encoder,surgical_intervene_wiseft_f70_encoder,OURS,OURS,1825,-0.037146,-0.037889,-0.03642,0.037146,0.037889,0.03642,True,0.0,probe_future_mse/probe_future_mse_per_variant.json
POC-2B,fut,lower,raw,surgical_3stage_DI_intervene_encoder,surgical_noDI_encoder,OURS,OURS,1825,-0.00286,-0.003549,-0.002158,0.00286,0.003549,0.002158,True,0.0,probe_future_mse/probe_future_mse_per_variant.json
POC-2B,fut,lower,raw,surgical_3stage_DI_intervene_encoder,surgical_autorgn_encoder,OURS,COMP,1825,-0.029992,-0.030872,-0.029143,0.029992,0.030872,0.029143,True,0.0,probe_future_mse/probe_future_mse_per_variant.json
POC-2B,fut,lower,raw,surgical_3stage_DI_intervene_encoder,surgery_raw_encoder,OURS,OURS,1825,-0.001094,-0.001738,-0.000419,0.001094,0.001738,0.000419,True,0.002,probe_future_mse/probe_future_mse_per_variant.json
POC-2B,fut,lower,raw,surgical_3stage_DI_intervene_encoder,full_ft_encoder,OURS,COMP,1825,-0.045616,-0.046535,-0.044696,0.045616,0.046535,0.044696,True,0.0,probe_future_mse/probe_future_mse_per_variant.json
POC-2B,fut,lower,raw,surgical_3stage_DI_intervene_encoder,lpft_encoder,OURS,COMP,1825,-0.040635,-0.041555,-0.03975,0.040635,0.041555,0.03975,True,0.0,probe_future_mse/probe_future_mse_per_variant.json
POC-2B,fut,lower,raw,surgical_3stage_DI_intervene_encoder,peft_lora_encoder,OURS,COMP,1825,-0.008502,-0.009286,-0.007736,0.008502,0.009286,0.007736,True,0.0,probe_future_mse/probe_future_mse_per_variant.json
POC-2B,fut,lower,raw,surgical_3stage_DI_intervene_encoder,peft_dora_encoder,OURS,COMP,1825,-0.018472,-0.019332,-0.017623,0.018472,0.019332,0.017623,True,0.0,probe_future_mse/probe_future_mse_per_variant.json
POC-2B,fut,lower,raw,surgical_3stage_DI_intervene_encoder,surgical_3stage_DI_head,OURS,OURS,1825,-0.03757,-0.038501,-0.036705,0.03757,0.038501,0.036705,True,0.0,probe_future_mse/probe_future_mse_per_variant.json
POC-2B,fut,lower,raw,surgical_3stage_DI_intervene_encoder,surgical_noDI_head,OURS,OURS,1825,-0.037513,-0.038395,-0.03666,0.037513,0.038395,0.03666,True,0.0,probe_future_mse/probe_future_mse_per_variant.json
POC-2B,fut,lower,raw,surgical_3stage_DI_intervene_encoder,frozen,OURS,REF,1825,-0.141339,-0.142223,-0.140387,0.141339,0.142223,0.140387,True,0.0,probe_future_mse/probe_future_mse_per_variant.json
POC-2B,fut,lower,raw,surgical_intervene_wiseft_f30_encoder,surgical_intervene_wiseft_f50_encoder,OURS,OURS,1825,-0.011562,-0.012223,-0.010905,0.011562,0.012223,0.010905,True,0.0,probe_future_mse/probe_future_mse_per_variant.json
POC-2B,fut,lower,raw,surgical_intervene_wiseft_f30_encoder,surgical_intervene_wiseft_f70_encoder,OURS,OURS,1825,-0.024846,-0.025499,-0.0242,0.024846,0.025499,0.0242,True,0.0,probe_future_mse/probe_future_mse_per_variant.json
POC-2B,fut,lower,raw,surgical_intervene_wiseft_f30_encoder,surgical_noDI_encoder,OURS,OURS,1825,0.00944,0.008745,0.010087,-0.00944,-0.008745,-0.010087,True,0.0,probe_future_mse/probe_future_mse_per_variant.json
POC-2B,fut,lower,raw,surgical_intervene_wiseft_f30_encoder,surgical_autorgn_encoder,OURS,COMP,1825,-0.017692,-0.018556,-0.016876,0.017692,0.018556,0.016876,True,0.0,probe_future_mse/probe_future_mse_per_variant.json
POC-2B,fut,lower,raw,surgical_intervene_wiseft_f30_encoder,surgery_raw_encoder,OURS,OURS,1825,0.011206,0.010472,0.011916,-0.011206,-0.010472,-0.011916,True,0.0,probe_future_mse/probe_future_mse_per_variant.json
POC-2B,fut,lower,raw,surgical_intervene_wiseft_f30_encoder,full_ft_encoder,OURS,COMP,1825,-0.033316,-0.034271,-0.032414,0.033316,0.034271,0.032414,True,0.0,probe_future_mse/probe_future_mse_per_variant.json
POC-2B,fut,lower,raw,surgical_intervene_wiseft_f30_encoder,lpft_encoder,OURS,COMP,1825,-0.028335,-0.029269,-0.027431,0.028335,0.029269,0.027431,True,0.0,probe_future_mse/probe_future_mse_per_variant.json
POC-2B,fut,lower,raw,surgical_intervene_wiseft_f30_encoder,peft_lora_encoder,OURS,COMP,1825,0.003798,0.003021,0.004561,-0.003798,-0.003021,-0.004561,True,0.0,probe_future_mse/probe_future_mse_per_variant.json
POC-2B,fut,lower,raw,surgical_intervene_wiseft_f30_encoder,peft_dora_encoder,OURS,COMP,1825,-0.006171,-0.007065,-0.005337,0.006171,0.007065,0.005337,True,0.0,probe_future_mse/probe_future_mse_per_variant.json
POC-2B,fut,lower,raw,surgical_intervene_wiseft_f30_encoder,surgical_3stage_DI_head,OURS,OURS,1825,-0.02527,-0.026165,-0.024377,0.02527,0.026165,0.024377,True,0.0,probe_future_mse/probe_future_mse_per_variant.json
POC-2B,fut,lower,raw,surgical_intervene_wiseft_f30_encoder,surgical_noDI_head,OURS,OURS,1825,-0.025213,-0.02609,-0.024315,0.025213,0.02609,0.024315,True,0.0,probe_future_mse/probe_future_mse_per_variant.json
POC-2B,fut,lower,raw,surgical_intervene_wiseft_f30_encoder,frozen,OURS,REF,1825,-0.129039,-0.129867,-0.128169,0.129039,0.129867,0.128169,True,0.0,probe_future_mse/probe_future_mse_per_variant.json
POC-2B,fut,lower,raw,surgical_intervene_wiseft_f50_encoder,surgical_intervene_wiseft_f70_encoder,OURS,OURS,1825,-0.013284,-0.013949,-0.012633,0.013284,0.013949,0.012633,True,0.0,probe_future_mse/probe_future_mse_per_variant.json
POC-2B,fut,lower,raw,surgical_intervene_wiseft_f50_encoder,surgical_noDI_encoder,OURS,OURS,1825,0.021002,0.0203,0.021694,-0.021002,-0.0203,-0.021694,True,0.0,probe_future_mse/probe_future_mse_per_variant.json
POC-2B,fut,lower,raw,surgical_intervene_wiseft_f50_encoder,surgical_autorgn_encoder,OURS,COMP,1825,-0.00613,-0.006993,-0.005252,0.00613,0.006993,0.005252,True,0.0,probe_future_mse/probe_future_mse_per_variant.json
POC-2B,fut,lower,raw,surgical_intervene_wiseft_f50_encoder,surgery_raw_encoder,OURS,OURS,1825,0.022768,0.022053,0.023482,-0.022768,-0.022053,-0.023482,True,0.0,probe_future_mse/probe_future_mse_per_variant.json
POC-2B,fut,lower,raw,surgical_intervene_wiseft_f50_encoder,full_ft_encoder,OURS,COMP,1825,-0.021754,-0.022707,-0.020858,0.021754,0.022707,0.020858,True,0.0,probe_future_mse/probe_future_mse_per_variant.json
POC-2B,fut,lower,raw,surgical_intervene_wiseft_f50_encoder,lpft_encoder,OURS,COMP,1825,-0.016773,-0.017684,-0.015867,0.016773,0.017684,0.015867,True,0.0,probe_future_mse/probe_future_mse_per_variant.json
POC-2B,fut,lower,raw,surgical_intervene_wiseft_f50_encoder,peft_lora_encoder,OURS,COMP,1825,0.01536,0.014567,0.016151,-0.01536,-0.014567,-0.016151,True,0.0,probe_future_mse/probe_future_mse_per_variant.json
POC-2B,fut,lower,raw,surgical_intervene_wiseft_f50_encoder,peft_dora_encoder,OURS,COMP,1825,0.005391,0.004516,0.006285,-0.005391,-0.004516,-0.006285,True,0.0,probe_future_mse/probe_future_mse_per_variant.json
POC-2B,fut,lower,raw,surgical_intervene_wiseft_f50_encoder,surgical_3stage_DI_head,OURS,OURS,1825,-0.013708,-0.014586,-0.012834,0.013708,0.014586,0.012834,True,0.0,probe_future_mse/probe_future_mse_per_variant.json
POC-2B,fut,lower,raw,surgical_intervene_wiseft_f50_encoder,surgical_noDI_head,OURS,OURS,1825,-0.013651,-0.01451,-0.012776,0.013651,0.01451,0.012776,True,0.0,probe_future_mse/probe_future_mse_per_variant.json
POC-2B,fut,lower,raw,surgical_intervene_wiseft_f50_encoder,frozen,OURS,REF,1825,-0.117477,-0.118298,-0.116609,0.117477,0.118298,0.116609,True,0.0,probe_future_mse/probe_future_mse_per_variant.json
POC-2B,fut,lower,raw,surgical_intervene_wiseft_f70_encoder,surgical_noDI_encoder,OURS,OURS,1825,0.034286,0.033563,0.035014,-0.034286,-0.033563,-0.035014,True,0.0,probe_future_mse/probe_future_mse_per_variant.json
POC-2B,fut,lower,raw,surgical_intervene_wiseft_f70_encoder,surgical_autorgn_encoder,OURS,COMP,1825,0.007154,0.006214,0.008014,-0.007154,-0.006214,-0.008014,True,0.0,probe_future_mse/probe_future_mse_per_variant.json
POC-2B,fut,lower,raw,surgical_intervene_wiseft_f70_encoder,surgery_raw_encoder,OURS,OURS,1825,0.036052,0.035339,0.036804,-0.036052,-0.035339,-0.036804,True,0.0,probe_future_mse/probe_future_mse_per_variant.json
POC-2B,fut,lower,raw,surgical_intervene_wiseft_f70_encoder,full_ft_encoder,OURS,COMP,1825,-0.00847,-0.009437,-0.007529,0.00847,0.009437,0.007529,True,0.0,probe_future_mse/probe_future_mse_per_variant.json
POC-2B,fut,lower,raw,surgical_intervene_wiseft_f70_encoder,lpft_encoder,OURS,COMP,1825,-0.003489,-0.004447,-0.002593,0.003489,0.004447,0.002593,True,0.0,probe_future_mse/probe_future_mse_per_variant.json
POC-2B,fut,lower,raw,surgical_intervene_wiseft_f70_encoder,peft_lora_encoder,OURS,COMP,1825,0.028644,0.027816,0.02943,-0.028644,-0.027816,-0.02943,True,0.0,probe_future_mse/probe_future_mse_per_variant.json
POC-2B,fut,lower,raw,surgical_intervene_wiseft_f70_encoder,peft_dora_encoder,OURS,COMP,1825,0.018675,0.017761,0.019537,-0.018675,-0.017761,-0.019537,True,0.0,probe_future_mse/probe_future_mse_per_variant.json
POC-2B,fut,lower,raw,surgical_intervene_wiseft_f70_encoder,surgical_3stage_DI_head,OURS,OURS,1825,-0.000424,-0.001326,0.000451,0.000424,0.001326,-0.000451,True,0.3534,probe_future_mse/probe_future_mse_per_variant.json
POC-2B,fut,lower,raw,surgical_intervene_wiseft_f70_encoder,surgical_noDI_head,OURS,OURS,1825,-0.000367,-0.001269,0.000485,0.000367,0.001269,-0.000485,True,0.4156,probe_future_mse/probe_future_mse_per_variant.json
POC-2B,fut,lower,raw,surgical_intervene_wiseft_f70_encoder,frozen,OURS,REF,1825,-0.104193,-0.105026,-0.103349,0.104193,0.105026,0.103349,True,0.0,probe_future_mse/probe_future_mse_per_variant.json
POC-2B,fut,lower,raw,surgical_noDI_encoder,surgical_autorgn_encoder,OURS,COMP,1825,-0.027132,-0.027967,-0.026324,0.027132,0.027967,0.026324,True,0.0,probe_future_mse/probe_future_mse_per_variant.json
POC-2B,fut,lower,raw,surgical_noDI_encoder,surgery_raw_encoder,OURS,OURS,1825,0.001766,0.001076,0.002447,-0.001766,-0.001076,-0.002447,True,0.0,probe_future_mse/probe_future_mse_per_variant.json
POC-2B,fut,lower,raw,surgical_noDI_encoder,full_ft_encoder,OURS,COMP,1825,-0.042756,-0.043673,-0.041859,0.042756,0.043673,0.041859,True,0.0,probe_future_mse/probe_future_mse_per_variant.json
POC-2B,fut,lower,raw,surgical_noDI_encoder,lpft_encoder,OURS,COMP,1825,-0.037774,-0.038678,-0.036883,0.037774,0.038678,0.036883,True,0.0,probe_future_mse/probe_future_mse_per_variant.json
POC-2B,fut,lower,raw,surgical_noDI_encoder,peft_lora_encoder,OURS,COMP,1825,-0.005642,-0.006402,-0.004879,0.005642,0.006402,0.004879,True,0.0,probe_future_mse/probe_future_mse_per_variant.json
POC-2B,fut,lower,raw,surgical_noDI_encoder,peft_dora_encoder,OURS,COMP,1825,-0.015611,-0.016455,-0.014761,0.015611,0.016455,0.014761,True,0.0,probe_future_mse/probe_future_mse_per_variant.json
POC-2B,fut,lower,raw,surgical_noDI_encoder,surgical_3stage_DI_head,OURS,OURS,1825,-0.034709,-0.035597,-0.033809,0.034709,0.035597,0.033809,True,0.0,probe_future_mse/probe_future_mse_per_variant.json
POC-2B,fut,lower,raw,surgical_noDI_encoder,surgical_noDI_head,OURS,OURS,1825,-0.034652,-0.035547,-0.033758,0.034652,0.035547,0.033758,True,0.0,probe_future_mse/probe_future_mse_per_variant.json
POC-2B,fut,lower,raw,surgical_noDI_encoder,frozen,OURS,REF,1825,-0.138478,-0.139319,-0.137581,0.138478,0.139319,0.137581,True,0.0,probe_future_mse/probe_future_mse_per_variant.json
POC-2B,fut,lower,raw,surgical_autorgn_encoder,surgery_raw_encoder,COMP,OURS,1825,0.028898,0.02808,0.029749,-0.028898,-0.02808,-0.029749,True,0.0,probe_future_mse/probe_future_mse_per_variant.json
POC-2B,fut,lower,raw,surgical_autorgn_encoder,full_ft_encoder,COMP,COMP,1825,-0.015624,-0.016324,-0.014915,0.015624,0.016324,0.014915,True,0.0,probe_future_mse/probe_future_mse_per_variant.json
POC-2B,fut,lower,raw,surgical_autorgn_encoder,lpft_encoder,COMP,COMP,1825,-0.010643,-0.011313,-0.00997,0.010643,0.011313,0.00997,True,0.0,probe_future_mse/probe_future_mse_per_variant.json
POC-2B,fut,lower,raw,surgical_autorgn_encoder,peft_lora_encoder,COMP,COMP,1825,0.02149,0.020818,0.022206,-0.02149,-0.020818,-0.022206,True,0.0,probe_future_mse/probe_future_mse_per_variant.json
POC-2B,fut,lower,raw,surgical_autorgn_encoder,peft_dora_encoder,COMP,COMP,1825,0.01152,0.010842,0.012218,-0.01152,-0.010842,-0.012218,True,0.0,probe_future_mse/probe_future_mse_per_variant.json
POC-2B,fut,lower,raw,surgical_autorgn_encoder,surgical_3stage_DI_head,COMP,OURS,1825,-0.007578,-0.008461,-0.006652,0.007578,0.008461,0.006652,True,0.0,probe_future_mse/probe_future_mse_per_variant.json
POC-2B,fut,lower,raw,surgical_autorgn_encoder,surgical_noDI_head,COMP,OURS,1825,-0.007521,-0.008428,-0.006577,0.007521,0.008428,0.006577,True,0.0,probe_future_mse/probe_future_mse_per_variant.json
POC-2B,fut,lower,raw,surgical_autorgn_encoder,frozen,COMP,REF,1825,-0.111347,-0.112466,-0.110211,0.111347,0.112466,0.110211,True,0.0,probe_future_mse/probe_future_mse_per_variant.json
POC-2B,fut,lower,raw,surgery_raw_encoder,full_ft_encoder,OURS,COMP,1825,-0.044522,-0.045434,-0.043638,0.044522,0.045434,0.043638,True,0.0,probe_future_mse/probe_future_mse_per_variant.json
POC-2B,fut,lower,raw,surgery_raw_encoder,lpft_encoder,OURS,COMP,1825,-0.03954,-0.040407,-0.038621,0.03954,0.040407,0.038621,True,0.0,probe_future_mse/probe_future_mse_per_variant.json
POC-2B,fut,lower,raw,surgery_raw_encoder,peft_lora_encoder,OURS,COMP,1825,-0.007408,-0.008156,-0.006643,0.007408,0.008156,0.006643,True,0.0,probe_future_mse/probe_future_mse_per_variant.json
POC-2B,fut,lower,raw,surgery_raw_encoder,peft_dora_encoder,OURS,COMP,1825,-0.017377,-0.018218,-0.01654,0.017377,0.018218,0.01654,True,0.0,probe_future_mse/probe_future_mse_per_variant.json
POC-2B,fut,lower,raw,surgery_raw_encoder,surgical_3stage_DI_head,OURS,OURS,1825,-0.036475,-0.037363,-0.035563,0.036475,0.037363,0.035563,True,0.0,probe_future_mse/probe_future_mse_per_variant.json
POC-2B,fut,lower,raw,surgery_raw_encoder,surgical_noDI_head,OURS,OURS,1825,-0.036418,-0.037317,-0.035498,0.036418,0.037317,0.035498,True,0.0,probe_future_mse/probe_future_mse_per_variant.json
POC-2B,fut,lower,raw,surgery_raw_encoder,frozen,OURS,REF,1825,-0.140244,-0.141138,-0.139358,0.140244,0.141138,0.139358,True,0.0,probe_future_mse/probe_future_mse_per_variant.json
POC-2B,fut,lower,raw,full_ft_encoder,lpft_encoder,COMP,COMP,1825,0.004981,0.004273,0.005705,-0.004981,-0.004273,-0.005705,True,0.0,probe_future_mse/probe_future_mse_per_variant.json
POC-2B,fut,lower,raw,full_ft_encoder,peft_lora_encoder,COMP,COMP,1825,0.037114,0.036363,0.037892,-0.037114,-0.036363,-0.037892,True,0.0,probe_future_mse/probe_future_mse_per_variant.json
POC-2B,fut,lower,raw,full_ft_encoder,peft_dora_encoder,COMP,COMP,1825,0.027144,0.02639,0.02791,-0.027144,-0.02639,-0.02791,True,0.0,probe_future_mse/probe_future_mse_per_variant.json
POC-2B,fut,lower,raw,full_ft_encoder,surgical_3stage_DI_head,COMP,OURS,1825,0.008046,0.007116,0.008977,-0.008046,-0.007116,-0.008977,True,0.0,probe_future_mse/probe_future_mse_per_variant.json
POC-2B,fut,lower,raw,full_ft_encoder,surgical_noDI_head,COMP,OURS,1825,0.008103,0.007177,0.009023,-0.008103,-0.007177,-0.009023,True,0.0,probe_future_mse/probe_future_mse_per_variant.json
POC-2B,fut,lower,raw,full_ft_encoder,frozen,COMP,REF,1825,-0.095723,-0.096893,-0.094533,0.095723,0.096893,0.094533,True,0.0,probe_future_mse/probe_future_mse_per_variant.json
POC-2B,fut,lower,raw,lpft_encoder,peft_lora_encoder,COMP,COMP,1825,0.032133,0.031432,0.032865,-0.032133,-0.031432,-0.032865,True,0.0,probe_future_mse/probe_future_mse_per_variant.json
POC-2B,fut,lower,raw,lpft_encoder,peft_dora_encoder,COMP,COMP,1825,0.022163,0.021472,0.022875,-0.022163,-0.021472,-0.022875,True,0.0,probe_future_mse/probe_future_mse_per_variant.json
POC-2B,fut,lower,raw,lpft_encoder,surgical_3stage_DI_head,COMP,OURS,1825,0.003065,0.002273,0.003906,-0.003065,-0.002273,-0.003906,True,0.0,probe_future_mse/probe_future_mse_per_variant.json
POC-2B,fut,lower,raw,lpft_encoder,surgical_noDI_head,COMP,OURS,1825,0.003122,0.002323,0.003987,-0.003122,-0.002323,-0.003987,True,0.0,probe_future_mse/probe_future_mse_per_variant.json
POC-2B,fut,lower,raw,lpft_encoder,frozen,COMP,REF,1825,-0.100704,-0.10187,-0.099458,0.100704,0.10187,0.099458,True,0.0,probe_future_mse/probe_future_mse_per_variant.json
POC-2B,fut,lower,raw,peft_lora_encoder,peft_dora_encoder,COMP,COMP,1825,-0.009969,-0.010654,-0.009284,0.009969,0.010654,0.009284,True,0.0,probe_future_mse/probe_future_mse_per_variant.json
POC-2B,fut,lower,raw,peft_lora_encoder,surgical_3stage_DI_head,COMP,OURS,1825,-0.029068,-0.029959,-0.028165,0.029068,0.029959,0.028165,True,0.0,probe_future_mse/probe_future_mse_per_variant.json
POC-2B,fut,lower,raw,peft_lora_encoder,surgical_noDI_head,COMP,OURS,1825,-0.029011,-0.029912,-0.028119,0.029011,0.029912,0.028119,True,0.0,probe_future_mse/probe_future_mse_per_variant.json
POC-2B,fut,lower,raw,peft_lora_encoder,frozen,COMP,REF,1825,-0.132837,-0.133848,-0.131792,0.132837,0.133848,0.131792,True,0.0,probe_future_mse/probe_future_mse_per_variant.json
POC-2B,fut,lower,raw,peft_dora_encoder,surgical_3stage_DI_head,COMP,OURS,1825,-0.019098,-0.020019,-0.018216,0.019098,0.020019,0.018216,True,0.0,probe_future_mse/probe_future_mse_per_variant.json
POC-2B,fut,lower,raw,peft_dora_encoder,surgical_noDI_head,COMP,OURS,1825,-0.019041,-0.019939,-0.018146,0.019041,0.019939,0.018146,True,0.0,probe_future_mse/probe_future_mse_per_variant.json
POC-2B,fut,lower,raw,peft_dora_encoder,frozen,COMP,REF,1825,-0.122867,-0.123972,-0.121761,0.122867,0.123972,0.121761,True,0.0,probe_future_mse/probe_future_mse_per_variant.json
POC-2B,fut,lower,raw,surgical_3stage_DI_head,surgical_noDI_head,OURS,OURS,1825,5.7e-05,-0.000484,0.000595,-5.7e-05,0.000484,-0.000595,True,0.8426,probe_future_mse/probe_future_mse_per_variant.json
POC-2B,fut,lower,raw,surgical_3stage_DI_head,frozen,OURS,REF,1825,-0.103769,-0.104881,-0.102585,0.103769,0.104881,0.102585,True,0.0,probe_future_mse/probe_future_mse_per_variant.json
POC-2B,fut,lower,raw,surgical_noDI_head,frozen,OURS,REF,1825,-0.103826,-0.104953,-0.102673,0.103826,0.104953,0.102673,True,0.0,probe_future_mse/probe_future_mse_per_variant.json
POC-2B,rollout,lower,raw,frozen,full_ft_encoder,REF,COMP,1825,-0.001013,-0.001149,-0.000883,0.001013,0.001149,0.000883,True,0.0,predictor_temporal/predictor_temporal_per_variant.json::rollout
POC-2B,rollout,lower,raw,frozen,lpft_encoder,REF,COMP,1825,-0.000908,-0.001057,-0.000768,0.000908,0.001057,0.000768,True,0.0,predictor_temporal/predictor_temporal_per_variant.json::rollout
POC-2B,rollout,lower,raw,frozen,peft_dora_encoder,REF,COMP,1825,-0.002363,-0.00255,-0.002176,0.002363,0.00255,0.002176,True,0.0,predictor_temporal/predictor_temporal_per_variant.json::rollout
POC-2B,rollout,lower,raw,frozen,peft_lora_encoder,REF,COMP,1825,-0.00083,-0.000977,-0.00069,0.00083,0.000977,0.00069,True,0.0,predictor_temporal/predictor_temporal_per_variant.json::rollout
POC-2B,rollout,lower,raw,frozen,pretrain_encoder,REF,COMP,1825,0.000975,0.000879,0.00107,-0.000975,-0.000879,-0.00107,True,0.0,predictor_temporal/predictor_temporal_per_variant.json::rollout
POC-2B,rollout,lower,raw,frozen,surgery_raw_encoder,REF,OURS,1825,-0.001111,-0.001261,-0.00097,0.001111,0.001261,0.00097,True,0.0,predictor_temporal/predictor_temporal_per_variant.json::rollout
POC-2B,rollout,lower,raw,frozen,surgical_3stage_DI_diheavy_encoder,REF,OURS,1825,-0.002208,-0.002349,-0.002066,0.002208,0.002349,0.002066,True,0.0,predictor_temporal/predictor_temporal_per_variant.json::rollout
POC-2B,rollout,lower,raw,frozen,surgical_3stage_DI_encoder,REF,OURS,1825,-0.001028,-0.001153,-0.000906,0.001028,0.001153,0.000906,True,0.0,predictor_temporal/predictor_temporal_per_variant.json::rollout
POC-2B,rollout,lower,raw,frozen,surgical_3stage_DI_head,REF,OURS,1825,0.000975,0.000879,0.00107,-0.000975,-0.000879,-0.00107,True,0.0,predictor_temporal/predictor_temporal_per_variant.json::rollout
POC-2B,rollout,lower,raw,frozen,surgical_3stage_DI_intervene_encoder,REF,OURS,1825,-0.001328,-0.001458,-0.001199,0.001328,0.001458,0.001199,True,0.0,predictor_temporal/predictor_temporal_per_variant.json::rollout
POC-2B,rollout,lower,raw,frozen,surgical_3stage_DI_replay25_encoder,REF,OURS,1825,-0.001769,-0.001898,-0.001641,0.001769,0.001898,0.001641,True,0.0,predictor_temporal/predictor_temporal_per_variant.json::rollout
POC-2B,rollout,lower,raw,frozen,surgical_3stage_DI_tccaux_encoder,REF,OURS,1825,-0.003338,-0.003481,-0.003192,0.003338,0.003481,0.003192,True,0.0,predictor_temporal/predictor_temporal_per_variant.json::rollout
POC-2B,rollout,lower,raw,frozen,surgical_autorgn_encoder,REF,COMP,1825,-0.000687,-0.000833,-0.000543,0.000687,0.000833,0.000543,True,0.0,predictor_temporal/predictor_temporal_per_variant.json::rollout
POC-2B,rollout,lower,raw,frozen,surgical_intervene_wiseft_f30_encoder,REF,OURS,1825,-0.000402,-0.000495,-0.000314,0.000402,0.000495,0.000314,True,0.0,predictor_temporal/predictor_temporal_per_variant.json::rollout
POC-2B,rollout,lower,raw,frozen,surgical_intervene_wiseft_f50_encoder,REF,OURS,1825,-6.1e-05,-0.000131,8e-06,6.1e-05,0.000131,-8e-06,True,0.0872,predictor_temporal/predictor_temporal_per_variant.json::rollout
POC-2B,rollout,lower,raw,frozen,surgical_intervene_wiseft_f70_encoder,REF,OURS,1825,0.000301,0.000254,0.000348,-0.000301,-0.000254,-0.000348,True,0.0,predictor_temporal/predictor_temporal_per_variant.json::rollout
POC-2B,rollout,lower,raw,frozen,surgical_noDI_encoder,REF,OURS,1825,-0.003698,-0.003859,-0.003535,0.003698,0.003859,0.003535,True,0.0,predictor_temporal/predictor_temporal_per_variant.json::rollout
POC-2B,rollout,lower,raw,frozen,surgical_noDI_head,REF,OURS,1825,0.000975,0.000879,0.00107,-0.000975,-0.000879,-0.00107,True,0.0,predictor_temporal/predictor_temporal_per_variant.json::rollout
POC-2B,rollout,lower,raw,frozen,frozen,REF,REF,1825,0.001396,0.001307,0.001487,-0.001396,-0.001307,-0.001487,True,0.0,predictor_temporal/predictor_temporal_per_variant.json::rollout
POC-2B,rollout,lower,raw,full_ft_encoder,lpft_encoder,COMP,COMP,1825,0.000105,2e-06,0.000207,-0.000105,-2e-06,-0.000207,True,0.0428,predictor_temporal/predictor_temporal_per_variant.json::rollout
POC-2B,rollout,lower,raw,full_ft_encoder,peft_dora_encoder,COMP,COMP,1825,-0.00135,-0.001521,-0.001187,0.00135,0.001521,0.001187,True,0.0,predictor_temporal/predictor_temporal_per_variant.json::rollout
POC-2B,rollout,lower,raw,full_ft_encoder,peft_lora_encoder,COMP,COMP,1825,0.000183,8.6e-05,0.000279,-0.000183,-8.6e-05,-0.000279,True,0.0004,predictor_temporal/predictor_temporal_per_variant.json::rollout
POC-2B,rollout,lower,raw,full_ft_encoder,pretrain_encoder,COMP,COMP,1825,0.001989,0.001884,0.002092,-0.001989,-0.001884,-0.002092,True,0.0,predictor_temporal/predictor_temporal_per_variant.json::rollout
POC-2B,rollout,lower,raw,full_ft_encoder,surgery_raw_encoder,COMP,OURS,1825,-9.8e-05,-0.000234,3.3e-05,9.8e-05,0.000234,-3.3e-05,True,0.1358,predictor_temporal/predictor_temporal_per_variant.json::rollout
POC-2B,rollout,lower,raw,full_ft_encoder,surgical_3stage_DI_diheavy_encoder,COMP,OURS,1825,-0.001194,-0.001346,-0.001045,0.001194,0.001346,0.001045,True,0.0,predictor_temporal/predictor_temporal_per_variant.json::rollout
POC-2B,rollout,lower,raw,full_ft_encoder,surgical_3stage_DI_encoder,COMP,OURS,1825,-1.5e-05,-0.000133,9.7e-05,1.5e-05,0.000133,-9.7e-05,True,0.8098,predictor_temporal/predictor_temporal_per_variant.json::rollout
POC-2B,rollout,lower,raw,full_ft_encoder,surgical_3stage_DI_head,COMP,OURS,1825,0.001989,0.001884,0.002092,-0.001989,-0.001884,-0.002092,True,0.0,predictor_temporal/predictor_temporal_per_variant.json::rollout
POC-2B,rollout,lower,raw,full_ft_encoder,surgical_3stage_DI_intervene_encoder,COMP,OURS,1825,-0.000314,-0.000446,-0.000187,0.000314,0.000446,0.000187,True,0.0,predictor_temporal/predictor_temporal_per_variant.json::rollout
POC-2B,rollout,lower,raw,full_ft_encoder,surgical_3stage_DI_replay25_encoder,COMP,OURS,1825,-0.000756,-0.000884,-0.00063,0.000756,0.000884,0.00063,True,0.0,predictor_temporal/predictor_temporal_per_variant.json::rollout
POC-2B,rollout,lower,raw,full_ft_encoder,surgical_3stage_DI_tccaux_encoder,COMP,OURS,1825,-0.002324,-0.002478,-0.002174,0.002324,0.002478,0.002174,True,0.0,predictor_temporal/predictor_temporal_per_variant.json::rollout
POC-2B,rollout,lower,raw,full_ft_encoder,surgical_autorgn_encoder,COMP,COMP,1825,0.000326,0.000222,0.000428,-0.000326,-0.000222,-0.000428,True,0.0,predictor_temporal/predictor_temporal_per_variant.json::rollout
POC-2B,rollout,lower,raw,full_ft_encoder,surgical_intervene_wiseft_f30_encoder,COMP,OURS,1825,0.000611,0.000501,0.000721,-0.000611,-0.000501,-0.000721,True,0.0,predictor_temporal/predictor_temporal_per_variant.json::rollout
POC-2B,rollout,lower,raw,full_ft_encoder,surgical_intervene_wiseft_f50_encoder,COMP,OURS,1825,0.000953,0.00084,0.001065,-0.000953,-0.00084,-0.001065,True,0.0,predictor_temporal/predictor_temporal_per_variant.json::rollout
POC-2B,rollout,lower,raw,full_ft_encoder,surgical_intervene_wiseft_f70_encoder,COMP,OURS,1825,0.001314,0.001197,0.001431,-0.001314,-0.001197,-0.001431,True,0.0,predictor_temporal/predictor_temporal_per_variant.json::rollout
POC-2B,rollout,lower,raw,full_ft_encoder,surgical_noDI_encoder,COMP,OURS,1825,-0.002685,-0.002859,-0.002516,0.002685,0.002859,0.002516,True,0.0,predictor_temporal/predictor_temporal_per_variant.json::rollout
POC-2B,rollout,lower,raw,full_ft_encoder,surgical_noDI_head,COMP,OURS,1825,0.001989,0.001884,0.002092,-0.001989,-0.001884,-0.002092,True,0.0,predictor_temporal/predictor_temporal_per_variant.json::rollout
POC-2B,rollout,lower,raw,full_ft_encoder,frozen,COMP,REF,1825,0.002409,0.00225,0.002571,-0.002409,-0.00225,-0.002571,True,0.0,predictor_temporal/predictor_temporal_per_variant.json::rollout
POC-2B,rollout,lower,raw,lpft_encoder,peft_dora_encoder,COMP,COMP,1825,-0.001455,-0.001552,-0.001359,0.001455,0.001552,0.001359,True,0.0,predictor_temporal/predictor_temporal_per_variant.json::rollout
POC-2B,rollout,lower,raw,lpft_encoder,peft_lora_encoder,COMP,COMP,1825,7.8e-05,-1.3e-05,0.000171,-7.8e-05,1.3e-05,-0.000171,True,0.094,predictor_temporal/predictor_temporal_per_variant.json::rollout
POC-2B,rollout,lower,raw,lpft_encoder,pretrain_encoder,COMP,COMP,1825,0.001884,0.001764,0.002004,-0.001884,-0.001764,-0.002004,True,0.0,predictor_temporal/predictor_temporal_per_variant.json::rollout
POC-2B,rollout,lower,raw,lpft_encoder,surgery_raw_encoder,COMP,OURS,1825,-0.000203,-0.000347,-5.8e-05,0.000203,0.000347,5.8e-05,True,0.0046,predictor_temporal/predictor_temporal_per_variant.json::rollout
POC-2B,rollout,lower,raw,lpft_encoder,surgical_3stage_DI_diheavy_encoder,COMP,OURS,1825,-0.001299,-0.001453,-0.001141,0.001299,0.001453,0.001141,True,0.0,predictor_temporal/predictor_temporal_per_variant.json::rollout
POC-2B,rollout,lower,raw,lpft_encoder,surgical_3stage_DI_encoder,COMP,OURS,1825,-0.00012,-0.000248,5e-06,0.00012,0.000248,-5e-06,True,0.0602,predictor_temporal/predictor_temporal_per_variant.json::rollout
POC-2B,rollout,lower,raw,lpft_encoder,surgical_3stage_DI_head,COMP,OURS,1825,0.001884,0.001764,0.002004,-0.001884,-0.001764,-0.002004,True,0.0,predictor_temporal/predictor_temporal_per_variant.json::rollout
POC-2B,rollout,lower,raw,lpft_encoder,surgical_3stage_DI_intervene_encoder,COMP,OURS,1825,-0.000419,-0.000539,-0.000297,0.000419,0.000539,0.000297,True,0.0,predictor_temporal/predictor_temporal_per_variant.json::rollout
POC-2B,rollout,lower,raw,lpft_encoder,surgical_3stage_DI_replay25_encoder,COMP,OURS,1825,-0.000861,-0.000988,-0.000733,0.000861,0.000988,0.000733,True,0.0,predictor_temporal/predictor_temporal_per_variant.json::rollout
POC-2B,rollout,lower,raw,lpft_encoder,surgical_3stage_DI_tccaux_encoder,COMP,OURS,1825,-0.002429,-0.002559,-0.002299,0.002429,0.002559,0.002299,True,0.0,predictor_temporal/predictor_temporal_per_variant.json::rollout
POC-2B,rollout,lower,raw,lpft_encoder,surgical_autorgn_encoder,COMP,COMP,1825,0.000221,0.000157,0.000288,-0.000221,-0.000157,-0.000288,True,0.0,predictor_temporal/predictor_temporal_per_variant.json::rollout
POC-2B,rollout,lower,raw,lpft_encoder,surgical_intervene_wiseft_f30_encoder,COMP,OURS,1825,0.000506,0.000386,0.000627,-0.000506,-0.000386,-0.000627,True,0.0,predictor_temporal/predictor_temporal_per_variant.json::rollout
POC-2B,rollout,lower,raw,lpft_encoder,surgical_intervene_wiseft_f50_encoder,COMP,OURS,1825,0.000848,0.000722,0.000975,-0.000848,-0.000722,-0.000975,True,0.0,predictor_temporal/predictor_temporal_per_variant.json::rollout
POC-2B,rollout,lower,raw,lpft_encoder,surgical_intervene_wiseft_f70_encoder,COMP,OURS,1825,0.001209,0.001079,0.001341,-0.001209,-0.001079,-0.001341,True,0.0,predictor_temporal/predictor_temporal_per_variant.json::rollout
POC-2B,rollout,lower,raw,lpft_encoder,surgical_noDI_encoder,COMP,OURS,1825,-0.00279,-0.002948,-0.00263,0.00279,0.002948,0.00263,True,0.0,predictor_temporal/predictor_temporal_per_variant.json::rollout
POC-2B,rollout,lower,raw,lpft_encoder,surgical_noDI_head,COMP,OURS,1825,0.001884,0.001764,0.002004,-0.001884,-0.001764,-0.002004,True,0.0,predictor_temporal/predictor_temporal_per_variant.json::rollout
POC-2B,rollout,lower,raw,lpft_encoder,frozen,COMP,REF,1825,0.002304,0.002132,0.002481,-0.002304,-0.002132,-0.002481,True,0.0,predictor_temporal/predictor_temporal_per_variant.json::rollout
POC-2B,rollout,lower,raw,peft_dora_encoder,peft_lora_encoder,COMP,COMP,1825,0.001533,0.00142,0.001652,-0.001533,-0.00142,-0.001652,True,0.0,predictor_temporal/predictor_temporal_per_variant.json::rollout
POC-2B,rollout,lower,raw,peft_dora_encoder,pretrain_encoder,COMP,COMP,1825,0.003339,0.003171,0.003509,-0.003339,-0.003171,-0.003509,True,0.0,predictor_temporal/predictor_temporal_per_variant.json::rollout
POC-2B,rollout,lower,raw,peft_dora_encoder,surgery_raw_encoder,COMP,OURS,1825,0.001252,0.001098,0.001414,-0.001252,-0.001098,-0.001414,True,0.0,predictor_temporal/predictor_temporal_per_variant.json::rollout
POC-2B,rollout,lower,raw,peft_dora_encoder,surgical_3stage_DI_diheavy_encoder,COMP,OURS,1825,0.000156,-1.1e-05,0.000324,-0.000156,1.1e-05,-0.000324,True,0.072,predictor_temporal/predictor_temporal_per_variant.json::rollout
POC-2B,rollout,lower,raw,peft_dora_encoder,surgical_3stage_DI_encoder,COMP,OURS,1825,0.001335,0.001179,0.001497,-0.001335,-0.001179,-0.001497,True,0.0,predictor_temporal/predictor_temporal_per_variant.json::rollout
POC-2B,rollout,lower,raw,peft_dora_encoder,surgical_3stage_DI_head,COMP,OURS,1825,0.003339,0.003171,0.003509,-0.003339,-0.003171,-0.003509,True,0.0,predictor_temporal/predictor_temporal_per_variant.json::rollout
POC-2B,rollout,lower,raw,peft_dora_encoder,surgical_3stage_DI_intervene_encoder,COMP,OURS,1825,0.001036,0.0009,0.001174,-0.001036,-0.0009,-0.001174,True,0.0,predictor_temporal/predictor_temporal_per_variant.json::rollout
POC-2B,rollout,lower,raw,peft_dora_encoder,surgical_3stage_DI_replay25_encoder,COMP,OURS,1825,0.000594,0.000441,0.000749,-0.000594,-0.000441,-0.000749,True,0.0,predictor_temporal/predictor_temporal_per_variant.json::rollout
POC-2B,rollout,lower,raw,peft_dora_encoder,surgical_3stage_DI_tccaux_encoder,COMP,OURS,1825,-0.000974,-0.001109,-0.000838,0.000974,0.001109,0.000838,True,0.0,predictor_temporal/predictor_temporal_per_variant.json::rollout
POC-2B,rollout,lower,raw,peft_dora_encoder,surgical_autorgn_encoder,COMP,COMP,1825,0.001676,0.001582,0.001775,-0.001676,-0.001582,-0.001775,True,0.0,predictor_temporal/predictor_temporal_per_variant.json::rollout
POC-2B,rollout,lower,raw,peft_dora_encoder,surgical_intervene_wiseft_f30_encoder,COMP,OURS,1825,0.001961,0.001803,0.00212,-0.001961,-0.001803,-0.00212,True,0.0,predictor_temporal/predictor_temporal_per_variant.json::rollout
POC-2B,rollout,lower,raw,peft_dora_encoder,surgical_intervene_wiseft_f50_encoder,COMP,OURS,1825,0.002303,0.002133,0.002472,-0.002303,-0.002133,-0.002472,True,0.0,predictor_temporal/predictor_temporal_per_variant.json::rollout
POC-2B,rollout,lower,raw,peft_dora_encoder,surgical_intervene_wiseft_f70_encoder,COMP,OURS,1825,0.002664,0.002488,0.002837,-0.002664,-0.002488,-0.002837,True,0.0,predictor_temporal/predictor_temporal_per_variant.json::rollout
POC-2B,rollout,lower,raw,peft_dora_encoder,surgical_noDI_encoder,COMP,OURS,1825,-0.001335,-0.001483,-0.001183,0.001335,0.001483,0.001183,True,0.0,predictor_temporal/predictor_temporal_per_variant.json::rollout
POC-2B,rollout,lower,raw,peft_dora_encoder,surgical_noDI_head,COMP,OURS,1825,0.003339,0.003171,0.003509,-0.003339,-0.003171,-0.003509,True,0.0,predictor_temporal/predictor_temporal_per_variant.json::rollout
POC-2B,rollout,lower,raw,peft_dora_encoder,frozen,COMP,REF,1825,0.003759,0.00355,0.003965,-0.003759,-0.00355,-0.003965,True,0.0,predictor_temporal/predictor_temporal_per_variant.json::rollout
POC-2B,rollout,lower,raw,peft_lora_encoder,pretrain_encoder,COMP,COMP,1825,0.001805,0.001688,0.001918,-0.001805,-0.001688,-0.001918,True,0.0,predictor_temporal/predictor_temporal_per_variant.json::rollout
POC-2B,rollout,lower,raw,peft_lora_encoder,surgery_raw_encoder,COMP,OURS,1825,-0.000281,-0.000376,-0.000188,0.000281,0.000376,0.000188,True,0.0,predictor_temporal/predictor_temporal_per_variant.json::rollout
POC-2B,rollout,lower,raw,peft_lora_encoder,surgical_3stage_DI_diheavy_encoder,COMP,OURS,1825,-0.001378,-0.001493,-0.001266,0.001378,0.001493,0.001266,True,0.0,predictor_temporal/predictor_temporal_per_variant.json::rollout
POC-2B,rollout,lower,raw,peft_lora_encoder,surgical_3stage_DI_encoder,COMP,OURS,1825,-0.000198,-0.00029,-0.000113,0.000198,0.00029,0.000113,True,0.0,predictor_temporal/predictor_temporal_per_variant.json::rollout
POC-2B,rollout,lower,raw,peft_lora_encoder,surgical_3stage_DI_head,COMP,OURS,1825,0.001805,0.001688,0.001918,-0.001805,-0.001688,-0.001918,True,0.0,predictor_temporal/predictor_temporal_per_variant.json::rollout
POC-2B,rollout,lower,raw,peft_lora_encoder,surgical_3stage_DI_intervene_encoder,COMP,OURS,1825,-0.000498,-0.0006,-0.0004,0.000498,0.0006,0.0004,True,0.0,predictor_temporal/predictor_temporal_per_variant.json::rollout
POC-2B,rollout,lower,raw,peft_lora_encoder,surgical_3stage_DI_replay25_encoder,COMP,OURS,1825,-0.000939,-0.001036,-0.000846,0.000939,0.001036,0.000846,True,0.0,predictor_temporal/predictor_temporal_per_variant.json::rollout
POC-2B,rollout,lower,raw,peft_lora_encoder,surgical_3stage_DI_tccaux_encoder,COMP,OURS,1825,-0.002508,-0.002626,-0.002397,0.002508,0.002626,0.002397,True,0.0,predictor_temporal/predictor_temporal_per_variant.json::rollout
POC-2B,rollout,lower,raw,peft_lora_encoder,surgical_autorgn_encoder,COMP,COMP,1825,0.000143,7.6e-05,0.000209,-0.000143,-7.6e-05,-0.000209,True,0.0,predictor_temporal/predictor_temporal_per_variant.json::rollout
POC-2B,rollout,lower,raw,peft_lora_encoder,surgical_intervene_wiseft_f30_encoder,COMP,OURS,1825,0.000428,0.000325,0.000527,-0.000428,-0.000325,-0.000527,True,0.0,predictor_temporal/predictor_temporal_per_variant.json::rollout
POC-2B,rollout,lower,raw,peft_lora_encoder,surgical_intervene_wiseft_f50_encoder,COMP,OURS,1825,0.00077,0.000657,0.00088,-0.00077,-0.000657,-0.00088,True,0.0,predictor_temporal/predictor_temporal_per_variant.json::rollout
POC-2B,rollout,lower,raw,peft_lora_encoder,surgical_intervene_wiseft_f70_encoder,COMP,OURS,1825,0.001131,0.001009,0.001251,-0.001131,-0.001009,-0.001251,True,0.0,predictor_temporal/predictor_temporal_per_variant.json::rollout
POC-2B,rollout,lower,raw,peft_lora_encoder,surgical_noDI_encoder,COMP,OURS,1825,-0.002868,-0.003004,-0.002737,0.002868,0.003004,0.002737,True,0.0,predictor_temporal/predictor_temporal_per_variant.json::rollout
POC-2B,rollout,lower,raw,peft_lora_encoder,surgical_noDI_head,COMP,OURS,1825,0.001805,0.001688,0.001918,-0.001805,-0.001688,-0.001918,True,0.0,predictor_temporal/predictor_temporal_per_variant.json::rollout
POC-2B,rollout,lower,raw,peft_lora_encoder,frozen,COMP,REF,1825,0.002226,0.00206,0.002394,-0.002226,-0.00206,-0.002394,True,0.0,predictor_temporal/predictor_temporal_per_variant.json::rollout
POC-2B,rollout,lower,raw,pretrain_encoder,surgery_raw_encoder,COMP,OURS,1825,-0.002087,-0.002222,-0.001953,0.002087,0.002222,0.001953,True,0.0,predictor_temporal/predictor_temporal_per_variant.json::rollout
POC-2B,rollout,lower,raw,pretrain_encoder,surgical_3stage_DI_diheavy_encoder,COMP,OURS,1825,-0.003183,-0.003328,-0.003037,0.003183,0.003328,0.003037,True,0.0,predictor_temporal/predictor_temporal_per_variant.json::rollout
POC-2B,rollout,lower,raw,pretrain_encoder,surgical_3stage_DI_encoder,COMP,OURS,1825,-0.002003,-0.002123,-0.001885,0.002003,0.002123,0.001885,True,0.0,predictor_temporal/predictor_temporal_per_variant.json::rollout
POC-2B,rollout,lower,raw,pretrain_encoder,surgical_3stage_DI_head,COMP,OURS,1825,0.0,nan,nan,-0.0,nan,nan,False,1.0,predictor_temporal/predictor_temporal_per_variant.json::rollout
POC-2B,rollout,lower,raw,pretrain_encoder,surgical_3stage_DI_intervene_encoder,COMP,OURS,1825,-0.002303,-0.002431,-0.002174,0.002303,0.002431,0.002174,True,0.0,predictor_temporal/predictor_temporal_per_variant.json::rollout
POC-2B,rollout,lower,raw,pretrain_encoder,surgical_3stage_DI_replay25_encoder,COMP,OURS,1825,-0.002744,-0.002875,-0.002613,0.002744,0.002875,0.002613,True,0.0,predictor_temporal/predictor_temporal_per_variant.json::rollout
POC-2B,rollout,lower,raw,pretrain_encoder,surgical_3stage_DI_tccaux_encoder,COMP,OURS,1825,-0.004313,-0.004464,-0.004162,0.004313,0.004464,0.004162,True,0.0,predictor_temporal/predictor_temporal_per_variant.json::rollout
POC-2B,rollout,lower,raw,pretrain_encoder,surgical_autorgn_encoder,COMP,COMP,1825,-0.001662,-0.001784,-0.001536,0.001662,0.001784,0.001536,True,0.0,predictor_temporal/predictor_temporal_per_variant.json::rollout
POC-2B,rollout,lower,raw,pretrain_encoder,surgical_intervene_wiseft_f30_encoder,COMP,OURS,1825,-0.001377,-0.001474,-0.001277,0.001377,0.001474,0.001277,True,0.0,predictor_temporal/predictor_temporal_per_variant.json::rollout
POC-2B,rollout,lower,raw,pretrain_encoder,surgical_intervene_wiseft_f50_encoder,COMP,OURS,1825,-0.001036,-0.001127,-0.000941,0.001036,0.001127,0.000941,True,0.0,predictor_temporal/predictor_temporal_per_variant.json::rollout
POC-2B,rollout,lower,raw,pretrain_encoder,surgical_intervene_wiseft_f70_encoder,COMP,OURS,1825,-0.000675,-0.000761,-0.000584,0.000675,0.000761,0.000584,True,0.0,predictor_temporal/predictor_temporal_per_variant.json::rollout
POC-2B,rollout,lower,raw,pretrain_encoder,surgical_noDI_encoder,COMP,OURS,1825,-0.004673,-0.004839,-0.004508,0.004673,0.004839,0.004508,True,0.0,predictor_temporal/predictor_temporal_per_variant.json::rollout
POC-2B,rollout,lower,raw,pretrain_encoder,surgical_noDI_head,COMP,OURS,1825,0.0,nan,nan,-0.0,nan,nan,False,1.0,predictor_temporal/predictor_temporal_per_variant.json::rollout
POC-2B,rollout,lower,raw,pretrain_encoder,frozen,COMP,REF,1825,0.000421,0.000286,0.000561,-0.000421,-0.000286,-0.000561,True,0.0,predictor_temporal/predictor_temporal_per_variant.json::rollout
POC-2B,rollout,lower,raw,surgery_raw_encoder,surgical_3stage_DI_diheavy_encoder,OURS,OURS,1825,-0.001096,-0.001169,-0.001026,0.001096,0.001169,0.001026,True,0.0,predictor_temporal/predictor_temporal_per_variant.json::rollout
POC-2B,rollout,lower,raw,surgery_raw_encoder,surgical_3stage_DI_encoder,OURS,OURS,1825,8.3e-05,2e-06,0.000163,-8.3e-05,-2e-06,-0.000163,True,0.0396,predictor_temporal/predictor_temporal_per_variant.json::rollout
POC-2B,rollout,lower,raw,surgery_raw_encoder,surgical_3stage_DI_head,OURS,OURS,1825,0.002087,0.001953,0.002222,-0.002087,-0.001953,-0.002222,True,0.0,predictor_temporal/predictor_temporal_per_variant.json::rollout
POC-2B,rollout,lower,raw,surgery_raw_encoder,surgical_3stage_DI_intervene_encoder,OURS,OURS,1825,-0.000216,-0.000307,-0.000131,0.000216,0.000307,0.000131,True,0.0,predictor_temporal/predictor_temporal_per_variant.json::rollout
POC-2B,rollout,lower,raw,surgery_raw_encoder,surgical_3stage_DI_replay25_encoder,OURS,OURS,1825,-0.000658,-0.000738,-0.000578,0.000658,0.000738,0.000578,True,0.0,predictor_temporal/predictor_temporal_per_variant.json::rollout
POC-2B,rollout,lower,raw,surgery_raw_encoder,surgical_3stage_DI_tccaux_encoder,OURS,OURS,1825,-0.002226,-0.002336,-0.002125,0.002226,0.002336,0.002125,True,0.0,predictor_temporal/predictor_temporal_per_variant.json::rollout
POC-2B,rollout,lower,raw,surgery_raw_encoder,surgical_autorgn_encoder,OURS,COMP,1825,0.000425,0.00031,0.000542,-0.000425,-0.00031,-0.000542,True,0.0,predictor_temporal/predictor_temporal_per_variant.json::rollout
POC-2B,rollout,lower,raw,surgery_raw_encoder,surgical_intervene_wiseft_f30_encoder,OURS,OURS,1825,0.000709,0.000612,0.00081,-0.000709,-0.000612,-0.00081,True,0.0,predictor_temporal/predictor_temporal_per_variant.json::rollout
POC-2B,rollout,lower,raw,surgery_raw_encoder,surgical_intervene_wiseft_f50_encoder,OURS,OURS,1825,0.001051,0.00094,0.001163,-0.001051,-0.00094,-0.001163,True,0.0,predictor_temporal/predictor_temporal_per_variant.json::rollout
POC-2B,rollout,lower,raw,surgery_raw_encoder,surgical_intervene_wiseft_f70_encoder,OURS,OURS,1825,0.001412,0.00129,0.001537,-0.001412,-0.00129,-0.001537,True,0.0,predictor_temporal/predictor_temporal_per_variant.json::rollout
POC-2B,rollout,lower,raw,surgery_raw_encoder,surgical_noDI_encoder,OURS,OURS,1825,-0.002587,-0.002685,-0.002494,0.002587,0.002685,0.002494,True,0.0,predictor_temporal/predictor_temporal_per_variant.json::rollout
POC-2B,rollout,lower,raw,surgery_raw_encoder,surgical_noDI_head,OURS,OURS,1825,0.002087,0.001953,0.002222,-0.002087,-0.001953,-0.002222,True,0.0,predictor_temporal/predictor_temporal_per_variant.json::rollout
POC-2B,rollout,lower,raw,surgery_raw_encoder,frozen,OURS,REF,1825,0.002507,0.002349,0.002668,-0.002507,-0.002349,-0.002668,True,0.0,predictor_temporal/predictor_temporal_per_variant.json::rollout
POC-2B,rollout,lower,raw,surgical_3stage_DI_diheavy_encoder,surgical_3stage_DI_encoder,OURS,OURS,1825,0.00118,0.001101,0.001258,-0.00118,-0.001101,-0.001258,True,0.0,predictor_temporal/predictor_temporal_per_variant.json::rollout
POC-2B,rollout,lower,raw,surgical_3stage_DI_diheavy_encoder,surgical_3stage_DI_head,OURS,OURS,1825,0.003183,0.003037,0.003328,-0.003183,-0.003037,-0.003328,True,0.0,predictor_temporal/predictor_temporal_per_variant.json::rollout
POC-2B,rollout,lower,raw,surgical_3stage_DI_diheavy_encoder,surgical_3stage_DI_intervene_encoder,OURS,OURS,1825,0.00088,0.000804,0.00095,-0.00088,-0.000804,-0.00095,True,0.0,predictor_temporal/predictor_temporal_per_variant.json::rollout
POC-2B,rollout,lower,raw,surgical_3stage_DI_diheavy_encoder,surgical_3stage_DI_replay25_encoder,OURS,OURS,1825,0.000439,0.00038,0.000497,-0.000439,-0.00038,-0.000497,True,0.0,predictor_temporal/predictor_temporal_per_variant.json::rollout
POC-2B,rollout,lower,raw,surgical_3stage_DI_diheavy_encoder,surgical_3stage_DI_tccaux_encoder,OURS,OURS,1825,-0.00113,-0.001211,-0.001056,0.00113,0.001211,0.001056,True,0.0,predictor_temporal/predictor_temporal_per_variant.json::rollout
POC-2B,rollout,lower,raw,surgical_3stage_DI_diheavy_encoder,surgical_autorgn_encoder,OURS,COMP,1825,0.001521,0.001391,0.001649,-0.001521,-0.001391,-0.001649,True,0.0,predictor_temporal/predictor_temporal_per_variant.json::rollout
POC-2B,rollout,lower,raw,surgical_3stage_DI_diheavy_encoder,surgical_intervene_wiseft_f30_encoder,OURS,OURS,1825,0.001806,0.001715,0.001895,-0.001806,-0.001715,-0.001895,True,0.0,predictor_temporal/predictor_temporal_per_variant.json::rollout
POC-2B,rollout,lower,raw,surgical_3stage_DI_diheavy_encoder,surgical_intervene_wiseft_f50_encoder,OURS,OURS,1825,0.002147,0.002041,0.002252,-0.002147,-0.002041,-0.002252,True,0.0,predictor_temporal/predictor_temporal_per_variant.json::rollout
POC-2B,rollout,lower,raw,surgical_3stage_DI_diheavy_encoder,surgical_intervene_wiseft_f70_encoder,OURS,OURS,1825,0.002508,0.002389,0.002626,-0.002508,-0.002389,-0.002626,True,0.0,predictor_temporal/predictor_temporal_per_variant.json::rollout
POC-2B,rollout,lower,raw,surgical_3stage_DI_diheavy_encoder,surgical_noDI_encoder,OURS,OURS,1825,-0.00149,-0.001572,-0.001412,0.00149,0.001572,0.001412,True,0.0,predictor_temporal/predictor_temporal_per_variant.json::rollout
POC-2B,rollout,lower,raw,surgical_3stage_DI_diheavy_encoder,surgical_noDI_head,OURS,OURS,1825,0.003183,0.003037,0.003328,-0.003183,-0.003037,-0.003328,True,0.0,predictor_temporal/predictor_temporal_per_variant.json::rollout
POC-2B,rollout,lower,raw,surgical_3stage_DI_diheavy_encoder,frozen,OURS,REF,1825,0.003604,0.003447,0.00376,-0.003604,-0.003447,-0.00376,True,0.0,predictor_temporal/predictor_temporal_per_variant.json::rollout
POC-2B,rollout,lower,raw,surgical_3stage_DI_encoder,surgical_3stage_DI_head,OURS,OURS,1825,0.002003,0.001885,0.002123,-0.002003,-0.001885,-0.002123,True,0.0,predictor_temporal/predictor_temporal_per_variant.json::rollout
POC-2B,rollout,lower,raw,surgical_3stage_DI_encoder,surgical_3stage_DI_intervene_encoder,OURS,OURS,1825,-0.0003,-0.000374,-0.000228,0.0003,0.000374,0.000228,True,0.0,predictor_temporal/predictor_temporal_per_variant.json::rollout
POC-2B,rollout,lower,raw,surgical_3stage_DI_encoder,surgical_3stage_DI_replay25_encoder,OURS,OURS,1825,-0.000741,-0.000793,-0.000687,0.000741,0.000793,0.000687,True,0.0,predictor_temporal/predictor_temporal_per_variant.json::rollout
POC-2B,rollout,lower,raw,surgical_3stage_DI_encoder,surgical_3stage_DI_tccaux_encoder,OURS,OURS,1825,-0.00231,-0.002404,-0.002214,0.00231,0.002404,0.002214,True,0.0,predictor_temporal/predictor_temporal_per_variant.json::rollout
POC-2B,rollout,lower,raw,surgical_3stage_DI_encoder,surgical_autorgn_encoder,OURS,COMP,1825,0.000341,0.000233,0.000451,-0.000341,-0.000233,-0.000451,True,0.0,predictor_temporal/predictor_temporal_per_variant.json::rollout
POC-2B,rollout,lower,raw,surgical_3stage_DI_encoder,surgical_intervene_wiseft_f30_encoder,OURS,OURS,1825,0.000626,0.000562,0.00069,-0.000626,-0.000562,-0.00069,True,0.0,predictor_temporal/predictor_temporal_per_variant.json::rollout
POC-2B,rollout,lower,raw,surgical_3stage_DI_encoder,surgical_intervene_wiseft_f50_encoder,OURS,OURS,1825,0.000968,0.000891,0.001045,-0.000968,-0.000891,-0.001045,True,0.0,predictor_temporal/predictor_temporal_per_variant.json::rollout
POC-2B,rollout,lower,raw,surgical_3stage_DI_encoder,surgical_intervene_wiseft_f70_encoder,OURS,OURS,1825,0.001329,0.001238,0.001423,-0.001329,-0.001238,-0.001423,True,0.0,predictor_temporal/predictor_temporal_per_variant.json::rollout
POC-2B,rollout,lower,raw,surgical_3stage_DI_encoder,surgical_noDI_encoder,OURS,OURS,1825,-0.00267,-0.002785,-0.002556,0.00267,0.002785,0.002556,True,0.0,predictor_temporal/predictor_temporal_per_variant.json::rollout
POC-2B,rollout,lower,raw,surgical_3stage_DI_encoder,surgical_noDI_head,OURS,OURS,1825,0.002003,0.001885,0.002123,-0.002003,-0.001885,-0.002123,True,0.0,predictor_temporal/predictor_temporal_per_variant.json::rollout
POC-2B,rollout,lower,raw,surgical_3stage_DI_encoder,frozen,OURS,REF,1825,0.002424,0.002281,0.002566,-0.002424,-0.002281,-0.002566,True,0.0,predictor_temporal/predictor_temporal_per_variant.json::rollout
POC-2B,rollout,lower,raw,surgical_3stage_DI_head,surgical_3stage_DI_intervene_encoder,OURS,OURS,1825,-0.002303,-0.002431,-0.002174,0.002303,0.002431,0.002174,True,0.0,predictor_temporal/predictor_temporal_per_variant.json::rollout
POC-2B,rollout,lower,raw,surgical_3stage_DI_head,surgical_3stage_DI_replay25_encoder,OURS,OURS,1825,-0.002744,-0.002875,-0.002613,0.002744,0.002875,0.002613,True,0.0,predictor_temporal/predictor_temporal_per_variant.json::rollout
POC-2B,rollout,lower,raw,surgical_3stage_DI_head,surgical_3stage_DI_tccaux_encoder,OURS,OURS,1825,-0.004313,-0.004464,-0.004162,0.004313,0.004464,0.004162,True,0.0,predictor_temporal/predictor_temporal_per_variant.json::rollout
POC-2B,rollout,lower,raw,surgical_3stage_DI_head,surgical_autorgn_encoder,OURS,COMP,1825,-0.001662,-0.001784,-0.001536,0.001662,0.001784,0.001536,True,0.0,predictor_temporal/predictor_temporal_per_variant.json::rollout
POC-2B,rollout,lower,raw,surgical_3stage_DI_head,surgical_intervene_wiseft_f30_encoder,OURS,OURS,1825,-0.001377,-0.001474,-0.001277,0.001377,0.001474,0.001277,True,0.0,predictor_temporal/predictor_temporal_per_variant.json::rollout
POC-2B,rollout,lower,raw,surgical_3stage_DI_head,surgical_intervene_wiseft_f50_encoder,OURS,OURS,1825,-0.001036,-0.001127,-0.000941,0.001036,0.001127,0.000941,True,0.0,predictor_temporal/predictor_temporal_per_variant.json::rollout
POC-2B,rollout,lower,raw,surgical_3stage_DI_head,surgical_intervene_wiseft_f70_encoder,OURS,OURS,1825,-0.000675,-0.000761,-0.000584,0.000675,0.000761,0.000584,True,0.0,predictor_temporal/predictor_temporal_per_variant.json::rollout
POC-2B,rollout,lower,raw,surgical_3stage_DI_head,surgical_noDI_encoder,OURS,OURS,1825,-0.004673,-0.004839,-0.004508,0.004673,0.004839,0.004508,True,0.0,predictor_temporal/predictor_temporal_per_variant.json::rollout
POC-2B,rollout,lower,raw,surgical_3stage_DI_head,surgical_noDI_head,OURS,OURS,1825,0.0,nan,nan,-0.0,nan,nan,False,1.0,predictor_temporal/predictor_temporal_per_variant.json::rollout
POC-2B,rollout,lower,raw,surgical_3stage_DI_head,frozen,OURS,REF,1825,0.000421,0.000286,0.000561,-0.000421,-0.000286,-0.000561,True,0.0,predictor_temporal/predictor_temporal_per_variant.json::rollout
POC-2B,rollout,lower,raw,surgical_3stage_DI_intervene_encoder,surgical_3stage_DI_replay25_encoder,OURS,OURS,1825,-0.000441,-0.000491,-0.000387,0.000441,0.000491,0.000387,True,0.0,predictor_temporal/predictor_temporal_per_variant.json::rollout
POC-2B,rollout,lower,raw,surgical_3stage_DI_intervene_encoder,surgical_3stage_DI_tccaux_encoder,OURS,OURS,1825,-0.00201,-0.002063,-0.001957,0.00201,0.002063,0.001957,True,0.0,predictor_temporal/predictor_temporal_per_variant.json::rollout
POC-2B,rollout,lower,raw,surgical_3stage_DI_intervene_encoder,surgical_autorgn_encoder,OURS,COMP,1825,0.000641,0.00054,0.000741,-0.000641,-0.00054,-0.000741,True,0.0,predictor_temporal/predictor_temporal_per_variant.json::rollout
POC-2B,rollout,lower,raw,surgical_3stage_DI_intervene_encoder,surgical_intervene_wiseft_f30_encoder,OURS,OURS,1825,0.000926,0.000865,0.000988,-0.000926,-0.000865,-0.000988,True,0.0,predictor_temporal/predictor_temporal_per_variant.json::rollout
POC-2B,rollout,lower,raw,surgical_3stage_DI_intervene_encoder,surgical_intervene_wiseft_f50_encoder,OURS,OURS,1825,0.001267,0.001184,0.00135,-0.001267,-0.001184,-0.00135,True,0.0,predictor_temporal/predictor_temporal_per_variant.json::rollout
POC-2B,rollout,lower,raw,surgical_3stage_DI_intervene_encoder,surgical_intervene_wiseft_f70_encoder,OURS,OURS,1825,0.001628,0.001529,0.00173,-0.001628,-0.001529,-0.00173,True,0.0,predictor_temporal/predictor_temporal_per_variant.json::rollout
POC-2B,rollout,lower,raw,surgical_3stage_DI_intervene_encoder,surgical_noDI_encoder,OURS,OURS,1825,-0.00237,-0.00246,-0.002281,0.00237,0.00246,0.002281,True,0.0,predictor_temporal/predictor_temporal_per_variant.json::rollout
POC-2B,rollout,lower,raw,surgical_3stage_DI_intervene_encoder,surgical_noDI_head,OURS,OURS,1825,0.002303,0.002174,0.002431,-0.002303,-0.002174,-0.002431,True,0.0,predictor_temporal/predictor_temporal_per_variant.json::rollout
POC-2B,rollout,lower,raw,surgical_3stage_DI_intervene_encoder,frozen,OURS,REF,1825,0.002724,0.002576,0.002873,-0.002724,-0.002576,-0.002873,True,0.0,predictor_temporal/predictor_temporal_per_variant.json::rollout
POC-2B,rollout,lower,raw,surgical_3stage_DI_replay25_encoder,surgical_3stage_DI_tccaux_encoder,OURS,OURS,1825,-0.001569,-0.001637,-0.001505,0.001569,0.001637,0.001505,True,0.0,predictor_temporal/predictor_temporal_per_variant.json::rollout
POC-2B,rollout,lower,raw,surgical_3stage_DI_replay25_encoder,surgical_autorgn_encoder,OURS,COMP,1825,0.001082,0.000976,0.001188,-0.001082,-0.000976,-0.001188,True,0.0,predictor_temporal/predictor_temporal_per_variant.json::rollout
POC-2B,rollout,lower,raw,surgical_3stage_DI_replay25_encoder,surgical_intervene_wiseft_f30_encoder,OURS,OURS,1825,0.001367,0.001304,0.001429,-0.001367,-0.001304,-0.001429,True,0.0,predictor_temporal/predictor_temporal_per_variant.json::rollout
POC-2B,rollout,lower,raw,surgical_3stage_DI_replay25_encoder,surgical_intervene_wiseft_f50_encoder,OURS,OURS,1825,0.001708,0.001627,0.00179,-0.001708,-0.001627,-0.00179,True,0.0,predictor_temporal/predictor_temporal_per_variant.json::rollout
POC-2B,rollout,lower,raw,surgical_3stage_DI_replay25_encoder,surgical_intervene_wiseft_f70_encoder,OURS,OURS,1825,0.00207,0.001973,0.002169,-0.00207,-0.001973,-0.002169,True,0.0,predictor_temporal/predictor_temporal_per_variant.json::rollout
POC-2B,rollout,lower,raw,surgical_3stage_DI_replay25_encoder,surgical_noDI_encoder,OURS,OURS,1825,-0.001929,-0.002022,-0.001837,0.001929,0.002022,0.001837,True,0.0,predictor_temporal/predictor_temporal_per_variant.json::rollout
POC-2B,rollout,lower,raw,surgical_3stage_DI_replay25_encoder,surgical_noDI_head,OURS,OURS,1825,0.002744,0.002613,0.002875,-0.002744,-0.002613,-0.002875,True,0.0,predictor_temporal/predictor_temporal_per_variant.json::rollout
POC-2B,rollout,lower,raw,surgical_3stage_DI_replay25_encoder,frozen,OURS,REF,1825,0.003165,0.003016,0.003313,-0.003165,-0.003016,-0.003313,True,0.0,predictor_temporal/predictor_temporal_per_variant.json::rollout
POC-2B,rollout,lower,raw,surgical_3stage_DI_tccaux_encoder,surgical_autorgn_encoder,OURS,COMP,1825,0.002651,0.002544,0.002763,-0.002651,-0.002544,-0.002763,True,0.0,predictor_temporal/predictor_temporal_per_variant.json::rollout
POC-2B,rollout,lower,raw,surgical_3stage_DI_tccaux_encoder,surgical_intervene_wiseft_f30_encoder,OURS,OURS,1825,0.002936,0.002847,0.003023,-0.002936,-0.002847,-0.003023,True,0.0,predictor_temporal/predictor_temporal_per_variant.json::rollout
POC-2B,rollout,lower,raw,surgical_3stage_DI_tccaux_encoder,surgical_intervene_wiseft_f50_encoder,OURS,OURS,1825,0.003277,0.003172,0.003382,-0.003277,-0.003172,-0.003382,True,0.0,predictor_temporal/predictor_temporal_per_variant.json::rollout
POC-2B,rollout,lower,raw,surgical_3stage_DI_tccaux_encoder,surgical_intervene_wiseft_f70_encoder,OURS,OURS,1825,0.003638,0.003519,0.003755,-0.003638,-0.003519,-0.003755,True,0.0,predictor_temporal/predictor_temporal_per_variant.json::rollout
POC-2B,rollout,lower,raw,surgical_3stage_DI_tccaux_encoder,surgical_noDI_encoder,OURS,OURS,1825,-0.00036,-0.000435,-0.000285,0.00036,0.000435,0.000285,True,0.0,predictor_temporal/predictor_temporal_per_variant.json::rollout
POC-2B,rollout,lower,raw,surgical_3stage_DI_tccaux_encoder,surgical_noDI_head,OURS,OURS,1825,0.004313,0.004162,0.004464,-0.004313,-0.004162,-0.004464,True,0.0,predictor_temporal/predictor_temporal_per_variant.json::rollout
POC-2B,rollout,lower,raw,surgical_3stage_DI_tccaux_encoder,frozen,OURS,REF,1825,0.004734,0.004574,0.004889,-0.004734,-0.004574,-0.004889,True,0.0,predictor_temporal/predictor_temporal_per_variant.json::rollout
POC-2B,rollout,lower,raw,surgical_autorgn_encoder,surgical_intervene_wiseft_f30_encoder,COMP,OURS,1825,0.000285,0.000177,0.00039,-0.000285,-0.000177,-0.00039,True,0.0,predictor_temporal/predictor_temporal_per_variant.json::rollout
POC-2B,rollout,lower,raw,surgical_autorgn_encoder,surgical_intervene_wiseft_f50_encoder,COMP,OURS,1825,0.000626,0.000508,0.000743,-0.000626,-0.000508,-0.000743,True,0.0,predictor_temporal/predictor_temporal_per_variant.json::rollout
POC-2B,rollout,lower,raw,surgical_autorgn_encoder,surgical_intervene_wiseft_f70_encoder,COMP,OURS,1825,0.000988,0.00086,0.001111,-0.000988,-0.00086,-0.001111,True,0.0,predictor_temporal/predictor_temporal_per_variant.json::rollout
POC-2B,rollout,lower,raw,surgical_autorgn_encoder,surgical_noDI_encoder,COMP,OURS,1825,-0.003011,-0.003144,-0.002874,0.003011,0.003144,0.002874,True,0.0,predictor_temporal/predictor_temporal_per_variant.json::rollout
POC-2B,rollout,lower,raw,surgical_autorgn_encoder,surgical_noDI_head,COMP,OURS,1825,0.001662,0.001536,0.001784,-0.001662,-0.001536,-0.001784,True,0.0,predictor_temporal/predictor_temporal_per_variant.json::rollout
POC-2B,rollout,lower,raw,surgical_autorgn_encoder,frozen,COMP,REF,1825,0.002083,0.001916,0.002252,-0.002083,-0.001916,-0.002252,True,0.0,predictor_temporal/predictor_temporal_per_variant.json::rollout
POC-2B,rollout,lower,raw,surgical_intervene_wiseft_f30_encoder,surgical_intervene_wiseft_f50_encoder,OURS,OURS,1825,0.000342,0.000315,0.000369,-0.000342,-0.000315,-0.000369,True,0.0,predictor_temporal/predictor_temporal_per_variant.json::rollout
POC-2B,rollout,lower,raw,surgical_intervene_wiseft_f30_encoder,surgical_intervene_wiseft_f70_encoder,OURS,OURS,1825,0.000703,0.000654,0.000753,-0.000703,-0.000654,-0.000753,True,0.0,predictor_temporal/predictor_temporal_per_variant.json::rollout
POC-2B,rollout,lower,raw,surgical_intervene_wiseft_f30_encoder,surgical_noDI_encoder,OURS,OURS,1825,-0.003296,-0.003417,-0.003178,0.003296,0.003417,0.003178,True,0.0,predictor_temporal/predictor_temporal_per_variant.json::rollout
POC-2B,rollout,lower,raw,surgical_intervene_wiseft_f30_encoder,surgical_noDI_head,OURS,OURS,1825,0.001377,0.001277,0.001474,-0.001377,-0.001277,-0.001474,True,0.0,predictor_temporal/predictor_temporal_per_variant.json::rollout
POC-2B,rollout,lower,raw,surgical_intervene_wiseft_f30_encoder,frozen,OURS,REF,1825,0.001798,0.001681,0.001915,-0.001798,-0.001681,-0.001915,True,0.0,predictor_temporal/predictor_temporal_per_variant.json::rollout
POC-2B,rollout,lower,raw,surgical_intervene_wiseft_f50_encoder,surgical_intervene_wiseft_f70_encoder,OURS,OURS,1825,0.000361,0.000336,0.000387,-0.000361,-0.000336,-0.000387,True,0.0,predictor_temporal/predictor_temporal_per_variant.json::rollout
POC-2B,rollout,lower,raw,surgical_intervene_wiseft_f50_encoder,surgical_noDI_encoder,OURS,OURS,1825,-0.003638,-0.003772,-0.003506,0.003638,0.003772,0.003506,True,0.0,predictor_temporal/predictor_temporal_per_variant.json::rollout
POC-2B,rollout,lower,raw,surgical_intervene_wiseft_f50_encoder,surgical_noDI_head,OURS,OURS,1825,0.001036,0.000941,0.001127,-0.001036,-0.000941,-0.001127,True,0.0,predictor_temporal/predictor_temporal_per_variant.json::rollout
POC-2B,rollout,lower,raw,surgical_intervene_wiseft_f50_encoder,frozen,OURS,REF,1825,0.001456,0.001354,0.00156,-0.001456,-0.001354,-0.00156,True,0.0,predictor_temporal/predictor_temporal_per_variant.json::rollout
POC-2B,rollout,lower,raw,surgical_intervene_wiseft_f70_encoder,surgical_noDI_encoder,OURS,OURS,1825,-0.003999,-0.00414,-0.003857,0.003999,0.00414,0.003857,True,0.0,predictor_temporal/predictor_temporal_per_variant.json::rollout
POC-2B,rollout,lower,raw,surgical_intervene_wiseft_f70_encoder,surgical_noDI_head,OURS,OURS,1825,0.000675,0.000584,0.000761,-0.000675,-0.000584,-0.000761,True,0.0,predictor_temporal/predictor_temporal_per_variant.json::rollout
POC-2B,rollout,lower,raw,surgical_intervene_wiseft_f70_encoder,frozen,OURS,REF,1825,0.001095,0.001002,0.001189,-0.001095,-0.001002,-0.001189,True,0.0,predictor_temporal/predictor_temporal_per_variant.json::rollout
POC-2B,rollout,lower,raw,surgical_noDI_encoder,surgical_noDI_head,OURS,OURS,1825,0.004673,0.004508,0.004839,-0.004673,-0.004508,-0.004839,True,0.0,predictor_temporal/predictor_temporal_per_variant.json::rollout
POC-2B,rollout,lower,raw,surgical_noDI_encoder,frozen,OURS,REF,1825,0.005094,0.00492,0.005266,-0.005094,-0.00492,-0.005266,True,0.0,predictor_temporal/predictor_temporal_per_variant.json::rollout
POC-2B,rollout,lower,raw,surgical_noDI_head,frozen,OURS,REF,1825,0.000421,0.000286,0.000561,-0.000421,-0.000286,-0.000561,True,0.0,predictor_temporal/predictor_temporal_per_variant.json::rollout
POC-2B,causal,lower,raw,frozen,full_ft_encoder,REF,COMP,1825,0.016876,0.016149,0.017607,-0.016876,-0.016149,-0.017607,True,0.0,predictor_temporal/predictor_temporal_per_variant.json::causal
POC-2B,causal,lower,raw,frozen,lpft_encoder,REF,COMP,1825,0.021556,0.020813,0.022264,-0.021556,-0.020813,-0.022264,True,0.0,predictor_temporal/predictor_temporal_per_variant.json::causal
POC-2B,causal,lower,raw,frozen,peft_dora_encoder,REF,COMP,1825,0.041033,0.040387,0.041661,-0.041033,-0.040387,-0.041661,True,0.0,predictor_temporal/predictor_temporal_per_variant.json::causal
POC-2B,causal,lower,raw,frozen,peft_lora_encoder,REF,COMP,1825,0.05023,0.049588,0.050851,-0.05023,-0.049588,-0.050851,True,0.0,predictor_temporal/predictor_temporal_per_variant.json::causal
POC-2B,causal,lower,raw,frozen,pretrain_encoder,REF,COMP,1825,0.024742,0.024035,0.025409,-0.024742,-0.024035,-0.025409,True,0.0,predictor_temporal/predictor_temporal_per_variant.json::causal
POC-2B,causal,lower,raw,frozen,surgery_raw_encoder,REF,OURS,1825,0.055005,0.054405,0.055549,-0.055005,-0.054405,-0.055549,True,0.0,predictor_temporal/predictor_temporal_per_variant.json::causal
POC-2B,causal,lower,raw,frozen,surgical_3stage_DI_diheavy_encoder,REF,OURS,1825,0.054345,0.053747,0.054902,-0.054345,-0.053747,-0.054902,True,0.0,predictor_temporal/predictor_temporal_per_variant.json::causal
POC-2B,causal,lower,raw,frozen,surgical_3stage_DI_encoder,REF,OURS,1825,0.052832,0.052239,0.053397,-0.052832,-0.052239,-0.053397,True,0.0,predictor_temporal/predictor_temporal_per_variant.json::causal
POC-2B,causal,lower,raw,frozen,surgical_3stage_DI_head,REF,OURS,1825,0.024742,0.024035,0.025409,-0.024742,-0.024035,-0.025409,True,0.0,predictor_temporal/predictor_temporal_per_variant.json::causal
POC-2B,causal,lower,raw,frozen,surgical_3stage_DI_intervene_encoder,REF,OURS,1825,0.054611,0.054025,0.055162,-0.054611,-0.054025,-0.055162,True,0.0,predictor_temporal/predictor_temporal_per_variant.json::causal
POC-2B,causal,lower,raw,frozen,surgical_3stage_DI_replay25_encoder,REF,OURS,1825,0.052548,0.051955,0.053108,-0.052548,-0.051955,-0.053108,True,0.0,predictor_temporal/predictor_temporal_per_variant.json::causal
POC-2B,causal,lower,raw,frozen,surgical_3stage_DI_tccaux_encoder,REF,OURS,1825,0.054541,0.053915,0.055124,-0.054541,-0.053915,-0.055124,True,0.0,predictor_temporal/predictor_temporal_per_variant.json::causal
POC-2B,causal,lower,raw,frozen,surgical_autorgn_encoder,REF,COMP,1825,0.032147,0.031478,0.0328,-0.032147,-0.031478,-0.0328,True,0.0,predictor_temporal/predictor_temporal_per_variant.json::causal
POC-2B,causal,lower,raw,frozen,surgical_intervene_wiseft_f30_encoder,REF,OURS,1825,0.043272,0.042861,0.043662,-0.043272,-0.042861,-0.043662,True,0.0,predictor_temporal/predictor_temporal_per_variant.json::causal
POC-2B,causal,lower,raw,frozen,surgical_intervene_wiseft_f50_encoder,REF,OURS,1825,0.033332,0.033037,0.033615,-0.033332,-0.033037,-0.033615,True,0.0,predictor_temporal/predictor_temporal_per_variant.json::causal
POC-2B,causal,lower,raw,frozen,surgical_intervene_wiseft_f70_encoder,REF,OURS,1825,0.021903,0.021715,0.022085,-0.021903,-0.021715,-0.022085,True,0.0,predictor_temporal/predictor_temporal_per_variant.json::causal
POC-2B,causal,lower,raw,frozen,surgical_noDI_encoder,REF,OURS,1825,0.053056,0.052467,0.053597,-0.053056,-0.052467,-0.053597,True,0.0,predictor_temporal/predictor_temporal_per_variant.json::causal
POC-2B,causal,lower,raw,frozen,surgical_noDI_head,REF,OURS,1825,0.024742,0.024035,0.025409,-0.024742,-0.024035,-0.025409,True,0.0,predictor_temporal/predictor_temporal_per_variant.json::causal
POC-2B,causal,lower,raw,frozen,frozen,REF,REF,1825,-0.072092,-0.072657,-0.071524,0.072092,0.072657,0.071524,True,0.0,predictor_temporal/predictor_temporal_per_variant.json::causal
POC-2B,causal,lower,raw,full_ft_encoder,lpft_encoder,COMP,COMP,1825,0.00468,0.004356,0.005003,-0.00468,-0.004356,-0.005003,True,0.0,predictor_temporal/predictor_temporal_per_variant.json::causal
POC-2B,causal,lower,raw,full_ft_encoder,peft_dora_encoder,COMP,COMP,1825,0.024157,0.023811,0.024493,-0.024157,-0.023811,-0.024493,True,0.0,predictor_temporal/predictor_temporal_per_variant.json::causal
POC-2B,causal,lower,raw,full_ft_encoder,peft_lora_encoder,COMP,COMP,1825,0.033354,0.032996,0.033699,-0.033354,-0.032996,-0.033699,True,0.0,predictor_temporal/predictor_temporal_per_variant.json::causal
POC-2B,causal,lower,raw,full_ft_encoder,pretrain_encoder,COMP,COMP,1825,0.007866,0.007168,0.008537,-0.007866,-0.007168,-0.008537,True,0.0,predictor_temporal/predictor_temporal_per_variant.json::causal
POC-2B,causal,lower,raw,full_ft_encoder,surgery_raw_encoder,COMP,OURS,1825,0.038128,0.037618,0.03863,-0.038128,-0.037618,-0.03863,True,0.0,predictor_temporal/predictor_temporal_per_variant.json::causal
POC-2B,causal,lower,raw,full_ft_encoder,surgical_3stage_DI_diheavy_encoder,COMP,OURS,1825,0.037469,0.036909,0.038021,-0.037469,-0.036909,-0.038021,True,0.0,predictor_temporal/predictor_temporal_per_variant.json::causal
POC-2B,causal,lower,raw,full_ft_encoder,surgical_3stage_DI_encoder,COMP,OURS,1825,0.035956,0.035439,0.036467,-0.035956,-0.035439,-0.036467,True,0.0,predictor_temporal/predictor_temporal_per_variant.json::causal
POC-2B,causal,lower,raw,full_ft_encoder,surgical_3stage_DI_head,COMP,OURS,1825,0.007866,0.007168,0.008537,-0.007866,-0.007168,-0.008537,True,0.0,predictor_temporal/predictor_temporal_per_variant.json::causal
POC-2B,causal,lower,raw,full_ft_encoder,surgical_3stage_DI_intervene_encoder,COMP,OURS,1825,0.037734,0.037192,0.038268,-0.037734,-0.037192,-0.038268,True,0.0,predictor_temporal/predictor_temporal_per_variant.json::causal
POC-2B,causal,lower,raw,full_ft_encoder,surgical_3stage_DI_replay25_encoder,COMP,OURS,1825,0.035672,0.035146,0.036188,-0.035672,-0.035146,-0.036188,True,0.0,predictor_temporal/predictor_temporal_per_variant.json::causal
POC-2B,causal,lower,raw,full_ft_encoder,surgical_3stage_DI_tccaux_encoder,COMP,OURS,1825,0.037665,0.037099,0.038216,-0.037665,-0.037099,-0.038216,True,0.0,predictor_temporal/predictor_temporal_per_variant.json::causal
POC-2B,causal,lower,raw,full_ft_encoder,surgical_autorgn_encoder,COMP,COMP,1825,0.015271,0.014971,0.015557,-0.015271,-0.014971,-0.015557,True,0.0,predictor_temporal/predictor_temporal_per_variant.json::causal
POC-2B,causal,lower,raw,full_ft_encoder,surgical_intervene_wiseft_f30_encoder,COMP,OURS,1825,0.026395,0.025846,0.026942,-0.026395,-0.025846,-0.026942,True,0.0,predictor_temporal/predictor_temporal_per_variant.json::causal
POC-2B,causal,lower,raw,full_ft_encoder,surgical_intervene_wiseft_f50_encoder,COMP,OURS,1825,0.016455,0.015859,0.01704,-0.016455,-0.015859,-0.01704,True,0.0,predictor_temporal/predictor_temporal_per_variant.json::causal
POC-2B,causal,lower,raw,full_ft_encoder,surgical_intervene_wiseft_f70_encoder,COMP,OURS,1825,0.005027,0.004381,0.005664,-0.005027,-0.004381,-0.005664,True,0.0,predictor_temporal/predictor_temporal_per_variant.json::causal
POC-2B,causal,lower,raw,full_ft_encoder,surgical_noDI_encoder,COMP,OURS,1825,0.03618,0.035638,0.036716,-0.03618,-0.035638,-0.036716,True,0.0,predictor_temporal/predictor_temporal_per_variant.json::causal
POC-2B,causal,lower,raw,full_ft_encoder,surgical_noDI_head,COMP,OURS,1825,0.007866,0.007168,0.008537,-0.007866,-0.007168,-0.008537,True,0.0,predictor_temporal/predictor_temporal_per_variant.json::causal
POC-2B,causal,lower,raw,full_ft_encoder,frozen,COMP,REF,1825,-0.088969,-0.089895,-0.088043,0.088969,0.089895,0.088043,True,0.0,predictor_temporal/predictor_temporal_per_variant.json::causal
POC-2B,causal,lower,raw,lpft_encoder,peft_dora_encoder,COMP,COMP,1825,0.019477,0.019168,0.019786,-0.019477,-0.019168,-0.019786,True,0.0,predictor_temporal/predictor_temporal_per_variant.json::causal
POC-2B,causal,lower,raw,lpft_encoder,peft_lora_encoder,COMP,COMP,1825,0.028674,0.028352,0.029002,-0.028674,-0.028352,-0.029002,True,0.0,predictor_temporal/predictor_temporal_per_variant.json::causal
POC-2B,causal,lower,raw,lpft_encoder,pretrain_encoder,COMP,COMP,1825,0.003186,0.002605,0.003789,-0.003186,-0.002605,-0.003789,True,0.0,predictor_temporal/predictor_temporal_per_variant.json::causal
POC-2B,causal,lower,raw,lpft_encoder,surgery_raw_encoder,COMP,OURS,1825,0.033449,0.032949,0.033952,-0.033449,-0.032949,-0.033952,True,0.0,predictor_temporal/predictor_temporal_per_variant.json::causal
POC-2B,causal,lower,raw,lpft_encoder,surgical_3stage_DI_diheavy_encoder,COMP,OURS,1825,0.032789,0.032235,0.033348,-0.032789,-0.032235,-0.033348,True,0.0,predictor_temporal/predictor_temporal_per_variant.json::causal
POC-2B,causal,lower,raw,lpft_encoder,surgical_3stage_DI_encoder,COMP,OURS,1825,0.031276,0.030762,0.031789,-0.031276,-0.030762,-0.031789,True,0.0,predictor_temporal/predictor_temporal_per_variant.json::causal
POC-2B,causal,lower,raw,lpft_encoder,surgical_3stage_DI_head,COMP,OURS,1825,0.003186,0.002605,0.003789,-0.003186,-0.002605,-0.003789,True,0.0,predictor_temporal/predictor_temporal_per_variant.json::causal
POC-2B,causal,lower,raw,lpft_encoder,surgical_3stage_DI_intervene_encoder,COMP,OURS,1825,0.033055,0.032504,0.033598,-0.033055,-0.032504,-0.033598,True,0.0,predictor_temporal/predictor_temporal_per_variant.json::causal
POC-2B,causal,lower,raw,lpft_encoder,surgical_3stage_DI_replay25_encoder,COMP,OURS,1825,0.030992,0.030473,0.031507,-0.030992,-0.030473,-0.031507,True,0.0,predictor_temporal/predictor_temporal_per_variant.json::causal
POC-2B,causal,lower,raw,lpft_encoder,surgical_3stage_DI_tccaux_encoder,COMP,OURS,1825,0.032985,0.032421,0.033547,-0.032985,-0.032421,-0.033547,True,0.0,predictor_temporal/predictor_temporal_per_variant.json::causal
POC-2B,causal,lower,raw,lpft_encoder,surgical_autorgn_encoder,COMP,COMP,1825,0.010591,0.010325,0.010855,-0.010591,-0.010325,-0.010855,True,0.0,predictor_temporal/predictor_temporal_per_variant.json::causal
POC-2B,causal,lower,raw,lpft_encoder,surgical_intervene_wiseft_f30_encoder,COMP,OURS,1825,0.021716,0.021157,0.02229,-0.021716,-0.021157,-0.02229,True,0.0,predictor_temporal/predictor_temporal_per_variant.json::causal
POC-2B,causal,lower,raw,lpft_encoder,surgical_intervene_wiseft_f50_encoder,COMP,OURS,1825,0.011776,0.011184,0.012389,-0.011776,-0.011184,-0.012389,True,0.0,predictor_temporal/predictor_temporal_per_variant.json::causal
POC-2B,causal,lower,raw,lpft_encoder,surgical_intervene_wiseft_f70_encoder,COMP,OURS,1825,0.000347,-0.000282,0.001005,-0.000347,0.000282,-0.001005,True,0.2856,predictor_temporal/predictor_temporal_per_variant.json::causal
POC-2B,causal,lower,raw,lpft_encoder,surgical_noDI_encoder,COMP,OURS,1825,0.0315,0.030971,0.032044,-0.0315,-0.030971,-0.032044,True,0.0,predictor_temporal/predictor_temporal_per_variant.json::causal
POC-2B,causal,lower,raw,lpft_encoder,surgical_noDI_head,COMP,OURS,1825,0.003186,0.002605,0.003789,-0.003186,-0.002605,-0.003789,True,0.0,predictor_temporal/predictor_temporal_per_variant.json::causal
POC-2B,causal,lower,raw,lpft_encoder,frozen,COMP,REF,1825,-0.093649,-0.094564,-0.092638,0.093649,0.094564,0.092638,True,0.0,predictor_temporal/predictor_temporal_per_variant.json::causal
POC-2B,causal,lower,raw,peft_dora_encoder,peft_lora_encoder,COMP,COMP,1825,0.009197,0.008983,0.009411,-0.009197,-0.008983,-0.009411,True,0.0,predictor_temporal/predictor_temporal_per_variant.json::causal
POC-2B,causal,lower,raw,peft_dora_encoder,pretrain_encoder,COMP,COMP,1825,-0.016291,-0.016975,-0.015635,0.016291,0.016975,0.015635,True,0.0,predictor_temporal/predictor_temporal_per_variant.json::causal
POC-2B,causal,lower,raw,peft_dora_encoder,surgery_raw_encoder,COMP,OURS,1825,0.013971,0.013582,0.014353,-0.013971,-0.013582,-0.014353,True,0.0,predictor_temporal/predictor_temporal_per_variant.json::causal
POC-2B,causal,lower,raw,peft_dora_encoder,surgical_3stage_DI_diheavy_encoder,COMP,OURS,1825,0.013312,0.012863,0.013743,-0.013312,-0.012863,-0.013743,True,0.0,predictor_temporal/predictor_temporal_per_variant.json::causal
POC-2B,causal,lower,raw,peft_dora_encoder,surgical_3stage_DI_encoder,COMP,OURS,1825,0.011799,0.011399,0.012197,-0.011799,-0.011399,-0.012197,True,0.0,predictor_temporal/predictor_temporal_per_variant.json::causal
POC-2B,causal,lower,raw,peft_dora_encoder,surgical_3stage_DI_head,COMP,OURS,1825,-0.016291,-0.016975,-0.015635,0.016291,0.016975,0.015635,True,0.0,predictor_temporal/predictor_temporal_per_variant.json::causal
POC-2B,causal,lower,raw,peft_dora_encoder,surgical_3stage_DI_intervene_encoder,COMP,OURS,1825,0.013578,0.013146,0.013994,-0.013578,-0.013146,-0.013994,True,0.0,predictor_temporal/predictor_temporal_per_variant.json::causal
POC-2B,causal,lower,raw,peft_dora_encoder,surgical_3stage_DI_replay25_encoder,COMP,OURS,1825,0.011515,0.011103,0.011919,-0.011515,-0.011103,-0.011919,True,0.0,predictor_temporal/predictor_temporal_per_variant.json::causal
POC-2B,causal,lower,raw,peft_dora_encoder,surgical_3stage_DI_tccaux_encoder,COMP,OURS,1825,0.013508,0.01305,0.013943,-0.013508,-0.01305,-0.013943,True,0.0,predictor_temporal/predictor_temporal_per_variant.json::causal
POC-2B,causal,lower,raw,peft_dora_encoder,surgical_autorgn_encoder,COMP,COMP,1825,-0.008886,-0.009119,-0.008656,0.008886,0.009119,0.008656,True,0.0,predictor_temporal/predictor_temporal_per_variant.json::causal
POC-2B,causal,lower,raw,peft_dora_encoder,surgical_intervene_wiseft_f30_encoder,COMP,OURS,1825,0.002238,0.001805,0.002686,-0.002238,-0.001805,-0.002686,True,0.0,predictor_temporal/predictor_temporal_per_variant.json::causal
POC-2B,causal,lower,raw,peft_dora_encoder,surgical_intervene_wiseft_f50_encoder,COMP,OURS,1825,-0.007702,-0.008177,-0.007197,0.007702,0.008177,0.007197,True,0.0,predictor_temporal/predictor_temporal_per_variant.json::causal
POC-2B,causal,lower,raw,peft_dora_encoder,surgical_intervene_wiseft_f70_encoder,COMP,OURS,1825,-0.01913,-0.019661,-0.018566,0.01913,0.019661,0.018566,True,0.0,predictor_temporal/predictor_temporal_per_variant.json::causal
POC-2B,causal,lower,raw,peft_dora_encoder,surgical_noDI_encoder,COMP,OURS,1825,0.012023,0.011599,0.012431,-0.012023,-0.011599,-0.012431,True,0.0,predictor_temporal/predictor_temporal_per_variant.json::causal
POC-2B,causal,lower,raw,peft_dora_encoder,surgical_noDI_head,COMP,OURS,1825,-0.016291,-0.016975,-0.015635,0.016291,0.016975,0.015635,True,0.0,predictor_temporal/predictor_temporal_per_variant.json::causal
POC-2B,causal,lower,raw,peft_dora_encoder,frozen,COMP,REF,1825,-0.113126,-0.113956,-0.112229,0.113126,0.113956,0.112229,True,0.0,predictor_temporal/predictor_temporal_per_variant.json::causal
POC-2B,causal,lower,raw,peft_lora_encoder,pretrain_encoder,COMP,COMP,1825,-0.025488,-0.026188,-0.024809,0.025488,0.026188,0.024809,True,0.0,predictor_temporal/predictor_temporal_per_variant.json::causal
POC-2B,causal,lower,raw,peft_lora_encoder,surgery_raw_encoder,COMP,OURS,1825,0.004774,0.0045,0.005058,-0.004774,-0.0045,-0.005058,True,0.0,predictor_temporal/predictor_temporal_per_variant.json::causal
POC-2B,causal,lower,raw,peft_lora_encoder,surgical_3stage_DI_diheavy_encoder,COMP,OURS,1825,0.004115,0.003783,0.004449,-0.004115,-0.003783,-0.004449,True,0.0,predictor_temporal/predictor_temporal_per_variant.json::causal
POC-2B,causal,lower,raw,peft_lora_encoder,surgical_3stage_DI_encoder,COMP,OURS,1825,0.002601,0.002308,0.002901,-0.002601,-0.002308,-0.002901,True,0.0,predictor_temporal/predictor_temporal_per_variant.json::causal
POC-2B,causal,lower,raw,peft_lora_encoder,surgical_3stage_DI_head,COMP,OURS,1825,-0.025488,-0.026188,-0.024808,0.025488,0.026188,0.024808,True,0.0,predictor_temporal/predictor_temporal_per_variant.json::causal
POC-2B,causal,lower,raw,peft_lora_encoder,surgical_3stage_DI_intervene_encoder,COMP,OURS,1825,0.00438,0.00406,0.004709,-0.00438,-0.00406,-0.004709,True,0.0,predictor_temporal/predictor_temporal_per_variant.json::causal
POC-2B,causal,lower,raw,peft_lora_encoder,surgical_3stage_DI_replay25_encoder,COMP,OURS,1825,0.002318,0.002021,0.002622,-0.002318,-0.002021,-0.002622,True,0.0,predictor_temporal/predictor_temporal_per_variant.json::causal
POC-2B,causal,lower,raw,peft_lora_encoder,surgical_3stage_DI_tccaux_encoder,COMP,OURS,1825,0.004311,0.00397,0.004648,-0.004311,-0.00397,-0.004648,True,0.0,predictor_temporal/predictor_temporal_per_variant.json::causal
POC-2B,causal,lower,raw,peft_lora_encoder,surgical_autorgn_encoder,COMP,COMP,1825,-0.018083,-0.018289,-0.017883,0.018083,0.018289,0.017883,True,0.0,predictor_temporal/predictor_temporal_per_variant.json::causal
POC-2B,causal,lower,raw,peft_lora_encoder,surgical_intervene_wiseft_f30_encoder,COMP,OURS,1825,-0.006959,-0.007316,-0.006584,0.006959,0.007316,0.006584,True,0.0,predictor_temporal/predictor_temporal_per_variant.json::causal
POC-2B,causal,lower,raw,peft_lora_encoder,surgical_intervene_wiseft_f50_encoder,COMP,OURS,1825,-0.016899,-0.017328,-0.01644,0.016899,0.017328,0.01644,True,0.0,predictor_temporal/predictor_temporal_per_variant.json::causal
POC-2B,causal,lower,raw,peft_lora_encoder,surgical_intervene_wiseft_f70_encoder,COMP,OURS,1825,-0.028327,-0.028827,-0.027798,0.028327,0.028827,0.027798,True,0.0,predictor_temporal/predictor_temporal_per_variant.json::causal
POC-2B,causal,lower,raw,peft_lora_encoder,surgical_noDI_encoder,COMP,OURS,1825,0.002825,0.002512,0.003151,-0.002825,-0.002512,-0.003151,True,0.0,predictor_temporal/predictor_temporal_per_variant.json::causal
POC-2B,causal,lower,raw,peft_lora_encoder,surgical_noDI_head,COMP,OURS,1825,-0.025488,-0.026188,-0.024809,0.025488,0.026188,0.024809,True,0.0,predictor_temporal/predictor_temporal_per_variant.json::causal
POC-2B,causal,lower,raw,peft_lora_encoder,frozen,COMP,REF,1825,-0.122323,-0.123078,-0.121453,0.122323,0.123078,0.121453,True,0.0,predictor_temporal/predictor_temporal_per_variant.json::causal
POC-2B,causal,lower,raw,pretrain_encoder,surgery_raw_encoder,COMP,OURS,1825,0.030262,0.02956,0.030971,-0.030262,-0.02956,-0.030971,True,0.0,predictor_temporal/predictor_temporal_per_variant.json::causal
POC-2B,causal,lower,raw,pretrain_encoder,surgical_3stage_DI_diheavy_encoder,COMP,OURS,1825,0.029603,0.028899,0.030334,-0.029603,-0.028899,-0.030334,True,0.0,predictor_temporal/predictor_temporal_per_variant.json::causal
POC-2B,causal,lower,raw,pretrain_encoder,surgical_3stage_DI_encoder,COMP,OURS,1825,0.02809,0.027417,0.028795,-0.02809,-0.027417,-0.028795,True,0.0,predictor_temporal/predictor_temporal_per_variant.json::causal
POC-2B,causal,lower,raw,pretrain_encoder,surgical_3stage_DI_head,COMP,OURS,1825,0.0,0.0,0.0,-0.0,-0.0,-0.0,False,0.2624,predictor_temporal/predictor_temporal_per_variant.json::causal
POC-2B,causal,lower,raw,pretrain_encoder,surgical_3stage_DI_intervene_encoder,COMP,OURS,1825,0.029868,0.029167,0.030599,-0.029868,-0.029167,-0.030599,True,0.0,predictor_temporal/predictor_temporal_per_variant.json::causal
POC-2B,causal,lower,raw,pretrain_encoder,surgical_3stage_DI_replay25_encoder,COMP,OURS,1825,0.027806,0.02712,0.028501,-0.027806,-0.02712,-0.028501,True,0.0,predictor_temporal/predictor_temporal_per_variant.json::causal
POC-2B,causal,lower,raw,pretrain_encoder,surgical_3stage_DI_tccaux_encoder,COMP,OURS,1825,0.029799,0.029071,0.030532,-0.029799,-0.029071,-0.030532,True,0.0,predictor_temporal/predictor_temporal_per_variant.json::causal
POC-2B,causal,lower,raw,pretrain_encoder,surgical_autorgn_encoder,COMP,COMP,1825,0.007405,0.006731,0.008104,-0.007405,-0.006731,-0.008104,True,0.0,predictor_temporal/predictor_temporal_per_variant.json::causal
POC-2B,causal,lower,raw,pretrain_encoder,surgical_intervene_wiseft_f30_encoder,COMP,OURS,1825,0.018529,0.017902,0.019216,-0.018529,-0.017902,-0.019216,True,0.0,predictor_temporal/predictor_temporal_per_variant.json::causal
POC-2B,causal,lower,raw,pretrain_encoder,surgical_intervene_wiseft_f50_encoder,COMP,OURS,1825,0.008589,0.007974,0.009262,-0.008589,-0.007974,-0.009262,True,0.0,predictor_temporal/predictor_temporal_per_variant.json::causal
POC-2B,causal,lower,raw,pretrain_encoder,surgical_intervene_wiseft_f70_encoder,COMP,OURS,1825,-0.002839,-0.003465,-0.002168,0.002839,0.003465,0.002168,True,0.0,predictor_temporal/predictor_temporal_per_variant.json::causal
POC-2B,causal,lower,raw,pretrain_encoder,surgical_noDI_encoder,COMP,OURS,1825,0.028314,0.027616,0.029014,-0.028314,-0.027616,-0.029014,True,0.0,predictor_temporal/predictor_temporal_per_variant.json::causal
POC-2B,causal,lower,raw,pretrain_encoder,surgical_noDI_head,COMP,OURS,1825,0.0,nan,nan,-0.0,nan,nan,False,1.0,predictor_temporal/predictor_temporal_per_variant.json::causal
POC-2B,causal,lower,raw,pretrain_encoder,frozen,COMP,REF,1825,-0.096835,-0.097773,-0.095818,0.096835,0.097773,0.095818,True,0.0,predictor_temporal/predictor_temporal_per_variant.json::causal
POC-2B,causal,lower,raw,surgery_raw_encoder,surgical_3stage_DI_diheavy_encoder,OURS,OURS,1825,-0.00066,-0.000816,-0.000508,0.00066,0.000816,0.000508,True,0.0,predictor_temporal/predictor_temporal_per_variant.json::causal
POC-2B,causal,lower,raw,surgery_raw_encoder,surgical_3stage_DI_encoder,OURS,OURS,1825,-0.002173,-0.00232,-0.002026,0.002173,0.00232,0.002026,True,0.0,predictor_temporal/predictor_temporal_per_variant.json::causal
POC-2B,causal,lower,raw,surgery_raw_encoder,surgical_3stage_DI_head,OURS,OURS,1825,-0.030262,-0.030971,-0.02956,0.030262,0.030971,0.02956,True,0.0,predictor_temporal/predictor_temporal_per_variant.json::causal
POC-2B,causal,lower,raw,surgery_raw_encoder,surgical_3stage_DI_intervene_encoder,OURS,OURS,1825,-0.000394,-0.000518,-0.000266,0.000394,0.000518,0.000266,True,0.0,predictor_temporal/predictor_temporal_per_variant.json::causal
POC-2B,causal,lower,raw,surgery_raw_encoder,surgical_3stage_DI_replay25_encoder,OURS,OURS,1825,-0.002456,-0.002616,-0.002305,0.002456,0.002616,0.002305,True,0.0,predictor_temporal/predictor_temporal_per_variant.json::causal
POC-2B,causal,lower,raw,surgery_raw_encoder,surgical_3stage_DI_tccaux_encoder,OURS,OURS,1825,-0.000463,-0.000625,-0.000312,0.000463,0.000625,0.000312,True,0.0,predictor_temporal/predictor_temporal_per_variant.json::causal
POC-2B,causal,lower,raw,surgery_raw_encoder,surgical_autorgn_encoder,OURS,COMP,1825,-0.022858,-0.023242,-0.02249,0.022858,0.023242,0.02249,True,0.0,predictor_temporal/predictor_temporal_per_variant.json::causal
POC-2B,causal,lower,raw,surgery_raw_encoder,surgical_intervene_wiseft_f30_encoder,OURS,OURS,1825,-0.011733,-0.011971,-0.011474,0.011733,0.011971,0.011474,True,0.0,predictor_temporal/predictor_temporal_per_variant.json::causal
POC-2B,causal,lower,raw,surgery_raw_encoder,surgical_intervene_wiseft_f50_encoder,OURS,OURS,1825,-0.021673,-0.02201,-0.021303,0.021673,0.02201,0.021303,True,0.0,predictor_temporal/predictor_temporal_per_variant.json::causal
POC-2B,causal,lower,raw,surgery_raw_encoder,surgical_intervene_wiseft_f70_encoder,OURS,OURS,1825,-0.033101,-0.033524,-0.032633,0.033101,0.033524,0.032633,True,0.0,predictor_temporal/predictor_temporal_per_variant.json::causal
POC-2B,causal,lower,raw,surgery_raw_encoder,surgical_noDI_encoder,OURS,OURS,1825,-0.001949,-0.00207,-0.001828,0.001949,0.00207,0.001828,True,0.0,predictor_temporal/predictor_temporal_per_variant.json::causal
POC-2B,causal,lower,raw,surgery_raw_encoder,surgical_noDI_head,OURS,OURS,1825,-0.030262,-0.030971,-0.02956,0.030262,0.030971,0.02956,True,0.0,predictor_temporal/predictor_temporal_per_variant.json::causal
POC-2B,causal,lower,raw,surgery_raw_encoder,frozen,OURS,REF,1825,-0.127097,-0.127733,-0.126388,0.127097,0.127733,0.126388,True,0.0,predictor_temporal/predictor_temporal_per_variant.json::causal
POC-2B,causal,lower,raw,surgical_3stage_DI_diheavy_encoder,surgical_3stage_DI_encoder,OURS,OURS,1825,-0.001513,-0.001633,-0.001387,0.001513,0.001633,0.001387,True,0.0,predictor_temporal/predictor_temporal_per_variant.json::causal
POC-2B,causal,lower,raw,surgical_3stage_DI_diheavy_encoder,surgical_3stage_DI_head,OURS,OURS,1825,-0.029603,-0.030334,-0.028899,0.029603,0.030334,0.028899,True,0.0,predictor_temporal/predictor_temporal_per_variant.json::causal
POC-2B,causal,lower,raw,surgical_3stage_DI_diheavy_encoder,surgical_3stage_DI_intervene_encoder,OURS,OURS,1825,0.000266,0.000165,0.000373,-0.000266,-0.000165,-0.000373,True,0.0,predictor_temporal/predictor_temporal_per_variant.json::causal
POC-2B,causal,lower,raw,surgical_3stage_DI_diheavy_encoder,surgical_3stage_DI_replay25_encoder,OURS,OURS,1825,-0.001797,-0.001907,-0.001681,0.001797,0.001907,0.001681,True,0.0,predictor_temporal/predictor_temporal_per_variant.json::causal
POC-2B,causal,lower,raw,surgical_3stage_DI_diheavy_encoder,surgical_3stage_DI_tccaux_encoder,OURS,OURS,1825,0.000196,0.000104,0.000289,-0.000196,-0.000104,-0.000289,True,0.0,predictor_temporal/predictor_temporal_per_variant.json::causal
POC-2B,causal,lower,raw,surgical_3stage_DI_diheavy_encoder,surgical_autorgn_encoder,OURS,COMP,1825,-0.022198,-0.022639,-0.021762,0.022198,0.022639,0.021762,True,0.0,predictor_temporal/predictor_temporal_per_variant.json::causal
POC-2B,causal,lower,raw,surgical_3stage_DI_diheavy_encoder,surgical_intervene_wiseft_f30_encoder,OURS,OURS,1825,-0.011074,-0.01129,-0.01083,0.011074,0.01129,0.01083,True,0.0,predictor_temporal/predictor_temporal_per_variant.json::causal
POC-2B,causal,lower,raw,surgical_3stage_DI_diheavy_encoder,surgical_intervene_wiseft_f50_encoder,OURS,OURS,1825,-0.021014,-0.021338,-0.020657,0.021014,0.021338,0.020657,True,0.0,predictor_temporal/predictor_temporal_per_variant.json::causal
POC-2B,causal,lower,raw,surgical_3stage_DI_diheavy_encoder,surgical_intervene_wiseft_f70_encoder,OURS,OURS,1825,-0.032442,-0.032862,-0.031981,0.032442,0.032862,0.031981,True,0.0,predictor_temporal/predictor_temporal_per_variant.json::causal
POC-2B,causal,lower,raw,surgical_3stage_DI_diheavy_encoder,surgical_noDI_encoder,OURS,OURS,1825,-0.001289,-0.001425,-0.001145,0.001289,0.001425,0.001145,True,0.0,predictor_temporal/predictor_temporal_per_variant.json::causal
POC-2B,causal,lower,raw,surgical_3stage_DI_diheavy_encoder,surgical_noDI_head,OURS,OURS,1825,-0.029603,-0.030334,-0.028899,0.029603,0.030334,0.028899,True,0.0,predictor_temporal/predictor_temporal_per_variant.json::causal
POC-2B,causal,lower,raw,surgical_3stage_DI_diheavy_encoder,frozen,OURS,REF,1825,-0.126438,-0.127072,-0.125739,0.126438,0.127072,0.125739,True,0.0,predictor_temporal/predictor_temporal_per_variant.json::causal
POC-2B,causal,lower,raw,surgical_3stage_DI_encoder,surgical_3stage_DI_head,OURS,OURS,1825,-0.028089,-0.028795,-0.027417,0.028089,0.028795,0.027417,True,0.0,predictor_temporal/predictor_temporal_per_variant.json::causal
POC-2B,causal,lower,raw,surgical_3stage_DI_encoder,surgical_3stage_DI_intervene_encoder,OURS,OURS,1825,0.001779,0.001643,0.001916,-0.001779,-0.001643,-0.001916,True,0.0,predictor_temporal/predictor_temporal_per_variant.json::causal
POC-2B,causal,lower,raw,surgical_3stage_DI_encoder,surgical_3stage_DI_replay25_encoder,OURS,OURS,1825,-0.000284,-0.000378,-0.000194,0.000284,0.000378,0.000194,True,0.0,predictor_temporal/predictor_temporal_per_variant.json::causal
POC-2B,causal,lower,raw,surgical_3stage_DI_encoder,surgical_3stage_DI_tccaux_encoder,OURS,OURS,1825,0.00171,0.001563,0.001848,-0.00171,-0.001563,-0.001848,True,0.0,predictor_temporal/predictor_temporal_per_variant.json::causal
POC-2B,causal,lower,raw,surgical_3stage_DI_encoder,surgical_autorgn_encoder,OURS,COMP,1825,-0.020685,-0.021087,-0.02029,0.020685,0.021087,0.02029,True,0.0,predictor_temporal/predictor_temporal_per_variant.json::causal
POC-2B,causal,lower,raw,surgical_3stage_DI_encoder,surgical_intervene_wiseft_f30_encoder,OURS,OURS,1825,-0.00956,-0.009795,-0.009304,0.00956,0.009795,0.009304,True,0.0,predictor_temporal/predictor_temporal_per_variant.json::causal
POC-2B,causal,lower,raw,surgical_3stage_DI_encoder,surgical_intervene_wiseft_f50_encoder,OURS,OURS,1825,-0.0195,-0.019836,-0.019137,0.0195,0.019836,0.019137,True,0.0,predictor_temporal/predictor_temporal_per_variant.json::causal
POC-2B,causal,lower,raw,surgical_3stage_DI_encoder,surgical_intervene_wiseft_f70_encoder,OURS,OURS,1825,-0.030928,-0.031352,-0.030465,0.030928,0.031352,0.030465,True,0.0,predictor_temporal/predictor_temporal_per_variant.json::causal
POC-2B,causal,lower,raw,surgical_3stage_DI_encoder,surgical_noDI_encoder,OURS,OURS,1825,0.000224,6.2e-05,0.000383,-0.000224,-6.2e-05,-0.000383,True,0.0066,predictor_temporal/predictor_temporal_per_variant.json::causal
POC-2B,causal,lower,raw,surgical_3stage_DI_encoder,surgical_noDI_head,OURS,OURS,1825,-0.02809,-0.028795,-0.027417,0.02809,0.028795,0.027417,True,0.0,predictor_temporal/predictor_temporal_per_variant.json::causal
POC-2B,causal,lower,raw,surgical_3stage_DI_encoder,frozen,OURS,REF,1825,-0.124924,-0.125584,-0.1242,0.124924,0.125584,0.1242,True,0.0,predictor_temporal/predictor_temporal_per_variant.json::causal
POC-2B,causal,lower,raw,surgical_3stage_DI_head,surgical_3stage_DI_intervene_encoder,OURS,OURS,1825,0.029868,0.029167,0.030599,-0.029868,-0.029167,-0.030599,True,0.0,predictor_temporal/predictor_temporal_per_variant.json::causal
POC-2B,causal,lower,raw,surgical_3stage_DI_head,surgical_3stage_DI_replay25_encoder,OURS,OURS,1825,0.027806,0.02712,0.028501,-0.027806,-0.02712,-0.028501,True,0.0,predictor_temporal/predictor_temporal_per_variant.json::causal
POC-2B,causal,lower,raw,surgical_3stage_DI_head,surgical_3stage_DI_tccaux_encoder,OURS,OURS,1825,0.029799,0.029071,0.030532,-0.029799,-0.029071,-0.030532,True,0.0,predictor_temporal/predictor_temporal_per_variant.json::causal
POC-2B,causal,lower,raw,surgical_3stage_DI_head,surgical_autorgn_encoder,OURS,COMP,1825,0.007405,0.006731,0.008104,-0.007405,-0.006731,-0.008104,True,0.0,predictor_temporal/predictor_temporal_per_variant.json::causal
POC-2B,causal,lower,raw,surgical_3stage_DI_head,surgical_intervene_wiseft_f30_encoder,OURS,OURS,1825,0.018529,0.017902,0.019216,-0.018529,-0.017902,-0.019216,True,0.0,predictor_temporal/predictor_temporal_per_variant.json::causal
POC-2B,causal,lower,raw,surgical_3stage_DI_head,surgical_intervene_wiseft_f50_encoder,OURS,OURS,1825,0.008589,0.007974,0.009262,-0.008589,-0.007974,-0.009262,True,0.0,predictor_temporal/predictor_temporal_per_variant.json::causal
POC-2B,causal,lower,raw,surgical_3stage_DI_head,surgical_intervene_wiseft_f70_encoder,OURS,OURS,1825,-0.002839,-0.003465,-0.002168,0.002839,0.003465,0.002168,True,0.0,predictor_temporal/predictor_temporal_per_variant.json::causal
POC-2B,causal,lower,raw,surgical_3stage_DI_head,surgical_noDI_encoder,OURS,OURS,1825,0.028313,0.027616,0.029014,-0.028313,-0.027616,-0.029014,True,0.0,predictor_temporal/predictor_temporal_per_variant.json::causal
POC-2B,causal,lower,raw,surgical_3stage_DI_head,surgical_noDI_head,OURS,OURS,1825,-0.0,-0.0,0.0,0.0,0.0,0.0,False,0.2624,predictor_temporal/predictor_temporal_per_variant.json::causal
POC-2B,causal,lower,raw,surgical_3stage_DI_head,frozen,OURS,REF,1825,-0.096835,-0.097773,-0.095818,0.096835,0.097773,0.095818,True,0.0,predictor_temporal/predictor_temporal_per_variant.json::causal
POC-2B,causal,lower,raw,surgical_3stage_DI_intervene_encoder,surgical_3stage_DI_replay25_encoder,OURS,OURS,1825,-0.002062,-0.002194,-0.001937,0.002062,0.002194,0.001937,True,0.0,predictor_temporal/predictor_temporal_per_variant.json::causal
POC-2B,causal,lower,raw,surgical_3stage_DI_intervene_encoder,surgical_3stage_DI_tccaux_encoder,OURS,OURS,1825,-6.9e-05,-0.000183,4.1e-05,6.9e-05,0.000183,-4.1e-05,True,0.2218,predictor_temporal/predictor_temporal_per_variant.json::causal
POC-2B,causal,lower,raw,surgical_3stage_DI_intervene_encoder,surgical_autorgn_encoder,OURS,COMP,1825,-0.022464,-0.022893,-0.022052,0.022464,0.022893,0.022052,True,0.0,predictor_temporal/predictor_temporal_per_variant.json::causal
POC-2B,causal,lower,raw,surgical_3stage_DI_intervene_encoder,surgical_intervene_wiseft_f30_encoder,OURS,OURS,1825,-0.011339,-0.011537,-0.011123,0.011339,0.011537,0.011123,True,0.0,predictor_temporal/predictor_temporal_per_variant.json::causal
POC-2B,causal,lower,raw,surgical_3stage_DI_intervene_encoder,surgical_intervene_wiseft_f50_encoder,OURS,OURS,1825,-0.021279,-0.02159,-0.02094,0.021279,0.02159,0.02094,True,0.0,predictor_temporal/predictor_temporal_per_variant.json::causal
POC-2B,causal,lower,raw,surgical_3stage_DI_intervene_encoder,surgical_intervene_wiseft_f70_encoder,OURS,OURS,1825,-0.032707,-0.03312,-0.03226,0.032707,0.03312,0.03226,True,0.0,predictor_temporal/predictor_temporal_per_variant.json::causal
POC-2B,causal,lower,raw,surgical_3stage_DI_intervene_encoder,surgical_noDI_encoder,OURS,OURS,1825,-0.001555,-0.001669,-0.001443,0.001555,0.001669,0.001443,True,0.0,predictor_temporal/predictor_temporal_per_variant.json::causal
POC-2B,causal,lower,raw,surgical_3stage_DI_intervene_encoder,surgical_noDI_head,OURS,OURS,1825,-0.029868,-0.030599,-0.029167,0.029868,0.030599,0.029167,True,0.0,predictor_temporal/predictor_temporal_per_variant.json::causal
POC-2B,causal,lower,raw,surgical_3stage_DI_intervene_encoder,frozen,OURS,REF,1825,-0.126703,-0.127331,-0.126007,0.126703,0.127331,0.126007,True,0.0,predictor_temporal/predictor_temporal_per_variant.json::causal
POC-2B,causal,lower,raw,surgical_3stage_DI_replay25_encoder,surgical_3stage_DI_tccaux_encoder,OURS,OURS,1825,0.001993,0.001865,0.002118,-0.001993,-0.001865,-0.002118,True,0.0,predictor_temporal/predictor_temporal_per_variant.json::causal
POC-2B,causal,lower,raw,surgical_3stage_DI_replay25_encoder,surgical_autorgn_encoder,OURS,COMP,1825,-0.020401,-0.02081,-0.020004,0.020401,0.02081,0.020004,True,0.0,predictor_temporal/predictor_temporal_per_variant.json::causal
POC-2B,causal,lower,raw,surgical_3stage_DI_replay25_encoder,surgical_intervene_wiseft_f30_encoder,OURS,OURS,1825,-0.009277,-0.009502,-0.009024,0.009277,0.009502,0.009024,True,0.0,predictor_temporal/predictor_temporal_per_variant.json::causal
POC-2B,causal,lower,raw,surgical_3stage_DI_replay25_encoder,surgical_intervene_wiseft_f50_encoder,OURS,OURS,1825,-0.019217,-0.019542,-0.018849,0.019217,0.019542,0.018849,True,0.0,predictor_temporal/predictor_temporal_per_variant.json::causal
POC-2B,causal,lower,raw,surgical_3stage_DI_replay25_encoder,surgical_intervene_wiseft_f70_encoder,OURS,OURS,1825,-0.030645,-0.031067,-0.030177,0.030645,0.031067,0.030177,True,0.0,predictor_temporal/predictor_temporal_per_variant.json::causal
POC-2B,causal,lower,raw,surgical_3stage_DI_replay25_encoder,surgical_noDI_encoder,OURS,OURS,1825,0.000508,0.000362,0.000654,-0.000508,-0.000362,-0.000654,True,0.0,predictor_temporal/predictor_temporal_per_variant.json::causal
POC-2B,causal,lower,raw,surgical_3stage_DI_replay25_encoder,surgical_noDI_head,OURS,OURS,1825,-0.027806,-0.028501,-0.02712,0.027806,0.028501,0.02712,True,0.0,predictor_temporal/predictor_temporal_per_variant.json::causal
POC-2B,causal,lower,raw,surgical_3stage_DI_replay25_encoder,frozen,OURS,REF,1825,-0.124641,-0.125313,-0.123902,0.124641,0.125313,0.123902,True,0.0,predictor_temporal/predictor_temporal_per_variant.json::causal
POC-2B,causal,lower,raw,surgical_3stage_DI_tccaux_encoder,surgical_autorgn_encoder,OURS,COMP,1825,-0.022394,-0.022834,-0.021956,0.022394,0.022834,0.021956,True,0.0,predictor_temporal/predictor_temporal_per_variant.json::causal
POC-2B,causal,lower,raw,surgical_3stage_DI_tccaux_encoder,surgical_intervene_wiseft_f30_encoder,OURS,OURS,1825,-0.01127,-0.01151,-0.011002,0.01127,0.01151,0.011002,True,0.0,predictor_temporal/predictor_temporal_per_variant.json::causal
POC-2B,causal,lower,raw,surgical_3stage_DI_tccaux_encoder,surgical_intervene_wiseft_f50_encoder,OURS,OURS,1825,-0.02121,-0.021558,-0.020827,0.02121,0.021558,0.020827,True,0.0,predictor_temporal/predictor_temporal_per_variant.json::causal
POC-2B,causal,lower,raw,surgical_3stage_DI_tccaux_encoder,surgical_intervene_wiseft_f70_encoder,OURS,OURS,1825,-0.032638,-0.033086,-0.032158,0.032638,0.033086,0.032158,True,0.0,predictor_temporal/predictor_temporal_per_variant.json::causal
POC-2B,causal,lower,raw,surgical_3stage_DI_tccaux_encoder,surgical_noDI_encoder,OURS,OURS,1825,-0.001486,-0.001615,-0.00135,0.001486,0.001615,0.00135,True,0.0,predictor_temporal/predictor_temporal_per_variant.json::causal
POC-2B,causal,lower,raw,surgical_3stage_DI_tccaux_encoder,surgical_noDI_head,OURS,OURS,1825,-0.029799,-0.030532,-0.029071,0.029799,0.030532,0.029071,True,0.0,predictor_temporal/predictor_temporal_per_variant.json::causal
POC-2B,causal,lower,raw,surgical_3stage_DI_tccaux_encoder,frozen,OURS,REF,1825,-0.126634,-0.127279,-0.125922,0.126634,0.127279,0.125922,True,0.0,predictor_temporal/predictor_temporal_per_variant.json::causal
POC-2B,causal,lower,raw,surgical_autorgn_encoder,surgical_intervene_wiseft_f30_encoder,COMP,OURS,1825,0.011125,0.010688,0.011583,-0.011125,-0.010688,-0.011583,True,0.0,predictor_temporal/predictor_temporal_per_variant.json::causal
POC-2B,causal,lower,raw,surgical_autorgn_encoder,surgical_intervene_wiseft_f50_encoder,COMP,OURS,1825,0.001185,0.000692,0.001698,-0.001185,-0.000692,-0.001698,True,0.0,predictor_temporal/predictor_temporal_per_variant.json::causal
POC-2B,causal,lower,raw,surgical_autorgn_encoder,surgical_intervene_wiseft_f70_encoder,COMP,OURS,1825,-0.010244,-0.010799,-0.009672,0.010244,0.010799,0.009672,True,0.0,predictor_temporal/predictor_temporal_per_variant.json::causal
POC-2B,causal,lower,raw,surgical_autorgn_encoder,surgical_noDI_encoder,COMP,OURS,1825,0.020909,0.020503,0.021327,-0.020909,-0.020503,-0.021327,True,0.0,predictor_temporal/predictor_temporal_per_variant.json::causal
POC-2B,causal,lower,raw,surgical_autorgn_encoder,surgical_noDI_head,COMP,OURS,1825,-0.007405,-0.008104,-0.006731,0.007405,0.008104,0.006731,True,0.0,predictor_temporal/predictor_temporal_per_variant.json::causal
POC-2B,causal,lower,raw,surgical_autorgn_encoder,frozen,COMP,REF,1825,-0.104239,-0.105057,-0.103353,0.104239,0.105057,0.103353,True,0.0,predictor_temporal/predictor_temporal_per_variant.json::causal
POC-2B,causal,lower,raw,surgical_intervene_wiseft_f30_encoder,surgical_intervene_wiseft_f50_encoder,OURS,OURS,1825,-0.00994,-0.010063,-0.009807,0.00994,0.010063,0.009807,True,0.0,predictor_temporal/predictor_temporal_per_variant.json::causal
POC-2B,causal,lower,raw,surgical_intervene_wiseft_f30_encoder,surgical_intervene_wiseft_f70_encoder,OURS,OURS,1825,-0.021368,-0.021602,-0.021122,0.021368,0.021602,0.021122,True,0.0,predictor_temporal/predictor_temporal_per_variant.json::causal
POC-2B,causal,lower,raw,surgical_intervene_wiseft_f30_encoder,surgical_noDI_encoder,OURS,OURS,1825,0.009784,0.009544,0.009995,-0.009784,-0.009544,-0.009995,True,0.0,predictor_temporal/predictor_temporal_per_variant.json::causal
POC-2B,causal,lower,raw,surgical_intervene_wiseft_f30_encoder,surgical_noDI_head,OURS,OURS,1825,-0.018529,-0.019216,-0.017902,0.018529,0.019216,0.017902,True,0.0,predictor_temporal/predictor_temporal_per_variant.json::causal
POC-2B,causal,lower,raw,surgical_intervene_wiseft_f30_encoder,frozen,OURS,REF,1825,-0.115364,-0.11592,-0.114758,0.115364,0.11592,0.114758,True,0.0,predictor_temporal/predictor_temporal_per_variant.json::causal
POC-2B,causal,lower,raw,surgical_intervene_wiseft_f50_encoder,surgical_intervene_wiseft_f70_encoder,OURS,OURS,1825,-0.011428,-0.011542,-0.011308,0.011428,0.011542,0.011308,True,0.0,predictor_temporal/predictor_temporal_per_variant.json::causal
POC-2B,causal,lower,raw,surgical_intervene_wiseft_f50_encoder,surgical_noDI_encoder,OURS,OURS,1825,0.019724,0.019376,0.020039,-0.019724,-0.019376,-0.020039,True,0.0,predictor_temporal/predictor_temporal_per_variant.json::causal
POC-2B,causal,lower,raw,surgical_intervene_wiseft_f50_encoder,surgical_noDI_head,OURS,OURS,1825,-0.008589,-0.009262,-0.007974,0.008589,0.009262,0.007974,True,0.0,predictor_temporal/predictor_temporal_per_variant.json::causal
POC-2B,causal,lower,raw,surgical_intervene_wiseft_f50_encoder,frozen,OURS,REF,1825,-0.105424,-0.105964,-0.104843,0.105424,0.105964,0.104843,True,0.0,predictor_temporal/predictor_temporal_per_variant.json::causal
POC-2B,causal,lower,raw,surgical_intervene_wiseft_f70_encoder,surgical_noDI_encoder,OURS,OURS,1825,0.031152,0.030708,0.031564,-0.031152,-0.030708,-0.031564,True,0.0,predictor_temporal/predictor_temporal_per_variant.json::causal
POC-2B,causal,lower,raw,surgical_intervene_wiseft_f70_encoder,surgical_noDI_head,OURS,OURS,1825,0.002839,0.002168,0.003465,-0.002839,-0.002168,-0.003465,True,0.0,predictor_temporal/predictor_temporal_per_variant.json::causal
POC-2B,causal,lower,raw,surgical_intervene_wiseft_f70_encoder,frozen,OURS,REF,1825,-0.093996,-0.094539,-0.093419,0.093996,0.094539,0.093419,True,0.0,predictor_temporal/predictor_temporal_per_variant.json::causal
POC-2B,causal,lower,raw,surgical_noDI_encoder,surgical_noDI_head,OURS,OURS,1825,-0.028314,-0.029014,-0.027616,0.028314,0.029014,0.027616,True,0.0,predictor_temporal/predictor_temporal_per_variant.json::causal
POC-2B,causal,lower,raw,surgical_noDI_encoder,frozen,OURS,REF,1825,-0.125148,-0.12579,-0.124439,0.125148,0.12579,0.124439,True,0.0,predictor_temporal/predictor_temporal_per_variant.json::causal
POC-2B,causal,lower,raw,surgical_noDI_head,frozen,OURS,REF,1825,-0.096835,-0.097773,-0.095818,0.096835,0.097773,0.095818,True,0.0,predictor_temporal/predictor_temporal_per_variant.json::causal
POC-2B,tdist,lower,raw,frozen,full_ft_encoder,REF,COMP,1825,-0.001375,-0.001589,-0.001176,0.001375,0.001589,0.001176,True,0.0,predictor_temporal/predictor_temporal_per_variant.json::tdist
POC-2B,tdist,lower,raw,frozen,lpft_encoder,REF,COMP,1825,-0.000997,-0.001201,-0.000803,0.000997,0.001201,0.000803,True,0.0,predictor_temporal/predictor_temporal_per_variant.json::tdist
POC-2B,tdist,lower,raw,frozen,peft_dora_encoder,REF,COMP,1825,-0.000449,-0.000658,-0.000248,0.000449,0.000658,0.000248,True,0.0,predictor_temporal/predictor_temporal_per_variant.json::tdist
POC-2B,tdist,lower,raw,frozen,peft_lora_encoder,REF,COMP,1825,-0.000691,-0.000893,-0.000503,0.000691,0.000893,0.000503,True,0.0,predictor_temporal/predictor_temporal_per_variant.json::tdist
POC-2B,tdist,lower,raw,frozen,pretrain_encoder,REF,COMP,1825,0.000487,0.000346,0.000624,-0.000487,-0.000346,-0.000624,True,0.0,predictor_temporal/predictor_temporal_per_variant.json::tdist
POC-2B,tdist,lower,raw,frozen,surgery_raw_encoder,REF,OURS,1825,-0.001504,-0.001669,-0.001344,0.001504,0.001669,0.001344,True,0.0,predictor_temporal/predictor_temporal_per_variant.json::tdist
POC-2B,tdist,lower,raw,frozen,surgical_3stage_DI_diheavy_encoder,REF,OURS,1825,-0.001073,-0.001247,-0.000906,0.001073,0.001247,0.000906,True,0.0,predictor_temporal/predictor_temporal_per_variant.json::tdist
POC-2B,tdist,lower,raw,frozen,surgical_3stage_DI_encoder,REF,OURS,1825,-0.000189,-0.000367,-1.7e-05,0.000189,0.000367,1.7e-05,True,0.035,predictor_temporal/predictor_temporal_per_variant.json::tdist
POC-2B,tdist,lower,raw,frozen,surgical_3stage_DI_head,REF,OURS,1825,0.000487,0.000346,0.000624,-0.000487,-0.000346,-0.000624,True,0.0,predictor_temporal/predictor_temporal_per_variant.json::tdist
POC-2B,tdist,lower,raw,frozen,surgical_3stage_DI_intervene_encoder,REF,OURS,1825,-0.00078,-0.000948,-0.000622,0.00078,0.000948,0.000622,True,0.0,predictor_temporal/predictor_temporal_per_variant.json::tdist
POC-2B,tdist,lower,raw,frozen,surgical_3stage_DI_replay25_encoder,REF,OURS,1825,-0.000689,-0.000866,-0.000524,0.000689,0.000866,0.000524,True,0.0,predictor_temporal/predictor_temporal_per_variant.json::tdist
POC-2B,tdist,lower,raw,frozen,surgical_3stage_DI_tccaux_encoder,REF,OURS,1825,-0.001363,-0.001538,-0.001199,0.001363,0.001538,0.001199,True,0.0,predictor_temporal/predictor_temporal_per_variant.json::tdist
POC-2B,tdist,lower,raw,frozen,surgical_autorgn_encoder,REF,COMP,1825,-0.001516,-0.001716,-0.001322,0.001516,0.001716,0.001322,True,0.0,predictor_temporal/predictor_temporal_per_variant.json::tdist
POC-2B,tdist,lower,raw,frozen,surgical_intervene_wiseft_f30_encoder,REF,OURS,1825,-0.000292,-0.00042,-0.000175,0.000292,0.00042,0.000175,True,0.0,predictor_temporal/predictor_temporal_per_variant.json::tdist
POC-2B,tdist,lower,raw,frozen,surgical_intervene_wiseft_f50_encoder,REF,OURS,1825,-7.8e-05,-0.000179,1.4e-05,7.8e-05,0.000179,-1.4e-05,True,0.1144,predictor_temporal/predictor_temporal_per_variant.json::tdist
POC-2B,tdist,lower,raw,frozen,surgical_intervene_wiseft_f70_encoder,REF,OURS,1825,5.1e-05,-1.7e-05,0.000115,-5.1e-05,1.7e-05,-0.000115,True,0.1242,predictor_temporal/predictor_temporal_per_variant.json::tdist
POC-2B,tdist,lower,raw,frozen,surgical_noDI_encoder,REF,OURS,1825,-0.001459,-0.001626,-0.001301,0.001459,0.001626,0.001301,True,0.0,predictor_temporal/predictor_temporal_per_variant.json::tdist
POC-2B,tdist,lower,raw,frozen,surgical_noDI_head,REF,OURS,1825,0.000487,0.000346,0.000624,-0.000487,-0.000346,-0.000624,True,0.0,predictor_temporal/predictor_temporal_per_variant.json::tdist
POC-2B,tdist,lower,raw,frozen,frozen,REF,REF,1825,-0.000466,-0.0006,-0.000334,0.000466,0.0006,0.000334,True,0.0,predictor_temporal/predictor_temporal_per_variant.json::tdist
POC-2B,tdist,lower,raw,full_ft_encoder,lpft_encoder,COMP,COMP,1825,0.000377,0.000301,0.000453,-0.000377,-0.000301,-0.000453,True,0.0,predictor_temporal/predictor_temporal_per_variant.json::tdist
POC-2B,tdist,lower,raw,full_ft_encoder,peft_dora_encoder,COMP,COMP,1825,0.000926,0.000839,0.001015,-0.000926,-0.000839,-0.001015,True,0.0,predictor_temporal/predictor_temporal_per_variant.json::tdist
POC-2B,tdist,lower,raw,full_ft_encoder,peft_lora_encoder,COMP,COMP,1825,0.000683,0.000607,0.000758,-0.000683,-0.000607,-0.000758,True,0.0,predictor_temporal/predictor_temporal_per_variant.json::tdist
POC-2B,tdist,lower,raw,full_ft_encoder,pretrain_encoder,COMP,COMP,1825,0.001861,0.001721,0.002012,-0.001861,-0.001721,-0.002012,True,0.0,predictor_temporal/predictor_temporal_per_variant.json::tdist
POC-2B,tdist,lower,raw,full_ft_encoder,surgery_raw_encoder,COMP,OURS,1825,-0.00013,-0.000235,-2e-05,0.00013,0.000235,2e-05,True,0.0196,predictor_temporal/predictor_temporal_per_variant.json::tdist
POC-2B,tdist,lower,raw,full_ft_encoder,surgical_3stage_DI_diheavy_encoder,COMP,OURS,1825,0.000302,0.000163,0.000438,-0.000302,-0.000163,-0.000438,True,0.0,predictor_temporal/predictor_temporal_per_variant.json::tdist
POC-2B,tdist,lower,raw,full_ft_encoder,surgical_3stage_DI_encoder,COMP,OURS,1825,0.001186,0.001064,0.001303,-0.001186,-0.001064,-0.001303,True,0.0,predictor_temporal/predictor_temporal_per_variant.json::tdist
POC-2B,tdist,lower,raw,full_ft_encoder,surgical_3stage_DI_head,COMP,OURS,1825,0.001861,0.001721,0.002012,-0.001861,-0.001721,-0.002012,True,0.0,predictor_temporal/predictor_temporal_per_variant.json::tdist
POC-2B,tdist,lower,raw,full_ft_encoder,surgical_3stage_DI_intervene_encoder,COMP,OURS,1825,0.000594,0.000473,0.000715,-0.000594,-0.000473,-0.000715,True,0.0,predictor_temporal/predictor_temporal_per_variant.json::tdist
POC-2B,tdist,lower,raw,full_ft_encoder,surgical_3stage_DI_replay25_encoder,COMP,OURS,1825,0.000685,0.000561,0.000808,-0.000685,-0.000561,-0.000808,True,0.0,predictor_temporal/predictor_temporal_per_variant.json::tdist
POC-2B,tdist,lower,raw,full_ft_encoder,surgical_3stage_DI_tccaux_encoder,COMP,OURS,1825,1.2e-05,-0.000117,0.000142,-1.2e-05,0.000117,-0.000142,True,0.8514,predictor_temporal/predictor_temporal_per_variant.json::tdist
POC-2B,tdist,lower,raw,full_ft_encoder,surgical_autorgn_encoder,COMP,COMP,1825,-0.000141,-0.000213,-6.3e-05,0.000141,0.000213,6.3e-05,True,0.0002,predictor_temporal/predictor_temporal_per_variant.json::tdist
POC-2B,tdist,lower,raw,full_ft_encoder,surgical_intervene_wiseft_f30_encoder,COMP,OURS,1825,0.001082,0.000949,0.001226,-0.001082,-0.000949,-0.001226,True,0.0,predictor_temporal/predictor_temporal_per_variant.json::tdist
POC-2B,tdist,lower,raw,full_ft_encoder,surgical_intervene_wiseft_f50_encoder,COMP,OURS,1825,0.001297,0.001149,0.001462,-0.001297,-0.001149,-0.001462,True,0.0,predictor_temporal/predictor_temporal_per_variant.json::tdist
POC-2B,tdist,lower,raw,full_ft_encoder,surgical_intervene_wiseft_f70_encoder,COMP,OURS,1825,0.001426,0.001259,0.001609,-0.001426,-0.001259,-0.001609,True,0.0,predictor_temporal/predictor_temporal_per_variant.json::tdist
POC-2B,tdist,lower,raw,full_ft_encoder,surgical_noDI_encoder,COMP,OURS,1825,-8.5e-05,-0.000203,3.6e-05,8.5e-05,0.000203,-3.6e-05,True,0.177,predictor_temporal/predictor_temporal_per_variant.json::tdist
POC-2B,tdist,lower,raw,full_ft_encoder,surgical_noDI_head,COMP,OURS,1825,0.001861,0.001721,0.002012,-0.001861,-0.001721,-0.002012,True,0.0,predictor_temporal/predictor_temporal_per_variant.json::tdist
POC-2B,tdist,lower,raw,full_ft_encoder,frozen,COMP,REF,1825,0.000909,0.000671,0.001164,-0.000909,-0.000671,-0.001164,True,0.0,predictor_temporal/predictor_temporal_per_variant.json::tdist
POC-2B,tdist,lower,raw,lpft_encoder,peft_dora_encoder,COMP,COMP,1825,0.000549,0.000485,0.000613,-0.000549,-0.000485,-0.000613,True,0.0,predictor_temporal/predictor_temporal_per_variant.json::tdist
POC-2B,tdist,lower,raw,lpft_encoder,peft_lora_encoder,COMP,COMP,1825,0.000306,0.000236,0.000374,-0.000306,-0.000236,-0.000374,True,0.0,predictor_temporal/predictor_temporal_per_variant.json::tdist
POC-2B,tdist,lower,raw,lpft_encoder,pretrain_encoder,COMP,COMP,1825,0.001484,0.001364,0.001609,-0.001484,-0.001364,-0.001609,True,0.0,predictor_temporal/predictor_temporal_per_variant.json::tdist
POC-2B,tdist,lower,raw,lpft_encoder,surgery_raw_encoder,COMP,OURS,1825,-0.000507,-0.000622,-0.000397,0.000507,0.000622,0.000397,True,0.0,predictor_temporal/predictor_temporal_per_variant.json::tdist
POC-2B,tdist,lower,raw,lpft_encoder,surgical_3stage_DI_diheavy_encoder,COMP,OURS,1825,-7.5e-05,-0.000226,6.9e-05,7.5e-05,0.000226,-6.9e-05,True,0.3108,predictor_temporal/predictor_temporal_per_variant.json::tdist
POC-2B,tdist,lower,raw,lpft_encoder,surgical_3stage_DI_encoder,COMP,OURS,1825,0.000809,0.000678,0.000931,-0.000809,-0.000678,-0.000931,True,0.0,predictor_temporal/predictor_temporal_per_variant.json::tdist
POC-2B,tdist,lower,raw,lpft_encoder,surgical_3stage_DI_head,COMP,OURS,1825,0.001484,0.001364,0.001609,-0.001484,-0.001364,-0.001609,True,0.0,predictor_temporal/predictor_temporal_per_variant.json::tdist
POC-2B,tdist,lower,raw,lpft_encoder,surgical_3stage_DI_intervene_encoder,COMP,OURS,1825,0.000217,8.6e-05,0.000343,-0.000217,-8.6e-05,-0.000343,True,0.001,predictor_temporal/predictor_temporal_per_variant.json::tdist
POC-2B,tdist,lower,raw,lpft_encoder,surgical_3stage_DI_replay25_encoder,COMP,OURS,1825,0.000308,0.000173,0.000434,-0.000308,-0.000173,-0.000434,True,0.0,predictor_temporal/predictor_temporal_per_variant.json::tdist
POC-2B,tdist,lower,raw,lpft_encoder,surgical_3stage_DI_tccaux_encoder,COMP,OURS,1825,-0.000365,-0.00051,-0.000229,0.000365,0.00051,0.000229,True,0.0,predictor_temporal/predictor_temporal_per_variant.json::tdist
POC-2B,tdist,lower,raw,lpft_encoder,surgical_autorgn_encoder,COMP,COMP,1825,-0.000518,-0.000578,-0.00046,0.000518,0.000578,0.00046,True,0.0,predictor_temporal/predictor_temporal_per_variant.json::tdist
POC-2B,tdist,lower,raw,lpft_encoder,surgical_intervene_wiseft_f30_encoder,COMP,OURS,1825,0.000705,0.000562,0.000847,-0.000705,-0.000562,-0.000847,True,0.0,predictor_temporal/predictor_temporal_per_variant.json::tdist
POC-2B,tdist,lower,raw,lpft_encoder,surgical_intervene_wiseft_f50_encoder,COMP,OURS,1825,0.00092,0.000766,0.001081,-0.00092,-0.000766,-0.001081,True,0.0,predictor_temporal/predictor_temporal_per_variant.json::tdist
POC-2B,tdist,lower,raw,lpft_encoder,surgical_intervene_wiseft_f70_encoder,COMP,OURS,1825,0.001048,0.000882,0.001228,-0.001048,-0.000882,-0.001228,True,0.0,predictor_temporal/predictor_temporal_per_variant.json::tdist
POC-2B,tdist,lower,raw,lpft_encoder,surgical_noDI_encoder,COMP,OURS,1825,-0.000462,-0.00059,-0.000334,0.000462,0.00059,0.000334,True,0.0,predictor_temporal/predictor_temporal_per_variant.json::tdist
POC-2B,tdist,lower,raw,lpft_encoder,surgical_noDI_head,COMP,OURS,1825,0.001484,0.001364,0.001609,-0.001484,-0.001364,-0.001609,True,0.0,predictor_temporal/predictor_temporal_per_variant.json::tdist
POC-2B,tdist,lower,raw,lpft_encoder,frozen,COMP,REF,1825,0.000531,0.000287,0.000792,-0.000531,-0.000287,-0.000792,True,0.0,predictor_temporal/predictor_temporal_per_variant.json::tdist
POC-2B,tdist,lower,raw,peft_dora_encoder,peft_lora_encoder,COMP,COMP,1825,-0.000243,-0.000301,-0.000189,0.000243,0.000301,0.000189,True,0.0,predictor_temporal/predictor_temporal_per_variant.json::tdist
POC-2B,tdist,lower,raw,peft_dora_encoder,pretrain_encoder,COMP,COMP,1825,0.000935,0.000806,0.00107,-0.000935,-0.000806,-0.00107,True,0.0,predictor_temporal/predictor_temporal_per_variant.json::tdist
POC-2B,tdist,lower,raw,peft_dora_encoder,surgery_raw_encoder,COMP,OURS,1825,-0.001056,-0.001159,-0.000956,0.001056,0.001159,0.000956,True,0.0,predictor_temporal/predictor_temporal_per_variant.json::tdist
POC-2B,tdist,lower,raw,peft_dora_encoder,surgical_3stage_DI_diheavy_encoder,COMP,OURS,1825,-0.000624,-0.000761,-0.000498,0.000624,0.000761,0.000498,True,0.0,predictor_temporal/predictor_temporal_per_variant.json::tdist
POC-2B,tdist,lower,raw,peft_dora_encoder,surgical_3stage_DI_encoder,COMP,OURS,1825,0.00026,0.000146,0.000366,-0.00026,-0.000146,-0.000366,True,0.0,predictor_temporal/predictor_temporal_per_variant.json::tdist
POC-2B,tdist,lower,raw,peft_dora_encoder,surgical_3stage_DI_head,COMP,OURS,1825,0.000935,0.000806,0.00107,-0.000935,-0.000806,-0.00107,True,0.0,predictor_temporal/predictor_temporal_per_variant.json::tdist
POC-2B,tdist,lower,raw,peft_dora_encoder,surgical_3stage_DI_intervene_encoder,COMP,OURS,1825,-0.000332,-0.000448,-0.000223,0.000332,0.000448,0.000223,True,0.0,predictor_temporal/predictor_temporal_per_variant.json::tdist
POC-2B,tdist,lower,raw,peft_dora_encoder,surgical_3stage_DI_replay25_encoder,COMP,OURS,1825,-0.000241,-0.000359,-0.00013,0.000241,0.000359,0.00013,True,0.0,predictor_temporal/predictor_temporal_per_variant.json::tdist
POC-2B,tdist,lower,raw,peft_dora_encoder,surgical_3stage_DI_tccaux_encoder,COMP,OURS,1825,-0.000914,-0.001043,-0.000793,0.000914,0.001043,0.000793,True,0.0,predictor_temporal/predictor_temporal_per_variant.json::tdist
POC-2B,tdist,lower,raw,peft_dora_encoder,surgical_autorgn_encoder,COMP,COMP,1825,-0.001067,-0.001137,-0.000998,0.001067,0.001137,0.000998,True,0.0,predictor_temporal/predictor_temporal_per_variant.json::tdist
POC-2B,tdist,lower,raw,peft_dora_encoder,surgical_intervene_wiseft_f30_encoder,COMP,OURS,1825,0.000156,2.1e-05,0.000288,-0.000156,-2.1e-05,-0.000288,True,0.0236,predictor_temporal/predictor_temporal_per_variant.json::tdist
POC-2B,tdist,lower,raw,peft_dora_encoder,surgical_intervene_wiseft_f50_encoder,COMP,OURS,1825,0.000371,0.000219,0.000527,-0.000371,-0.000219,-0.000527,True,0.0,predictor_temporal/predictor_temporal_per_variant.json::tdist
POC-2B,tdist,lower,raw,peft_dora_encoder,surgical_intervene_wiseft_f70_encoder,COMP,OURS,1825,0.0005,0.000331,0.000676,-0.0005,-0.000331,-0.000676,True,0.0,predictor_temporal/predictor_temporal_per_variant.json::tdist
POC-2B,tdist,lower,raw,peft_dora_encoder,surgical_noDI_encoder,COMP,OURS,1825,-0.001011,-0.001126,-0.000902,0.001011,0.001126,0.000902,True,0.0,predictor_temporal/predictor_temporal_per_variant.json::tdist
POC-2B,tdist,lower,raw,peft_dora_encoder,surgical_noDI_head,COMP,OURS,1825,0.000935,0.000806,0.00107,-0.000935,-0.000806,-0.00107,True,0.0,predictor_temporal/predictor_temporal_per_variant.json::tdist
POC-2B,tdist,lower,raw,peft_dora_encoder,frozen,COMP,REF,1825,-1.7e-05,-0.000264,0.000241,1.7e-05,0.000264,-0.000241,True,0.878,predictor_temporal/predictor_temporal_per_variant.json::tdist
POC-2B,tdist,lower,raw,peft_lora_encoder,pretrain_encoder,COMP,COMP,1825,0.001178,0.001058,0.001304,-0.001178,-0.001058,-0.001304,True,0.0,predictor_temporal/predictor_temporal_per_variant.json::tdist
POC-2B,tdist,lower,raw,peft_lora_encoder,surgery_raw_encoder,COMP,OURS,1825,-0.000813,-0.000892,-0.000734,0.000813,0.000892,0.000734,True,0.0,predictor_temporal/predictor_temporal_per_variant.json::tdist
POC-2B,tdist,lower,raw,peft_lora_encoder,surgical_3stage_DI_diheavy_encoder,COMP,OURS,1825,-0.000381,-0.000489,-0.000278,0.000381,0.000489,0.000278,True,0.0,predictor_temporal/predictor_temporal_per_variant.json::tdist
POC-2B,tdist,lower,raw,peft_lora_encoder,surgical_3stage_DI_encoder,COMP,OURS,1825,0.000502,0.000416,0.000585,-0.000502,-0.000416,-0.000585,True,0.0,predictor_temporal/predictor_temporal_per_variant.json::tdist
POC-2B,tdist,lower,raw,peft_lora_encoder,surgical_3stage_DI_head,COMP,OURS,1825,0.001178,0.001058,0.001304,-0.001178,-0.001058,-0.001304,True,0.0,predictor_temporal/predictor_temporal_per_variant.json::tdist
POC-2B,tdist,lower,raw,peft_lora_encoder,surgical_3stage_DI_intervene_encoder,COMP,OURS,1825,-8.9e-05,-0.000181,-1e-06,8.9e-05,0.000181,1e-06,True,0.0496,predictor_temporal/predictor_temporal_per_variant.json::tdist
POC-2B,tdist,lower,raw,peft_lora_encoder,surgical_3stage_DI_replay25_encoder,COMP,OURS,1825,2e-06,-8.9e-05,8.9e-05,-2e-06,8.9e-05,-8.9e-05,True,0.959,predictor_temporal/predictor_temporal_per_variant.json::tdist
POC-2B,tdist,lower,raw,peft_lora_encoder,surgical_3stage_DI_tccaux_encoder,COMP,OURS,1825,-0.000671,-0.000773,-0.000574,0.000671,0.000773,0.000574,True,0.0,predictor_temporal/predictor_temporal_per_variant.json::tdist
POC-2B,tdist,lower,raw,peft_lora_encoder,surgical_autorgn_encoder,COMP,COMP,1825,-0.000824,-0.000887,-0.000759,0.000824,0.000887,0.000759,True,0.0,predictor_temporal/predictor_temporal_per_variant.json::tdist
POC-2B,tdist,lower,raw,peft_lora_encoder,surgical_intervene_wiseft_f30_encoder,COMP,OURS,1825,0.000399,0.000287,0.000512,-0.000399,-0.000287,-0.000512,True,0.0,predictor_temporal/predictor_temporal_per_variant.json::tdist
POC-2B,tdist,lower,raw,peft_lora_encoder,surgical_intervene_wiseft_f50_encoder,COMP,OURS,1825,0.000613,0.000483,0.000753,-0.000613,-0.000483,-0.000753,True,0.0,predictor_temporal/predictor_temporal_per_variant.json::tdist
POC-2B,tdist,lower,raw,peft_lora_encoder,surgical_intervene_wiseft_f70_encoder,COMP,OURS,1825,0.000742,0.000592,0.000905,-0.000742,-0.000592,-0.000905,True,0.0,predictor_temporal/predictor_temporal_per_variant.json::tdist
POC-2B,tdist,lower,raw,peft_lora_encoder,surgical_noDI_encoder,COMP,OURS,1825,-0.000768,-0.000862,-0.000676,0.000768,0.000862,0.000676,True,0.0,predictor_temporal/predictor_temporal_per_variant.json::tdist
POC-2B,tdist,lower,raw,peft_lora_encoder,surgical_noDI_head,COMP,OURS,1825,0.001178,0.001058,0.001304,-0.001178,-0.001058,-0.001304,True,0.0,predictor_temporal/predictor_temporal_per_variant.json::tdist
POC-2B,tdist,lower,raw,peft_lora_encoder,frozen,COMP,REF,1825,0.000225,-5e-06,0.000481,-0.000225,5e-06,-0.000481,True,0.0644,predictor_temporal/predictor_temporal_per_variant.json::tdist
POC-2B,tdist,lower,raw,pretrain_encoder,surgery_raw_encoder,COMP,OURS,1825,-0.001991,-0.002109,-0.001885,0.001991,0.002109,0.001885,True,0.0,predictor_temporal/predictor_temporal_per_variant.json::tdist
POC-2B,tdist,lower,raw,pretrain_encoder,surgical_3stage_DI_diheavy_encoder,COMP,OURS,1825,-0.001559,-0.001701,-0.001428,0.001559,0.001701,0.001428,True,0.0,predictor_temporal/predictor_temporal_per_variant.json::tdist
POC-2B,tdist,lower,raw,pretrain_encoder,surgical_3stage_DI_encoder,COMP,OURS,1825,-0.000675,-0.000807,-0.000554,0.000675,0.000807,0.000554,True,0.0,predictor_temporal/predictor_temporal_per_variant.json::tdist
POC-2B,tdist,lower,raw,pretrain_encoder,surgical_3stage_DI_head,COMP,OURS,1825,0.0,nan,nan,-0.0,nan,nan,False,1.0,predictor_temporal/predictor_temporal_per_variant.json::tdist
POC-2B,tdist,lower,raw,pretrain_encoder,surgical_3stage_DI_intervene_encoder,COMP,OURS,1825,-0.001267,-0.001394,-0.001152,0.001267,0.001394,0.001152,True,0.0,predictor_temporal/predictor_temporal_per_variant.json::tdist
POC-2B,tdist,lower,raw,pretrain_encoder,surgical_3stage_DI_replay25_encoder,COMP,OURS,1825,-0.001176,-0.001309,-0.001055,0.001176,0.001309,0.001055,True,0.0,predictor_temporal/predictor_temporal_per_variant.json::tdist
POC-2B,tdist,lower,raw,pretrain_encoder,surgical_3stage_DI_tccaux_encoder,COMP,OURS,1825,-0.001849,-0.001987,-0.001722,0.001849,0.001987,0.001722,True,0.0,predictor_temporal/predictor_temporal_per_variant.json::tdist
POC-2B,tdist,lower,raw,pretrain_encoder,surgical_autorgn_encoder,COMP,COMP,1825,-0.002002,-0.002132,-0.001878,0.002002,0.002132,0.001878,True,0.0,predictor_temporal/predictor_temporal_per_variant.json::tdist
POC-2B,tdist,lower,raw,pretrain_encoder,surgical_intervene_wiseft_f30_encoder,COMP,OURS,1825,-0.000779,-0.000889,-0.000678,0.000779,0.000889,0.000678,True,0.0,predictor_temporal/predictor_temporal_per_variant.json::tdist
POC-2B,tdist,lower,raw,pretrain_encoder,surgical_intervene_wiseft_f50_encoder,COMP,OURS,1825,-0.000564,-0.000676,-0.000461,0.000564,0.000676,0.000461,True,0.0,predictor_temporal/predictor_temporal_per_variant.json::tdist
POC-2B,tdist,lower,raw,pretrain_encoder,surgical_intervene_wiseft_f70_encoder,COMP,OURS,1825,-0.000435,-0.000552,-0.000323,0.000435,0.000552,0.000323,True,0.0,predictor_temporal/predictor_temporal_per_variant.json::tdist
POC-2B,tdist,lower,raw,pretrain_encoder,surgical_noDI_encoder,COMP,OURS,1825,-0.001946,-0.00207,-0.001835,0.001946,0.00207,0.001835,True,0.0,predictor_temporal/predictor_temporal_per_variant.json::tdist
POC-2B,tdist,lower,raw,pretrain_encoder,surgical_noDI_head,COMP,OURS,1825,0.0,nan,nan,-0.0,nan,nan,False,1.0,predictor_temporal/predictor_temporal_per_variant.json::tdist
POC-2B,tdist,lower,raw,pretrain_encoder,frozen,COMP,REF,1825,-0.000952,-0.001158,-0.000742,0.000952,0.001158,0.000742,True,0.0,predictor_temporal/predictor_temporal_per_variant.json::tdist
POC-2B,tdist,lower,raw,surgery_raw_encoder,surgical_3stage_DI_diheavy_encoder,OURS,OURS,1825,0.000432,0.000356,0.000506,-0.000432,-0.000356,-0.000506,True,0.0,predictor_temporal/predictor_temporal_per_variant.json::tdist
POC-2B,tdist,lower,raw,surgery_raw_encoder,surgical_3stage_DI_encoder,OURS,OURS,1825,0.001316,0.001243,0.001383,-0.001316,-0.001243,-0.001383,True,0.0,predictor_temporal/predictor_temporal_per_variant.json::tdist
POC-2B,tdist,lower,raw,surgery_raw_encoder,surgical_3stage_DI_head,OURS,OURS,1825,0.001991,0.001885,0.002109,-0.001991,-0.001885,-0.002109,True,0.0,predictor_temporal/predictor_temporal_per_variant.json::tdist
POC-2B,tdist,lower,raw,surgery_raw_encoder,surgical_3stage_DI_intervene_encoder,OURS,OURS,1825,0.000724,0.000673,0.000771,-0.000724,-0.000673,-0.000771,True,0.0,predictor_temporal/predictor_temporal_per_variant.json::tdist
POC-2B,tdist,lower,raw,surgery_raw_encoder,surgical_3stage_DI_replay25_encoder,OURS,OURS,1825,0.000815,0.000743,0.000884,-0.000815,-0.000743,-0.000884,True,0.0,predictor_temporal/predictor_temporal_per_variant.json::tdist
POC-2B,tdist,lower,raw,surgery_raw_encoder,surgical_3stage_DI_tccaux_encoder,OURS,OURS,1825,0.000142,7.7e-05,0.000204,-0.000142,-7.7e-05,-0.000204,True,0.0002,predictor_temporal/predictor_temporal_per_variant.json::tdist
POC-2B,tdist,lower,raw,surgery_raw_encoder,surgical_autorgn_encoder,OURS,COMP,1825,-1.1e-05,-0.000108,8.7e-05,1.1e-05,0.000108,-8.7e-05,True,0.811,predictor_temporal/predictor_temporal_per_variant.json::tdist
POC-2B,tdist,lower,raw,surgery_raw_encoder,surgical_intervene_wiseft_f30_encoder,OURS,OURS,1825,0.001212,0.001138,0.001287,-0.001212,-0.001138,-0.001287,True,0.0,predictor_temporal/predictor_temporal_per_variant.json::tdist
POC-2B,tdist,lower,raw,surgery_raw_encoder,surgical_intervene_wiseft_f50_encoder,OURS,OURS,1825,0.001427,0.00133,0.001527,-0.001427,-0.00133,-0.001527,True,0.0,predictor_temporal/predictor_temporal_per_variant.json::tdist
POC-2B,tdist,lower,raw,surgery_raw_encoder,surgical_intervene_wiseft_f70_encoder,OURS,OURS,1825,0.001556,0.001437,0.001679,-0.001556,-0.001437,-0.001679,True,0.0,predictor_temporal/predictor_temporal_per_variant.json::tdist
POC-2B,tdist,lower,raw,surgery_raw_encoder,surgical_noDI_encoder,OURS,OURS,1825,4.5e-05,2e-06,8.8e-05,-4.5e-05,-2e-06,-8.8e-05,True,0.0396,predictor_temporal/predictor_temporal_per_variant.json::tdist
POC-2B,tdist,lower,raw,surgery_raw_encoder,surgical_noDI_head,OURS,OURS,1825,0.001991,0.001885,0.002109,-0.001991,-0.001885,-0.002109,True,0.0,predictor_temporal/predictor_temporal_per_variant.json::tdist
POC-2B,tdist,lower,raw,surgery_raw_encoder,frozen,OURS,REF,1825,0.001039,0.000837,0.001254,-0.001039,-0.000837,-0.001254,True,0.0,predictor_temporal/predictor_temporal_per_variant.json::tdist
POC-2B,tdist,lower,raw,surgical_3stage_DI_diheavy_encoder,surgical_3stage_DI_encoder,OURS,OURS,1825,0.000884,0.000827,0.000939,-0.000884,-0.000827,-0.000939,True,0.0,predictor_temporal/predictor_temporal_per_variant.json::tdist
POC-2B,tdist,lower,raw,surgical_3stage_DI_diheavy_encoder,surgical_3stage_DI_head,OURS,OURS,1825,0.001559,0.001428,0.001701,-0.001559,-0.001428,-0.001701,True,0.0,predictor_temporal/predictor_temporal_per_variant.json::tdist
POC-2B,tdist,lower,raw,surgical_3stage_DI_diheavy_encoder,surgical_3stage_DI_intervene_encoder,OURS,OURS,1825,0.000292,0.000236,0.000352,-0.000292,-0.000236,-0.000352,True,0.0,predictor_temporal/predictor_temporal_per_variant.json::tdist
POC-2B,tdist,lower,raw,surgical_3stage_DI_diheavy_encoder,surgical_3stage_DI_replay25_encoder,OURS,OURS,1825,0.000383,0.000338,0.000429,-0.000383,-0.000338,-0.000429,True,0.0,predictor_temporal/predictor_temporal_per_variant.json::tdist
POC-2B,tdist,lower,raw,surgical_3stage_DI_diheavy_encoder,surgical_3stage_DI_tccaux_encoder,OURS,OURS,1825,-0.00029,-0.000329,-0.000249,0.00029,0.000329,0.000249,True,0.0,predictor_temporal/predictor_temporal_per_variant.json::tdist
POC-2B,tdist,lower,raw,surgical_3stage_DI_diheavy_encoder,surgical_autorgn_encoder,OURS,COMP,1825,-0.000443,-0.00057,-0.000311,0.000443,0.00057,0.000311,True,0.0,predictor_temporal/predictor_temporal_per_variant.json::tdist
POC-2B,tdist,lower,raw,surgical_3stage_DI_diheavy_encoder,surgical_intervene_wiseft_f30_encoder,OURS,OURS,1825,0.00078,0.000704,0.000861,-0.00078,-0.000704,-0.000861,True,0.0,predictor_temporal/predictor_temporal_per_variant.json::tdist
POC-2B,tdist,lower,raw,surgical_3stage_DI_diheavy_encoder,surgical_intervene_wiseft_f50_encoder,OURS,OURS,1825,0.000995,0.000898,0.001099,-0.000995,-0.000898,-0.001099,True,0.0,predictor_temporal/predictor_temporal_per_variant.json::tdist
POC-2B,tdist,lower,raw,surgical_3stage_DI_diheavy_encoder,surgical_intervene_wiseft_f70_encoder,OURS,OURS,1825,0.001124,0.001005,0.001252,-0.001124,-0.001005,-0.001252,True,0.0,predictor_temporal/predictor_temporal_per_variant.json::tdist
POC-2B,tdist,lower,raw,surgical_3stage_DI_diheavy_encoder,surgical_noDI_encoder,OURS,OURS,1825,-0.000387,-0.000453,-0.000318,0.000387,0.000453,0.000318,True,0.0,predictor_temporal/predictor_temporal_per_variant.json::tdist
POC-2B,tdist,lower,raw,surgical_3stage_DI_diheavy_encoder,surgical_noDI_head,OURS,OURS,1825,0.001559,0.001428,0.001701,-0.001559,-0.001428,-0.001701,True,0.0,predictor_temporal/predictor_temporal_per_variant.json::tdist
POC-2B,tdist,lower,raw,surgical_3stage_DI_diheavy_encoder,frozen,OURS,REF,1825,0.000607,0.000399,0.000834,-0.000607,-0.000399,-0.000834,True,0.0,predictor_temporal/predictor_temporal_per_variant.json::tdist
POC-2B,tdist,lower,raw,surgical_3stage_DI_encoder,surgical_3stage_DI_head,OURS,OURS,1825,0.000675,0.000554,0.000807,-0.000675,-0.000554,-0.000807,True,0.0,predictor_temporal/predictor_temporal_per_variant.json::tdist
POC-2B,tdist,lower,raw,surgical_3stage_DI_encoder,surgical_3stage_DI_intervene_encoder,OURS,OURS,1825,-0.000592,-0.000644,-0.000537,0.000592,0.000644,0.000537,True,0.0,predictor_temporal/predictor_temporal_per_variant.json::tdist
POC-2B,tdist,lower,raw,surgical_3stage_DI_encoder,surgical_3stage_DI_replay25_encoder,OURS,OURS,1825,-0.000501,-0.000548,-0.000453,0.000501,0.000548,0.000453,True,0.0,predictor_temporal/predictor_temporal_per_variant.json::tdist
POC-2B,tdist,lower,raw,surgical_3stage_DI_encoder,surgical_3stage_DI_tccaux_encoder,OURS,OURS,1825,-0.001174,-0.001232,-0.001116,0.001174,0.001232,0.001116,True,0.0,predictor_temporal/predictor_temporal_per_variant.json::tdist
POC-2B,tdist,lower,raw,surgical_3stage_DI_encoder,surgical_autorgn_encoder,OURS,COMP,1825,-0.001327,-0.00144,-0.001208,0.001327,0.00144,0.001208,True,0.0,predictor_temporal/predictor_temporal_per_variant.json::tdist
POC-2B,tdist,lower,raw,surgical_3stage_DI_encoder,surgical_intervene_wiseft_f30_encoder,OURS,OURS,1825,-0.000103,-0.000178,-2.5e-05,0.000103,0.000178,2.5e-05,True,0.0096,predictor_temporal/predictor_temporal_per_variant.json::tdist
POC-2B,tdist,lower,raw,surgical_3stage_DI_encoder,surgical_intervene_wiseft_f50_encoder,OURS,OURS,1825,0.000111,1.2e-05,0.000215,-0.000111,-1.2e-05,-0.000215,True,0.0298,predictor_temporal/predictor_temporal_per_variant.json::tdist
POC-2B,tdist,lower,raw,surgical_3stage_DI_encoder,surgical_intervene_wiseft_f70_encoder,OURS,OURS,1825,0.00024,0.000115,0.000371,-0.00024,-0.000115,-0.000371,True,0.0,predictor_temporal/predictor_temporal_per_variant.json::tdist
POC-2B,tdist,lower,raw,surgical_3stage_DI_encoder,surgical_noDI_encoder,OURS,OURS,1825,-0.001271,-0.001339,-0.001195,0.001271,0.001339,0.001195,True,0.0,predictor_temporal/predictor_temporal_per_variant.json::tdist
POC-2B,tdist,lower,raw,surgical_3stage_DI_encoder,surgical_noDI_head,OURS,OURS,1825,0.000675,0.000554,0.000807,-0.000675,-0.000554,-0.000807,True,0.0,predictor_temporal/predictor_temporal_per_variant.json::tdist
POC-2B,tdist,lower,raw,surgical_3stage_DI_encoder,frozen,OURS,REF,1825,-0.000277,-0.000494,-4.3e-05,0.000277,0.000494,4.3e-05,True,0.017,predictor_temporal/predictor_temporal_per_variant.json::tdist
POC-2B,tdist,lower,raw,surgical_3stage_DI_head,surgical_3stage_DI_intervene_encoder,OURS,OURS,1825,-0.001267,-0.001394,-0.001152,0.001267,0.001394,0.001152,True,0.0,predictor_temporal/predictor_temporal_per_variant.json::tdist
POC-2B,tdist,lower,raw,surgical_3stage_DI_head,surgical_3stage_DI_replay25_encoder,OURS,OURS,1825,-0.001176,-0.001309,-0.001055,0.001176,0.001309,0.001055,True,0.0,predictor_temporal/predictor_temporal_per_variant.json::tdist
POC-2B,tdist,lower,raw,surgical_3stage_DI_head,surgical_3stage_DI_tccaux_encoder,OURS,OURS,1825,-0.001849,-0.001987,-0.001722,0.001849,0.001987,0.001722,True,0.0,predictor_temporal/predictor_temporal_per_variant.json::tdist
POC-2B,tdist,lower,raw,surgical_3stage_DI_head,surgical_autorgn_encoder,OURS,COMP,1825,-0.002002,-0.002132,-0.001878,0.002002,0.002132,0.001878,True,0.0,predictor_temporal/predictor_temporal_per_variant.json::tdist
POC-2B,tdist,lower,raw,surgical_3stage_DI_head,surgical_intervene_wiseft_f30_encoder,OURS,OURS,1825,-0.000779,-0.000889,-0.000678,0.000779,0.000889,0.000678,True,0.0,predictor_temporal/predictor_temporal_per_variant.json::tdist
POC-2B,tdist,lower,raw,surgical_3stage_DI_head,surgical_intervene_wiseft_f50_encoder,OURS,OURS,1825,-0.000564,-0.000676,-0.000461,0.000564,0.000676,0.000461,True,0.0,predictor_temporal/predictor_temporal_per_variant.json::tdist
POC-2B,tdist,lower,raw,surgical_3stage_DI_head,surgical_intervene_wiseft_f70_encoder,OURS,OURS,1825,-0.000435,-0.000552,-0.000323,0.000435,0.000552,0.000323,True,0.0,predictor_temporal/predictor_temporal_per_variant.json::tdist
POC-2B,tdist,lower,raw,surgical_3stage_DI_head,surgical_noDI_encoder,OURS,OURS,1825,-0.001946,-0.00207,-0.001835,0.001946,0.00207,0.001835,True,0.0,predictor_temporal/predictor_temporal_per_variant.json::tdist
POC-2B,tdist,lower,raw,surgical_3stage_DI_head,surgical_noDI_head,OURS,OURS,1825,0.0,nan,nan,-0.0,nan,nan,False,1.0,predictor_temporal/predictor_temporal_per_variant.json::tdist
POC-2B,tdist,lower,raw,surgical_3stage_DI_head,frozen,OURS,REF,1825,-0.000952,-0.001158,-0.000742,0.000952,0.001158,0.000742,True,0.0,predictor_temporal/predictor_temporal_per_variant.json::tdist
POC-2B,tdist,lower,raw,surgical_3stage_DI_intervene_encoder,surgical_3stage_DI_replay25_encoder,OURS,OURS,1825,9.1e-05,3.3e-05,0.000145,-9.1e-05,-3.3e-05,-0.000145,True,0.0022,predictor_temporal/predictor_temporal_per_variant.json::tdist
POC-2B,tdist,lower,raw,surgical_3stage_DI_intervene_encoder,surgical_3stage_DI_tccaux_encoder,OURS,OURS,1825,-0.000582,-0.000633,-0.000533,0.000582,0.000633,0.000533,True,0.0,predictor_temporal/predictor_temporal_per_variant.json::tdist
POC-2B,tdist,lower,raw,surgical_3stage_DI_intervene_encoder,surgical_autorgn_encoder,OURS,COMP,1825,-0.000735,-0.00085,-0.000618,0.000735,0.00085,0.000618,True,0.0,predictor_temporal/predictor_temporal_per_variant.json::tdist
POC-2B,tdist,lower,raw,surgical_3stage_DI_intervene_encoder,surgical_intervene_wiseft_f30_encoder,OURS,OURS,1825,0.000488,0.000434,0.000546,-0.000488,-0.000434,-0.000546,True,0.0,predictor_temporal/predictor_temporal_per_variant.json::tdist
POC-2B,tdist,lower,raw,surgical_3stage_DI_intervene_encoder,surgical_intervene_wiseft_f50_encoder,OURS,OURS,1825,0.000703,0.000619,0.000791,-0.000703,-0.000619,-0.000791,True,0.0,predictor_temporal/predictor_temporal_per_variant.json::tdist
POC-2B,tdist,lower,raw,surgical_3stage_DI_intervene_encoder,surgical_intervene_wiseft_f70_encoder,OURS,OURS,1825,0.000832,0.000721,0.00095,-0.000832,-0.000721,-0.00095,True,0.0,predictor_temporal/predictor_temporal_per_variant.json::tdist
POC-2B,tdist,lower,raw,surgical_3stage_DI_intervene_encoder,surgical_noDI_encoder,OURS,OURS,1825,-0.000679,-0.000727,-0.000628,0.000679,0.000727,0.000628,True,0.0,predictor_temporal/predictor_temporal_per_variant.json::tdist
POC-2B,tdist,lower,raw,surgical_3stage_DI_intervene_encoder,surgical_noDI_head,OURS,OURS,1825,0.001267,0.001152,0.001394,-0.001267,-0.001152,-0.001394,True,0.0,predictor_temporal/predictor_temporal_per_variant.json::tdist
POC-2B,tdist,lower,raw,surgical_3stage_DI_intervene_encoder,frozen,OURS,REF,1825,0.000314,0.000113,0.000532,-0.000314,-0.000113,-0.000532,True,0.0022,predictor_temporal/predictor_temporal_per_variant.json::tdist
POC-2B,tdist,lower,raw,surgical_3stage_DI_replay25_encoder,surgical_3stage_DI_tccaux_encoder,OURS,OURS,1825,-0.000673,-0.000718,-0.000626,0.000673,0.000718,0.000626,True,0.0,predictor_temporal/predictor_temporal_per_variant.json::tdist
POC-2B,tdist,lower,raw,surgical_3stage_DI_replay25_encoder,surgical_autorgn_encoder,OURS,COMP,1825,-0.000826,-0.000945,-0.000706,0.000826,0.000945,0.000706,True,0.0,predictor_temporal/predictor_temporal_per_variant.json::tdist
POC-2B,tdist,lower,raw,surgical_3stage_DI_replay25_encoder,surgical_intervene_wiseft_f30_encoder,OURS,OURS,1825,0.000397,0.000324,0.000476,-0.000397,-0.000324,-0.000476,True,0.0,predictor_temporal/predictor_temporal_per_variant.json::tdist
POC-2B,tdist,lower,raw,surgical_3stage_DI_replay25_encoder,surgical_intervene_wiseft_f50_encoder,OURS,OURS,1825,0.000612,0.000515,0.000716,-0.000612,-0.000515,-0.000716,True,0.0,predictor_temporal/predictor_temporal_per_variant.json::tdist
POC-2B,tdist,lower,raw,surgical_3stage_DI_replay25_encoder,surgical_intervene_wiseft_f70_encoder,OURS,OURS,1825,0.000741,0.000618,0.000869,-0.000741,-0.000618,-0.000869,True,0.0,predictor_temporal/predictor_temporal_per_variant.json::tdist
POC-2B,tdist,lower,raw,surgical_3stage_DI_replay25_encoder,surgical_noDI_encoder,OURS,OURS,1825,-0.00077,-0.000834,-0.000702,0.00077,0.000834,0.000702,True,0.0,predictor_temporal/predictor_temporal_per_variant.json::tdist
POC-2B,tdist,lower,raw,surgical_3stage_DI_replay25_encoder,surgical_noDI_head,OURS,OURS,1825,0.001176,0.001055,0.001309,-0.001176,-0.001055,-0.001309,True,0.0,predictor_temporal/predictor_temporal_per_variant.json::tdist
POC-2B,tdist,lower,raw,surgical_3stage_DI_replay25_encoder,frozen,OURS,REF,1825,0.000224,1.4e-05,0.000458,-0.000224,-1.4e-05,-0.000458,True,0.0468,predictor_temporal/predictor_temporal_per_variant.json::tdist
POC-2B,tdist,lower,raw,surgical_3stage_DI_tccaux_encoder,surgical_autorgn_encoder,OURS,COMP,1825,-0.000153,-0.000275,-2.7e-05,0.000153,0.000275,2.7e-05,True,0.0164,predictor_temporal/predictor_temporal_per_variant.json::tdist
POC-2B,tdist,lower,raw,surgical_3stage_DI_tccaux_encoder,surgical_intervene_wiseft_f30_encoder,OURS,OURS,1825,0.00107,0.000997,0.001147,-0.00107,-0.000997,-0.001147,True,0.0,predictor_temporal/predictor_temporal_per_variant.json::tdist
POC-2B,tdist,lower,raw,surgical_3stage_DI_tccaux_encoder,surgical_intervene_wiseft_f50_encoder,OURS,OURS,1825,0.001285,0.001189,0.001387,-0.001285,-0.001189,-0.001387,True,0.0,predictor_temporal/predictor_temporal_per_variant.json::tdist
POC-2B,tdist,lower,raw,surgical_3stage_DI_tccaux_encoder,surgical_intervene_wiseft_f70_encoder,OURS,OURS,1825,0.001414,0.001293,0.00154,-0.001414,-0.001293,-0.00154,True,0.0,predictor_temporal/predictor_temporal_per_variant.json::tdist
POC-2B,tdist,lower,raw,surgical_3stage_DI_tccaux_encoder,surgical_noDI_encoder,OURS,OURS,1825,-9.7e-05,-0.000154,-3.7e-05,9.7e-05,0.000154,3.7e-05,True,0.0016,predictor_temporal/predictor_temporal_per_variant.json::tdist
POC-2B,tdist,lower,raw,surgical_3stage_DI_tccaux_encoder,surgical_noDI_head,OURS,OURS,1825,0.001849,0.001722,0.001987,-0.001849,-0.001722,-0.001987,True,0.0,predictor_temporal/predictor_temporal_per_variant.json::tdist
POC-2B,tdist,lower,raw,surgical_3stage_DI_tccaux_encoder,frozen,OURS,REF,1825,0.000897,0.000688,0.001122,-0.000897,-0.000688,-0.001122,True,0.0,predictor_temporal/predictor_temporal_per_variant.json::tdist
POC-2B,tdist,lower,raw,surgical_autorgn_encoder,surgical_intervene_wiseft_f30_encoder,COMP,OURS,1825,0.001223,0.001093,0.001354,-0.001223,-0.001093,-0.001354,True,0.0,predictor_temporal/predictor_temporal_per_variant.json::tdist
POC-2B,tdist,lower,raw,surgical_autorgn_encoder,surgical_intervene_wiseft_f50_encoder,COMP,OURS,1825,0.001438,0.001292,0.001591,-0.001438,-0.001292,-0.001591,True,0.0,predictor_temporal/predictor_temporal_per_variant.json::tdist
POC-2B,tdist,lower,raw,surgical_autorgn_encoder,surgical_intervene_wiseft_f70_encoder,COMP,OURS,1825,0.001567,0.001405,0.001739,-0.001567,-0.001405,-0.001739,True,0.0,predictor_temporal/predictor_temporal_per_variant.json::tdist
POC-2B,tdist,lower,raw,surgical_autorgn_encoder,surgical_noDI_encoder,COMP,OURS,1825,5.6e-05,-5.3e-05,0.000162,-5.6e-05,5.3e-05,-0.000162,True,0.2984,predictor_temporal/predictor_temporal_per_variant.json::tdist
POC-2B,tdist,lower,raw,surgical_autorgn_encoder,surgical_noDI_head,COMP,OURS,1825,0.002002,0.001878,0.002132,-0.002002,-0.001878,-0.002132,True,0.0,predictor_temporal/predictor_temporal_per_variant.json::tdist
POC-2B,tdist,lower,raw,surgical_autorgn_encoder,frozen,COMP,REF,1825,0.00105,0.000812,0.001304,-0.00105,-0.000812,-0.001304,True,0.0,predictor_temporal/predictor_temporal_per_variant.json::tdist
POC-2B,tdist,lower,raw,surgical_intervene_wiseft_f30_encoder,surgical_intervene_wiseft_f50_encoder,OURS,OURS,1825,0.000214,0.000181,0.00025,-0.000214,-0.000181,-0.00025,True,0.0,predictor_temporal/predictor_temporal_per_variant.json::tdist
POC-2B,tdist,lower,raw,surgical_intervene_wiseft_f30_encoder,surgical_intervene_wiseft_f70_encoder,OURS,OURS,1825,0.000343,0.000279,0.000413,-0.000343,-0.000279,-0.000413,True,0.0,predictor_temporal/predictor_temporal_per_variant.json::tdist
POC-2B,tdist,lower,raw,surgical_intervene_wiseft_f30_encoder,surgical_noDI_encoder,OURS,OURS,1825,-0.001167,-0.001238,-0.001097,0.001167,0.001238,0.001097,True,0.0,predictor_temporal/predictor_temporal_per_variant.json::tdist
POC-2B,tdist,lower,raw,surgical_intervene_wiseft_f30_encoder,surgical_noDI_head,OURS,OURS,1825,0.000779,0.000678,0.000889,-0.000779,-0.000678,-0.000889,True,0.0,predictor_temporal/predictor_temporal_per_variant.json::tdist
POC-2B,tdist,lower,raw,surgical_intervene_wiseft_f30_encoder,frozen,OURS,REF,1825,-0.000174,-0.000345,1.6e-05,0.000174,0.000345,-1.6e-05,True,0.0582,predictor_temporal/predictor_temporal_per_variant.json::tdist
POC-2B,tdist,lower,raw,surgical_intervene_wiseft_f50_encoder,surgical_intervene_wiseft_f70_encoder,OURS,OURS,1825,0.000129,9.5e-05,0.000165,-0.000129,-9.5e-05,-0.000165,True,0.0,predictor_temporal/predictor_temporal_per_variant.json::tdist
POC-2B,tdist,lower,raw,surgical_intervene_wiseft_f50_encoder,surgical_noDI_encoder,OURS,OURS,1825,-0.001382,-0.001476,-0.001287,0.001382,0.001476,0.001287,True,0.0,predictor_temporal/predictor_temporal_per_variant.json::tdist
POC-2B,tdist,lower,raw,surgical_intervene_wiseft_f50_encoder,surgical_noDI_head,OURS,OURS,1825,0.000564,0.000461,0.000676,-0.000564,-0.000461,-0.000676,True,0.0,predictor_temporal/predictor_temporal_per_variant.json::tdist
POC-2B,tdist,lower,raw,surgical_intervene_wiseft_f50_encoder,frozen,OURS,REF,1825,-0.000388,-0.000543,-0.000222,0.000388,0.000543,0.000222,True,0.0,predictor_temporal/predictor_temporal_per_variant.json::tdist
POC-2B,tdist,lower,raw,surgical_intervene_wiseft_f70_encoder,surgical_noDI_encoder,OURS,OURS,1825,-0.001511,-0.001628,-0.001394,0.001511,0.001628,0.001394,True,0.0,predictor_temporal/predictor_temporal_per_variant.json::tdist
POC-2B,tdist,lower,raw,surgical_intervene_wiseft_f70_encoder,surgical_noDI_head,OURS,OURS,1825,0.000435,0.000323,0.000552,-0.000435,-0.000323,-0.000552,True,0.0,predictor_temporal/predictor_temporal_per_variant.json::tdist
POC-2B,tdist,lower,raw,surgical_intervene_wiseft_f70_encoder,frozen,OURS,REF,1825,-0.000517,-0.000659,-0.000371,0.000517,0.000659,0.000371,True,0.0,predictor_temporal/predictor_temporal_per_variant.json::tdist
POC-2B,tdist,lower,raw,surgical_noDI_encoder,surgical_noDI_head,OURS,OURS,1825,0.001946,0.001835,0.00207,-0.001946,-0.001835,-0.00207,True,0.0,predictor_temporal/predictor_temporal_per_variant.json::tdist
POC-2B,tdist,lower,raw,surgical_noDI_encoder,frozen,OURS,REF,1825,0.000993,0.000791,0.001213,-0.000993,-0.000791,-0.001213,True,0.0,predictor_temporal/predictor_temporal_per_variant.json::tdist
POC-2B,tdist,lower,raw,surgical_noDI_head,frozen,OURS,REF,1825,-0.000952,-0.001158,-0.000742,0.000952,0.001158,0.000742,True,0.0,predictor_temporal/predictor_temporal_per_variant.json::tdist
POC-2B,teacher_free,lower,raw,frozen,full_ft_encoder,REF,COMP,1825,-0.003674,-0.00408,-0.003266,0.003674,0.00408,0.003266,True,0.0,predictor_temporal/predictor_temporal_per_variant.json::teacher_free
POC-2B,teacher_free,lower,raw,frozen,lpft_encoder,REF,COMP,1825,-0.002105,-0.002561,-0.001674,0.002105,0.002561,0.001674,True,0.0,predictor_temporal/predictor_temporal_per_variant.json::teacher_free
POC-2B,teacher_free,lower,raw,frozen,peft_dora_encoder,REF,COMP,1825,-0.005752,-0.006381,-0.005173,0.005752,0.006381,0.005173,True,0.0,predictor_temporal/predictor_temporal_per_variant.json::teacher_free
POC-2B,teacher_free,lower,raw,frozen,peft_lora_encoder,REF,COMP,1825,0.00044,-2.7e-05,0.00088,-0.00044,2.7e-05,-0.00088,True,0.0604,predictor_temporal/predictor_temporal_per_variant.json::teacher_free
POC-2B,teacher_free,lower,raw,frozen,pretrain_encoder,REF,COMP,1825,0.007939,0.007696,0.008182,-0.007939,-0.007696,-0.008182,True,0.0,predictor_temporal/predictor_temporal_per_variant.json::teacher_free
POC-2B,teacher_free,lower,raw,frozen,surgery_raw_encoder,REF,OURS,1825,0.001053,0.00057,0.001528,-0.001053,-0.00057,-0.001528,True,0.0,predictor_temporal/predictor_temporal_per_variant.json::teacher_free
POC-2B,teacher_free,lower,raw,frozen,surgical_3stage_DI_diheavy_encoder,REF,OURS,1825,-0.002215,-0.002689,-0.001737,0.002215,0.002689,0.001737,True,0.0,predictor_temporal/predictor_temporal_per_variant.json::teacher_free
POC-2B,teacher_free,lower,raw,frozen,surgical_3stage_DI_encoder,REF,OURS,1825,0.000251,-0.000227,0.000693,-0.000251,0.000227,-0.000693,True,0.2784,predictor_temporal/predictor_temporal_per_variant.json::teacher_free
POC-2B,teacher_free,lower,raw,frozen,surgical_3stage_DI_head,REF,OURS,1825,0.007939,0.007696,0.008182,-0.007939,-0.007696,-0.008182,True,0.0,predictor_temporal/predictor_temporal_per_variant.json::teacher_free
POC-2B,teacher_free,lower,raw,frozen,surgical_3stage_DI_intervene_encoder,REF,OURS,1825,-0.000868,-0.001339,-0.000422,0.000868,0.001339,0.000422,True,0.0,predictor_temporal/predictor_temporal_per_variant.json::teacher_free
POC-2B,teacher_free,lower,raw,frozen,surgical_3stage_DI_replay25_encoder,REF,OURS,1825,-0.001542,-0.002002,-0.001096,0.001542,0.002002,0.001096,True,0.0,predictor_temporal/predictor_temporal_per_variant.json::teacher_free
POC-2B,teacher_free,lower,raw,frozen,surgical_3stage_DI_tccaux_encoder,REF,OURS,1825,-0.00616,-0.006682,-0.005659,0.00616,0.006682,0.005659,True,0.0,predictor_temporal/predictor_temporal_per_variant.json::teacher_free
POC-2B,teacher_free,lower,raw,frozen,surgical_autorgn_encoder,REF,COMP,1825,-0.001806,-0.002303,-0.00135,0.001806,0.002303,0.00135,True,0.0,predictor_temporal/predictor_temporal_per_variant.json::teacher_free
POC-2B,teacher_free,lower,raw,frozen,surgical_intervene_wiseft_f30_encoder,REF,OURS,1825,0.001544,0.001244,0.001834,-0.001544,-0.001244,-0.001834,True,0.0,predictor_temporal/predictor_temporal_per_variant.json::teacher_free
POC-2B,teacher_free,lower,raw,frozen,surgical_intervene_wiseft_f50_encoder,REF,OURS,1825,0.002014,0.001783,0.002242,-0.002014,-0.001783,-0.002242,True,0.0,predictor_temporal/predictor_temporal_per_variant.json::teacher_free
POC-2B,teacher_free,lower,raw,frozen,surgical_intervene_wiseft_f70_encoder,REF,OURS,1825,0.002774,0.002607,0.002941,-0.002774,-0.002607,-0.002941,True,0.0,predictor_temporal/predictor_temporal_per_variant.json::teacher_free
POC-2B,teacher_free,lower,raw,frozen,surgical_noDI_encoder,REF,OURS,1825,-0.006348,-0.006917,-0.005803,0.006348,0.006917,0.005803,True,0.0,predictor_temporal/predictor_temporal_per_variant.json::teacher_free
POC-2B,teacher_free,lower,raw,frozen,surgical_noDI_head,REF,OURS,1825,0.007939,0.007696,0.008182,-0.007939,-0.007696,-0.008182,True,0.0,predictor_temporal/predictor_temporal_per_variant.json::teacher_free
POC-2B,teacher_free,lower,raw,frozen,frozen,REF,REF,1825,0.001639,0.001426,0.001836,-0.001639,-0.001426,-0.001836,True,0.0,predictor_temporal/predictor_temporal_per_variant.json::teacher_free
POC-2B,teacher_free,lower,raw,full_ft_encoder,lpft_encoder,COMP,COMP,1825,0.001569,0.00124,0.001886,-0.001569,-0.00124,-0.001886,True,0.0,predictor_temporal/predictor_temporal_per_variant.json::teacher_free
POC-2B,teacher_free,lower,raw,full_ft_encoder,peft_dora_encoder,COMP,COMP,1825,-0.002078,-0.00266,-0.001514,0.002078,0.00266,0.001514,True,0.0,predictor_temporal/predictor_temporal_per_variant.json::teacher_free
POC-2B,teacher_free,lower,raw,full_ft_encoder,peft_lora_encoder,COMP,COMP,1825,0.004114,0.003773,0.004461,-0.004114,-0.003773,-0.004461,True,0.0,predictor_temporal/predictor_temporal_per_variant.json::teacher_free
POC-2B,teacher_free,lower,raw,full_ft_encoder,pretrain_encoder,COMP,COMP,1825,0.011613,0.011236,0.011991,-0.011613,-0.011236,-0.011991,True,0.0,predictor_temporal/predictor_temporal_per_variant.json::teacher_free
POC-2B,teacher_free,lower,raw,full_ft_encoder,surgery_raw_encoder,COMP,OURS,1825,0.004727,0.004248,0.005194,-0.004727,-0.004248,-0.005194,True,0.0,predictor_temporal/predictor_temporal_per_variant.json::teacher_free
POC-2B,teacher_free,lower,raw,full_ft_encoder,surgical_3stage_DI_diheavy_encoder,COMP,OURS,1825,0.001459,0.000932,0.001964,-0.001459,-0.000932,-0.001964,True,0.0,predictor_temporal/predictor_temporal_per_variant.json::teacher_free
POC-2B,teacher_free,lower,raw,full_ft_encoder,surgical_3stage_DI_encoder,COMP,OURS,1825,0.003925,0.003476,0.004354,-0.003925,-0.003476,-0.004354,True,0.0,predictor_temporal/predictor_temporal_per_variant.json::teacher_free
POC-2B,teacher_free,lower,raw,full_ft_encoder,surgical_3stage_DI_head,COMP,OURS,1825,0.011613,0.011236,0.011991,-0.011613,-0.011236,-0.011991,True,0.0,predictor_temporal/predictor_temporal_per_variant.json::teacher_free
POC-2B,teacher_free,lower,raw,full_ft_encoder,surgical_3stage_DI_intervene_encoder,COMP,OURS,1825,0.002806,0.00233,0.003267,-0.002806,-0.00233,-0.003267,True,0.0,predictor_temporal/predictor_temporal_per_variant.json::teacher_free
POC-2B,teacher_free,lower,raw,full_ft_encoder,surgical_3stage_DI_replay25_encoder,COMP,OURS,1825,0.002132,0.001659,0.002591,-0.002132,-0.001659,-0.002591,True,0.0,predictor_temporal/predictor_temporal_per_variant.json::teacher_free
POC-2B,teacher_free,lower,raw,full_ft_encoder,surgical_3stage_DI_tccaux_encoder,COMP,OURS,1825,-0.002486,-0.003029,-0.001953,0.002486,0.003029,0.001953,True,0.0,predictor_temporal/predictor_temporal_per_variant.json::teacher_free
POC-2B,teacher_free,lower,raw,full_ft_encoder,surgical_autorgn_encoder,COMP,COMP,1825,0.001869,0.001495,0.002221,-0.001869,-0.001495,-0.002221,True,0.0,predictor_temporal/predictor_temporal_per_variant.json::teacher_free
POC-2B,teacher_free,lower,raw,full_ft_encoder,surgical_intervene_wiseft_f30_encoder,COMP,OURS,1825,0.005218,0.004838,0.0056,-0.005218,-0.004838,-0.0056,True,0.0,predictor_temporal/predictor_temporal_per_variant.json::teacher_free
POC-2B,teacher_free,lower,raw,full_ft_encoder,surgical_intervene_wiseft_f50_encoder,COMP,OURS,1825,0.005688,0.005305,0.006065,-0.005688,-0.005305,-0.006065,True,0.0,predictor_temporal/predictor_temporal_per_variant.json::teacher_free
POC-2B,teacher_free,lower,raw,full_ft_encoder,surgical_intervene_wiseft_f70_encoder,COMP,OURS,1825,0.006448,0.006062,0.006824,-0.006448,-0.006062,-0.006824,True,0.0,predictor_temporal/predictor_temporal_per_variant.json::teacher_free
POC-2B,teacher_free,lower,raw,full_ft_encoder,surgical_noDI_encoder,COMP,OURS,1825,-0.002674,-0.003282,-0.002095,0.002674,0.003282,0.002095,True,0.0,predictor_temporal/predictor_temporal_per_variant.json::teacher_free
POC-2B,teacher_free,lower,raw,full_ft_encoder,surgical_noDI_head,COMP,OURS,1825,0.011613,0.011236,0.011991,-0.011613,-0.011236,-0.011991,True,0.0,predictor_temporal/predictor_temporal_per_variant.json::teacher_free
POC-2B,teacher_free,lower,raw,full_ft_encoder,frozen,COMP,REF,1825,0.005313,0.004871,0.00574,-0.005313,-0.004871,-0.00574,True,0.0,predictor_temporal/predictor_temporal_per_variant.json::teacher_free
POC-2B,teacher_free,lower,raw,lpft_encoder,peft_dora_encoder,COMP,COMP,1825,-0.003647,-0.004021,-0.003289,0.003647,0.004021,0.003289,True,0.0,predictor_temporal/predictor_temporal_per_variant.json::teacher_free
POC-2B,teacher_free,lower,raw,lpft_encoder,peft_lora_encoder,COMP,COMP,1825,0.002545,0.00225,0.002848,-0.002545,-0.00225,-0.002848,True,0.0,predictor_temporal/predictor_temporal_per_variant.json::teacher_free
POC-2B,teacher_free,lower,raw,lpft_encoder,pretrain_encoder,COMP,COMP,1825,0.010044,0.009663,0.010451,-0.010044,-0.009663,-0.010451,True,0.0,predictor_temporal/predictor_temporal_per_variant.json::teacher_free
POC-2B,teacher_free,lower,raw,lpft_encoder,surgery_raw_encoder,COMP,OURS,1825,0.003158,0.002701,0.003612,-0.003158,-0.002701,-0.003612,True,0.0,predictor_temporal/predictor_temporal_per_variant.json::teacher_free
POC-2B,teacher_free,lower,raw,lpft_encoder,surgical_3stage_DI_diheavy_encoder,COMP,OURS,1825,-0.00011,-0.000591,0.000381,0.00011,0.000591,-0.000381,True,0.6696,predictor_temporal/predictor_temporal_per_variant.json::teacher_free
POC-2B,teacher_free,lower,raw,lpft_encoder,surgical_3stage_DI_encoder,COMP,OURS,1825,0.002356,0.00195,0.00278,-0.002356,-0.00195,-0.00278,True,0.0,predictor_temporal/predictor_temporal_per_variant.json::teacher_free
POC-2B,teacher_free,lower,raw,lpft_encoder,surgical_3stage_DI_head,COMP,OURS,1825,0.010044,0.009663,0.010451,-0.010044,-0.009663,-0.010451,True,0.0,predictor_temporal/predictor_temporal_per_variant.json::teacher_free
POC-2B,teacher_free,lower,raw,lpft_encoder,surgical_3stage_DI_intervene_encoder,COMP,OURS,1825,0.001237,0.000829,0.001642,-0.001237,-0.000829,-0.001642,True,0.0,predictor_temporal/predictor_temporal_per_variant.json::teacher_free
POC-2B,teacher_free,lower,raw,lpft_encoder,surgical_3stage_DI_replay25_encoder,COMP,OURS,1825,0.000563,0.000142,0.00099,-0.000563,-0.000142,-0.00099,True,0.0074,predictor_temporal/predictor_temporal_per_variant.json::teacher_free
POC-2B,teacher_free,lower,raw,lpft_encoder,surgical_3stage_DI_tccaux_encoder,COMP,OURS,1825,-0.004055,-0.004506,-0.003614,0.004055,0.004506,0.003614,True,0.0,predictor_temporal/predictor_temporal_per_variant.json::teacher_free
POC-2B,teacher_free,lower,raw,lpft_encoder,surgical_autorgn_encoder,COMP,COMP,1825,0.0003,7e-05,0.000534,-0.0003,-7e-05,-0.000534,True,0.0118,predictor_temporal/predictor_temporal_per_variant.json::teacher_free
POC-2B,teacher_free,lower,raw,lpft_encoder,surgical_intervene_wiseft_f30_encoder,COMP,OURS,1825,0.003649,0.003293,0.004027,-0.003649,-0.003293,-0.004027,True,0.0,predictor_temporal/predictor_temporal_per_variant.json::teacher_free
POC-2B,teacher_free,lower,raw,lpft_encoder,surgical_intervene_wiseft_f50_encoder,COMP,OURS,1825,0.004119,0.003749,0.0045,-0.004119,-0.003749,-0.0045,True,0.0,predictor_temporal/predictor_temporal_per_variant.json::teacher_free
POC-2B,teacher_free,lower,raw,lpft_encoder,surgical_intervene_wiseft_f70_encoder,COMP,OURS,1825,0.004879,0.004499,0.00528,-0.004879,-0.004499,-0.00528,True,0.0,predictor_temporal/predictor_temporal_per_variant.json::teacher_free
POC-2B,teacher_free,lower,raw,lpft_encoder,surgical_noDI_encoder,COMP,OURS,1825,-0.004243,-0.004765,-0.003729,0.004243,0.004765,0.003729,True,0.0,predictor_temporal/predictor_temporal_per_variant.json::teacher_free
POC-2B,teacher_free,lower,raw,lpft_encoder,surgical_noDI_head,COMP,OURS,1825,0.010044,0.009663,0.010451,-0.010044,-0.009663,-0.010451,True,0.0,predictor_temporal/predictor_temporal_per_variant.json::teacher_free
POC-2B,teacher_free,lower,raw,lpft_encoder,frozen,COMP,REF,1825,0.003744,0.003307,0.00419,-0.003744,-0.003307,-0.00419,True,0.0,predictor_temporal/predictor_temporal_per_variant.json::teacher_free
POC-2B,teacher_free,lower,raw,peft_dora_encoder,peft_lora_encoder,COMP,COMP,1825,0.006192,0.005817,0.006579,-0.006192,-0.005817,-0.006579,True,0.0,predictor_temporal/predictor_temporal_per_variant.json::teacher_free
POC-2B,teacher_free,lower,raw,peft_dora_encoder,pretrain_encoder,COMP,COMP,1825,0.013691,0.01315,0.014264,-0.013691,-0.01315,-0.014264,True,0.0,predictor_temporal/predictor_temporal_per_variant.json::teacher_free
POC-2B,teacher_free,lower,raw,peft_dora_encoder,surgery_raw_encoder,COMP,OURS,1825,0.006805,0.006327,0.007296,-0.006805,-0.006327,-0.007296,True,0.0,predictor_temporal/predictor_temporal_per_variant.json::teacher_free
POC-2B,teacher_free,lower,raw,peft_dora_encoder,surgical_3stage_DI_diheavy_encoder,COMP,OURS,1825,0.003537,0.003051,0.004053,-0.003537,-0.003051,-0.004053,True,0.0,predictor_temporal/predictor_temporal_per_variant.json::teacher_free
POC-2B,teacher_free,lower,raw,peft_dora_encoder,surgical_3stage_DI_encoder,COMP,OURS,1825,0.006003,0.005505,0.006527,-0.006003,-0.005505,-0.006527,True,0.0,predictor_temporal/predictor_temporal_per_variant.json::teacher_free
POC-2B,teacher_free,lower,raw,peft_dora_encoder,surgical_3stage_DI_head,COMP,OURS,1825,0.013691,0.01315,0.014264,-0.013691,-0.01315,-0.014264,True,0.0,predictor_temporal/predictor_temporal_per_variant.json::teacher_free
POC-2B,teacher_free,lower,raw,peft_dora_encoder,surgical_3stage_DI_intervene_encoder,COMP,OURS,1825,0.004884,0.004465,0.005325,-0.004884,-0.004465,-0.005325,True,0.0,predictor_temporal/predictor_temporal_per_variant.json::teacher_free
POC-2B,teacher_free,lower,raw,peft_dora_encoder,surgical_3stage_DI_replay25_encoder,COMP,OURS,1825,0.00421,0.00374,0.004704,-0.00421,-0.00374,-0.004704,True,0.0,predictor_temporal/predictor_temporal_per_variant.json::teacher_free
POC-2B,teacher_free,lower,raw,peft_dora_encoder,surgical_3stage_DI_tccaux_encoder,COMP,OURS,1825,-0.000408,-0.000832,2.7e-05,0.000408,0.000832,-2.7e-05,True,0.0644,predictor_temporal/predictor_temporal_per_variant.json::teacher_free
POC-2B,teacher_free,lower,raw,peft_dora_encoder,surgical_autorgn_encoder,COMP,COMP,1825,0.003947,0.003636,0.004268,-0.003947,-0.003636,-0.004268,True,0.0,predictor_temporal/predictor_temporal_per_variant.json::teacher_free
POC-2B,teacher_free,lower,raw,peft_dora_encoder,surgical_intervene_wiseft_f30_encoder,COMP,OURS,1825,0.007296,0.006819,0.007808,-0.007296,-0.006819,-0.007808,True,0.0,predictor_temporal/predictor_temporal_per_variant.json::teacher_free
POC-2B,teacher_free,lower,raw,peft_dora_encoder,surgical_intervene_wiseft_f50_encoder,COMP,OURS,1825,0.007766,0.007251,0.008309,-0.007766,-0.007251,-0.008309,True,0.0,predictor_temporal/predictor_temporal_per_variant.json::teacher_free
POC-2B,teacher_free,lower,raw,peft_dora_encoder,surgical_intervene_wiseft_f70_encoder,COMP,OURS,1825,0.008527,0.007992,0.009095,-0.008527,-0.007992,-0.009095,True,0.0,predictor_temporal/predictor_temporal_per_variant.json::teacher_free
POC-2B,teacher_free,lower,raw,peft_dora_encoder,surgical_noDI_encoder,COMP,OURS,1825,-0.000596,-0.001043,-0.000113,0.000596,0.001043,0.000113,True,0.01,predictor_temporal/predictor_temporal_per_variant.json::teacher_free
POC-2B,teacher_free,lower,raw,peft_dora_encoder,surgical_noDI_head,COMP,OURS,1825,0.013691,0.01315,0.014264,-0.013691,-0.01315,-0.014264,True,0.0,predictor_temporal/predictor_temporal_per_variant.json::teacher_free
POC-2B,teacher_free,lower,raw,peft_dora_encoder,frozen,COMP,REF,1825,0.007391,0.006803,0.007998,-0.007391,-0.006803,-0.007998,True,0.0,predictor_temporal/predictor_temporal_per_variant.json::teacher_free
POC-2B,teacher_free,lower,raw,peft_lora_encoder,pretrain_encoder,COMP,COMP,1825,0.0075,0.007107,0.007911,-0.0075,-0.007107,-0.007911,True,0.0,predictor_temporal/predictor_temporal_per_variant.json::teacher_free
POC-2B,teacher_free,lower,raw,peft_lora_encoder,surgery_raw_encoder,COMP,OURS,1825,0.000613,0.000305,0.000908,-0.000613,-0.000305,-0.000908,True,0.0002,predictor_temporal/predictor_temporal_per_variant.json::teacher_free
POC-2B,teacher_free,lower,raw,peft_lora_encoder,surgical_3stage_DI_diheavy_encoder,COMP,OURS,1825,-0.002655,-0.003025,-0.002303,0.002655,0.003025,0.002303,True,0.0,predictor_temporal/predictor_temporal_per_variant.json::teacher_free
POC-2B,teacher_free,lower,raw,peft_lora_encoder,surgical_3stage_DI_encoder,COMP,OURS,1825,-0.000189,-0.00049,0.000107,0.000189,0.00049,-0.000107,True,0.2172,predictor_temporal/predictor_temporal_per_variant.json::teacher_free
POC-2B,teacher_free,lower,raw,peft_lora_encoder,surgical_3stage_DI_head,COMP,OURS,1825,0.0075,0.007107,0.007911,-0.0075,-0.007107,-0.007911,True,0.0,predictor_temporal/predictor_temporal_per_variant.json::teacher_free
POC-2B,teacher_free,lower,raw,peft_lora_encoder,surgical_3stage_DI_intervene_encoder,COMP,OURS,1825,-0.001308,-0.001635,-0.000991,0.001308,0.001635,0.000991,True,0.0,predictor_temporal/predictor_temporal_per_variant.json::teacher_free
POC-2B,teacher_free,lower,raw,peft_lora_encoder,surgical_3stage_DI_replay25_encoder,COMP,OURS,1825,-0.001981,-0.002297,-0.001677,0.001981,0.002297,0.001677,True,0.0,predictor_temporal/predictor_temporal_per_variant.json::teacher_free
POC-2B,teacher_free,lower,raw,peft_lora_encoder,surgical_3stage_DI_tccaux_encoder,COMP,OURS,1825,-0.0066,-0.006984,-0.006239,0.0066,0.006984,0.006239,True,0.0,predictor_temporal/predictor_temporal_per_variant.json::teacher_free
POC-2B,teacher_free,lower,raw,peft_lora_encoder,surgical_autorgn_encoder,COMP,COMP,1825,-0.002245,-0.002482,-0.002008,0.002245,0.002482,0.002008,True,0.0,predictor_temporal/predictor_temporal_per_variant.json::teacher_free
POC-2B,teacher_free,lower,raw,peft_lora_encoder,surgical_intervene_wiseft_f30_encoder,COMP,OURS,1825,0.001104,0.000792,0.001416,-0.001104,-0.000792,-0.001416,True,0.0,predictor_temporal/predictor_temporal_per_variant.json::teacher_free
POC-2B,teacher_free,lower,raw,peft_lora_encoder,surgical_intervene_wiseft_f50_encoder,COMP,OURS,1825,0.001574,0.001224,0.001925,-0.001574,-0.001224,-0.001925,True,0.0,predictor_temporal/predictor_temporal_per_variant.json::teacher_free
POC-2B,teacher_free,lower,raw,peft_lora_encoder,surgical_intervene_wiseft_f70_encoder,COMP,OURS,1825,0.002335,0.001953,0.002714,-0.002335,-0.001953,-0.002714,True,0.0,predictor_temporal/predictor_temporal_per_variant.json::teacher_free
POC-2B,teacher_free,lower,raw,peft_lora_encoder,surgical_noDI_encoder,COMP,OURS,1825,-0.006788,-0.007214,-0.006365,0.006788,0.007214,0.006365,True,0.0,predictor_temporal/predictor_temporal_per_variant.json::teacher_free
POC-2B,teacher_free,lower,raw,peft_lora_encoder,surgical_noDI_head,COMP,OURS,1825,0.0075,0.007107,0.007911,-0.0075,-0.007107,-0.007911,True,0.0,predictor_temporal/predictor_temporal_per_variant.json::teacher_free
POC-2B,teacher_free,lower,raw,peft_lora_encoder,frozen,COMP,REF,1825,0.001199,0.000728,0.001658,-0.001199,-0.000728,-0.001658,True,0.0,predictor_temporal/predictor_temporal_per_variant.json::teacher_free
POC-2B,teacher_free,lower,raw,pretrain_encoder,surgery_raw_encoder,COMP,OURS,1825,-0.006886,-0.007319,-0.006451,0.006886,0.007319,0.006451,True,0.0,predictor_temporal/predictor_temporal_per_variant.json::teacher_free
POC-2B,teacher_free,lower,raw,pretrain_encoder,surgical_3stage_DI_diheavy_encoder,COMP,OURS,1825,-0.010154,-0.010619,-0.009699,0.010154,0.010619,0.009699,True,0.0,predictor_temporal/predictor_temporal_per_variant.json::teacher_free
POC-2B,teacher_free,lower,raw,pretrain_encoder,surgical_3stage_DI_encoder,COMP,OURS,1825,-0.007688,-0.00815,-0.007262,0.007688,0.00815,0.007262,True,0.0,predictor_temporal/predictor_temporal_per_variant.json::teacher_free
POC-2B,teacher_free,lower,raw,pretrain_encoder,surgical_3stage_DI_head,COMP,OURS,1825,0.0,nan,nan,-0.0,nan,nan,False,1.0,predictor_temporal/predictor_temporal_per_variant.json::teacher_free
POC-2B,teacher_free,lower,raw,pretrain_encoder,surgical_3stage_DI_intervene_encoder,COMP,OURS,1825,-0.008807,-0.009258,-0.008386,0.008807,0.009258,0.008386,True,0.0,predictor_temporal/predictor_temporal_per_variant.json::teacher_free
POC-2B,teacher_free,lower,raw,pretrain_encoder,surgical_3stage_DI_replay25_encoder,COMP,OURS,1825,-0.009481,-0.009931,-0.009042,0.009481,0.009931,0.009042,True,0.0,predictor_temporal/predictor_temporal_per_variant.json::teacher_free
POC-2B,teacher_free,lower,raw,pretrain_encoder,surgical_3stage_DI_tccaux_encoder,COMP,OURS,1825,-0.014099,-0.014616,-0.01362,0.014099,0.014616,0.01362,True,0.0,predictor_temporal/predictor_temporal_per_variant.json::teacher_free
POC-2B,teacher_free,lower,raw,pretrain_encoder,surgical_autorgn_encoder,COMP,COMP,1825,-0.009745,-0.010188,-0.009339,0.009745,0.010188,0.009339,True,0.0,predictor_temporal/predictor_temporal_per_variant.json::teacher_free
POC-2B,teacher_free,lower,raw,pretrain_encoder,surgical_intervene_wiseft_f30_encoder,COMP,OURS,1825,-0.006395,-0.006693,-0.006105,0.006395,0.006693,0.006105,True,0.0,predictor_temporal/predictor_temporal_per_variant.json::teacher_free
POC-2B,teacher_free,lower,raw,pretrain_encoder,surgical_intervene_wiseft_f50_encoder,COMP,OURS,1825,-0.005925,-0.006187,-0.005672,0.005925,0.006187,0.005672,True,0.0,predictor_temporal/predictor_temporal_per_variant.json::teacher_free
POC-2B,teacher_free,lower,raw,pretrain_encoder,surgical_intervene_wiseft_f70_encoder,COMP,OURS,1825,-0.005165,-0.005405,-0.004926,0.005165,0.005405,0.004926,True,0.0,predictor_temporal/predictor_temporal_per_variant.json::teacher_free
POC-2B,teacher_free,lower,raw,pretrain_encoder,surgical_noDI_encoder,COMP,OURS,1825,-0.014287,-0.014825,-0.013757,0.014287,0.014825,0.013757,True,0.0,predictor_temporal/predictor_temporal_per_variant.json::teacher_free
POC-2B,teacher_free,lower,raw,pretrain_encoder,surgical_noDI_head,COMP,OURS,1825,0.0,nan,nan,-0.0,nan,nan,False,1.0,predictor_temporal/predictor_temporal_per_variant.json::teacher_free
POC-2B,teacher_free,lower,raw,pretrain_encoder,frozen,COMP,REF,1825,-0.0063,-0.006619,-0.006004,0.0063,0.006619,0.006004,True,0.0,predictor_temporal/predictor_temporal_per_variant.json::teacher_free
POC-2B,teacher_free,lower,raw,surgery_raw_encoder,surgical_3stage_DI_diheavy_encoder,OURS,OURS,1825,-0.003268,-0.003519,-0.003026,0.003268,0.003519,0.003026,True,0.0,predictor_temporal/predictor_temporal_per_variant.json::teacher_free
POC-2B,teacher_free,lower,raw,surgery_raw_encoder,surgical_3stage_DI_encoder,OURS,OURS,1825,-0.000802,-0.001104,-0.000504,0.000802,0.001104,0.000504,True,0.0,predictor_temporal/predictor_temporal_per_variant.json::teacher_free
POC-2B,teacher_free,lower,raw,surgery_raw_encoder,surgical_3stage_DI_head,OURS,OURS,1825,0.006886,0.006451,0.007319,-0.006886,-0.006451,-0.007319,True,0.0,predictor_temporal/predictor_temporal_per_variant.json::teacher_free
POC-2B,teacher_free,lower,raw,surgery_raw_encoder,surgical_3stage_DI_intervene_encoder,OURS,OURS,1825,-0.001921,-0.002207,-0.001639,0.001921,0.002207,0.001639,True,0.0,predictor_temporal/predictor_temporal_per_variant.json::teacher_free
POC-2B,teacher_free,lower,raw,surgery_raw_encoder,surgical_3stage_DI_replay25_encoder,OURS,OURS,1825,-0.002595,-0.002867,-0.002323,0.002595,0.002867,0.002323,True,0.0,predictor_temporal/predictor_temporal_per_variant.json::teacher_free
POC-2B,teacher_free,lower,raw,surgery_raw_encoder,surgical_3stage_DI_tccaux_encoder,OURS,OURS,1825,-0.007213,-0.007545,-0.006895,0.007213,0.007545,0.006895,True,0.0,predictor_temporal/predictor_temporal_per_variant.json::teacher_free
POC-2B,teacher_free,lower,raw,surgery_raw_encoder,surgical_autorgn_encoder,OURS,COMP,1825,-0.002858,-0.003246,-0.002473,0.002858,0.003246,0.002473,True,0.0,predictor_temporal/predictor_temporal_per_variant.json::teacher_free
POC-2B,teacher_free,lower,raw,surgery_raw_encoder,surgical_intervene_wiseft_f30_encoder,OURS,OURS,1825,0.000491,0.000159,0.000818,-0.000491,-0.000159,-0.000818,True,0.0028,predictor_temporal/predictor_temporal_per_variant.json::teacher_free
POC-2B,teacher_free,lower,raw,surgery_raw_encoder,surgical_intervene_wiseft_f50_encoder,OURS,OURS,1825,0.000961,0.000582,0.001342,-0.000961,-0.000582,-0.001342,True,0.0,predictor_temporal/predictor_temporal_per_variant.json::teacher_free
POC-2B,teacher_free,lower,raw,surgery_raw_encoder,surgical_intervene_wiseft_f70_encoder,OURS,OURS,1825,0.001721,0.001308,0.00214,-0.001721,-0.001308,-0.00214,True,0.0,predictor_temporal/predictor_temporal_per_variant.json::teacher_free
POC-2B,teacher_free,lower,raw,surgery_raw_encoder,surgical_noDI_encoder,OURS,OURS,1825,-0.007401,-0.00769,-0.007116,0.007401,0.00769,0.007116,True,0.0,predictor_temporal/predictor_temporal_per_variant.json::teacher_free
POC-2B,teacher_free,lower,raw,surgery_raw_encoder,surgical_noDI_head,OURS,OURS,1825,0.006886,0.006451,0.007319,-0.006886,-0.006451,-0.007319,True,0.0,predictor_temporal/predictor_temporal_per_variant.json::teacher_free
POC-2B,teacher_free,lower,raw,surgery_raw_encoder,frozen,OURS,REF,1825,0.000586,8.6e-05,0.001085,-0.000586,-8.6e-05,-0.001085,True,0.0216,predictor_temporal/predictor_temporal_per_variant.json::teacher_free
POC-2B,teacher_free,lower,raw,surgical_3stage_DI_diheavy_encoder,surgical_3stage_DI_encoder,OURS,OURS,1825,0.002466,0.002196,0.002737,-0.002466,-0.002196,-0.002737,True,0.0,predictor_temporal/predictor_temporal_per_variant.json::teacher_free
POC-2B,teacher_free,lower,raw,surgical_3stage_DI_diheavy_encoder,surgical_3stage_DI_head,OURS,OURS,1825,0.010154,0.009699,0.010619,-0.010154,-0.009699,-0.010619,True,0.0,predictor_temporal/predictor_temporal_per_variant.json::teacher_free
POC-2B,teacher_free,lower,raw,surgical_3stage_DI_diheavy_encoder,surgical_3stage_DI_intervene_encoder,OURS,OURS,1825,0.001347,0.001132,0.001551,-0.001347,-0.001132,-0.001551,True,0.0,predictor_temporal/predictor_temporal_per_variant.json::teacher_free
POC-2B,teacher_free,lower,raw,surgical_3stage_DI_diheavy_encoder,surgical_3stage_DI_replay25_encoder,OURS,OURS,1825,0.000673,0.000488,0.000859,-0.000673,-0.000488,-0.000859,True,0.0,predictor_temporal/predictor_temporal_per_variant.json::teacher_free
POC-2B,teacher_free,lower,raw,surgical_3stage_DI_diheavy_encoder,surgical_3stage_DI_tccaux_encoder,OURS,OURS,1825,-0.003945,-0.004176,-0.00373,0.003945,0.004176,0.00373,True,0.0,predictor_temporal/predictor_temporal_per_variant.json::teacher_free
POC-2B,teacher_free,lower,raw,surgical_3stage_DI_diheavy_encoder,surgical_autorgn_encoder,OURS,COMP,1825,0.000409,-1.7e-05,0.000841,-0.000409,1.7e-05,-0.000841,True,0.0578,predictor_temporal/predictor_temporal_per_variant.json::teacher_free
POC-2B,teacher_free,lower,raw,surgical_3stage_DI_diheavy_encoder,surgical_intervene_wiseft_f30_encoder,OURS,OURS,1825,0.003759,0.003469,0.004054,-0.003759,-0.003469,-0.004054,True,0.0,predictor_temporal/predictor_temporal_per_variant.json::teacher_free
POC-2B,teacher_free,lower,raw,surgical_3stage_DI_diheavy_encoder,surgical_intervene_wiseft_f50_encoder,OURS,OURS,1825,0.004229,0.003888,0.004585,-0.004229,-0.003888,-0.004585,True,0.0,predictor_temporal/predictor_temporal_per_variant.json::teacher_free
POC-2B,teacher_free,lower,raw,surgical_3stage_DI_diheavy_encoder,surgical_intervene_wiseft_f70_encoder,OURS,OURS,1825,0.004989,0.004602,0.005393,-0.004989,-0.004602,-0.005393,True,0.0,predictor_temporal/predictor_temporal_per_variant.json::teacher_free
POC-2B,teacher_free,lower,raw,surgical_3stage_DI_diheavy_encoder,surgical_noDI_encoder,OURS,OURS,1825,-0.004133,-0.004394,-0.003875,0.004133,0.004394,0.003875,True,0.0,predictor_temporal/predictor_temporal_per_variant.json::teacher_free
POC-2B,teacher_free,lower,raw,surgical_3stage_DI_diheavy_encoder,surgical_noDI_head,OURS,OURS,1825,0.010154,0.009699,0.010619,-0.010154,-0.009699,-0.010619,True,0.0,predictor_temporal/predictor_temporal_per_variant.json::teacher_free
POC-2B,teacher_free,lower,raw,surgical_3stage_DI_diheavy_encoder,frozen,OURS,REF,1825,0.003854,0.003349,0.004339,-0.003854,-0.003349,-0.004339,True,0.0,predictor_temporal/predictor_temporal_per_variant.json::teacher_free
POC-2B,teacher_free,lower,raw,surgical_3stage_DI_encoder,surgical_3stage_DI_head,OURS,OURS,1825,0.007688,0.007262,0.00815,-0.007688,-0.007262,-0.00815,True,0.0,predictor_temporal/predictor_temporal_per_variant.json::teacher_free
POC-2B,teacher_free,lower,raw,surgical_3stage_DI_encoder,surgical_3stage_DI_intervene_encoder,OURS,OURS,1825,-0.001119,-0.001372,-0.000864,0.001119,0.001372,0.000864,True,0.0,predictor_temporal/predictor_temporal_per_variant.json::teacher_free
POC-2B,teacher_free,lower,raw,surgical_3stage_DI_encoder,surgical_3stage_DI_replay25_encoder,OURS,OURS,1825,-0.001793,-0.001967,-0.001619,0.001793,0.001967,0.001619,True,0.0,predictor_temporal/predictor_temporal_per_variant.json::teacher_free
POC-2B,teacher_free,lower,raw,surgical_3stage_DI_encoder,surgical_3stage_DI_tccaux_encoder,OURS,OURS,1825,-0.006411,-0.006703,-0.006117,0.006411,0.006703,0.006117,True,0.0,predictor_temporal/predictor_temporal_per_variant.json::teacher_free
POC-2B,teacher_free,lower,raw,surgical_3stage_DI_encoder,surgical_autorgn_encoder,OURS,COMP,1825,-0.002056,-0.002455,-0.001675,0.002056,0.002455,0.001675,True,0.0,predictor_temporal/predictor_temporal_per_variant.json::teacher_free
POC-2B,teacher_free,lower,raw,surgical_3stage_DI_encoder,surgical_intervene_wiseft_f30_encoder,OURS,OURS,1825,0.001293,0.001037,0.001552,-0.001293,-0.001037,-0.001552,True,0.0,predictor_temporal/predictor_temporal_per_variant.json::teacher_free
POC-2B,teacher_free,lower,raw,surgical_3stage_DI_encoder,surgical_intervene_wiseft_f50_encoder,OURS,OURS,1825,0.001763,0.001458,0.002083,-0.001763,-0.001458,-0.002083,True,0.0,predictor_temporal/predictor_temporal_per_variant.json::teacher_free
POC-2B,teacher_free,lower,raw,surgical_3stage_DI_encoder,surgical_intervene_wiseft_f70_encoder,OURS,OURS,1825,0.002523,0.00217,0.002896,-0.002523,-0.00217,-0.002896,True,0.0,predictor_temporal/predictor_temporal_per_variant.json::teacher_free
POC-2B,teacher_free,lower,raw,surgical_3stage_DI_encoder,surgical_noDI_encoder,OURS,OURS,1825,-0.006599,-0.006989,-0.006204,0.006599,0.006989,0.006204,True,0.0,predictor_temporal/predictor_temporal_per_variant.json::teacher_free
POC-2B,teacher_free,lower,raw,surgical_3stage_DI_encoder,surgical_noDI_head,OURS,OURS,1825,0.007688,0.007262,0.00815,-0.007688,-0.007262,-0.00815,True,0.0,predictor_temporal/predictor_temporal_per_variant.json::teacher_free
POC-2B,teacher_free,lower,raw,surgical_3stage_DI_encoder,frozen,OURS,REF,1825,0.001388,0.000931,0.001836,-0.001388,-0.000931,-0.001836,True,0.0,predictor_temporal/predictor_temporal_per_variant.json::teacher_free
POC-2B,teacher_free,lower,raw,surgical_3stage_DI_head,surgical_3stage_DI_intervene_encoder,OURS,OURS,1825,-0.008807,-0.009258,-0.008386,0.008807,0.009258,0.008386,True,0.0,predictor_temporal/predictor_temporal_per_variant.json::teacher_free
POC-2B,teacher_free,lower,raw,surgical_3stage_DI_head,surgical_3stage_DI_replay25_encoder,OURS,OURS,1825,-0.009481,-0.009931,-0.009042,0.009481,0.009931,0.009042,True,0.0,predictor_temporal/predictor_temporal_per_variant.json::teacher_free
POC-2B,teacher_free,lower,raw,surgical_3stage_DI_head,surgical_3stage_DI_tccaux_encoder,OURS,OURS,1825,-0.014099,-0.014616,-0.01362,0.014099,0.014616,0.01362,True,0.0,predictor_temporal/predictor_temporal_per_variant.json::teacher_free
POC-2B,teacher_free,lower,raw,surgical_3stage_DI_head,surgical_autorgn_encoder,OURS,COMP,1825,-0.009745,-0.010188,-0.009339,0.009745,0.010188,0.009339,True,0.0,predictor_temporal/predictor_temporal_per_variant.json::teacher_free
POC-2B,teacher_free,lower,raw,surgical_3stage_DI_head,surgical_intervene_wiseft_f30_encoder,OURS,OURS,1825,-0.006395,-0.006693,-0.006105,0.006395,0.006693,0.006105,True,0.0,predictor_temporal/predictor_temporal_per_variant.json::teacher_free
POC-2B,teacher_free,lower,raw,surgical_3stage_DI_head,surgical_intervene_wiseft_f50_encoder,OURS,OURS,1825,-0.005925,-0.006187,-0.005672,0.005925,0.006187,0.005672,True,0.0,predictor_temporal/predictor_temporal_per_variant.json::teacher_free
POC-2B,teacher_free,lower,raw,surgical_3stage_DI_head,surgical_intervene_wiseft_f70_encoder,OURS,OURS,1825,-0.005165,-0.005405,-0.004926,0.005165,0.005405,0.004926,True,0.0,predictor_temporal/predictor_temporal_per_variant.json::teacher_free
POC-2B,teacher_free,lower,raw,surgical_3stage_DI_head,surgical_noDI_encoder,OURS,OURS,1825,-0.014287,-0.014825,-0.013757,0.014287,0.014825,0.013757,True,0.0,predictor_temporal/predictor_temporal_per_variant.json::teacher_free
POC-2B,teacher_free,lower,raw,surgical_3stage_DI_head,surgical_noDI_head,OURS,OURS,1825,0.0,nan,nan,-0.0,nan,nan,False,1.0,predictor_temporal/predictor_temporal_per_variant.json::teacher_free
POC-2B,teacher_free,lower,raw,surgical_3stage_DI_head,frozen,OURS,REF,1825,-0.0063,-0.006619,-0.006004,0.0063,0.006619,0.006004,True,0.0,predictor_temporal/predictor_temporal_per_variant.json::teacher_free
POC-2B,teacher_free,lower,raw,surgical_3stage_DI_intervene_encoder,surgical_3stage_DI_replay25_encoder,OURS,OURS,1825,-0.000674,-0.000841,-0.000499,0.000674,0.000841,0.000499,True,0.0,predictor_temporal/predictor_temporal_per_variant.json::teacher_free
POC-2B,teacher_free,lower,raw,surgical_3stage_DI_intervene_encoder,surgical_3stage_DI_tccaux_encoder,OURS,OURS,1825,-0.005292,-0.005459,-0.005128,0.005292,0.005459,0.005128,True,0.0,predictor_temporal/predictor_temporal_per_variant.json::teacher_free
POC-2B,teacher_free,lower,raw,surgical_3stage_DI_intervene_encoder,surgical_autorgn_encoder,OURS,COMP,1825,-0.000937,-0.001299,-0.000578,0.000937,0.001299,0.000578,True,0.0,predictor_temporal/predictor_temporal_per_variant.json::teacher_free
POC-2B,teacher_free,lower,raw,surgical_3stage_DI_intervene_encoder,surgical_intervene_wiseft_f30_encoder,OURS,OURS,1825,0.002412,0.002196,0.002645,-0.002412,-0.002196,-0.002645,True,0.0,predictor_temporal/predictor_temporal_per_variant.json::teacher_free
POC-2B,teacher_free,lower,raw,surgical_3stage_DI_intervene_encoder,surgical_intervene_wiseft_f50_encoder,OURS,OURS,1825,0.002882,0.002587,0.003196,-0.002882,-0.002587,-0.003196,True,0.0,predictor_temporal/predictor_temporal_per_variant.json::teacher_free
POC-2B,teacher_free,lower,raw,surgical_3stage_DI_intervene_encoder,surgical_intervene_wiseft_f70_encoder,OURS,OURS,1825,0.003642,0.003297,0.004018,-0.003642,-0.003297,-0.004018,True,0.0,predictor_temporal/predictor_temporal_per_variant.json::teacher_free
POC-2B,teacher_free,lower,raw,surgical_3stage_DI_intervene_encoder,surgical_noDI_encoder,OURS,OURS,1825,-0.00548,-0.005782,-0.005188,0.00548,0.005782,0.005188,True,0.0,predictor_temporal/predictor_temporal_per_variant.json::teacher_free
POC-2B,teacher_free,lower,raw,surgical_3stage_DI_intervene_encoder,surgical_noDI_head,OURS,OURS,1825,0.008807,0.008386,0.009258,-0.008807,-0.008386,-0.009258,True,0.0,predictor_temporal/predictor_temporal_per_variant.json::teacher_free
POC-2B,teacher_free,lower,raw,surgical_3stage_DI_intervene_encoder,frozen,OURS,REF,1825,0.002507,0.002047,0.002953,-0.002507,-0.002047,-0.002953,True,0.0,predictor_temporal/predictor_temporal_per_variant.json::teacher_free
POC-2B,teacher_free,lower,raw,surgical_3stage_DI_replay25_encoder,surgical_3stage_DI_tccaux_encoder,OURS,OURS,1825,-0.004618,-0.004821,-0.004425,0.004618,0.004821,0.004425,True,0.0,predictor_temporal/predictor_temporal_per_variant.json::teacher_free
POC-2B,teacher_free,lower,raw,surgical_3stage_DI_replay25_encoder,surgical_autorgn_encoder,OURS,COMP,1825,-0.000264,-0.000642,0.000116,0.000264,0.000642,-0.000116,True,0.174,predictor_temporal/predictor_temporal_per_variant.json::teacher_free
POC-2B,teacher_free,lower,raw,surgical_3stage_DI_replay25_encoder,surgical_intervene_wiseft_f30_encoder,OURS,OURS,1825,0.003086,0.002858,0.003315,-0.003086,-0.002858,-0.003315,True,0.0,predictor_temporal/predictor_temporal_per_variant.json::teacher_free
POC-2B,teacher_free,lower,raw,surgical_3stage_DI_replay25_encoder,surgical_intervene_wiseft_f50_encoder,OURS,OURS,1825,0.003556,0.003262,0.003854,-0.003556,-0.003262,-0.003854,True,0.0,predictor_temporal/predictor_temporal_per_variant.json::teacher_free
POC-2B,teacher_free,lower,raw,surgical_3stage_DI_replay25_encoder,surgical_intervene_wiseft_f70_encoder,OURS,OURS,1825,0.004316,0.003968,0.004672,-0.004316,-0.003968,-0.004672,True,0.0,predictor_temporal/predictor_temporal_per_variant.json::teacher_free
POC-2B,teacher_free,lower,raw,surgical_3stage_DI_replay25_encoder,surgical_noDI_encoder,OURS,OURS,1825,-0.004806,-0.005118,-0.004493,0.004806,0.005118,0.004493,True,0.0,predictor_temporal/predictor_temporal_per_variant.json::teacher_free
POC-2B,teacher_free,lower,raw,surgical_3stage_DI_replay25_encoder,surgical_noDI_head,OURS,OURS,1825,0.009481,0.009042,0.009931,-0.009481,-0.009042,-0.009931,True,0.0,predictor_temporal/predictor_temporal_per_variant.json::teacher_free
POC-2B,teacher_free,lower,raw,surgical_3stage_DI_replay25_encoder,frozen,OURS,REF,1825,0.003181,0.002726,0.003629,-0.003181,-0.002726,-0.003629,True,0.0,predictor_temporal/predictor_temporal_per_variant.json::teacher_free
POC-2B,teacher_free,lower,raw,surgical_3stage_DI_tccaux_encoder,surgical_autorgn_encoder,OURS,COMP,1825,0.004354,0.003978,0.00476,-0.004354,-0.003978,-0.00476,True,0.0,predictor_temporal/predictor_temporal_per_variant.json::teacher_free
POC-2B,teacher_free,lower,raw,surgical_3stage_DI_tccaux_encoder,surgical_intervene_wiseft_f30_encoder,OURS,OURS,1825,0.007704,0.007414,0.008011,-0.007704,-0.007414,-0.008011,True,0.0,predictor_temporal/predictor_temporal_per_variant.json::teacher_free
POC-2B,teacher_free,lower,raw,surgical_3stage_DI_tccaux_encoder,surgical_intervene_wiseft_f50_encoder,OURS,OURS,1825,0.008174,0.007819,0.008551,-0.008174,-0.007819,-0.008551,True,0.0,predictor_temporal/predictor_temporal_per_variant.json::teacher_free
POC-2B,teacher_free,lower,raw,surgical_3stage_DI_tccaux_encoder,surgical_intervene_wiseft_f70_encoder,OURS,OURS,1825,0.008934,0.008526,0.009363,-0.008934,-0.008526,-0.009363,True,0.0,predictor_temporal/predictor_temporal_per_variant.json::teacher_free
POC-2B,teacher_free,lower,raw,surgical_3stage_DI_tccaux_encoder,surgical_noDI_encoder,OURS,OURS,1825,-0.000188,-0.000453,8.4e-05,0.000188,0.000453,-8.4e-05,True,0.1624,predictor_temporal/predictor_temporal_per_variant.json::teacher_free
POC-2B,teacher_free,lower,raw,surgical_3stage_DI_tccaux_encoder,surgical_noDI_head,OURS,OURS,1825,0.014099,0.01362,0.014616,-0.014099,-0.01362,-0.014616,True,0.0,predictor_temporal/predictor_temporal_per_variant.json::teacher_free
POC-2B,teacher_free,lower,raw,surgical_3stage_DI_tccaux_encoder,frozen,OURS,REF,1825,0.007799,0.007293,0.008292,-0.007799,-0.007293,-0.008292,True,0.0,predictor_temporal/predictor_temporal_per_variant.json::teacher_free
POC-2B,teacher_free,lower,raw,surgical_autorgn_encoder,surgical_intervene_wiseft_f30_encoder,COMP,OURS,1825,0.003349,0.002998,0.003722,-0.003349,-0.002998,-0.003722,True,0.0,predictor_temporal/predictor_temporal_per_variant.json::teacher_free
POC-2B,teacher_free,lower,raw,surgical_autorgn_encoder,surgical_intervene_wiseft_f50_encoder,COMP,OURS,1825,0.003819,0.003436,0.00423,-0.003819,-0.003436,-0.00423,True,0.0,predictor_temporal/predictor_temporal_per_variant.json::teacher_free
POC-2B,teacher_free,lower,raw,surgical_autorgn_encoder,surgical_intervene_wiseft_f70_encoder,COMP,OURS,1825,0.00458,0.004172,0.005012,-0.00458,-0.004172,-0.005012,True,0.0,predictor_temporal/predictor_temporal_per_variant.json::teacher_free
POC-2B,teacher_free,lower,raw,surgical_autorgn_encoder,surgical_noDI_encoder,COMP,OURS,1825,-0.004543,-0.004988,-0.004091,0.004543,0.004988,0.004091,True,0.0,predictor_temporal/predictor_temporal_per_variant.json::teacher_free
POC-2B,teacher_free,lower,raw,surgical_autorgn_encoder,surgical_noDI_head,COMP,OURS,1825,0.009745,0.009339,0.010188,-0.009745,-0.009339,-0.010188,True,0.0,predictor_temporal/predictor_temporal_per_variant.json::teacher_free
POC-2B,teacher_free,lower,raw,surgical_autorgn_encoder,frozen,COMP,REF,1825,0.003444,0.002961,0.003926,-0.003444,-0.002961,-0.003926,True,0.0,predictor_temporal/predictor_temporal_per_variant.json::teacher_free
POC-2B,teacher_free,lower,raw,surgical_intervene_wiseft_f30_encoder,surgical_intervene_wiseft_f50_encoder,OURS,OURS,1825,0.00047,0.000378,0.000564,-0.00047,-0.000378,-0.000564,True,0.0,predictor_temporal/predictor_temporal_per_variant.json::teacher_free
POC-2B,teacher_free,lower,raw,surgical_intervene_wiseft_f30_encoder,surgical_intervene_wiseft_f70_encoder,OURS,OURS,1825,0.00123,0.00107,0.001395,-0.00123,-0.00107,-0.001395,True,0.0,predictor_temporal/predictor_temporal_per_variant.json::teacher_free
POC-2B,teacher_free,lower,raw,surgical_intervene_wiseft_f30_encoder,surgical_noDI_encoder,OURS,OURS,1825,-0.007892,-0.008299,-0.007498,0.007892,0.008299,0.007498,True,0.0,predictor_temporal/predictor_temporal_per_variant.json::teacher_free
POC-2B,teacher_free,lower,raw,surgical_intervene_wiseft_f30_encoder,surgical_noDI_head,OURS,OURS,1825,0.006395,0.006105,0.006693,-0.006395,-0.006105,-0.006693,True,0.0,predictor_temporal/predictor_temporal_per_variant.json::teacher_free
POC-2B,teacher_free,lower,raw,surgical_intervene_wiseft_f30_encoder,frozen,OURS,REF,1825,9.5e-05,-0.000233,0.000403,-9.5e-05,0.000233,-0.000403,True,0.5422,predictor_temporal/predictor_temporal_per_variant.json::teacher_free
POC-2B,teacher_free,lower,raw,surgical_intervene_wiseft_f50_encoder,surgical_intervene_wiseft_f70_encoder,OURS,OURS,1825,0.000761,0.000683,0.000839,-0.000761,-0.000683,-0.000839,True,0.0,predictor_temporal/predictor_temporal_per_variant.json::teacher_free
POC-2B,teacher_free,lower,raw,surgical_intervene_wiseft_f50_encoder,surgical_noDI_encoder,OURS,OURS,1825,-0.008362,-0.008817,-0.007914,0.008362,0.008817,0.007914,True,0.0,predictor_temporal/predictor_temporal_per_variant.json::teacher_free
POC-2B,teacher_free,lower,raw,surgical_intervene_wiseft_f50_encoder,surgical_noDI_head,OURS,OURS,1825,0.005925,0.005672,0.006187,-0.005925,-0.005672,-0.006187,True,0.0,predictor_temporal/predictor_temporal_per_variant.json::teacher_free
POC-2B,teacher_free,lower,raw,surgical_intervene_wiseft_f50_encoder,frozen,OURS,REF,1825,-0.000375,-0.000654,-0.000115,0.000375,0.000654,0.000115,True,0.0064,predictor_temporal/predictor_temporal_per_variant.json::teacher_free
POC-2B,teacher_free,lower,raw,surgical_intervene_wiseft_f70_encoder,surgical_noDI_encoder,OURS,OURS,1825,-0.009123,-0.009626,-0.008639,0.009123,0.009626,0.008639,True,0.0,predictor_temporal/predictor_temporal_per_variant.json::teacher_free
POC-2B,teacher_free,lower,raw,surgical_intervene_wiseft_f70_encoder,surgical_noDI_head,OURS,OURS,1825,0.005165,0.004926,0.005405,-0.005165,-0.004926,-0.005405,True,0.0,predictor_temporal/predictor_temporal_per_variant.json::teacher_free
POC-2B,teacher_free,lower,raw,surgical_intervene_wiseft_f70_encoder,frozen,OURS,REF,1825,-0.001135,-0.001371,-0.000917,0.001135,0.001371,0.000917,True,0.0,predictor_temporal/predictor_temporal_per_variant.json::teacher_free
POC-2B,teacher_free,lower,raw,surgical_noDI_encoder,surgical_noDI_head,OURS,OURS,1825,0.014287,0.013757,0.014825,-0.014287,-0.013757,-0.014825,True,0.0,predictor_temporal/predictor_temporal_per_variant.json::teacher_free
POC-2B,teacher_free,lower,raw,surgical_noDI_encoder,frozen,OURS,REF,1825,0.007987,0.00742,0.008558,-0.007987,-0.00742,-0.008558,True,0.0,predictor_temporal/predictor_temporal_per_variant.json::teacher_free
POC-2B,teacher_free,lower,raw,surgical_noDI_head,frozen,OURS,REF,1825,-0.0063,-0.006619,-0.006004,0.0063,0.006619,0.006004,True,0.0,predictor_temporal/predictor_temporal_per_variant.json::teacher_free
POC-2B,maskratio,lower,raw,frozen,full_ft_encoder,REF,COMP,1825,0.006114,0.005688,0.006566,-0.006114,-0.005688,-0.006566,True,0.0,predictor_temporal/predictor_temporal_per_variant.json::maskratio
POC-2B,maskratio,lower,raw,frozen,lpft_encoder,REF,COMP,1825,0.011048,0.010609,0.011513,-0.011048,-0.010609,-0.011513,True,0.0,predictor_temporal/predictor_temporal_per_variant.json::maskratio
POC-2B,maskratio,lower,raw,frozen,peft_dora_encoder,REF,COMP,1825,0.015408,0.01492,0.015935,-0.015408,-0.01492,-0.015935,True,0.0,predictor_temporal/predictor_temporal_per_variant.json::maskratio
POC-2B,maskratio,lower,raw,frozen,peft_lora_encoder,REF,COMP,1825,0.018247,0.01777,0.018748,-0.018247,-0.01777,-0.018748,True,0.0,predictor_temporal/predictor_temporal_per_variant.json::maskratio
POC-2B,maskratio,lower,raw,frozen,pretrain_encoder,REF,COMP,1825,0.009441,0.009129,0.00977,-0.009441,-0.009129,-0.00977,True,0.0,predictor_temporal/predictor_temporal_per_variant.json::maskratio
POC-2B,maskratio,lower,raw,frozen,surgery_raw_encoder,REF,OURS,1825,0.015492,0.015091,0.015903,-0.015492,-0.015091,-0.015903,True,0.0,predictor_temporal/predictor_temporal_per_variant.json::maskratio
POC-2B,maskratio,lower,raw,frozen,surgical_3stage_DI_diheavy_encoder,REF,OURS,1825,0.018863,0.018448,0.01928,-0.018863,-0.018448,-0.01928,True,0.0,predictor_temporal/predictor_temporal_per_variant.json::maskratio
POC-2B,maskratio,lower,raw,frozen,surgical_3stage_DI_encoder,REF,OURS,1825,0.015122,0.014717,0.015546,-0.015122,-0.014717,-0.015546,True,0.0,predictor_temporal/predictor_temporal_per_variant.json::maskratio
POC-2B,maskratio,lower,raw,frozen,surgical_3stage_DI_head,REF,OURS,1825,0.009441,0.009129,0.00977,-0.009441,-0.009129,-0.00977,True,0.0,predictor_temporal/predictor_temporal_per_variant.json::maskratio
POC-2B,maskratio,lower,raw,frozen,surgical_3stage_DI_intervene_encoder,REF,OURS,1825,0.011483,0.011113,0.011864,-0.011483,-0.011113,-0.011864,True,0.0,predictor_temporal/predictor_temporal_per_variant.json::maskratio
POC-2B,maskratio,lower,raw,frozen,surgical_3stage_DI_replay25_encoder,REF,OURS,1825,0.015452,0.015051,0.015858,-0.015452,-0.015051,-0.015858,True,0.0,predictor_temporal/predictor_temporal_per_variant.json::maskratio
POC-2B,maskratio,lower,raw,frozen,surgical_3stage_DI_tccaux_encoder,REF,OURS,1825,0.017591,0.017194,0.017988,-0.017591,-0.017194,-0.017988,True,0.0,predictor_temporal/predictor_temporal_per_variant.json::maskratio
POC-2B,maskratio,lower,raw,frozen,surgical_autorgn_encoder,REF,COMP,1825,0.010773,0.010345,0.011219,-0.010773,-0.010345,-0.011219,True,0.0,predictor_temporal/predictor_temporal_per_variant.json::maskratio
POC-2B,maskratio,lower,raw,frozen,surgical_intervene_wiseft_f30_encoder,REF,OURS,1825,0.008289,0.007964,0.008629,-0.008289,-0.007964,-0.008629,True,0.0,predictor_temporal/predictor_temporal_per_variant.json::maskratio
POC-2B,maskratio,lower,raw,frozen,surgical_intervene_wiseft_f50_encoder,REF,OURS,1825,0.005495,0.005208,0.005798,-0.005495,-0.005208,-0.005798,True,0.0,predictor_temporal/predictor_temporal_per_variant.json::maskratio
POC-2B,maskratio,lower,raw,frozen,surgical_intervene_wiseft_f70_encoder,REF,OURS,1825,0.002354,0.002122,0.002616,-0.002354,-0.002122,-0.002616,True,0.0,predictor_temporal/predictor_temporal_per_variant.json::maskratio
POC-2B,maskratio,lower,raw,frozen,surgical_noDI_encoder,REF,OURS,1825,0.01513,0.014714,0.015554,-0.01513,-0.014714,-0.015554,True,0.0,predictor_temporal/predictor_temporal_per_variant.json::maskratio
POC-2B,maskratio,lower,raw,frozen,surgical_noDI_head,REF,OURS,1825,0.009441,0.009129,0.00977,-0.009441,-0.009129,-0.00977,True,0.0,predictor_temporal/predictor_temporal_per_variant.json::maskratio
POC-2B,maskratio,lower,raw,frozen,frozen,REF,REF,1825,0.006843,0.006487,0.007217,-0.006843,-0.006487,-0.007217,True,0.0,predictor_temporal/predictor_temporal_per_variant.json::maskratio
POC-2B,maskratio,lower,raw,full_ft_encoder,lpft_encoder,COMP,COMP,1825,0.004934,0.004714,0.005146,-0.004934,-0.004714,-0.005146,True,0.0,predictor_temporal/predictor_temporal_per_variant.json::maskratio
POC-2B,maskratio,lower,raw,full_ft_encoder,peft_dora_encoder,COMP,COMP,1825,0.009294,0.008986,0.009591,-0.009294,-0.008986,-0.009591,True,0.0,predictor_temporal/predictor_temporal_per_variant.json::maskratio
POC-2B,maskratio,lower,raw,full_ft_encoder,peft_lora_encoder,COMP,COMP,1825,0.012132,0.011833,0.012431,-0.012132,-0.011833,-0.012431,True,0.0,predictor_temporal/predictor_temporal_per_variant.json::maskratio
POC-2B,maskratio,lower,raw,full_ft_encoder,pretrain_encoder,COMP,COMP,1825,0.003327,0.003072,0.00358,-0.003327,-0.003072,-0.00358,True,0.0,predictor_temporal/predictor_temporal_per_variant.json::maskratio
POC-2B,maskratio,lower,raw,full_ft_encoder,surgery_raw_encoder,COMP,OURS,1825,0.009378,0.009101,0.00965,-0.009378,-0.009101,-0.00965,True,0.0,predictor_temporal/predictor_temporal_per_variant.json::maskratio
POC-2B,maskratio,lower,raw,full_ft_encoder,surgical_3stage_DI_diheavy_encoder,COMP,OURS,1825,0.012748,0.012468,0.013027,-0.012748,-0.012468,-0.013027,True,0.0,predictor_temporal/predictor_temporal_per_variant.json::maskratio
POC-2B,maskratio,lower,raw,full_ft_encoder,surgical_3stage_DI_encoder,COMP,OURS,1825,0.009008,0.00873,0.00928,-0.009008,-0.00873,-0.00928,True,0.0,predictor_temporal/predictor_temporal_per_variant.json::maskratio
POC-2B,maskratio,lower,raw,full_ft_encoder,surgical_3stage_DI_head,COMP,OURS,1825,0.003327,0.003072,0.00358,-0.003327,-0.003072,-0.00358,True,0.0,predictor_temporal/predictor_temporal_per_variant.json::maskratio
POC-2B,maskratio,lower,raw,full_ft_encoder,surgical_3stage_DI_intervene_encoder,COMP,OURS,1825,0.005369,0.00511,0.005626,-0.005369,-0.00511,-0.005626,True,0.0,predictor_temporal/predictor_temporal_per_variant.json::maskratio
POC-2B,maskratio,lower,raw,full_ft_encoder,surgical_3stage_DI_replay25_encoder,COMP,OURS,1825,0.009337,0.009056,0.009611,-0.009337,-0.009056,-0.009611,True,0.0,predictor_temporal/predictor_temporal_per_variant.json::maskratio
POC-2B,maskratio,lower,raw,full_ft_encoder,surgical_3stage_DI_tccaux_encoder,COMP,OURS,1825,0.011477,0.011204,0.011745,-0.011477,-0.011204,-0.011745,True,0.0,predictor_temporal/predictor_temporal_per_variant.json::maskratio
POC-2B,maskratio,lower,raw,full_ft_encoder,surgical_autorgn_encoder,COMP,COMP,1825,0.004658,0.004443,0.004864,-0.004658,-0.004443,-0.004864,True,0.0,predictor_temporal/predictor_temporal_per_variant.json::maskratio
POC-2B,maskratio,lower,raw,full_ft_encoder,surgical_intervene_wiseft_f30_encoder,COMP,OURS,1825,0.002175,0.001894,0.002446,-0.002175,-0.001894,-0.002446,True,0.0,predictor_temporal/predictor_temporal_per_variant.json::maskratio
POC-2B,maskratio,lower,raw,full_ft_encoder,surgical_intervene_wiseft_f50_encoder,COMP,OURS,1825,-0.000619,-0.000924,-0.000326,0.000619,0.000924,0.000326,True,0.0,predictor_temporal/predictor_temporal_per_variant.json::maskratio
POC-2B,maskratio,lower,raw,full_ft_encoder,surgical_intervene_wiseft_f70_encoder,COMP,OURS,1825,-0.003761,-0.004089,-0.003445,0.003761,0.004089,0.003445,True,0.0,predictor_temporal/predictor_temporal_per_variant.json::maskratio
POC-2B,maskratio,lower,raw,full_ft_encoder,surgical_noDI_encoder,COMP,OURS,1825,0.009015,0.00873,0.009286,-0.009015,-0.00873,-0.009286,True,0.0,predictor_temporal/predictor_temporal_per_variant.json::maskratio
POC-2B,maskratio,lower,raw,full_ft_encoder,surgical_noDI_head,COMP,OURS,1825,0.003327,0.003072,0.00358,-0.003327,-0.003072,-0.00358,True,0.0,predictor_temporal/predictor_temporal_per_variant.json::maskratio
POC-2B,maskratio,lower,raw,full_ft_encoder,frozen,COMP,REF,1825,0.000728,0.000322,0.001122,-0.000728,-0.000322,-0.001122,True,0.0006,predictor_temporal/predictor_temporal_per_variant.json::maskratio
POC-2B,maskratio,lower,raw,lpft_encoder,peft_dora_encoder,COMP,COMP,1825,0.00436,0.00412,0.004598,-0.00436,-0.00412,-0.004598,True,0.0,predictor_temporal/predictor_temporal_per_variant.json::maskratio
POC-2B,maskratio,lower,raw,lpft_encoder,peft_lora_encoder,COMP,COMP,1825,0.007198,0.006971,0.00743,-0.007198,-0.006971,-0.00743,True,0.0,predictor_temporal/predictor_temporal_per_variant.json::maskratio
POC-2B,maskratio,lower,raw,lpft_encoder,pretrain_encoder,COMP,COMP,1825,-0.001607,-0.001866,-0.001353,0.001607,0.001866,0.001353,True,0.0,predictor_temporal/predictor_temporal_per_variant.json::maskratio
POC-2B,maskratio,lower,raw,lpft_encoder,surgery_raw_encoder,COMP,OURS,1825,0.004444,0.004221,0.004665,-0.004444,-0.004221,-0.004665,True,0.0,predictor_temporal/predictor_temporal_per_variant.json::maskratio
POC-2B,maskratio,lower,raw,lpft_encoder,surgical_3stage_DI_diheavy_encoder,COMP,OURS,1825,0.007814,0.007569,0.008056,-0.007814,-0.007569,-0.008056,True,0.0,predictor_temporal/predictor_temporal_per_variant.json::maskratio
POC-2B,maskratio,lower,raw,lpft_encoder,surgical_3stage_DI_encoder,COMP,OURS,1825,0.004074,0.003845,0.004297,-0.004074,-0.003845,-0.004297,True,0.0,predictor_temporal/predictor_temporal_per_variant.json::maskratio
POC-2B,maskratio,lower,raw,lpft_encoder,surgical_3stage_DI_head,COMP,OURS,1825,-0.001607,-0.001866,-0.001353,0.001607,0.001866,0.001353,True,0.0,predictor_temporal/predictor_temporal_per_variant.json::maskratio
POC-2B,maskratio,lower,raw,lpft_encoder,surgical_3stage_DI_intervene_encoder,COMP,OURS,1825,0.000435,0.000203,0.000658,-0.000435,-0.000203,-0.000658,True,0.0,predictor_temporal/predictor_temporal_per_variant.json::maskratio
POC-2B,maskratio,lower,raw,lpft_encoder,surgical_3stage_DI_replay25_encoder,COMP,OURS,1825,0.004403,0.004166,0.004641,-0.004403,-0.004166,-0.004641,True,0.0,predictor_temporal/predictor_temporal_per_variant.json::maskratio
POC-2B,maskratio,lower,raw,lpft_encoder,surgical_3stage_DI_tccaux_encoder,COMP,OURS,1825,0.006543,0.006301,0.006779,-0.006543,-0.006301,-0.006779,True,0.0,predictor_temporal/predictor_temporal_per_variant.json::maskratio
POC-2B,maskratio,lower,raw,lpft_encoder,surgical_autorgn_encoder,COMP,COMP,1825,-0.000276,-0.000459,-8.8e-05,0.000276,0.000459,8.8e-05,True,0.0046,predictor_temporal/predictor_temporal_per_variant.json::maskratio
POC-2B,maskratio,lower,raw,lpft_encoder,surgical_intervene_wiseft_f30_encoder,COMP,OURS,1825,-0.002759,-0.003021,-0.002509,0.002759,0.003021,0.002509,True,0.0,predictor_temporal/predictor_temporal_per_variant.json::maskratio
POC-2B,maskratio,lower,raw,lpft_encoder,surgical_intervene_wiseft_f50_encoder,COMP,OURS,1825,-0.005553,-0.005855,-0.005265,0.005553,0.005855,0.005265,True,0.0,predictor_temporal/predictor_temporal_per_variant.json::maskratio
POC-2B,maskratio,lower,raw,lpft_encoder,surgical_intervene_wiseft_f70_encoder,COMP,OURS,1825,-0.008695,-0.009039,-0.008367,0.008695,0.009039,0.008367,True,0.0,predictor_temporal/predictor_temporal_per_variant.json::maskratio
POC-2B,maskratio,lower,raw,lpft_encoder,surgical_noDI_encoder,COMP,OURS,1825,0.004081,0.003823,0.004343,-0.004081,-0.003823,-0.004343,True,0.0,predictor_temporal/predictor_temporal_per_variant.json::maskratio
POC-2B,maskratio,lower,raw,lpft_encoder,surgical_noDI_head,COMP,OURS,1825,-0.001607,-0.001866,-0.001353,0.001607,0.001866,0.001353,True,0.0,predictor_temporal/predictor_temporal_per_variant.json::maskratio
POC-2B,maskratio,lower,raw,lpft_encoder,frozen,COMP,REF,1825,-0.004206,-0.004621,-0.003795,0.004206,0.004621,0.003795,True,0.0,predictor_temporal/predictor_temporal_per_variant.json::maskratio
POC-2B,maskratio,lower,raw,peft_dora_encoder,peft_lora_encoder,COMP,COMP,1825,0.002839,0.002723,0.002958,-0.002839,-0.002723,-0.002958,True,0.0,predictor_temporal/predictor_temporal_per_variant.json::maskratio
POC-2B,maskratio,lower,raw,peft_dora_encoder,pretrain_encoder,COMP,COMP,1825,-0.005967,-0.006277,-0.00567,0.005967,0.006277,0.00567,True,0.0,predictor_temporal/predictor_temporal_per_variant.json::maskratio
POC-2B,maskratio,lower,raw,peft_dora_encoder,surgery_raw_encoder,COMP,OURS,1825,8.4e-05,-0.000156,0.000322,-8.4e-05,0.000156,-0.000322,True,0.468,predictor_temporal/predictor_temporal_per_variant.json::maskratio
POC-2B,maskratio,lower,raw,peft_dora_encoder,surgical_3stage_DI_diheavy_encoder,COMP,OURS,1825,0.003454,0.003231,0.003678,-0.003454,-0.003231,-0.003678,True,0.0,predictor_temporal/predictor_temporal_per_variant.json::maskratio
POC-2B,maskratio,lower,raw,peft_dora_encoder,surgical_3stage_DI_encoder,COMP,OURS,1825,-0.000286,-0.000514,-5.9e-05,0.000286,0.000514,5.9e-05,True,0.0132,predictor_temporal/predictor_temporal_per_variant.json::maskratio
POC-2B,maskratio,lower,raw,peft_dora_encoder,surgical_3stage_DI_head,COMP,OURS,1825,-0.005967,-0.006277,-0.00567,0.005967,0.006277,0.00567,True,0.0,predictor_temporal/predictor_temporal_per_variant.json::maskratio
POC-2B,maskratio,lower,raw,peft_dora_encoder,surgical_3stage_DI_intervene_encoder,COMP,OURS,1825,-0.003925,-0.004182,-0.003667,0.003925,0.004182,0.003667,True,0.0,predictor_temporal/predictor_temporal_per_variant.json::maskratio
POC-2B,maskratio,lower,raw,peft_dora_encoder,surgical_3stage_DI_replay25_encoder,COMP,OURS,1825,4.3e-05,-0.000187,0.000271,-4.3e-05,0.000187,-0.000271,True,0.6858,predictor_temporal/predictor_temporal_per_variant.json::maskratio
POC-2B,maskratio,lower,raw,peft_dora_encoder,surgical_3stage_DI_tccaux_encoder,COMP,OURS,1825,0.002183,0.001941,0.002427,-0.002183,-0.001941,-0.002427,True,0.0,predictor_temporal/predictor_temporal_per_variant.json::maskratio
POC-2B,maskratio,lower,raw,peft_dora_encoder,surgical_autorgn_encoder,COMP,COMP,1825,-0.004635,-0.004854,-0.004414,0.004635,0.004854,0.004414,True,0.0,predictor_temporal/predictor_temporal_per_variant.json::maskratio
POC-2B,maskratio,lower,raw,peft_dora_encoder,surgical_intervene_wiseft_f30_encoder,COMP,OURS,1825,-0.007119,-0.007396,-0.00685,0.007119,0.007396,0.00685,True,0.0,predictor_temporal/predictor_temporal_per_variant.json::maskratio
POC-2B,maskratio,lower,raw,peft_dora_encoder,surgical_intervene_wiseft_f50_encoder,COMP,OURS,1825,-0.009913,-0.010226,-0.009608,0.009913,0.010226,0.009608,True,0.0,predictor_temporal/predictor_temporal_per_variant.json::maskratio
POC-2B,maskratio,lower,raw,peft_dora_encoder,surgical_intervene_wiseft_f70_encoder,COMP,OURS,1825,-0.013054,-0.01342,-0.012704,0.013054,0.01342,0.012704,True,0.0,predictor_temporal/predictor_temporal_per_variant.json::maskratio
POC-2B,maskratio,lower,raw,peft_dora_encoder,surgical_noDI_encoder,COMP,OURS,1825,-0.000279,-0.000538,-1.4e-05,0.000279,0.000538,1.4e-05,True,0.038,predictor_temporal/predictor_temporal_per_variant.json::maskratio
POC-2B,maskratio,lower,raw,peft_dora_encoder,surgical_noDI_head,COMP,OURS,1825,-0.005967,-0.006277,-0.00567,0.005967,0.006277,0.00567,True,0.0,predictor_temporal/predictor_temporal_per_variant.json::maskratio
POC-2B,maskratio,lower,raw,peft_dora_encoder,frozen,COMP,REF,1825,-0.008566,-0.009036,-0.00812,0.008566,0.009036,0.00812,True,0.0,predictor_temporal/predictor_temporal_per_variant.json::maskratio
POC-2B,maskratio,lower,raw,peft_lora_encoder,pretrain_encoder,COMP,COMP,1825,-0.008806,-0.009087,-0.008534,0.008806,0.009087,0.008534,True,0.0,predictor_temporal/predictor_temporal_per_variant.json::maskratio
POC-2B,maskratio,lower,raw,peft_lora_encoder,surgery_raw_encoder,COMP,OURS,1825,-0.002755,-0.002947,-0.002569,0.002755,0.002947,0.002569,True,0.0,predictor_temporal/predictor_temporal_per_variant.json::maskratio
POC-2B,maskratio,lower,raw,peft_lora_encoder,surgical_3stage_DI_diheavy_encoder,COMP,OURS,1825,0.000616,0.000438,0.000797,-0.000616,-0.000438,-0.000797,True,0.0,predictor_temporal/predictor_temporal_per_variant.json::maskratio
POC-2B,maskratio,lower,raw,peft_lora_encoder,surgical_3stage_DI_encoder,COMP,OURS,1825,-0.003124,-0.003303,-0.002945,0.003124,0.003303,0.002945,True,0.0,predictor_temporal/predictor_temporal_per_variant.json::maskratio
POC-2B,maskratio,lower,raw,peft_lora_encoder,surgical_3stage_DI_head,COMP,OURS,1825,-0.008806,-0.009087,-0.008534,0.008806,0.009087,0.008534,True,0.0,predictor_temporal/predictor_temporal_per_variant.json::maskratio
POC-2B,maskratio,lower,raw,peft_lora_encoder,surgical_3stage_DI_intervene_encoder,COMP,OURS,1825,-0.006764,-0.006987,-0.006546,0.006764,0.006987,0.006546,True,0.0,predictor_temporal/predictor_temporal_per_variant.json::maskratio
POC-2B,maskratio,lower,raw,peft_lora_encoder,surgical_3stage_DI_replay25_encoder,COMP,OURS,1825,-0.002795,-0.00298,-0.002608,0.002795,0.00298,0.002608,True,0.0,predictor_temporal/predictor_temporal_per_variant.json::maskratio
POC-2B,maskratio,lower,raw,peft_lora_encoder,surgical_3stage_DI_tccaux_encoder,COMP,OURS,1825,-0.000656,-0.000857,-0.000457,0.000656,0.000857,0.000457,True,0.0,predictor_temporal/predictor_temporal_per_variant.json::maskratio
POC-2B,maskratio,lower,raw,peft_lora_encoder,surgical_autorgn_encoder,COMP,COMP,1825,-0.007474,-0.007706,-0.007246,0.007474,0.007706,0.007246,True,0.0,predictor_temporal/predictor_temporal_per_variant.json::maskratio
POC-2B,maskratio,lower,raw,peft_lora_encoder,surgical_intervene_wiseft_f30_encoder,COMP,OURS,1825,-0.009957,-0.010207,-0.009717,0.009957,0.010207,0.009717,True,0.0,predictor_temporal/predictor_temporal_per_variant.json::maskratio
POC-2B,maskratio,lower,raw,peft_lora_encoder,surgical_intervene_wiseft_f50_encoder,COMP,OURS,1825,-0.012752,-0.013043,-0.012474,0.012752,0.013043,0.012474,True,0.0,predictor_temporal/predictor_temporal_per_variant.json::maskratio
POC-2B,maskratio,lower,raw,peft_lora_encoder,surgical_intervene_wiseft_f70_encoder,COMP,OURS,1825,-0.015893,-0.016232,-0.015564,0.015893,0.016232,0.015564,True,0.0,predictor_temporal/predictor_temporal_per_variant.json::maskratio
POC-2B,maskratio,lower,raw,peft_lora_encoder,surgical_noDI_encoder,COMP,OURS,1825,-0.003117,-0.003349,-0.002883,0.003117,0.003349,0.002883,True,0.0,predictor_temporal/predictor_temporal_per_variant.json::maskratio
POC-2B,maskratio,lower,raw,peft_lora_encoder,surgical_noDI_head,COMP,OURS,1825,-0.008806,-0.009087,-0.008534,0.008806,0.009087,0.008534,True,0.0,predictor_temporal/predictor_temporal_per_variant.json::maskratio
POC-2B,maskratio,lower,raw,peft_lora_encoder,frozen,COMP,REF,1825,-0.011404,-0.011853,-0.010974,0.011404,0.011853,0.010974,True,0.0,predictor_temporal/predictor_temporal_per_variant.json::maskratio
POC-2B,maskratio,lower,raw,pretrain_encoder,surgery_raw_encoder,COMP,OURS,1825,0.006051,0.00587,0.006227,-0.006051,-0.00587,-0.006227,True,0.0,predictor_temporal/predictor_temporal_per_variant.json::maskratio
POC-2B,maskratio,lower,raw,pretrain_encoder,surgical_3stage_DI_diheavy_encoder,COMP,OURS,1825,0.009422,0.00923,0.009612,-0.009422,-0.00923,-0.009612,True,0.0,predictor_temporal/predictor_temporal_per_variant.json::maskratio
POC-2B,maskratio,lower,raw,pretrain_encoder,surgical_3stage_DI_encoder,COMP,OURS,1825,0.005681,0.005483,0.005884,-0.005681,-0.005483,-0.005884,True,0.0,predictor_temporal/predictor_temporal_per_variant.json::maskratio
POC-2B,maskratio,lower,raw,pretrain_encoder,surgical_3stage_DI_head,COMP,OURS,1825,0.0,nan,nan,-0.0,nan,nan,False,1.0,predictor_temporal/predictor_temporal_per_variant.json::maskratio
POC-2B,maskratio,lower,raw,pretrain_encoder,surgical_3stage_DI_intervene_encoder,COMP,OURS,1825,0.002042,0.001891,0.002191,-0.002042,-0.001891,-0.002191,True,0.0,predictor_temporal/predictor_temporal_per_variant.json::maskratio
POC-2B,maskratio,lower,raw,pretrain_encoder,surgical_3stage_DI_replay25_encoder,COMP,OURS,1825,0.00601,0.005821,0.006201,-0.00601,-0.005821,-0.006201,True,0.0,predictor_temporal/predictor_temporal_per_variant.json::maskratio
POC-2B,maskratio,lower,raw,pretrain_encoder,surgical_3stage_DI_tccaux_encoder,COMP,OURS,1825,0.00815,0.00798,0.008315,-0.00815,-0.00798,-0.008315,True,0.0,predictor_temporal/predictor_temporal_per_variant.json::maskratio
POC-2B,maskratio,lower,raw,pretrain_encoder,surgical_autorgn_encoder,COMP,COMP,1825,0.001332,0.001094,0.001569,-0.001332,-0.001094,-0.001569,True,0.0,predictor_temporal/predictor_temporal_per_variant.json::maskratio
POC-2B,maskratio,lower,raw,pretrain_encoder,surgical_intervene_wiseft_f30_encoder,COMP,OURS,1825,-0.001152,-0.0013,-0.001001,0.001152,0.0013,0.001001,True,0.0,predictor_temporal/predictor_temporal_per_variant.json::maskratio
POC-2B,maskratio,lower,raw,pretrain_encoder,surgical_intervene_wiseft_f50_encoder,COMP,OURS,1825,-0.003946,-0.004119,-0.003777,0.003946,0.004119,0.003777,True,0.0,predictor_temporal/predictor_temporal_per_variant.json::maskratio
POC-2B,maskratio,lower,raw,pretrain_encoder,surgical_intervene_wiseft_f70_encoder,COMP,OURS,1825,-0.007087,-0.00729,-0.00688,0.007087,0.00729,0.00688,True,0.0,predictor_temporal/predictor_temporal_per_variant.json::maskratio
POC-2B,maskratio,lower,raw,pretrain_encoder,surgical_noDI_encoder,COMP,OURS,1825,0.005689,0.005482,0.005886,-0.005689,-0.005482,-0.005886,True,0.0,predictor_temporal/predictor_temporal_per_variant.json::maskratio
POC-2B,maskratio,lower,raw,pretrain_encoder,surgical_noDI_head,COMP,OURS,1825,0.0,nan,nan,-0.0,nan,nan,False,1.0,predictor_temporal/predictor_temporal_per_variant.json::maskratio
POC-2B,maskratio,lower,raw,pretrain_encoder,frozen,COMP,REF,1825,-0.002598,-0.002942,-0.002266,0.002598,0.002942,0.002266,True,0.0,predictor_temporal/predictor_temporal_per_variant.json::maskratio
POC-2B,maskratio,lower,raw,surgery_raw_encoder,surgical_3stage_DI_diheavy_encoder,OURS,OURS,1825,0.003371,0.003289,0.003462,-0.003371,-0.003289,-0.003462,True,0.0,predictor_temporal/predictor_temporal_per_variant.json::maskratio
POC-2B,maskratio,lower,raw,surgery_raw_encoder,surgical_3stage_DI_encoder,OURS,OURS,1825,-0.00037,-0.000463,-0.000273,0.00037,0.000463,0.000273,True,0.0,predictor_temporal/predictor_temporal_per_variant.json::maskratio
POC-2B,maskratio,lower,raw,surgery_raw_encoder,surgical_3stage_DI_head,OURS,OURS,1825,-0.006051,-0.006227,-0.00587,0.006051,0.006227,0.00587,True,0.0,predictor_temporal/predictor_temporal_per_variant.json::maskratio
POC-2B,maskratio,lower,raw,surgery_raw_encoder,surgical_3stage_DI_intervene_encoder,OURS,OURS,1825,-0.004009,-0.004092,-0.003921,0.004009,0.004092,0.003921,True,0.0,predictor_temporal/predictor_temporal_per_variant.json::maskratio
POC-2B,maskratio,lower,raw,surgery_raw_encoder,surgical_3stage_DI_replay25_encoder,OURS,OURS,1825,-4e-05,-0.00013,5.6e-05,4e-05,0.00013,-5.6e-05,True,0.3838,predictor_temporal/predictor_temporal_per_variant.json::maskratio
POC-2B,maskratio,lower,raw,surgery_raw_encoder,surgical_3stage_DI_tccaux_encoder,OURS,OURS,1825,0.002099,0.002027,0.002186,-0.002099,-0.002027,-0.002186,True,0.0,predictor_temporal/predictor_temporal_per_variant.json::maskratio
POC-2B,maskratio,lower,raw,surgery_raw_encoder,surgical_autorgn_encoder,OURS,COMP,1825,-0.004719,-0.004941,-0.004501,0.004719,0.004941,0.004501,True,0.0,predictor_temporal/predictor_temporal_per_variant.json::maskratio
POC-2B,maskratio,lower,raw,surgery_raw_encoder,surgical_intervene_wiseft_f30_encoder,OURS,OURS,1825,-0.007203,-0.007362,-0.007044,0.007203,0.007362,0.007044,True,0.0,predictor_temporal/predictor_temporal_per_variant.json::maskratio
POC-2B,maskratio,lower,raw,surgery_raw_encoder,surgical_intervene_wiseft_f50_encoder,OURS,OURS,1825,-0.009997,-0.010211,-0.009786,0.009997,0.010211,0.009786,True,0.0,predictor_temporal/predictor_temporal_per_variant.json::maskratio
POC-2B,maskratio,lower,raw,surgery_raw_encoder,surgical_intervene_wiseft_f70_encoder,OURS,OURS,1825,-0.013138,-0.013396,-0.012873,0.013138,0.013396,0.012873,True,0.0,predictor_temporal/predictor_temporal_per_variant.json::maskratio
POC-2B,maskratio,lower,raw,surgery_raw_encoder,surgical_noDI_encoder,OURS,OURS,1825,-0.000362,-0.00048,-0.000225,0.000362,0.00048,0.000225,True,0.0,predictor_temporal/predictor_temporal_per_variant.json::maskratio
POC-2B,maskratio,lower,raw,surgery_raw_encoder,surgical_noDI_head,OURS,OURS,1825,-0.006051,-0.006227,-0.00587,0.006051,0.006227,0.00587,True,0.0,predictor_temporal/predictor_temporal_per_variant.json::maskratio
POC-2B,maskratio,lower,raw,surgery_raw_encoder,frozen,OURS,REF,1825,-0.008649,-0.009027,-0.008281,0.008649,0.009027,0.008281,True,0.0,predictor_temporal/predictor_temporal_per_variant.json::maskratio
POC-2B,maskratio,lower,raw,surgical_3stage_DI_diheavy_encoder,surgical_3stage_DI_encoder,OURS,OURS,1825,-0.00374,-0.003824,-0.003657,0.00374,0.003824,0.003657,True,0.0,predictor_temporal/predictor_temporal_per_variant.json::maskratio
POC-2B,maskratio,lower,raw,surgical_3stage_DI_diheavy_encoder,surgical_3stage_DI_head,OURS,OURS,1825,-0.009422,-0.009612,-0.00923,0.009422,0.009612,0.00923,True,0.0,predictor_temporal/predictor_temporal_per_variant.json::maskratio
POC-2B,maskratio,lower,raw,surgical_3stage_DI_diheavy_encoder,surgical_3stage_DI_intervene_encoder,OURS,OURS,1825,-0.00738,-0.007479,-0.007288,0.00738,0.007479,0.007288,True,0.0,predictor_temporal/predictor_temporal_per_variant.json::maskratio
POC-2B,maskratio,lower,raw,surgical_3stage_DI_diheavy_encoder,surgical_3stage_DI_replay25_encoder,OURS,OURS,1825,-0.003411,-0.003481,-0.003347,0.003411,0.003481,0.003347,True,0.0,predictor_temporal/predictor_temporal_per_variant.json::maskratio
POC-2B,maskratio,lower,raw,surgical_3stage_DI_diheavy_encoder,surgical_3stage_DI_tccaux_encoder,OURS,OURS,1825,-0.001272,-0.001329,-0.001214,0.001272,0.001329,0.001214,True,0.0,predictor_temporal/predictor_temporal_per_variant.json::maskratio
POC-2B,maskratio,lower,raw,surgical_3stage_DI_diheavy_encoder,surgical_autorgn_encoder,OURS,COMP,1825,-0.00809,-0.008324,-0.007863,0.00809,0.008324,0.007863,True,0.0,predictor_temporal/predictor_temporal_per_variant.json::maskratio
POC-2B,maskratio,lower,raw,surgical_3stage_DI_diheavy_encoder,surgical_intervene_wiseft_f30_encoder,OURS,OURS,1825,-0.010573,-0.010721,-0.010424,0.010573,0.010721,0.010424,True,0.0,predictor_temporal/predictor_temporal_per_variant.json::maskratio
POC-2B,maskratio,lower,raw,surgical_3stage_DI_diheavy_encoder,surgical_intervene_wiseft_f50_encoder,OURS,OURS,1825,-0.013367,-0.013568,-0.013167,0.013367,0.013568,0.013167,True,0.0,predictor_temporal/predictor_temporal_per_variant.json::maskratio
POC-2B,maskratio,lower,raw,surgical_3stage_DI_diheavy_encoder,surgical_intervene_wiseft_f70_encoder,OURS,OURS,1825,-0.016509,-0.016764,-0.016253,0.016509,0.016764,0.016253,True,0.0,predictor_temporal/predictor_temporal_per_variant.json::maskratio
POC-2B,maskratio,lower,raw,surgical_3stage_DI_diheavy_encoder,surgical_noDI_encoder,OURS,OURS,1825,-0.003733,-0.003847,-0.003618,0.003733,0.003847,0.003618,True,0.0,predictor_temporal/predictor_temporal_per_variant.json::maskratio
POC-2B,maskratio,lower,raw,surgical_3stage_DI_diheavy_encoder,surgical_noDI_head,OURS,OURS,1825,-0.009422,-0.009612,-0.00923,0.009422,0.009612,0.00923,True,0.0,predictor_temporal/predictor_temporal_per_variant.json::maskratio
POC-2B,maskratio,lower,raw,surgical_3stage_DI_diheavy_encoder,frozen,OURS,REF,1825,-0.01202,-0.012405,-0.011648,0.01202,0.012405,0.011648,True,0.0,predictor_temporal/predictor_temporal_per_variant.json::maskratio
POC-2B,maskratio,lower,raw,surgical_3stage_DI_encoder,surgical_3stage_DI_head,OURS,OURS,1825,-0.005681,-0.005884,-0.005483,0.005681,0.005884,0.005483,True,0.0,predictor_temporal/predictor_temporal_per_variant.json::maskratio
POC-2B,maskratio,lower,raw,surgical_3stage_DI_encoder,surgical_3stage_DI_intervene_encoder,OURS,OURS,1825,-0.003639,-0.003742,-0.003541,0.003639,0.003742,0.003541,True,0.0,predictor_temporal/predictor_temporal_per_variant.json::maskratio
POC-2B,maskratio,lower,raw,surgical_3stage_DI_encoder,surgical_3stage_DI_replay25_encoder,OURS,OURS,1825,0.000329,0.000269,0.000388,-0.000329,-0.000269,-0.000388,True,0.0,predictor_temporal/predictor_temporal_per_variant.json::maskratio
POC-2B,maskratio,lower,raw,surgical_3stage_DI_encoder,surgical_3stage_DI_tccaux_encoder,OURS,OURS,1825,0.002469,0.002379,0.002559,-0.002469,-0.002379,-0.002559,True,0.0,predictor_temporal/predictor_temporal_per_variant.json::maskratio
POC-2B,maskratio,lower,raw,surgical_3stage_DI_encoder,surgical_autorgn_encoder,OURS,COMP,1825,-0.00435,-0.004586,-0.004126,0.00435,0.004586,0.004126,True,0.0,predictor_temporal/predictor_temporal_per_variant.json::maskratio
POC-2B,maskratio,lower,raw,surgical_3stage_DI_encoder,surgical_intervene_wiseft_f30_encoder,OURS,OURS,1825,-0.006833,-0.006974,-0.00669,0.006833,0.006974,0.00669,True,0.0,predictor_temporal/predictor_temporal_per_variant.json::maskratio
POC-2B,maskratio,lower,raw,surgical_3stage_DI_encoder,surgical_intervene_wiseft_f50_encoder,OURS,OURS,1825,-0.009627,-0.009828,-0.009429,0.009627,0.009828,0.009429,True,0.0,predictor_temporal/predictor_temporal_per_variant.json::maskratio
POC-2B,maskratio,lower,raw,surgical_3stage_DI_encoder,surgical_intervene_wiseft_f70_encoder,OURS,OURS,1825,-0.012769,-0.013026,-0.012517,0.012769,0.013026,0.012517,True,0.0,predictor_temporal/predictor_temporal_per_variant.json::maskratio
POC-2B,maskratio,lower,raw,surgical_3stage_DI_encoder,surgical_noDI_encoder,OURS,OURS,1825,7e-06,-0.000142,0.000158,-7e-06,0.000142,-0.000158,True,0.917,predictor_temporal/predictor_temporal_per_variant.json::maskratio
POC-2B,maskratio,lower,raw,surgical_3stage_DI_encoder,surgical_noDI_head,OURS,OURS,1825,-0.005681,-0.005884,-0.005483,0.005681,0.005884,0.005483,True,0.0,predictor_temporal/predictor_temporal_per_variant.json::maskratio
POC-2B,maskratio,lower,raw,surgical_3stage_DI_encoder,frozen,OURS,REF,1825,-0.00828,-0.008656,-0.007906,0.00828,0.008656,0.007906,True,0.0,predictor_temporal/predictor_temporal_per_variant.json::maskratio
POC-2B,maskratio,lower,raw,surgical_3stage_DI_head,surgical_3stage_DI_intervene_encoder,OURS,OURS,1825,0.002042,0.001891,0.002191,-0.002042,-0.001891,-0.002191,True,0.0,predictor_temporal/predictor_temporal_per_variant.json::maskratio
POC-2B,maskratio,lower,raw,surgical_3stage_DI_head,surgical_3stage_DI_replay25_encoder,OURS,OURS,1825,0.00601,0.005821,0.006201,-0.00601,-0.005821,-0.006201,True,0.0,predictor_temporal/predictor_temporal_per_variant.json::maskratio
POC-2B,maskratio,lower,raw,surgical_3stage_DI_head,surgical_3stage_DI_tccaux_encoder,OURS,OURS,1825,0.00815,0.00798,0.008315,-0.00815,-0.00798,-0.008315,True,0.0,predictor_temporal/predictor_temporal_per_variant.json::maskratio
POC-2B,maskratio,lower,raw,surgical_3stage_DI_head,surgical_autorgn_encoder,OURS,COMP,1825,0.001332,0.001094,0.001569,-0.001332,-0.001094,-0.001569,True,0.0,predictor_temporal/predictor_temporal_per_variant.json::maskratio
POC-2B,maskratio,lower,raw,surgical_3stage_DI_head,surgical_intervene_wiseft_f30_encoder,OURS,OURS,1825,-0.001152,-0.0013,-0.001001,0.001152,0.0013,0.001001,True,0.0,predictor_temporal/predictor_temporal_per_variant.json::maskratio
POC-2B,maskratio,lower,raw,surgical_3stage_DI_head,surgical_intervene_wiseft_f50_encoder,OURS,OURS,1825,-0.003946,-0.004119,-0.003777,0.003946,0.004119,0.003777,True,0.0,predictor_temporal/predictor_temporal_per_variant.json::maskratio
POC-2B,maskratio,lower,raw,surgical_3stage_DI_head,surgical_intervene_wiseft_f70_encoder,OURS,OURS,1825,-0.007087,-0.00729,-0.00688,0.007087,0.00729,0.00688,True,0.0,predictor_temporal/predictor_temporal_per_variant.json::maskratio
POC-2B,maskratio,lower,raw,surgical_3stage_DI_head,surgical_noDI_encoder,OURS,OURS,1825,0.005689,0.005482,0.005886,-0.005689,-0.005482,-0.005886,True,0.0,predictor_temporal/predictor_temporal_per_variant.json::maskratio
POC-2B,maskratio,lower,raw,surgical_3stage_DI_head,surgical_noDI_head,OURS,OURS,1825,0.0,nan,nan,-0.0,nan,nan,False,1.0,predictor_temporal/predictor_temporal_per_variant.json::maskratio
POC-2B,maskratio,lower,raw,surgical_3stage_DI_head,frozen,OURS,REF,1825,-0.002598,-0.002942,-0.002266,0.002598,0.002942,0.002266,True,0.0,predictor_temporal/predictor_temporal_per_variant.json::maskratio
POC-2B,maskratio,lower,raw,surgical_3stage_DI_intervene_encoder,surgical_3stage_DI_replay25_encoder,OURS,OURS,1825,0.003969,0.003884,0.004058,-0.003969,-0.003884,-0.004058,True,0.0,predictor_temporal/predictor_temporal_per_variant.json::maskratio
POC-2B,maskratio,lower,raw,surgical_3stage_DI_intervene_encoder,surgical_3stage_DI_tccaux_encoder,OURS,OURS,1825,0.006108,0.006045,0.006176,-0.006108,-0.006045,-0.006176,True,0.0,predictor_temporal/predictor_temporal_per_variant.json::maskratio
POC-2B,maskratio,lower,raw,surgical_3stage_DI_intervene_encoder,surgical_autorgn_encoder,OURS,COMP,1825,-0.00071,-0.000932,-0.0005,0.00071,0.000932,0.0005,True,0.0,predictor_temporal/predictor_temporal_per_variant.json::maskratio
POC-2B,maskratio,lower,raw,surgical_3stage_DI_intervene_encoder,surgical_intervene_wiseft_f30_encoder,OURS,OURS,1825,-0.003194,-0.00332,-0.003069,0.003194,0.00332,0.003069,True,0.0,predictor_temporal/predictor_temporal_per_variant.json::maskratio
POC-2B,maskratio,lower,raw,surgical_3stage_DI_intervene_encoder,surgical_intervene_wiseft_f50_encoder,OURS,OURS,1825,-0.005988,-0.006168,-0.005808,0.005988,0.006168,0.005808,True,0.0,predictor_temporal/predictor_temporal_per_variant.json::maskratio
POC-2B,maskratio,lower,raw,surgical_3stage_DI_intervene_encoder,surgical_intervene_wiseft_f70_encoder,OURS,OURS,1825,-0.009129,-0.009365,-0.008899,0.009129,0.009365,0.008899,True,0.0,predictor_temporal/predictor_temporal_per_variant.json::maskratio
POC-2B,maskratio,lower,raw,surgical_3stage_DI_intervene_encoder,surgical_noDI_encoder,OURS,OURS,1825,0.003647,0.003529,0.003767,-0.003647,-0.003529,-0.003767,True,0.0,predictor_temporal/predictor_temporal_per_variant.json::maskratio
POC-2B,maskratio,lower,raw,surgical_3stage_DI_intervene_encoder,surgical_noDI_head,OURS,OURS,1825,-0.002042,-0.002191,-0.001891,0.002042,0.002191,0.001891,True,0.0,predictor_temporal/predictor_temporal_per_variant.json::maskratio
POC-2B,maskratio,lower,raw,surgical_3stage_DI_intervene_encoder,frozen,OURS,REF,1825,-0.00464,-0.005002,-0.004288,0.00464,0.005002,0.004288,True,0.0,predictor_temporal/predictor_temporal_per_variant.json::maskratio
POC-2B,maskratio,lower,raw,surgical_3stage_DI_replay25_encoder,surgical_3stage_DI_tccaux_encoder,OURS,OURS,1825,0.002139,0.00207,0.002212,-0.002139,-0.00207,-0.002212,True,0.0,predictor_temporal/predictor_temporal_per_variant.json::maskratio
POC-2B,maskratio,lower,raw,surgical_3stage_DI_replay25_encoder,surgical_autorgn_encoder,OURS,COMP,1825,-0.004679,-0.004913,-0.00445,0.004679,0.004913,0.00445,True,0.0,predictor_temporal/predictor_temporal_per_variant.json::maskratio
POC-2B,maskratio,lower,raw,surgical_3stage_DI_replay25_encoder,surgical_intervene_wiseft_f30_encoder,OURS,OURS,1825,-0.007162,-0.007301,-0.007023,0.007162,0.007301,0.007023,True,0.0,predictor_temporal/predictor_temporal_per_variant.json::maskratio
POC-2B,maskratio,lower,raw,surgical_3stage_DI_replay25_encoder,surgical_intervene_wiseft_f50_encoder,OURS,OURS,1825,-0.009956,-0.010153,-0.009762,0.009956,0.010153,0.009762,True,0.0,predictor_temporal/predictor_temporal_per_variant.json::maskratio
POC-2B,maskratio,lower,raw,surgical_3stage_DI_replay25_encoder,surgical_intervene_wiseft_f70_encoder,OURS,OURS,1825,-0.013098,-0.013346,-0.012854,0.013098,0.013346,0.012854,True,0.0,predictor_temporal/predictor_temporal_per_variant.json::maskratio
POC-2B,maskratio,lower,raw,surgical_3stage_DI_replay25_encoder,surgical_noDI_encoder,OURS,OURS,1825,-0.000322,-0.000449,-0.000194,0.000322,0.000449,0.000194,True,0.0,predictor_temporal/predictor_temporal_per_variant.json::maskratio
POC-2B,maskratio,lower,raw,surgical_3stage_DI_replay25_encoder,surgical_noDI_head,OURS,OURS,1825,-0.00601,-0.006201,-0.005821,0.00601,0.006201,0.005821,True,0.0,predictor_temporal/predictor_temporal_per_variant.json::maskratio
POC-2B,maskratio,lower,raw,surgical_3stage_DI_replay25_encoder,frozen,OURS,REF,1825,-0.008609,-0.008982,-0.00825,0.008609,0.008982,0.00825,True,0.0,predictor_temporal/predictor_temporal_per_variant.json::maskratio
POC-2B,maskratio,lower,raw,surgical_3stage_DI_tccaux_encoder,surgical_autorgn_encoder,OURS,COMP,1825,-0.006818,-0.007044,-0.006602,0.006818,0.007044,0.006602,True,0.0,predictor_temporal/predictor_temporal_per_variant.json::maskratio
POC-2B,maskratio,lower,raw,surgical_3stage_DI_tccaux_encoder,surgical_intervene_wiseft_f30_encoder,OURS,OURS,1825,-0.009302,-0.009436,-0.009161,0.009302,0.009436,0.009161,True,0.0,predictor_temporal/predictor_temporal_per_variant.json::maskratio
POC-2B,maskratio,lower,raw,surgical_3stage_DI_tccaux_encoder,surgical_intervene_wiseft_f50_encoder,OURS,OURS,1825,-0.012096,-0.012288,-0.011906,0.012096,0.012288,0.011906,True,0.0,predictor_temporal/predictor_temporal_per_variant.json::maskratio
POC-2B,maskratio,lower,raw,surgical_3stage_DI_tccaux_encoder,surgical_intervene_wiseft_f70_encoder,OURS,OURS,1825,-0.015237,-0.015482,-0.014996,0.015237,0.015482,0.014996,True,0.0,predictor_temporal/predictor_temporal_per_variant.json::maskratio
POC-2B,maskratio,lower,raw,surgical_3stage_DI_tccaux_encoder,surgical_noDI_encoder,OURS,OURS,1825,-0.002461,-0.002574,-0.002351,0.002461,0.002574,0.002351,True,0.0,predictor_temporal/predictor_temporal_per_variant.json::maskratio
POC-2B,maskratio,lower,raw,surgical_3stage_DI_tccaux_encoder,surgical_noDI_head,OURS,OURS,1825,-0.00815,-0.008315,-0.00798,0.00815,0.008315,0.00798,True,0.0,predictor_temporal/predictor_temporal_per_variant.json::maskratio
POC-2B,maskratio,lower,raw,surgical_3stage_DI_tccaux_encoder,frozen,OURS,REF,1825,-0.010748,-0.011118,-0.010387,0.010748,0.011118,0.010387,True,0.0,predictor_temporal/predictor_temporal_per_variant.json::maskratio
POC-2B,maskratio,lower,raw,surgical_autorgn_encoder,surgical_intervene_wiseft_f30_encoder,COMP,OURS,1825,-0.002483,-0.002734,-0.002239,0.002483,0.002734,0.002239,True,0.0,predictor_temporal/predictor_temporal_per_variant.json::maskratio
POC-2B,maskratio,lower,raw,surgical_autorgn_encoder,surgical_intervene_wiseft_f50_encoder,COMP,OURS,1825,-0.005277,-0.005556,-0.005002,0.005277,0.005556,0.005002,True,0.0,predictor_temporal/predictor_temporal_per_variant.json::maskratio
POC-2B,maskratio,lower,raw,surgical_autorgn_encoder,surgical_intervene_wiseft_f70_encoder,COMP,OURS,1825,-0.008419,-0.008729,-0.008107,0.008419,0.008729,0.008107,True,0.0,predictor_temporal/predictor_temporal_per_variant.json::maskratio
POC-2B,maskratio,lower,raw,surgical_autorgn_encoder,surgical_noDI_encoder,COMP,OURS,1825,0.004357,0.004131,0.004586,-0.004357,-0.004131,-0.004586,True,0.0,predictor_temporal/predictor_temporal_per_variant.json::maskratio
POC-2B,maskratio,lower,raw,surgical_autorgn_encoder,surgical_noDI_head,COMP,OURS,1825,-0.001332,-0.001569,-0.001094,0.001332,0.001569,0.001094,True,0.0,predictor_temporal/predictor_temporal_per_variant.json::maskratio
POC-2B,maskratio,lower,raw,surgical_autorgn_encoder,frozen,COMP,REF,1825,-0.00393,-0.004336,-0.003526,0.00393,0.004336,0.003526,True,0.0,predictor_temporal/predictor_temporal_per_variant.json::maskratio
POC-2B,maskratio,lower,raw,surgical_intervene_wiseft_f30_encoder,surgical_intervene_wiseft_f50_encoder,OURS,OURS,1825,-0.002794,-0.002869,-0.002719,0.002794,0.002869,0.002719,True,0.0,predictor_temporal/predictor_temporal_per_variant.json::maskratio
POC-2B,maskratio,lower,raw,surgical_intervene_wiseft_f30_encoder,surgical_intervene_wiseft_f70_encoder,OURS,OURS,1825,-0.005935,-0.006081,-0.005783,0.005935,0.006081,0.005783,True,0.0,predictor_temporal/predictor_temporal_per_variant.json::maskratio
POC-2B,maskratio,lower,raw,surgical_intervene_wiseft_f30_encoder,surgical_noDI_encoder,OURS,OURS,1825,0.00684,0.006649,0.007021,-0.00684,-0.006649,-0.007021,True,0.0,predictor_temporal/predictor_temporal_per_variant.json::maskratio
POC-2B,maskratio,lower,raw,surgical_intervene_wiseft_f30_encoder,surgical_noDI_head,OURS,OURS,1825,0.001152,0.001001,0.0013,-0.001152,-0.001001,-0.0013,True,0.0,predictor_temporal/predictor_temporal_per_variant.json::maskratio
POC-2B,maskratio,lower,raw,surgical_intervene_wiseft_f30_encoder,frozen,OURS,REF,1825,-0.001447,-0.001793,-0.001119,0.001447,0.001793,0.001119,True,0.0,predictor_temporal/predictor_temporal_per_variant.json::maskratio
POC-2B,maskratio,lower,raw,surgical_intervene_wiseft_f50_encoder,surgical_intervene_wiseft_f70_encoder,OURS,OURS,1825,-0.003141,-0.003226,-0.003048,0.003141,0.003226,0.003048,True,0.0,predictor_temporal/predictor_temporal_per_variant.json::maskratio
POC-2B,maskratio,lower,raw,surgical_intervene_wiseft_f50_encoder,surgical_noDI_encoder,OURS,OURS,1825,0.009634,0.009406,0.009856,-0.009634,-0.009406,-0.009856,True,0.0,predictor_temporal/predictor_temporal_per_variant.json::maskratio
POC-2B,maskratio,lower,raw,surgical_intervene_wiseft_f50_encoder,surgical_noDI_head,OURS,OURS,1825,0.003946,0.003777,0.004119,-0.003946,-0.003777,-0.004119,True,0.0,predictor_temporal/predictor_temporal_per_variant.json::maskratio
POC-2B,maskratio,lower,raw,surgical_intervene_wiseft_f50_encoder,frozen,OURS,REF,1825,0.001347,0.001002,0.00168,-0.001347,-0.001002,-0.00168,True,0.0,predictor_temporal/predictor_temporal_per_variant.json::maskratio
POC-2B,maskratio,lower,raw,surgical_intervene_wiseft_f70_encoder,surgical_noDI_encoder,OURS,OURS,1825,0.012776,0.012505,0.01304,-0.012776,-0.012505,-0.01304,True,0.0,predictor_temporal/predictor_temporal_per_variant.json::maskratio
POC-2B,maskratio,lower,raw,surgical_intervene_wiseft_f70_encoder,surgical_noDI_head,OURS,OURS,1825,0.007087,0.00688,0.00729,-0.007087,-0.00688,-0.00729,True,0.0,predictor_temporal/predictor_temporal_per_variant.json::maskratio
POC-2B,maskratio,lower,raw,surgical_intervene_wiseft_f70_encoder,frozen,OURS,REF,1825,0.004489,0.004147,0.004828,-0.004489,-0.004147,-0.004828,True,0.0,predictor_temporal/predictor_temporal_per_variant.json::maskratio
POC-2B,maskratio,lower,raw,surgical_noDI_encoder,surgical_noDI_head,OURS,OURS,1825,-0.005689,-0.005886,-0.005482,0.005689,0.005886,0.005482,True,0.0,predictor_temporal/predictor_temporal_per_variant.json::maskratio
POC-2B,maskratio,lower,raw,surgical_noDI_encoder,frozen,OURS,REF,1825,-0.008287,-0.008673,-0.007908,0.008287,0.008673,0.007908,True,0.0,predictor_temporal/predictor_temporal_per_variant.json::maskratio
POC-2B,maskratio,lower,raw,surgical_noDI_head,frozen,OURS,REF,1825,-0.002598,-0.002942,-0.002266,0.002598,0.002942,0.002266,True,0.0,predictor_temporal/predictor_temporal_per_variant.json::maskratio
POC-2B,order,signed,raw,frozen,full_ft_encoder,REF,COMP,1825,-0.002346,-0.002853,-0.001831,,,,,0.0,predictor_temporal/predictor_temporal_per_variant.json::order
POC-2B,order,signed,raw,frozen,lpft_encoder,REF,COMP,1825,0.000332,-0.000131,0.000827,,,,,0.1666,predictor_temporal/predictor_temporal_per_variant.json::order
POC-2B,order,signed,raw,frozen,peft_dora_encoder,REF,COMP,1825,0.000244,-0.000256,0.000776,,,,,0.349,predictor_temporal/predictor_temporal_per_variant.json::order
POC-2B,order,signed,raw,frozen,peft_lora_encoder,REF,COMP,1825,-0.000311,-0.000804,0.000216,,,,,0.2402,predictor_temporal/predictor_temporal_per_variant.json::order
POC-2B,order,signed,raw,frozen,pretrain_encoder,REF,COMP,1825,0.00217,0.001753,0.002638,,,,,0.0,predictor_temporal/predictor_temporal_per_variant.json::order
POC-2B,order,signed,raw,frozen,surgery_raw_encoder,REF,OURS,1825,-0.000998,-0.001462,-0.000538,,,,,0.0002,predictor_temporal/predictor_temporal_per_variant.json::order
POC-2B,order,signed,raw,frozen,surgical_3stage_DI_diheavy_encoder,REF,OURS,1825,-0.001681,-0.002149,-0.001212,,,,,0.0,predictor_temporal/predictor_temporal_per_variant.json::order
POC-2B,order,signed,raw,frozen,surgical_3stage_DI_encoder,REF,OURS,1825,-1.7e-05,-0.000516,0.000488,,,,,0.957,predictor_temporal/predictor_temporal_per_variant.json::order
POC-2B,order,signed,raw,frozen,surgical_3stage_DI_head,REF,OURS,1825,0.00217,0.001753,0.002638,,,,,0.0,predictor_temporal/predictor_temporal_per_variant.json::order
POC-2B,order,signed,raw,frozen,surgical_3stage_DI_intervene_encoder,REF,OURS,1825,-0.002423,-0.002912,-0.001929,,,,,0.0,predictor_temporal/predictor_temporal_per_variant.json::order
POC-2B,order,signed,raw,frozen,surgical_3stage_DI_replay25_encoder,REF,OURS,1825,-0.000583,-0.001068,-8.3e-05,,,,,0.0222,predictor_temporal/predictor_temporal_per_variant.json::order
POC-2B,order,signed,raw,frozen,surgical_3stage_DI_tccaux_encoder,REF,OURS,1825,-0.002595,-0.003083,-0.002108,,,,,0.0,predictor_temporal/predictor_temporal_per_variant.json::order
POC-2B,order,signed,raw,frozen,surgical_autorgn_encoder,REF,COMP,1825,-0.001091,-0.001542,-0.000602,,,,,0.0,predictor_temporal/predictor_temporal_per_variant.json::order
POC-2B,order,signed,raw,frozen,surgical_intervene_wiseft_f30_encoder,REF,OURS,1825,-0.002831,-0.00321,-0.002451,,,,,0.0,predictor_temporal/predictor_temporal_per_variant.json::order
POC-2B,order,signed,raw,frozen,surgical_intervene_wiseft_f50_encoder,REF,OURS,1825,-0.002937,-0.003231,-0.002633,,,,,0.0,predictor_temporal/predictor_temporal_per_variant.json::order
POC-2B,order,signed,raw,frozen,surgical_intervene_wiseft_f70_encoder,REF,OURS,1825,-0.00258,-0.002783,-0.002371,,,,,0.0,predictor_temporal/predictor_temporal_per_variant.json::order
POC-2B,order,signed,raw,frozen,surgical_noDI_encoder,REF,OURS,1825,-0.001999,-0.002464,-0.001543,,,,,0.0,predictor_temporal/predictor_temporal_per_variant.json::order
POC-2B,order,signed,raw,frozen,surgical_noDI_head,REF,OURS,1825,0.00217,0.001753,0.002638,,,,,0.0,predictor_temporal/predictor_temporal_per_variant.json::order
POC-2B,order,signed,raw,frozen,frozen,REF,REF,1825,-0.00516,-0.00564,-0.004695,,,,,0.0,predictor_temporal/predictor_temporal_per_variant.json::order
POC-2B,order,signed,raw,full_ft_encoder,lpft_encoder,COMP,COMP,1825,0.002677,0.002424,0.002946,,,,,0.0,predictor_temporal/predictor_temporal_per_variant.json::order
POC-2B,order,signed,raw,full_ft_encoder,peft_dora_encoder,COMP,COMP,1825,0.00259,0.002313,0.002871,,,,,0.0,predictor_temporal/predictor_temporal_per_variant.json::order
POC-2B,order,signed,raw,full_ft_encoder,peft_lora_encoder,COMP,COMP,1825,0.002034,0.001803,0.002279,,,,,0.0,predictor_temporal/predictor_temporal_per_variant.json::order
POC-2B,order,signed,raw,full_ft_encoder,pretrain_encoder,COMP,COMP,1825,0.004516,0.0041,0.004955,,,,,0.0,predictor_temporal/predictor_temporal_per_variant.json::order
POC-2B,order,signed,raw,full_ft_encoder,surgery_raw_encoder,COMP,OURS,1825,0.001348,0.001021,0.001669,,,,,0.0,predictor_temporal/predictor_temporal_per_variant.json::order
POC-2B,order,signed,raw,full_ft_encoder,surgical_3stage_DI_diheavy_encoder,COMP,OURS,1825,0.000664,0.000311,0.001015,,,,,0.0002,predictor_temporal/predictor_temporal_per_variant.json::order
POC-2B,order,signed,raw,full_ft_encoder,surgical_3stage_DI_encoder,COMP,OURS,1825,0.002329,0.002011,0.002638,,,,,0.0,predictor_temporal/predictor_temporal_per_variant.json::order
POC-2B,order,signed,raw,full_ft_encoder,surgical_3stage_DI_head,COMP,OURS,1825,0.004516,0.0041,0.004955,,,,,0.0,predictor_temporal/predictor_temporal_per_variant.json::order
POC-2B,order,signed,raw,full_ft_encoder,surgical_3stage_DI_intervene_encoder,COMP,OURS,1825,-7.7e-05,-0.000399,0.00024,,,,,0.6232,predictor_temporal/predictor_temporal_per_variant.json::order
POC-2B,order,signed,raw,full_ft_encoder,surgical_3stage_DI_replay25_encoder,COMP,OURS,1825,0.001763,0.00144,0.002076,,,,,0.0,predictor_temporal/predictor_temporal_per_variant.json::order
POC-2B,order,signed,raw,full_ft_encoder,surgical_3stage_DI_tccaux_encoder,COMP,OURS,1825,-0.00025,-0.000616,9.8e-05,,,,,0.167,predictor_temporal/predictor_temporal_per_variant.json::order
POC-2B,order,signed,raw,full_ft_encoder,surgical_autorgn_encoder,COMP,COMP,1825,0.001255,0.001015,0.001512,,,,,0.0,predictor_temporal/predictor_temporal_per_variant.json::order
POC-2B,order,signed,raw,full_ft_encoder,surgical_intervene_wiseft_f30_encoder,COMP,OURS,1825,-0.000485,-0.000815,-0.000158,,,,,0.0042,predictor_temporal/predictor_temporal_per_variant.json::order
POC-2B,order,signed,raw,full_ft_encoder,surgical_intervene_wiseft_f50_encoder,COMP,OURS,1825,-0.000592,-0.000953,-0.000237,,,,,0.002,predictor_temporal/predictor_temporal_per_variant.json::order
POC-2B,order,signed,raw,full_ft_encoder,surgical_intervene_wiseft_f70_encoder,COMP,OURS,1825,-0.000234,-0.000642,0.000163,,,,,0.2552,predictor_temporal/predictor_temporal_per_variant.json::order
POC-2B,order,signed,raw,full_ft_encoder,surgical_noDI_encoder,COMP,OURS,1825,0.000347,3e-06,0.000684,,,,,0.0494,predictor_temporal/predictor_temporal_per_variant.json::order
POC-2B,order,signed,raw,full_ft_encoder,surgical_noDI_head,COMP,OURS,1825,0.004516,0.0041,0.004955,,,,,0.0,predictor_temporal/predictor_temporal_per_variant.json::order
POC-2B,order,signed,raw,full_ft_encoder,frozen,COMP,REF,1825,-0.002814,-0.003478,-0.002173,,,,,0.0,predictor_temporal/predictor_temporal_per_variant.json::order
POC-2B,order,signed,raw,lpft_encoder,peft_dora_encoder,COMP,COMP,1825,-8.7e-05,-0.000309,0.000128,,,,,0.4448,predictor_temporal/predictor_temporal_per_variant.json::order
POC-2B,order,signed,raw,lpft_encoder,peft_lora_encoder,COMP,COMP,1825,-0.000643,-0.000873,-0.000424,,,,,0.0,predictor_temporal/predictor_temporal_per_variant.json::order
POC-2B,order,signed,raw,lpft_encoder,pretrain_encoder,COMP,COMP,1825,0.001839,0.001528,0.00216,,,,,0.0,predictor_temporal/predictor_temporal_per_variant.json::order
POC-2B,order,signed,raw,lpft_encoder,surgery_raw_encoder,COMP,OURS,1825,-0.00133,-0.001657,-0.001013,,,,,0.0,predictor_temporal/predictor_temporal_per_variant.json::order
POC-2B,order,signed,raw,lpft_encoder,surgical_3stage_DI_diheavy_encoder,COMP,OURS,1825,-0.002013,-0.002377,-0.001652,,,,,0.0,predictor_temporal/predictor_temporal_per_variant.json::order
POC-2B,order,signed,raw,lpft_encoder,surgical_3stage_DI_encoder,COMP,OURS,1825,-0.000349,-0.000692,-1.9e-05,,,,,0.0416,predictor_temporal/predictor_temporal_per_variant.json::order
POC-2B,order,signed,raw,lpft_encoder,surgical_3stage_DI_head,COMP,OURS,1825,0.001839,0.001528,0.00216,,,,,0.0,predictor_temporal/predictor_temporal_per_variant.json::order
POC-2B,order,signed,raw,lpft_encoder,surgical_3stage_DI_intervene_encoder,COMP,OURS,1825,-0.002754,-0.003101,-0.0024,,,,,0.0,predictor_temporal/predictor_temporal_per_variant.json::order
POC-2B,order,signed,raw,lpft_encoder,surgical_3stage_DI_replay25_encoder,COMP,OURS,1825,-0.000915,-0.001258,-0.000586,,,,,0.0,predictor_temporal/predictor_temporal_per_variant.json::order
POC-2B,order,signed,raw,lpft_encoder,surgical_3stage_DI_tccaux_encoder,COMP,OURS,1825,-0.002927,-0.003308,-0.002551,,,,,0.0,predictor_temporal/predictor_temporal_per_variant.json::order
POC-2B,order,signed,raw,lpft_encoder,surgical_autorgn_encoder,COMP,COMP,1825,-0.001422,-0.001618,-0.00123,,,,,0.0,predictor_temporal/predictor_temporal_per_variant.json::order
POC-2B,order,signed,raw,lpft_encoder,surgical_intervene_wiseft_f30_encoder,COMP,OURS,1825,-0.003163,-0.003508,-0.002807,,,,,0.0,predictor_temporal/predictor_temporal_per_variant.json::order
POC-2B,order,signed,raw,lpft_encoder,surgical_intervene_wiseft_f50_encoder,COMP,OURS,1825,-0.003269,-0.003635,-0.002905,,,,,0.0,predictor_temporal/predictor_temporal_per_variant.json::order
POC-2B,order,signed,raw,lpft_encoder,surgical_intervene_wiseft_f70_encoder,COMP,OURS,1825,-0.002912,-0.003314,-0.002524,,,,,0.0,predictor_temporal/predictor_temporal_per_variant.json::order
POC-2B,order,signed,raw,lpft_encoder,surgical_noDI_encoder,COMP,OURS,1825,-0.00233,-0.00267,-0.001982,,,,,0.0,predictor_temporal/predictor_temporal_per_variant.json::order
POC-2B,order,signed,raw,lpft_encoder,surgical_noDI_head,COMP,OURS,1825,0.001839,0.001528,0.00216,,,,,0.0,predictor_temporal/predictor_temporal_per_variant.json::order
POC-2B,order,signed,raw,lpft_encoder,frozen,COMP,REF,1825,-0.005491,-0.006187,-0.004847,,,,,0.0,predictor_temporal/predictor_temporal_per_variant.json::order
POC-2B,order,signed,raw,peft_dora_encoder,peft_lora_encoder,COMP,COMP,1825,-0.000556,-0.000735,-0.000379,,,,,0.0,predictor_temporal/predictor_temporal_per_variant.json::order
POC-2B,order,signed,raw,peft_dora_encoder,pretrain_encoder,COMP,COMP,1825,0.001926,0.001566,0.0023,,,,,0.0,predictor_temporal/predictor_temporal_per_variant.json::order
POC-2B,order,signed,raw,peft_dora_encoder,surgery_raw_encoder,COMP,OURS,1825,-0.001242,-0.001537,-0.000966,,,,,0.0,predictor_temporal/predictor_temporal_per_variant.json::order
POC-2B,order,signed,raw,peft_dora_encoder,surgical_3stage_DI_diheavy_encoder,COMP,OURS,1825,-0.001926,-0.00226,-0.001597,,,,,0.0,predictor_temporal/predictor_temporal_per_variant.json::order
POC-2B,order,signed,raw,peft_dora_encoder,surgical_3stage_DI_encoder,COMP,OURS,1825,-0.000261,-0.00058,5e-05,,,,,0.1024,predictor_temporal/predictor_temporal_per_variant.json::order
POC-2B,order,signed,raw,peft_dora_encoder,surgical_3stage_DI_head,COMP,OURS,1825,0.001926,0.001566,0.0023,,,,,0.0,predictor_temporal/predictor_temporal_per_variant.json::order
POC-2B,order,signed,raw,peft_dora_encoder,surgical_3stage_DI_intervene_encoder,COMP,OURS,1825,-0.002667,-0.002985,-0.002354,,,,,0.0,predictor_temporal/predictor_temporal_per_variant.json::order
POC-2B,order,signed,raw,peft_dora_encoder,surgical_3stage_DI_replay25_encoder,COMP,OURS,1825,-0.000827,-0.001139,-0.000523,,,,,0.0,predictor_temporal/predictor_temporal_per_variant.json::order
POC-2B,order,signed,raw,peft_dora_encoder,surgical_3stage_DI_tccaux_encoder,COMP,OURS,1825,-0.00284,-0.003187,-0.002504,,,,,0.0,predictor_temporal/predictor_temporal_per_variant.json::order
POC-2B,order,signed,raw,peft_dora_encoder,surgical_autorgn_encoder,COMP,COMP,1825,-0.001335,-0.001555,-0.001114,,,,,0.0,predictor_temporal/predictor_temporal_per_variant.json::order
POC-2B,order,signed,raw,peft_dora_encoder,surgical_intervene_wiseft_f30_encoder,COMP,OURS,1825,-0.003075,-0.003425,-0.002746,,,,,0.0,predictor_temporal/predictor_temporal_per_variant.json::order
POC-2B,order,signed,raw,peft_dora_encoder,surgical_intervene_wiseft_f50_encoder,COMP,OURS,1825,-0.003182,-0.003568,-0.002822,,,,,0.0,predictor_temporal/predictor_temporal_per_variant.json::order
POC-2B,order,signed,raw,peft_dora_encoder,surgical_intervene_wiseft_f70_encoder,COMP,OURS,1825,-0.002824,-0.003257,-0.002419,,,,,0.0,predictor_temporal/predictor_temporal_per_variant.json::order
POC-2B,order,signed,raw,peft_dora_encoder,surgical_noDI_encoder,COMP,OURS,1825,-0.002243,-0.002549,-0.001943,,,,,0.0,predictor_temporal/predictor_temporal_per_variant.json::order
POC-2B,order,signed,raw,peft_dora_encoder,surgical_noDI_head,COMP,OURS,1825,0.001926,0.001566,0.0023,,,,,0.0,predictor_temporal/predictor_temporal_per_variant.json::order
POC-2B,order,signed,raw,peft_dora_encoder,frozen,COMP,REF,1825,-0.005404,-0.006115,-0.004747,,,,,0.0,predictor_temporal/predictor_temporal_per_variant.json::order
POC-2B,order,signed,raw,peft_lora_encoder,pretrain_encoder,COMP,COMP,1825,0.002482,0.002111,0.002855,,,,,0.0,predictor_temporal/predictor_temporal_per_variant.json::order
POC-2B,order,signed,raw,peft_lora_encoder,surgery_raw_encoder,COMP,OURS,1825,-0.000687,-0.000938,-0.000451,,,,,0.0,predictor_temporal/predictor_temporal_per_variant.json::order
POC-2B,order,signed,raw,peft_lora_encoder,surgical_3stage_DI_diheavy_encoder,COMP,OURS,1825,-0.00137,-0.001648,-0.001112,,,,,0.0,predictor_temporal/predictor_temporal_per_variant.json::order
POC-2B,order,signed,raw,peft_lora_encoder,surgical_3stage_DI_encoder,COMP,OURS,1825,0.000294,6.8e-05,0.000512,,,,,0.008,predictor_temporal/predictor_temporal_per_variant.json::order
POC-2B,order,signed,raw,peft_lora_encoder,surgical_3stage_DI_head,COMP,OURS,1825,0.002482,0.002111,0.002855,,,,,0.0,predictor_temporal/predictor_temporal_per_variant.json::order
POC-2B,order,signed,raw,peft_lora_encoder,surgical_3stage_DI_intervene_encoder,COMP,OURS,1825,-0.002111,-0.002365,-0.001862,,,,,0.0,predictor_temporal/predictor_temporal_per_variant.json::order
POC-2B,order,signed,raw,peft_lora_encoder,surgical_3stage_DI_replay25_encoder,COMP,OURS,1825,-0.000272,-0.000502,-4.7e-05,,,,,0.0164,predictor_temporal/predictor_temporal_per_variant.json::order
POC-2B,order,signed,raw,peft_lora_encoder,surgical_3stage_DI_tccaux_encoder,COMP,OURS,1825,-0.002284,-0.002571,-0.00201,,,,,0.0,predictor_temporal/predictor_temporal_per_variant.json::order
POC-2B,order,signed,raw,peft_lora_encoder,surgical_autorgn_encoder,COMP,COMP,1825,-0.000779,-0.000972,-0.000575,,,,,0.0,predictor_temporal/predictor_temporal_per_variant.json::order
POC-2B,order,signed,raw,peft_lora_encoder,surgical_intervene_wiseft_f30_encoder,COMP,OURS,1825,-0.00252,-0.002818,-0.002255,,,,,0.0,predictor_temporal/predictor_temporal_per_variant.json::order
POC-2B,order,signed,raw,peft_lora_encoder,surgical_intervene_wiseft_f50_encoder,COMP,OURS,1825,-0.002626,-0.002973,-0.002315,,,,,0.0,predictor_temporal/predictor_temporal_per_variant.json::order
POC-2B,order,signed,raw,peft_lora_encoder,surgical_intervene_wiseft_f70_encoder,COMP,OURS,1825,-0.002269,-0.002671,-0.001905,,,,,0.0,predictor_temporal/predictor_temporal_per_variant.json::order
POC-2B,order,signed,raw,peft_lora_encoder,surgical_noDI_encoder,COMP,OURS,1825,-0.001687,-0.001963,-0.001421,,,,,0.0,predictor_temporal/predictor_temporal_per_variant.json::order
POC-2B,order,signed,raw,peft_lora_encoder,surgical_noDI_head,COMP,OURS,1825,0.002482,0.002111,0.002855,,,,,0.0,predictor_temporal/predictor_temporal_per_variant.json::order
POC-2B,order,signed,raw,peft_lora_encoder,frozen,COMP,REF,1825,-0.004848,-0.005527,-0.004215,,,,,0.0,predictor_temporal/predictor_temporal_per_variant.json::order
POC-2B,order,signed,raw,pretrain_encoder,surgery_raw_encoder,COMP,OURS,1825,-0.003169,-0.00358,-0.002762,,,,,0.0,predictor_temporal/predictor_temporal_per_variant.json::order
POC-2B,order,signed,raw,pretrain_encoder,surgical_3stage_DI_diheavy_encoder,COMP,OURS,1825,-0.003852,-0.004275,-0.003447,,,,,0.0,predictor_temporal/predictor_temporal_per_variant.json::order
POC-2B,order,signed,raw,pretrain_encoder,surgical_3stage_DI_encoder,COMP,OURS,1825,-0.002187,-0.002605,-0.001782,,,,,0.0,predictor_temporal/predictor_temporal_per_variant.json::order
POC-2B,order,signed,raw,pretrain_encoder,surgical_3stage_DI_head,COMP,OURS,1825,0.0,nan,nan,,,,,1.0,predictor_temporal/predictor_temporal_per_variant.json::order
POC-2B,order,signed,raw,pretrain_encoder,surgical_3stage_DI_intervene_encoder,COMP,OURS,1825,-0.004593,-0.005008,-0.004183,,,,,0.0,predictor_temporal/predictor_temporal_per_variant.json::order
POC-2B,order,signed,raw,pretrain_encoder,surgical_3stage_DI_replay25_encoder,COMP,OURS,1825,-0.002754,-0.003156,-0.002366,,,,,0.0,predictor_temporal/predictor_temporal_per_variant.json::order
POC-2B,order,signed,raw,pretrain_encoder,surgical_3stage_DI_tccaux_encoder,COMP,OURS,1825,-0.004766,-0.005224,-0.004331,,,,,0.0,predictor_temporal/predictor_temporal_per_variant.json::order
POC-2B,order,signed,raw,pretrain_encoder,surgical_autorgn_encoder,COMP,COMP,1825,-0.003261,-0.003633,-0.002896,,,,,0.0,predictor_temporal/predictor_temporal_per_variant.json::order
POC-2B,order,signed,raw,pretrain_encoder,surgical_intervene_wiseft_f30_encoder,COMP,OURS,1825,-0.005001,-0.005387,-0.004633,,,,,0.0,predictor_temporal/predictor_temporal_per_variant.json::order
POC-2B,order,signed,raw,pretrain_encoder,surgical_intervene_wiseft_f50_encoder,COMP,OURS,1825,-0.005108,-0.005488,-0.00475,,,,,0.0,predictor_temporal/predictor_temporal_per_variant.json::order
POC-2B,order,signed,raw,pretrain_encoder,surgical_intervene_wiseft_f70_encoder,COMP,OURS,1825,-0.00475,-0.005154,-0.004395,,,,,0.0,predictor_temporal/predictor_temporal_per_variant.json::order
POC-2B,order,signed,raw,pretrain_encoder,surgical_noDI_encoder,COMP,OURS,1825,-0.004169,-0.004584,-0.003765,,,,,0.0,predictor_temporal/predictor_temporal_per_variant.json::order
POC-2B,order,signed,raw,pretrain_encoder,surgical_noDI_head,COMP,OURS,1825,0.0,0.0,0.0,,,,,0.2624,predictor_temporal/predictor_temporal_per_variant.json::order
POC-2B,order,signed,raw,pretrain_encoder,frozen,COMP,REF,1825,-0.00733,-0.008065,-0.006654,,,,,0.0,predictor_temporal/predictor_temporal_per_variant.json::order
POC-2B,order,signed,raw,surgery_raw_encoder,surgical_3stage_DI_diheavy_encoder,OURS,OURS,1825,-0.000683,-0.00084,-0.000519,,,,,0.0,predictor_temporal/predictor_temporal_per_variant.json::order
POC-2B,order,signed,raw,surgery_raw_encoder,surgical_3stage_DI_encoder,OURS,OURS,1825,0.000981,0.000757,0.001207,,,,,0.0,predictor_temporal/predictor_temporal_per_variant.json::order
POC-2B,order,signed,raw,surgery_raw_encoder,surgical_3stage_DI_head,OURS,OURS,1825,0.003169,0.002762,0.00358,,,,,0.0,predictor_temporal/predictor_temporal_per_variant.json::order
POC-2B,order,signed,raw,surgery_raw_encoder,surgical_3stage_DI_intervene_encoder,OURS,OURS,1825,-0.001425,-0.001585,-0.001262,,,,,0.0,predictor_temporal/predictor_temporal_per_variant.json::order
POC-2B,order,signed,raw,surgery_raw_encoder,surgical_3stage_DI_replay25_encoder,OURS,OURS,1825,0.000415,0.000215,0.000623,,,,,0.0002,predictor_temporal/predictor_temporal_per_variant.json::order
POC-2B,order,signed,raw,surgery_raw_encoder,surgical_3stage_DI_tccaux_encoder,OURS,OURS,1825,-0.001597,-0.001756,-0.00143,,,,,0.0,predictor_temporal/predictor_temporal_per_variant.json::order
POC-2B,order,signed,raw,surgery_raw_encoder,surgical_autorgn_encoder,OURS,COMP,1825,-9.3e-05,-0.000355,0.000181,,,,,0.5044,predictor_temporal/predictor_temporal_per_variant.json::order
POC-2B,order,signed,raw,surgery_raw_encoder,surgical_intervene_wiseft_f30_encoder,OURS,OURS,1825,-0.001833,-0.002043,-0.001626,,,,,0.0,predictor_temporal/predictor_temporal_per_variant.json::order
POC-2B,order,signed,raw,surgery_raw_encoder,surgical_intervene_wiseft_f50_encoder,OURS,OURS,1825,-0.001939,-0.002202,-0.001673,,,,,0.0,predictor_temporal/predictor_temporal_per_variant.json::order
POC-2B,order,signed,raw,surgery_raw_encoder,surgical_intervene_wiseft_f70_encoder,OURS,OURS,1825,-0.001582,-0.001911,-0.001251,,,,,0.0,predictor_temporal/predictor_temporal_per_variant.json::order
POC-2B,order,signed,raw,surgery_raw_encoder,surgical_noDI_encoder,OURS,OURS,1825,-0.001001,-0.00113,-0.000872,,,,,0.0,predictor_temporal/predictor_temporal_per_variant.json::order
POC-2B,order,signed,raw,surgery_raw_encoder,surgical_noDI_head,OURS,OURS,1825,0.003169,0.002762,0.00358,,,,,0.0,predictor_temporal/predictor_temporal_per_variant.json::order
POC-2B,order,signed,raw,surgery_raw_encoder,frozen,OURS,REF,1825,-0.004162,-0.004735,-0.00359,,,,,0.0,predictor_temporal/predictor_temporal_per_variant.json::order
POC-2B,order,signed,raw,surgical_3stage_DI_diheavy_encoder,surgical_3stage_DI_encoder,OURS,OURS,1825,0.001664,0.001475,0.001843,,,,,0.0,predictor_temporal/predictor_temporal_per_variant.json::order
POC-2B,order,signed,raw,surgical_3stage_DI_diheavy_encoder,surgical_3stage_DI_head,OURS,OURS,1825,0.003852,0.003447,0.004275,,,,,0.0,predictor_temporal/predictor_temporal_per_variant.json::order
POC-2B,order,signed,raw,surgical_3stage_DI_diheavy_encoder,surgical_3stage_DI_intervene_encoder,OURS,OURS,1825,-0.000741,-0.000878,-0.000611,,,,,0.0,predictor_temporal/predictor_temporal_per_variant.json::order
POC-2B,order,signed,raw,surgical_3stage_DI_diheavy_encoder,surgical_3stage_DI_replay25_encoder,OURS,OURS,1825,0.001098,0.000946,0.00125,,,,,0.0,predictor_temporal/predictor_temporal_per_variant.json::order
POC-2B,order,signed,raw,surgical_3stage_DI_diheavy_encoder,surgical_3stage_DI_tccaux_encoder,OURS,OURS,1825,-0.000914,-0.001029,-0.000804,,,,,0.0,predictor_temporal/predictor_temporal_per_variant.json::order
POC-2B,order,signed,raw,surgical_3stage_DI_diheavy_encoder,surgical_autorgn_encoder,OURS,COMP,1825,0.000591,0.000278,0.000904,,,,,0.0,predictor_temporal/predictor_temporal_per_variant.json::order
POC-2B,order,signed,raw,surgical_3stage_DI_diheavy_encoder,surgical_intervene_wiseft_f30_encoder,OURS,OURS,1825,-0.00115,-0.001336,-0.000963,,,,,0.0,predictor_temporal/predictor_temporal_per_variant.json::order
POC-2B,order,signed,raw,surgical_3stage_DI_diheavy_encoder,surgical_intervene_wiseft_f50_encoder,OURS,OURS,1825,-0.001256,-0.001512,-0.001004,,,,,0.0,predictor_temporal/predictor_temporal_per_variant.json::order
POC-2B,order,signed,raw,surgical_3stage_DI_diheavy_encoder,surgical_intervene_wiseft_f70_encoder,OURS,OURS,1825,-0.000899,-0.001227,-0.000573,,,,,0.0,predictor_temporal/predictor_temporal_per_variant.json::order
POC-2B,order,signed,raw,surgical_3stage_DI_diheavy_encoder,surgical_noDI_encoder,OURS,OURS,1825,-0.000317,-0.000472,-0.000165,,,,,0.0,predictor_temporal/predictor_temporal_per_variant.json::order
POC-2B,order,signed,raw,surgical_3stage_DI_diheavy_encoder,surgical_noDI_head,OURS,OURS,1825,0.003852,0.003447,0.004275,,,,,0.0,predictor_temporal/predictor_temporal_per_variant.json::order
POC-2B,order,signed,raw,surgical_3stage_DI_diheavy_encoder,frozen,OURS,REF,1825,-0.003478,-0.004076,-0.002897,,,,,0.0,predictor_temporal/predictor_temporal_per_variant.json::order
POC-2B,order,signed,raw,surgical_3stage_DI_encoder,surgical_3stage_DI_head,OURS,OURS,1825,0.002187,0.001782,0.002605,,,,,0.0,predictor_temporal/predictor_temporal_per_variant.json::order
POC-2B,order,signed,raw,surgical_3stage_DI_encoder,surgical_3stage_DI_intervene_encoder,OURS,OURS,1825,-0.002406,-0.002579,-0.002232,,,,,0.0,predictor_temporal/predictor_temporal_per_variant.json::order
POC-2B,order,signed,raw,surgical_3stage_DI_encoder,surgical_3stage_DI_replay25_encoder,OURS,OURS,1825,-0.000566,-0.000677,-0.00045,,,,,0.0,predictor_temporal/predictor_temporal_per_variant.json::order
POC-2B,order,signed,raw,surgical_3stage_DI_encoder,surgical_3stage_DI_tccaux_encoder,OURS,OURS,1825,-0.002578,-0.002779,-0.002374,,,,,0.0,predictor_temporal/predictor_temporal_per_variant.json::order
POC-2B,order,signed,raw,surgical_3stage_DI_encoder,surgical_autorgn_encoder,OURS,COMP,1825,-0.001074,-0.001369,-0.000772,,,,,0.0,predictor_temporal/predictor_temporal_per_variant.json::order
POC-2B,order,signed,raw,surgical_3stage_DI_encoder,surgical_intervene_wiseft_f30_encoder,OURS,OURS,1825,-0.002814,-0.003044,-0.002603,,,,,0.0,predictor_temporal/predictor_temporal_per_variant.json::order
POC-2B,order,signed,raw,surgical_3stage_DI_encoder,surgical_intervene_wiseft_f50_encoder,OURS,OURS,1825,-0.00292,-0.003208,-0.002647,,,,,0.0,predictor_temporal/predictor_temporal_per_variant.json::order
POC-2B,order,signed,raw,surgical_3stage_DI_encoder,surgical_intervene_wiseft_f70_encoder,OURS,OURS,1825,-0.002563,-0.002916,-0.002216,,,,,0.0,predictor_temporal/predictor_temporal_per_variant.json::order
POC-2B,order,signed,raw,surgical_3stage_DI_encoder,surgical_noDI_encoder,OURS,OURS,1825,-0.001982,-0.002214,-0.001748,,,,,0.0,predictor_temporal/predictor_temporal_per_variant.json::order
POC-2B,order,signed,raw,surgical_3stage_DI_encoder,surgical_noDI_head,OURS,OURS,1825,0.002187,0.001782,0.002605,,,,,0.0,predictor_temporal/predictor_temporal_per_variant.json::order
POC-2B,order,signed,raw,surgical_3stage_DI_encoder,frozen,OURS,REF,1825,-0.005143,-0.005756,-0.004538,,,,,0.0,predictor_temporal/predictor_temporal_per_variant.json::order
POC-2B,order,signed,raw,surgical_3stage_DI_head,surgical_3stage_DI_intervene_encoder,OURS,OURS,1825,-0.004593,-0.005008,-0.004183,,,,,0.0,predictor_temporal/predictor_temporal_per_variant.json::order
POC-2B,order,signed,raw,surgical_3stage_DI_head,surgical_3stage_DI_replay25_encoder,OURS,OURS,1825,-0.002754,-0.003156,-0.002366,,,,,0.0,predictor_temporal/predictor_temporal_per_variant.json::order
POC-2B,order,signed,raw,surgical_3stage_DI_head,surgical_3stage_DI_tccaux_encoder,OURS,OURS,1825,-0.004766,-0.005224,-0.004331,,,,,0.0,predictor_temporal/predictor_temporal_per_variant.json::order
POC-2B,order,signed,raw,surgical_3stage_DI_head,surgical_autorgn_encoder,OURS,COMP,1825,-0.003261,-0.003633,-0.002896,,,,,0.0,predictor_temporal/predictor_temporal_per_variant.json::order
POC-2B,order,signed,raw,surgical_3stage_DI_head,surgical_intervene_wiseft_f30_encoder,OURS,OURS,1825,-0.005001,-0.005387,-0.004633,,,,,0.0,predictor_temporal/predictor_temporal_per_variant.json::order
POC-2B,order,signed,raw,surgical_3stage_DI_head,surgical_intervene_wiseft_f50_encoder,OURS,OURS,1825,-0.005108,-0.005488,-0.00475,,,,,0.0,predictor_temporal/predictor_temporal_per_variant.json::order
POC-2B,order,signed,raw,surgical_3stage_DI_head,surgical_intervene_wiseft_f70_encoder,OURS,OURS,1825,-0.00475,-0.005154,-0.004395,,,,,0.0,predictor_temporal/predictor_temporal_per_variant.json::order
POC-2B,order,signed,raw,surgical_3stage_DI_head,surgical_noDI_encoder,OURS,OURS,1825,-0.004169,-0.004584,-0.003765,,,,,0.0,predictor_temporal/predictor_temporal_per_variant.json::order
POC-2B,order,signed,raw,surgical_3stage_DI_head,surgical_noDI_head,OURS,OURS,1825,0.0,0.0,0.0,,,,,0.2624,predictor_temporal/predictor_temporal_per_variant.json::order
POC-2B,order,signed,raw,surgical_3stage_DI_head,frozen,OURS,REF,1825,-0.00733,-0.008065,-0.006654,,,,,0.0,predictor_temporal/predictor_temporal_per_variant.json::order
POC-2B,order,signed,raw,surgical_3stage_DI_intervene_encoder,surgical_3stage_DI_replay25_encoder,OURS,OURS,1825,0.00184,0.001705,0.001979,,,,,0.0,predictor_temporal/predictor_temporal_per_variant.json::order
POC-2B,order,signed,raw,surgical_3stage_DI_intervene_encoder,surgical_3stage_DI_tccaux_encoder,OURS,OURS,1825,-0.000173,-0.00031,-3.6e-05,,,,,0.0152,predictor_temporal/predictor_temporal_per_variant.json::order
POC-2B,order,signed,raw,surgical_3stage_DI_intervene_encoder,surgical_autorgn_encoder,OURS,COMP,1825,0.001332,0.001023,0.001642,,,,,0.0,predictor_temporal/predictor_temporal_per_variant.json::order
POC-2B,order,signed,raw,surgical_3stage_DI_intervene_encoder,surgical_intervene_wiseft_f30_encoder,OURS,OURS,1825,-0.000408,-0.000562,-0.00026,,,,,0.0,predictor_temporal/predictor_temporal_per_variant.json::order
POC-2B,order,signed,raw,surgical_3stage_DI_intervene_encoder,surgical_intervene_wiseft_f50_encoder,OURS,OURS,1825,-0.000515,-0.00076,-0.000273,,,,,0.0,predictor_temporal/predictor_temporal_per_variant.json::order
POC-2B,order,signed,raw,surgical_3stage_DI_intervene_encoder,surgical_intervene_wiseft_f70_encoder,OURS,OURS,1825,-0.000157,-0.000488,0.000179,,,,,0.3382,predictor_temporal/predictor_temporal_per_variant.json::order
POC-2B,order,signed,raw,surgical_3stage_DI_intervene_encoder,surgical_noDI_encoder,OURS,OURS,1825,0.000424,0.000277,0.000571,,,,,0.0,predictor_temporal/predictor_temporal_per_variant.json::order
POC-2B,order,signed,raw,surgical_3stage_DI_intervene_encoder,surgical_noDI_head,OURS,OURS,1825,0.004593,0.004183,0.005008,,,,,0.0,predictor_temporal/predictor_temporal_per_variant.json::order
POC-2B,order,signed,raw,surgical_3stage_DI_intervene_encoder,frozen,OURS,REF,1825,-0.002737,-0.003335,-0.002143,,,,,0.0,predictor_temporal/predictor_temporal_per_variant.json::order
POC-2B,order,signed,raw,surgical_3stage_DI_replay25_encoder,surgical_3stage_DI_tccaux_encoder,OURS,OURS,1825,-0.002012,-0.002175,-0.001856,,,,,0.0,predictor_temporal/predictor_temporal_per_variant.json::order
POC-2B,order,signed,raw,surgical_3stage_DI_replay25_encoder,surgical_autorgn_encoder,OURS,COMP,1825,-0.000508,-0.000805,-0.000207,,,,,0.0014,predictor_temporal/predictor_temporal_per_variant.json::order
POC-2B,order,signed,raw,surgical_3stage_DI_replay25_encoder,surgical_intervene_wiseft_f30_encoder,OURS,OURS,1825,-0.002248,-0.002455,-0.00207,,,,,0.0,predictor_temporal/predictor_temporal_per_variant.json::order
POC-2B,order,signed,raw,surgical_3stage_DI_replay25_encoder,surgical_intervene_wiseft_f50_encoder,OURS,OURS,1825,-0.002354,-0.002632,-0.002109,,,,,0.0,predictor_temporal/predictor_temporal_per_variant.json::order
POC-2B,order,signed,raw,surgical_3stage_DI_replay25_encoder,surgical_intervene_wiseft_f70_encoder,OURS,OURS,1825,-0.001997,-0.002347,-0.001669,,,,,0.0,predictor_temporal/predictor_temporal_per_variant.json::order
POC-2B,order,signed,raw,surgical_3stage_DI_replay25_encoder,surgical_noDI_encoder,OURS,OURS,1825,-0.001416,-0.001611,-0.001223,,,,,0.0,predictor_temporal/predictor_temporal_per_variant.json::order
POC-2B,order,signed,raw,surgical_3stage_DI_replay25_encoder,surgical_noDI_head,OURS,OURS,1825,0.002754,0.002366,0.003156,,,,,0.0,predictor_temporal/predictor_temporal_per_variant.json::order
POC-2B,order,signed,raw,surgical_3stage_DI_replay25_encoder,frozen,OURS,REF,1825,-0.004577,-0.00521,-0.003975,,,,,0.0,predictor_temporal/predictor_temporal_per_variant.json::order
POC-2B,order,signed,raw,surgical_3stage_DI_tccaux_encoder,surgical_autorgn_encoder,OURS,COMP,1825,0.001505,0.001184,0.00183,,,,,0.0,predictor_temporal/predictor_temporal_per_variant.json::order
POC-2B,order,signed,raw,surgical_3stage_DI_tccaux_encoder,surgical_intervene_wiseft_f30_encoder,OURS,OURS,1825,-0.000236,-0.000439,-3.1e-05,,,,,0.026,predictor_temporal/predictor_temporal_per_variant.json::order
POC-2B,order,signed,raw,surgical_3stage_DI_tccaux_encoder,surgical_intervene_wiseft_f50_encoder,OURS,OURS,1825,-0.000342,-0.000617,-7.2e-05,,,,,0.0146,predictor_temporal/predictor_temporal_per_variant.json::order
POC-2B,order,signed,raw,surgical_3stage_DI_tccaux_encoder,surgical_intervene_wiseft_f70_encoder,OURS,OURS,1825,1.5e-05,-0.000332,0.000364,,,,,0.9326,predictor_temporal/predictor_temporal_per_variant.json::order
POC-2B,order,signed,raw,surgical_3stage_DI_tccaux_encoder,surgical_noDI_encoder,OURS,OURS,1825,0.000597,0.00045,0.000741,,,,,0.0,predictor_temporal/predictor_temporal_per_variant.json::order
POC-2B,order,signed,raw,surgical_3stage_DI_tccaux_encoder,surgical_noDI_head,OURS,OURS,1825,0.004766,0.004331,0.005224,,,,,0.0,predictor_temporal/predictor_temporal_per_variant.json::order
POC-2B,order,signed,raw,surgical_3stage_DI_tccaux_encoder,frozen,OURS,REF,1825,-0.002564,-0.003168,-0.00198,,,,,0.0,predictor_temporal/predictor_temporal_per_variant.json::order
POC-2B,order,signed,raw,surgical_autorgn_encoder,surgical_intervene_wiseft_f30_encoder,COMP,OURS,1825,-0.00174,-0.002053,-0.001425,,,,,0.0,predictor_temporal/predictor_temporal_per_variant.json::order
POC-2B,order,signed,raw,surgical_autorgn_encoder,surgical_intervene_wiseft_f50_encoder,COMP,OURS,1825,-0.001847,-0.002186,-0.001516,,,,,0.0,predictor_temporal/predictor_temporal_per_variant.json::order
POC-2B,order,signed,raw,surgical_autorgn_encoder,surgical_intervene_wiseft_f70_encoder,COMP,OURS,1825,-0.001489,-0.001866,-0.001126,,,,,0.0,predictor_temporal/predictor_temporal_per_variant.json::order
POC-2B,order,signed,raw,surgical_autorgn_encoder,surgical_noDI_encoder,COMP,OURS,1825,-0.000908,-0.001198,-0.000619,,,,,0.0,predictor_temporal/predictor_temporal_per_variant.json::order
POC-2B,order,signed,raw,surgical_autorgn_encoder,surgical_noDI_head,COMP,OURS,1825,0.003261,0.002896,0.003633,,,,,0.0,predictor_temporal/predictor_temporal_per_variant.json::order
POC-2B,order,signed,raw,surgical_autorgn_encoder,frozen,COMP,REF,1825,-0.004069,-0.004707,-0.003451,,,,,0.0,predictor_temporal/predictor_temporal_per_variant.json::order
POC-2B,order,signed,raw,surgical_intervene_wiseft_f30_encoder,surgical_intervene_wiseft_f50_encoder,OURS,OURS,1825,-0.000106,-0.000208,-4e-06,,,,,0.042,predictor_temporal/predictor_temporal_per_variant.json::order
POC-2B,order,signed,raw,surgical_intervene_wiseft_f30_encoder,surgical_intervene_wiseft_f70_encoder,OURS,OURS,1825,0.000251,4.7e-05,0.000453,,,,,0.0168,predictor_temporal/predictor_temporal_per_variant.json::order
POC-2B,order,signed,raw,surgical_intervene_wiseft_f30_encoder,surgical_noDI_encoder,OURS,OURS,1825,0.000832,0.000648,0.001025,,,,,0.0,predictor_temporal/predictor_temporal_per_variant.json::order
POC-2B,order,signed,raw,surgical_intervene_wiseft_f30_encoder,surgical_noDI_head,OURS,OURS,1825,0.005001,0.004633,0.005387,,,,,0.0,predictor_temporal/predictor_temporal_per_variant.json::order
POC-2B,order,signed,raw,surgical_intervene_wiseft_f30_encoder,frozen,OURS,REF,1825,-0.002329,-0.002861,-0.001798,,,,,0.0,predictor_temporal/predictor_temporal_per_variant.json::order
POC-2B,order,signed,raw,surgical_intervene_wiseft_f50_encoder,surgical_intervene_wiseft_f70_encoder,OURS,OURS,1825,0.000357,0.000248,0.000468,,,,,0.0,predictor_temporal/predictor_temporal_per_variant.json::order
POC-2B,order,signed,raw,surgical_intervene_wiseft_f50_encoder,surgical_noDI_encoder,OURS,OURS,1825,0.000939,0.00069,0.001196,,,,,0.0,predictor_temporal/predictor_temporal_per_variant.json::order
POC-2B,order,signed,raw,surgical_intervene_wiseft_f50_encoder,surgical_noDI_head,OURS,OURS,1825,0.005108,0.00475,0.005488,,,,,0.0,predictor_temporal/predictor_temporal_per_variant.json::order
POC-2B,order,signed,raw,surgical_intervene_wiseft_f50_encoder,frozen,OURS,REF,1825,-0.002222,-0.002727,-0.001721,,,,,0.0,predictor_temporal/predictor_temporal_per_variant.json::order
POC-2B,order,signed,raw,surgical_intervene_wiseft_f70_encoder,surgical_noDI_encoder,OURS,OURS,1825,0.000581,0.00026,0.000907,,,,,0.0,predictor_temporal/predictor_temporal_per_variant.json::order
POC-2B,order,signed,raw,surgical_intervene_wiseft_f70_encoder,surgical_noDI_head,OURS,OURS,1825,0.00475,0.004395,0.005154,,,,,0.0,predictor_temporal/predictor_temporal_per_variant.json::order
POC-2B,order,signed,raw,surgical_intervene_wiseft_f70_encoder,frozen,OURS,REF,1825,-0.00258,-0.003066,-0.002103,,,,,0.0,predictor_temporal/predictor_temporal_per_variant.json::order
POC-2B,order,signed,raw,surgical_noDI_encoder,surgical_noDI_head,OURS,OURS,1825,0.004169,0.003765,0.004584,,,,,0.0,predictor_temporal/predictor_temporal_per_variant.json::order
POC-2B,order,signed,raw,surgical_noDI_encoder,frozen,OURS,REF,1825,-0.003161,-0.003754,-0.002579,,,,,0.0,predictor_temporal/predictor_temporal_per_variant.json::order
POC-2B,order,signed,raw,surgical_noDI_head,frozen,OURS,REF,1825,-0.00733,-0.008065,-0.006655,,,,,0.0,predictor_temporal/predictor_temporal_per_variant.json::order
POC-2B,aot,higher,raw,frozen,full_ft_encoder,REF,COMP,1825,0.027671,0.019726,0.036164,0.027671,0.019726,0.036164,True,0.0,encoder_temporal/encoder_temporal_per_variant.json::aot
POC-2B,aot,higher,raw,frozen,lpft_encoder,REF,COMP,1825,0.016986,0.010137,0.02411,0.016986,0.010137,0.02411,True,0.0,encoder_temporal/encoder_temporal_per_variant.json::aot
POC-2B,aot,higher,raw,frozen,peft_dora_encoder,REF,COMP,1825,0.02137,0.014247,0.028767,0.02137,0.014247,0.028767,True,0.0,encoder_temporal/encoder_temporal_per_variant.json::aot
POC-2B,aot,higher,raw,frozen,peft_lora_encoder,REF,COMP,1825,0.024932,0.01726,0.032877,0.024932,0.01726,0.032877,True,0.0,encoder_temporal/encoder_temporal_per_variant.json::aot
POC-2B,aot,higher,raw,frozen,pretrain_encoder,REF,COMP,1825,0.016438,0.010065,0.023288,0.016438,0.010065,0.023288,True,0.0,encoder_temporal/encoder_temporal_per_variant.json::aot
POC-2B,aot,higher,raw,frozen,surgery_raw_encoder,REF,OURS,1825,0.027945,0.020274,0.03589,0.027945,0.020274,0.03589,True,0.0,encoder_temporal/encoder_temporal_per_variant.json::aot
POC-2B,aot,higher,raw,frozen,surgical_3stage_DI_diheavy_encoder,REF,OURS,1825,0.027671,0.02,0.03589,0.027671,0.02,0.03589,True,0.0,encoder_temporal/encoder_temporal_per_variant.json::aot
POC-2B,aot,higher,raw,frozen,surgical_3stage_DI_encoder,REF,OURS,1825,0.031233,0.023562,0.039726,0.031233,0.023562,0.039726,True,0.0,encoder_temporal/encoder_temporal_per_variant.json::aot
POC-2B,aot,higher,raw,frozen,surgical_3stage_DI_intervene_encoder,REF,OURS,1825,0.028493,0.020822,0.036438,0.028493,0.020822,0.036438,True,0.0,encoder_temporal/encoder_temporal_per_variant.json::aot
POC-2B,aot,higher,raw,frozen,surgical_3stage_DI_replay25_encoder,REF,OURS,1825,0.028493,0.020822,0.036438,0.028493,0.020822,0.036438,True,0.0,encoder_temporal/encoder_temporal_per_variant.json::aot
POC-2B,aot,higher,raw,frozen,surgical_3stage_DI_tccaux_encoder,REF,OURS,1825,0.020822,0.013425,0.028493,0.020822,0.013425,0.028493,True,0.0,encoder_temporal/encoder_temporal_per_variant.json::aot
POC-2B,aot,higher,raw,frozen,surgical_3stage_DI_wiseft_encoder,REF,OURS,1825,0.006849,0.001096,0.012877,0.006849,0.001096,0.012877,True,0.024,encoder_temporal/encoder_temporal_per_variant.json::aot
POC-2B,aot,higher,raw,frozen,surgical_autorgn_encoder,REF,COMP,1825,0.021644,0.014247,0.029041,0.021644,0.014247,0.029041,True,0.0,encoder_temporal/encoder_temporal_per_variant.json::aot
POC-2B,aot,higher,raw,frozen,surgical_intervene_wiseft_f30_encoder,REF,OURS,1825,0.009041,0.003288,0.015068,0.009041,0.003288,0.015068,True,0.0034,encoder_temporal/encoder_temporal_per_variant.json::aot
POC-2B,aot,higher,raw,frozen,surgical_intervene_wiseft_f50_encoder,REF,OURS,1825,0.003562,-0.001918,0.009315,0.003562,-0.001918,0.009315,False,0.2322,encoder_temporal/encoder_temporal_per_variant.json::aot
POC-2B,aot,higher,raw,frozen,surgical_intervene_wiseft_f70_encoder,REF,OURS,1825,-0.000822,-0.005205,0.003562,-0.000822,-0.005205,0.003562,False,0.7692,encoder_temporal/encoder_temporal_per_variant.json::aot
POC-2B,aot,higher,raw,frozen,surgical_noDI_encoder,REF,OURS,1825,0.022466,0.015068,0.030411,0.022466,0.015068,0.030411,True,0.0,encoder_temporal/encoder_temporal_per_variant.json::aot
POC-2B,aot,higher,raw,full_ft_encoder,lpft_encoder,COMP,COMP,1825,-0.010685,-0.016438,-0.005479,-0.010685,-0.016438,-0.005479,True,0.0,encoder_temporal/encoder_temporal_per_variant.json::aot
POC-2B,aot,higher,raw,full_ft_encoder,peft_dora_encoder,COMP,COMP,1825,-0.006301,-0.012603,-0.000274,-0.006301,-0.012603,-0.000274,True,0.046,encoder_temporal/encoder_temporal_per_variant.json::aot
POC-2B,aot,higher,raw,full_ft_encoder,peft_lora_encoder,COMP,COMP,1825,-0.00274,-0.007945,0.002466,-0.00274,-0.007945,0.002466,False,0.3316,encoder_temporal/encoder_temporal_per_variant.json::aot
POC-2B,aot,higher,raw,full_ft_encoder,pretrain_encoder,COMP,COMP,1825,-0.011233,-0.017808,-0.004658,-0.011233,-0.017808,-0.004658,True,0.0006,encoder_temporal/encoder_temporal_per_variant.json::aot
POC-2B,aot,higher,raw,full_ft_encoder,surgery_raw_encoder,COMP,OURS,1825,0.000274,-0.005753,0.006575,0.000274,-0.005753,0.006575,False,0.9654,encoder_temporal/encoder_temporal_per_variant.json::aot
POC-2B,aot,higher,raw,full_ft_encoder,surgical_3stage_DI_diheavy_encoder,COMP,OURS,1825,0.0,-0.006301,0.006027,0.0,-0.006301,0.006027,False,1.0,encoder_temporal/encoder_temporal_per_variant.json::aot
POC-2B,aot,higher,raw,full_ft_encoder,surgical_3stage_DI_encoder,COMP,OURS,1825,0.003562,-0.001918,0.009041,0.003562,-0.001918,0.009041,False,0.2186,encoder_temporal/encoder_temporal_per_variant.json::aot
POC-2B,aot,higher,raw,full_ft_encoder,surgical_3stage_DI_intervene_encoder,COMP,OURS,1825,0.000822,-0.005479,0.007123,0.000822,-0.005479,0.007123,False,0.8386,encoder_temporal/encoder_temporal_per_variant.json::aot
POC-2B,aot,higher,raw,full_ft_encoder,surgical_3stage_DI_replay25_encoder,COMP,OURS,1825,0.000822,-0.005753,0.007123,0.000822,-0.005753,0.007123,False,0.8278,encoder_temporal/encoder_temporal_per_variant.json::aot
POC-2B,aot,higher,raw,full_ft_encoder,surgical_3stage_DI_tccaux_encoder,COMP,OURS,1825,-0.006849,-0.012877,-0.00137,-0.006849,-0.012877,-0.00137,True,0.0204,encoder_temporal/encoder_temporal_per_variant.json::aot
POC-2B,aot,higher,raw,full_ft_encoder,surgical_3stage_DI_wiseft_encoder,COMP,OURS,1825,-0.020822,-0.027671,-0.014521,-0.020822,-0.027671,-0.014521,True,0.0,encoder_temporal/encoder_temporal_per_variant.json::aot
POC-2B,aot,higher,raw,full_ft_encoder,surgical_autorgn_encoder,COMP,COMP,1825,-0.006027,-0.012329,0.0,-0.006027,-0.012329,0.0,False,0.0594,encoder_temporal/encoder_temporal_per_variant.json::aot
POC-2B,aot,higher,raw,full_ft_encoder,surgical_intervene_wiseft_f30_encoder,COMP,OURS,1825,-0.01863,-0.025205,-0.012329,-0.01863,-0.025205,-0.012329,True,0.0,encoder_temporal/encoder_temporal_per_variant.json::aot
POC-2B,aot,higher,raw,full_ft_encoder,surgical_intervene_wiseft_f50_encoder,COMP,OURS,1825,-0.02411,-0.031781,-0.016986,-0.02411,-0.031781,-0.016986,True,0.0,encoder_temporal/encoder_temporal_per_variant.json::aot
POC-2B,aot,higher,raw,full_ft_encoder,surgical_intervene_wiseft_f70_encoder,COMP,OURS,1825,-0.028493,-0.036438,-0.021096,-0.028493,-0.036438,-0.021096,True,0.0,encoder_temporal/encoder_temporal_per_variant.json::aot
POC-2B,aot,higher,raw,full_ft_encoder,surgical_noDI_encoder,COMP,OURS,1825,-0.005205,-0.011233,0.000548,-0.005205,-0.011233,0.000548,False,0.0942,encoder_temporal/encoder_temporal_per_variant.json::aot
POC-2B,aot,higher,raw,lpft_encoder,peft_dora_encoder,COMP,COMP,1825,0.004384,-0.000822,0.010137,0.004384,-0.000822,0.010137,False,0.1326,encoder_temporal/encoder_temporal_per_variant.json::aot
POC-2B,aot,higher,raw,lpft_encoder,peft_lora_encoder,COMP,COMP,1825,0.007945,0.003288,0.012877,0.007945,0.003288,0.012877,True,0.0012,encoder_temporal/encoder_temporal_per_variant.json::aot
POC-2B,aot,higher,raw,lpft_encoder,pretrain_encoder,COMP,COMP,1825,-0.000548,-0.005753,0.004932,-0.000548,-0.005753,0.004932,False,0.8614,encoder_temporal/encoder_temporal_per_variant.json::aot
POC-2B,aot,higher,raw,lpft_encoder,surgery_raw_encoder,COMP,OURS,1825,0.010959,0.005479,0.016986,0.010959,0.005479,0.016986,True,0.0002,encoder_temporal/encoder_temporal_per_variant.json::aot
POC-2B,aot,higher,raw,lpft_encoder,surgical_3stage_DI_diheavy_encoder,COMP,OURS,1825,0.010685,0.004932,0.016986,0.010685,0.004932,0.016986,True,0.0006,encoder_temporal/encoder_temporal_per_variant.json::aot
POC-2B,aot,higher,raw,lpft_encoder,surgical_3stage_DI_encoder,COMP,OURS,1825,0.014247,0.008767,0.020274,0.014247,0.008767,0.020274,True,0.0,encoder_temporal/encoder_temporal_per_variant.json::aot
POC-2B,aot,higher,raw,lpft_encoder,surgical_3stage_DI_intervene_encoder,COMP,OURS,1825,0.011507,0.005753,0.017808,0.011507,0.005753,0.017808,True,0.0002,encoder_temporal/encoder_temporal_per_variant.json::aot
POC-2B,aot,higher,raw,lpft_encoder,surgical_3stage_DI_replay25_encoder,COMP,OURS,1825,0.011507,0.005205,0.017831,0.011507,0.005205,0.017831,True,0.0012,encoder_temporal/encoder_temporal_per_variant.json::aot
POC-2B,aot,higher,raw,lpft_encoder,surgical_3stage_DI_tccaux_encoder,COMP,OURS,1825,0.003836,-0.001096,0.008767,0.003836,-0.001096,0.008767,False,0.1486,encoder_temporal/encoder_temporal_per_variant.json::aot
POC-2B,aot,higher,raw,lpft_encoder,surgical_3stage_DI_wiseft_encoder,COMP,OURS,1825,-0.010137,-0.01589,-0.004932,-0.010137,-0.01589,-0.004932,True,0.0004,encoder_temporal/encoder_temporal_per_variant.json::aot
POC-2B,aot,higher,raw,lpft_encoder,surgical_autorgn_encoder,COMP,COMP,1825,0.004658,-0.000274,0.009863,0.004658,-0.000274,0.009863,False,0.084,encoder_temporal/encoder_temporal_per_variant.json::aot
POC-2B,aot,higher,raw,lpft_encoder,surgical_intervene_wiseft_f30_encoder,COMP,OURS,1825,-0.007945,-0.013425,-0.002466,-0.007945,-0.013425,-0.002466,True,0.004,encoder_temporal/encoder_temporal_per_variant.json::aot
POC-2B,aot,higher,raw,lpft_encoder,surgical_intervene_wiseft_f50_encoder,COMP,OURS,1825,-0.013425,-0.019178,-0.007671,-0.013425,-0.019178,-0.007671,True,0.0,encoder_temporal/encoder_temporal_per_variant.json::aot
POC-2B,aot,higher,raw,lpft_encoder,surgical_intervene_wiseft_f70_encoder,COMP,OURS,1825,-0.017808,-0.02411,-0.011781,-0.017808,-0.02411,-0.011781,True,0.0,encoder_temporal/encoder_temporal_per_variant.json::aot
POC-2B,aot,higher,raw,lpft_encoder,surgical_noDI_encoder,COMP,OURS,1825,0.005479,0.0,0.011233,0.005479,0.0,0.011233,False,0.0562,encoder_temporal/encoder_temporal_per_variant.json::aot
POC-2B,aot,higher,raw,peft_dora_encoder,peft_lora_encoder,COMP,COMP,1825,0.003562,-0.00137,0.008493,0.003562,-0.00137,0.008493,False,0.1728,encoder_temporal/encoder_temporal_per_variant.json::aot
POC-2B,aot,higher,raw,peft_dora_encoder,pretrain_encoder,COMP,COMP,1825,-0.004932,-0.011233,0.00137,-0.004932,-0.011233,0.00137,False,0.1306,encoder_temporal/encoder_temporal_per_variant.json::aot
POC-2B,aot,higher,raw,peft_dora_encoder,surgery_raw_encoder,COMP,OURS,1825,0.006575,0.000822,0.012603,0.006575,0.000822,0.012603,True,0.0272,encoder_temporal/encoder_temporal_per_variant.json::aot
POC-2B,aot,higher,raw,peft_dora_encoder,surgical_3stage_DI_diheavy_encoder,COMP,OURS,1825,0.006301,0.000274,0.012603,0.006301,0.000274,0.012603,True,0.05,encoder_temporal/encoder_temporal_per_variant.json::aot
POC-2B,aot,higher,raw,peft_dora_encoder,surgical_3stage_DI_encoder,COMP,OURS,1825,0.009863,0.00411,0.016164,0.009863,0.00411,0.016164,True,0.0016,encoder_temporal/encoder_temporal_per_variant.json::aot
POC-2B,aot,higher,raw,peft_dora_encoder,surgical_3stage_DI_intervene_encoder,COMP,OURS,1825,0.007123,0.001096,0.013151,0.007123,0.001096,0.013151,True,0.0246,encoder_temporal/encoder_temporal_per_variant.json::aot
POC-2B,aot,higher,raw,peft_dora_encoder,surgical_3stage_DI_replay25_encoder,COMP,OURS,1825,0.007123,0.000822,0.013425,0.007123,0.000822,0.013425,True,0.0322,encoder_temporal/encoder_temporal_per_variant.json::aot
POC-2B,aot,higher,raw,peft_dora_encoder,surgical_3stage_DI_tccaux_encoder,COMP,OURS,1825,-0.000548,-0.006301,0.005205,-0.000548,-0.006301,0.005205,False,0.9036,encoder_temporal/encoder_temporal_per_variant.json::aot
POC-2B,aot,higher,raw,peft_dora_encoder,surgical_3stage_DI_wiseft_encoder,COMP,OURS,1825,-0.014521,-0.020822,-0.008767,-0.014521,-0.020822,-0.008767,True,0.0,encoder_temporal/encoder_temporal_per_variant.json::aot
POC-2B,aot,higher,raw,peft_dora_encoder,surgical_autorgn_encoder,COMP,COMP,1825,0.000274,-0.004384,0.004932,0.000274,-0.004384,0.004932,False,0.9468,encoder_temporal/encoder_temporal_per_variant.json::aot
POC-2B,aot,higher,raw,peft_dora_encoder,surgical_intervene_wiseft_f30_encoder,COMP,OURS,1825,-0.012329,-0.01863,-0.006027,-0.012329,-0.01863,-0.006027,True,0.0,encoder_temporal/encoder_temporal_per_variant.json::aot
POC-2B,aot,higher,raw,peft_dora_encoder,surgical_intervene_wiseft_f50_encoder,COMP,OURS,1825,-0.017808,-0.024384,-0.011507,-0.017808,-0.024384,-0.011507,True,0.0,encoder_temporal/encoder_temporal_per_variant.json::aot
POC-2B,aot,higher,raw,peft_dora_encoder,surgical_intervene_wiseft_f70_encoder,COMP,OURS,1825,-0.022192,-0.029041,-0.015342,-0.022192,-0.029041,-0.015342,True,0.0,encoder_temporal/encoder_temporal_per_variant.json::aot
POC-2B,aot,higher,raw,peft_dora_encoder,surgical_noDI_encoder,COMP,OURS,1825,0.001096,-0.004384,0.006301,0.001096,-0.004384,0.006301,False,0.7112,encoder_temporal/encoder_temporal_per_variant.json::aot
POC-2B,aot,higher,raw,peft_lora_encoder,pretrain_encoder,COMP,COMP,1825,-0.008493,-0.014521,-0.002192,-0.008493,-0.014521,-0.002192,True,0.0074,encoder_temporal/encoder_temporal_per_variant.json::aot
POC-2B,aot,higher,raw,peft_lora_encoder,surgery_raw_encoder,COMP,OURS,1825,0.003014,-0.00274,0.008767,0.003014,-0.00274,0.008767,False,0.3232,encoder_temporal/encoder_temporal_per_variant.json::aot
POC-2B,aot,higher,raw,peft_lora_encoder,surgical_3stage_DI_diheavy_encoder,COMP,OURS,1825,0.00274,-0.00274,0.008493,0.00274,-0.00274,0.008493,False,0.3632,encoder_temporal/encoder_temporal_per_variant.json::aot
POC-2B,aot,higher,raw,peft_lora_encoder,surgical_3stage_DI_encoder,COMP,OURS,1825,0.006301,0.000822,0.012055,0.006301,0.000822,0.012055,True,0.034,encoder_temporal/encoder_temporal_per_variant.json::aot
POC-2B,aot,higher,raw,peft_lora_encoder,surgical_3stage_DI_intervene_encoder,COMP,OURS,1825,0.003562,-0.001644,0.009041,0.003562,-0.001644,0.009041,False,0.2122,encoder_temporal/encoder_temporal_per_variant.json::aot
POC-2B,aot,higher,raw,peft_lora_encoder,surgical_3stage_DI_replay25_encoder,COMP,OURS,1825,0.003562,-0.002466,0.009041,0.003562,-0.002466,0.009041,False,0.2348,encoder_temporal/encoder_temporal_per_variant.json::aot
POC-2B,aot,higher,raw,peft_lora_encoder,surgical_3stage_DI_tccaux_encoder,COMP,OURS,1825,-0.00411,-0.009863,0.00137,-0.00411,-0.009863,0.00137,False,0.1548,encoder_temporal/encoder_temporal_per_variant.json::aot
POC-2B,aot,higher,raw,peft_lora_encoder,surgical_3stage_DI_wiseft_encoder,COMP,OURS,1825,-0.018082,-0.024384,-0.012329,-0.018082,-0.024384,-0.012329,True,0.0,encoder_temporal/encoder_temporal_per_variant.json::aot
POC-2B,aot,higher,raw,peft_lora_encoder,surgical_autorgn_encoder,COMP,COMP,1825,-0.003288,-0.008493,0.001644,-0.003288,-0.008493,0.001644,False,0.2238,encoder_temporal/encoder_temporal_per_variant.json::aot
POC-2B,aot,higher,raw,peft_lora_encoder,surgical_intervene_wiseft_f30_encoder,COMP,OURS,1825,-0.01589,-0.022192,-0.009863,-0.01589,-0.022192,-0.009863,True,0.0,encoder_temporal/encoder_temporal_per_variant.json::aot
POC-2B,aot,higher,raw,peft_lora_encoder,surgical_intervene_wiseft_f50_encoder,COMP,OURS,1825,-0.02137,-0.028219,-0.015342,-0.02137,-0.028219,-0.015342,True,0.0,encoder_temporal/encoder_temporal_per_variant.json::aot
POC-2B,aot,higher,raw,peft_lora_encoder,surgical_intervene_wiseft_f70_encoder,COMP,OURS,1825,-0.025753,-0.033151,-0.018904,-0.025753,-0.033151,-0.018904,True,0.0,encoder_temporal/encoder_temporal_per_variant.json::aot
POC-2B,aot,higher,raw,peft_lora_encoder,surgical_noDI_encoder,COMP,OURS,1825,-0.002466,-0.007671,0.002466,-0.002466,-0.007671,0.002466,False,0.369,encoder_temporal/encoder_temporal_per_variant.json::aot
POC-2B,aot,higher,raw,pretrain_encoder,surgery_raw_encoder,COMP,OURS,1825,0.011507,0.005753,0.017808,0.011507,0.005753,0.017808,True,0.0002,encoder_temporal/encoder_temporal_per_variant.json::aot
POC-2B,aot,higher,raw,pretrain_encoder,surgical_3stage_DI_diheavy_encoder,COMP,OURS,1825,0.011233,0.00411,0.01863,0.011233,0.00411,0.01863,True,0.0024,encoder_temporal/encoder_temporal_per_variant.json::aot
POC-2B,aot,higher,raw,pretrain_encoder,surgical_3stage_DI_encoder,COMP,OURS,1825,0.014795,0.008219,0.021644,0.014795,0.008219,0.021644,True,0.0,encoder_temporal/encoder_temporal_per_variant.json::aot
POC-2B,aot,higher,raw,pretrain_encoder,surgical_3stage_DI_intervene_encoder,COMP,OURS,1825,0.012055,0.004932,0.019178,0.012055,0.004932,0.019178,True,0.0006,encoder_temporal/encoder_temporal_per_variant.json::aot
POC-2B,aot,higher,raw,pretrain_encoder,surgical_3stage_DI_replay25_encoder,COMP,OURS,1825,0.012055,0.004932,0.019452,0.012055,0.004932,0.019452,True,0.0022,encoder_temporal/encoder_temporal_per_variant.json::aot
POC-2B,aot,higher,raw,pretrain_encoder,surgical_3stage_DI_tccaux_encoder,COMP,OURS,1825,0.004384,-0.001096,0.010137,0.004384,-0.001096,0.010137,False,0.1422,encoder_temporal/encoder_temporal_per_variant.json::aot
POC-2B,aot,higher,raw,pretrain_encoder,surgical_3stage_DI_wiseft_encoder,COMP,OURS,1825,-0.009589,-0.015342,-0.00411,-0.009589,-0.015342,-0.00411,True,0.0004,encoder_temporal/encoder_temporal_per_variant.json::aot
POC-2B,aot,higher,raw,pretrain_encoder,surgical_autorgn_encoder,COMP,COMP,1825,0.005205,-0.000548,0.011233,0.005205,-0.000548,0.011233,False,0.0952,encoder_temporal/encoder_temporal_per_variant.json::aot
POC-2B,aot,higher,raw,pretrain_encoder,surgical_intervene_wiseft_f30_encoder,COMP,OURS,1825,-0.007397,-0.012877,-0.002192,-0.007397,-0.012877,-0.002192,True,0.0066,encoder_temporal/encoder_temporal_per_variant.json::aot
POC-2B,aot,higher,raw,pretrain_encoder,surgical_intervene_wiseft_f50_encoder,COMP,OURS,1825,-0.012877,-0.019178,-0.006849,-0.012877,-0.019178,-0.006849,True,0.0,encoder_temporal/encoder_temporal_per_variant.json::aot
POC-2B,aot,higher,raw,pretrain_encoder,surgical_intervene_wiseft_f70_encoder,COMP,OURS,1825,-0.01726,-0.023288,-0.011507,-0.01726,-0.023288,-0.011507,True,0.0,encoder_temporal/encoder_temporal_per_variant.json::aot
POC-2B,aot,higher,raw,pretrain_encoder,surgical_noDI_encoder,COMP,OURS,1825,0.006027,-0.000274,0.012329,0.006027,-0.000274,0.012329,False,0.0632,encoder_temporal/encoder_temporal_per_variant.json::aot
POC-2B,aot,higher,raw,surgery_raw_encoder,surgical_3stage_DI_diheavy_encoder,OURS,OURS,1825,-0.000274,-0.007123,0.006575,-0.000274,-0.007123,0.006575,False,0.9586,encoder_temporal/encoder_temporal_per_variant.json::aot
POC-2B,aot,higher,raw,surgery_raw_encoder,surgical_3stage_DI_encoder,OURS,OURS,1825,0.003288,-0.00274,0.009585,0.003288,-0.00274,0.009585,False,0.3158,encoder_temporal/encoder_temporal_per_variant.json::aot
POC-2B,aot,higher,raw,surgery_raw_encoder,surgical_3stage_DI_intervene_encoder,OURS,OURS,1825,0.000548,-0.006301,0.007397,0.000548,-0.006301,0.007397,False,0.92,encoder_temporal/encoder_temporal_per_variant.json::aot
POC-2B,aot,higher,raw,surgery_raw_encoder,surgical_3stage_DI_replay25_encoder,OURS,OURS,1825,0.000548,-0.006301,0.007123,0.000548,-0.006301,0.007123,False,0.9156,encoder_temporal/encoder_temporal_per_variant.json::aot
POC-2B,aot,higher,raw,surgery_raw_encoder,surgical_3stage_DI_tccaux_encoder,OURS,OURS,1825,-0.007123,-0.012603,-0.001918,-0.007123,-0.012603,-0.001918,True,0.008,encoder_temporal/encoder_temporal_per_variant.json::aot
POC-2B,aot,higher,raw,surgery_raw_encoder,surgical_3stage_DI_wiseft_encoder,OURS,OURS,1825,-0.021096,-0.027671,-0.014795,-0.021096,-0.027671,-0.014795,True,0.0,encoder_temporal/encoder_temporal_per_variant.json::aot
POC-2B,aot,higher,raw,surgery_raw_encoder,surgical_autorgn_encoder,OURS,COMP,1825,-0.006301,-0.012055,-0.000822,-0.006301,-0.012055,-0.000822,True,0.0284,encoder_temporal/encoder_temporal_per_variant.json::aot
POC-2B,aot,higher,raw,surgery_raw_encoder,surgical_intervene_wiseft_f30_encoder,OURS,OURS,1825,-0.018904,-0.025479,-0.012603,-0.018904,-0.025479,-0.012603,True,0.0,encoder_temporal/encoder_temporal_per_variant.json::aot
POC-2B,aot,higher,raw,surgery_raw_encoder,surgical_intervene_wiseft_f50_encoder,OURS,OURS,1825,-0.024384,-0.031781,-0.01726,-0.024384,-0.031781,-0.01726,True,0.0,encoder_temporal/encoder_temporal_per_variant.json::aot
POC-2B,aot,higher,raw,surgery_raw_encoder,surgical_intervene_wiseft_f70_encoder,OURS,OURS,1825,-0.028767,-0.036438,-0.021644,-0.028767,-0.036438,-0.021644,True,0.0,encoder_temporal/encoder_temporal_per_variant.json::aot
POC-2B,aot,higher,raw,surgery_raw_encoder,surgical_noDI_encoder,OURS,OURS,1825,-0.005479,-0.011233,0.0,-0.005479,-0.011233,0.0,False,0.0594,encoder_temporal/encoder_temporal_per_variant.json::aot
POC-2B,aot,higher,raw,surgical_3stage_DI_diheavy_encoder,surgical_3stage_DI_encoder,OURS,OURS,1825,0.003562,-0.001918,0.009041,0.003562,-0.001918,0.009041,False,0.2306,encoder_temporal/encoder_temporal_per_variant.json::aot
POC-2B,aot,higher,raw,surgical_3stage_DI_diheavy_encoder,surgical_3stage_DI_intervene_encoder,OURS,OURS,1825,0.000822,-0.004384,0.006027,0.000822,-0.004384,0.006027,False,0.7894,encoder_temporal/encoder_temporal_per_variant.json::aot
POC-2B,aot,higher,raw,surgical_3stage_DI_diheavy_encoder,surgical_3stage_DI_replay25_encoder,OURS,OURS,1825,0.000822,-0.004658,0.006301,0.000822,-0.004658,0.006301,False,0.804,encoder_temporal/encoder_temporal_per_variant.json::aot
POC-2B,aot,higher,raw,surgical_3stage_DI_diheavy_encoder,surgical_3stage_DI_tccaux_encoder,OURS,OURS,1825,-0.006849,-0.013699,-0.000274,-0.006849,-0.013699,-0.000274,True,0.0484,encoder_temporal/encoder_temporal_per_variant.json::aot
POC-2B,aot,higher,raw,surgical_3stage_DI_diheavy_encoder,surgical_3stage_DI_wiseft_encoder,OURS,OURS,1825,-0.020822,-0.027429,-0.014521,-0.020822,-0.027429,-0.014521,True,0.0,encoder_temporal/encoder_temporal_per_variant.json::aot
POC-2B,aot,higher,raw,surgical_3stage_DI_diheavy_encoder,surgical_autorgn_encoder,OURS,COMP,1825,-0.006027,-0.012603,0.000274,-0.006027,-0.012603,0.000274,False,0.0712,encoder_temporal/encoder_temporal_per_variant.json::aot
POC-2B,aot,higher,raw,surgical_3stage_DI_diheavy_encoder,surgical_intervene_wiseft_f30_encoder,OURS,OURS,1825,-0.01863,-0.025479,-0.012055,-0.01863,-0.025479,-0.012055,True,0.0,encoder_temporal/encoder_temporal_per_variant.json::aot
POC-2B,aot,higher,raw,surgical_3stage_DI_diheavy_encoder,surgical_intervene_wiseft_f50_encoder,OURS,OURS,1825,-0.02411,-0.031233,-0.017534,-0.02411,-0.031233,-0.017534,True,0.0,encoder_temporal/encoder_temporal_per_variant.json::aot
POC-2B,aot,higher,raw,surgical_3stage_DI_diheavy_encoder,surgical_intervene_wiseft_f70_encoder,OURS,OURS,1825,-0.028493,-0.036164,-0.021096,-0.028493,-0.036164,-0.021096,True,0.0,encoder_temporal/encoder_temporal_per_variant.json::aot
POC-2B,aot,higher,raw,surgical_3stage_DI_diheavy_encoder,surgical_noDI_encoder,OURS,OURS,1825,-0.005205,-0.010959,0.000274,-0.005205,-0.010959,0.000274,False,0.0788,encoder_temporal/encoder_temporal_per_variant.json::aot
POC-2B,aot,higher,raw,surgical_3stage_DI_encoder,surgical_3stage_DI_intervene_encoder,OURS,OURS,1825,-0.00274,-0.008493,0.003014,-0.00274,-0.008493,0.003014,False,0.3816,encoder_temporal/encoder_temporal_per_variant.json::aot
POC-2B,aot,higher,raw,surgical_3stage_DI_encoder,surgical_3stage_DI_replay25_encoder,OURS,OURS,1825,-0.00274,-0.008493,0.003014,-0.00274,-0.008493,0.003014,False,0.3746,encoder_temporal/encoder_temporal_per_variant.json::aot
POC-2B,aot,higher,raw,surgical_3stage_DI_encoder,surgical_3stage_DI_tccaux_encoder,OURS,OURS,1825,-0.010411,-0.016438,-0.004658,-0.010411,-0.016438,-0.004658,True,0.0004,encoder_temporal/encoder_temporal_per_variant.json::aot
POC-2B,aot,higher,raw,surgical_3stage_DI_encoder,surgical_3stage_DI_wiseft_encoder,OURS,OURS,1825,-0.024384,-0.030959,-0.018356,-0.024384,-0.030959,-0.018356,True,0.0,encoder_temporal/encoder_temporal_per_variant.json::aot
POC-2B,aot,higher,raw,surgical_3stage_DI_encoder,surgical_autorgn_encoder,OURS,COMP,1825,-0.009589,-0.016164,-0.003288,-0.009589,-0.016164,-0.003288,True,0.0036,encoder_temporal/encoder_temporal_per_variant.json::aot
POC-2B,aot,higher,raw,surgical_3stage_DI_encoder,surgical_intervene_wiseft_f30_encoder,OURS,OURS,1825,-0.022192,-0.028767,-0.016141,-0.022192,-0.028767,-0.016141,True,0.0,encoder_temporal/encoder_temporal_per_variant.json::aot
POC-2B,aot,higher,raw,surgical_3stage_DI_encoder,surgical_intervene_wiseft_f50_encoder,OURS,OURS,1825,-0.027671,-0.035342,-0.020822,-0.027671,-0.035342,-0.020822,True,0.0,encoder_temporal/encoder_temporal_per_variant.json::aot
POC-2B,aot,higher,raw,surgical_3stage_DI_encoder,surgical_intervene_wiseft_f70_encoder,OURS,OURS,1825,-0.032055,-0.04,-0.024658,-0.032055,-0.04,-0.024658,True,0.0,encoder_temporal/encoder_temporal_per_variant.json::aot
POC-2B,aot,higher,raw,surgical_3stage_DI_encoder,surgical_noDI_encoder,OURS,OURS,1825,-0.008767,-0.014247,-0.003836,-0.008767,-0.014247,-0.003836,True,0.0014,encoder_temporal/encoder_temporal_per_variant.json::aot
POC-2B,aot,higher,raw,surgical_3stage_DI_intervene_encoder,surgical_3stage_DI_replay25_encoder,OURS,OURS,1825,0.0,-0.005205,0.005205,0.0,-0.005205,0.005205,False,1.0,encoder_temporal/encoder_temporal_per_variant.json::aot
POC-2B,aot,higher,raw,surgical_3stage_DI_intervene_encoder,surgical_3stage_DI_tccaux_encoder,OURS,OURS,1825,-0.007671,-0.01437,-0.001096,-0.007671,-0.01437,-0.001096,True,0.0246,encoder_temporal/encoder_temporal_per_variant.json::aot
POC-2B,aot,higher,raw,surgical_3stage_DI_intervene_encoder,surgical_3stage_DI_wiseft_encoder,OURS,OURS,1825,-0.021644,-0.028219,-0.015342,-0.021644,-0.028219,-0.015342,True,0.0,encoder_temporal/encoder_temporal_per_variant.json::aot
POC-2B,aot,higher,raw,surgical_3stage_DI_intervene_encoder,surgical_autorgn_encoder,OURS,COMP,1825,-0.006849,-0.013151,-0.000548,-0.006849,-0.013151,-0.000548,True,0.034,encoder_temporal/encoder_temporal_per_variant.json::aot
POC-2B,aot,higher,raw,surgical_3stage_DI_intervene_encoder,surgical_intervene_wiseft_f30_encoder,OURS,OURS,1825,-0.019452,-0.026301,-0.012877,-0.019452,-0.026301,-0.012877,True,0.0,encoder_temporal/encoder_temporal_per_variant.json::aot
POC-2B,aot,higher,raw,surgical_3stage_DI_intervene_encoder,surgical_intervene_wiseft_f50_encoder,OURS,OURS,1825,-0.024932,-0.031781,-0.01863,-0.024932,-0.031781,-0.01863,True,0.0,encoder_temporal/encoder_temporal_per_variant.json::aot
POC-2B,aot,higher,raw,surgical_3stage_DI_intervene_encoder,surgical_intervene_wiseft_f70_encoder,OURS,OURS,1825,-0.029315,-0.036712,-0.022192,-0.029315,-0.036712,-0.022192,True,0.0,encoder_temporal/encoder_temporal_per_variant.json::aot
POC-2B,aot,higher,raw,surgical_3stage_DI_intervene_encoder,surgical_noDI_encoder,OURS,OURS,1825,-0.006027,-0.012329,0.0,-0.006027,-0.012329,0.0,False,0.0578,encoder_temporal/encoder_temporal_per_variant.json::aot
POC-2B,aot,higher,raw,surgical_3stage_DI_replay25_encoder,surgical_3stage_DI_tccaux_encoder,OURS,OURS,1825,-0.007671,-0.013973,-0.00137,-0.007671,-0.013973,-0.00137,True,0.0226,encoder_temporal/encoder_temporal_per_variant.json::aot
POC-2B,aot,higher,raw,surgical_3stage_DI_replay25_encoder,surgical_3stage_DI_wiseft_encoder,OURS,OURS,1825,-0.021644,-0.028493,-0.015068,-0.021644,-0.028493,-0.015068,True,0.0,encoder_temporal/encoder_temporal_per_variant.json::aot
POC-2B,aot,higher,raw,surgical_3stage_DI_replay25_encoder,surgical_autorgn_encoder,OURS,COMP,1825,-0.006849,-0.013151,-0.000548,-0.006849,-0.013151,-0.000548,True,0.0404,encoder_temporal/encoder_temporal_per_variant.json::aot
POC-2B,aot,higher,raw,surgical_3stage_DI_replay25_encoder,surgical_intervene_wiseft_f30_encoder,OURS,OURS,1825,-0.019452,-0.026301,-0.012603,-0.019452,-0.026301,-0.012603,True,0.0,encoder_temporal/encoder_temporal_per_variant.json::aot
POC-2B,aot,higher,raw,surgical_3stage_DI_replay25_encoder,surgical_intervene_wiseft_f50_encoder,OURS,OURS,1825,-0.024932,-0.032055,-0.018082,-0.024932,-0.032055,-0.018082,True,0.0,encoder_temporal/encoder_temporal_per_variant.json::aot
POC-2B,aot,higher,raw,surgical_3stage_DI_replay25_encoder,surgical_intervene_wiseft_f70_encoder,OURS,OURS,1825,-0.029315,-0.03679,-0.021918,-0.029315,-0.03679,-0.021918,True,0.0,encoder_temporal/encoder_temporal_per_variant.json::aot
POC-2B,aot,higher,raw,surgical_3stage_DI_replay25_encoder,surgical_noDI_encoder,OURS,OURS,1825,-0.006027,-0.011781,-0.000274,-0.006027,-0.011781,-0.000274,True,0.0436,encoder_temporal/encoder_temporal_per_variant.json::aot
POC-2B,aot,higher,raw,surgical_3stage_DI_tccaux_encoder,surgical_3stage_DI_wiseft_encoder,OURS,OURS,1825,-0.013973,-0.02,-0.008219,-0.013973,-0.02,-0.008219,True,0.0,encoder_temporal/encoder_temporal_per_variant.json::aot
POC-2B,aot,higher,raw,surgical_3stage_DI_tccaux_encoder,surgical_autorgn_encoder,OURS,COMP,1825,0.000822,-0.004658,0.006301,0.000822,-0.004658,0.006301,False,0.8304,encoder_temporal/encoder_temporal_per_variant.json::aot
POC-2B,aot,higher,raw,surgical_3stage_DI_tccaux_encoder,surgical_intervene_wiseft_f30_encoder,OURS,OURS,1825,-0.011781,-0.018082,-0.005753,-0.011781,-0.018082,-0.005753,True,0.0002,encoder_temporal/encoder_temporal_per_variant.json::aot
POC-2B,aot,higher,raw,surgical_3stage_DI_tccaux_encoder,surgical_intervene_wiseft_f50_encoder,OURS,OURS,1825,-0.01726,-0.02411,-0.010685,-0.01726,-0.02411,-0.010685,True,0.0,encoder_temporal/encoder_temporal_per_variant.json::aot
POC-2B,aot,higher,raw,surgical_3stage_DI_tccaux_encoder,surgical_intervene_wiseft_f70_encoder,OURS,OURS,1825,-0.021644,-0.028767,-0.014795,-0.021644,-0.028767,-0.014795,True,0.0,encoder_temporal/encoder_temporal_per_variant.json::aot
POC-2B,aot,higher,raw,surgical_3stage_DI_tccaux_encoder,surgical_noDI_encoder,OURS,OURS,1825,0.001644,-0.003562,0.007123,0.001644,-0.003562,0.007123,False,0.5818,encoder_temporal/encoder_temporal_per_variant.json::aot
POC-2B,aot,higher,raw,surgical_3stage_DI_wiseft_encoder,surgical_autorgn_encoder,OURS,COMP,1825,0.014795,0.008607,0.021096,0.014795,0.008607,0.021096,True,0.0,encoder_temporal/encoder_temporal_per_variant.json::aot
POC-2B,aot,higher,raw,surgical_3stage_DI_wiseft_encoder,surgical_intervene_wiseft_f30_encoder,OURS,OURS,1825,0.002192,-0.002192,0.006575,0.002192,-0.002192,0.006575,False,0.357,encoder_temporal/encoder_temporal_per_variant.json::aot
POC-2B,aot,higher,raw,surgical_3stage_DI_wiseft_encoder,surgical_intervene_wiseft_f50_encoder,OURS,OURS,1825,-0.003288,-0.007671,0.000822,-0.003288,-0.007671,0.000822,False,0.152,encoder_temporal/encoder_temporal_per_variant.json::aot
POC-2B,aot,higher,raw,surgical_3stage_DI_wiseft_encoder,surgical_intervene_wiseft_f70_encoder,OURS,OURS,1825,-0.007671,-0.013151,-0.00274,-0.007671,-0.013151,-0.00274,True,0.0044,encoder_temporal/encoder_temporal_per_variant.json::aot
POC-2B,aot,higher,raw,surgical_3stage_DI_wiseft_encoder,surgical_noDI_encoder,OURS,OURS,1825,0.015616,0.009863,0.021918,0.015616,0.009863,0.021918,True,0.0,encoder_temporal/encoder_temporal_per_variant.json::aot
POC-2B,aot,higher,raw,surgical_autorgn_encoder,surgical_intervene_wiseft_f30_encoder,COMP,OURS,1825,-0.012603,-0.018904,-0.006575,-0.012603,-0.018904,-0.006575,True,0.0,encoder_temporal/encoder_temporal_per_variant.json::aot
POC-2B,aot,higher,raw,surgical_autorgn_encoder,surgical_intervene_wiseft_f50_encoder,COMP,OURS,1825,-0.018082,-0.024932,-0.011781,-0.018082,-0.024932,-0.011781,True,0.0,encoder_temporal/encoder_temporal_per_variant.json::aot
POC-2B,aot,higher,raw,surgical_autorgn_encoder,surgical_intervene_wiseft_f70_encoder,COMP,OURS,1825,-0.022466,-0.029315,-0.015616,-0.022466,-0.029315,-0.015616,True,0.0,encoder_temporal/encoder_temporal_per_variant.json::aot
POC-2B,aot,higher,raw,surgical_autorgn_encoder,surgical_noDI_encoder,COMP,OURS,1825,0.000822,-0.004658,0.006301,0.000822,-0.004658,0.006301,False,0.7934,encoder_temporal/encoder_temporal_per_variant.json::aot
POC-2B,aot,higher,raw,surgical_intervene_wiseft_f30_encoder,surgical_intervene_wiseft_f50_encoder,OURS,OURS,1825,-0.005479,-0.010685,-0.000548,-0.005479,-0.010685,-0.000548,True,0.0428,encoder_temporal/encoder_temporal_per_variant.json::aot
POC-2B,aot,higher,raw,surgical_intervene_wiseft_f30_encoder,surgical_intervene_wiseft_f70_encoder,OURS,OURS,1825,-0.009863,-0.015342,-0.004658,-0.009863,-0.015342,-0.004658,True,0.0002,encoder_temporal/encoder_temporal_per_variant.json::aot
POC-2B,aot,higher,raw,surgical_intervene_wiseft_f30_encoder,surgical_noDI_encoder,OURS,OURS,1825,0.013425,0.007671,0.019452,0.013425,0.007671,0.019452,True,0.0,encoder_temporal/encoder_temporal_per_variant.json::aot
POC-2B,aot,higher,raw,surgical_intervene_wiseft_f50_encoder,surgical_intervene_wiseft_f70_encoder,OURS,OURS,1825,-0.004384,-0.009041,0.000274,-0.004384,-0.009041,0.000274,False,0.0782,encoder_temporal/encoder_temporal_per_variant.json::aot
POC-2B,aot,higher,raw,surgical_intervene_wiseft_f50_encoder,surgical_noDI_encoder,OURS,OURS,1825,0.018904,0.012329,0.026027,0.018904,0.012329,0.026027,True,0.0,encoder_temporal/encoder_temporal_per_variant.json::aot
POC-2B,aot,higher,raw,surgical_intervene_wiseft_f70_encoder,surgical_noDI_encoder,OURS,OURS,1825,0.023288,0.016438,0.030411,0.023288,0.016438,0.030411,True,0.0,encoder_temporal/encoder_temporal_per_variant.json::aot
POC-2B,tov,higher,raw,frozen,full_ft_encoder,REF,COMP,1825,0.018767,0.013151,0.024521,0.018767,0.013151,0.024521,True,0.0,encoder_temporal/encoder_temporal_per_variant.json::tov
POC-2B,tov,higher,raw,frozen,lpft_encoder,REF,COMP,1825,0.008356,0.003288,0.013288,0.008356,0.003288,0.013288,True,0.002,encoder_temporal/encoder_temporal_per_variant.json::tov
POC-2B,tov,higher,raw,frozen,peft_dora_encoder,REF,COMP,1825,0.013699,0.008356,0.019178,0.013699,0.008356,0.019178,True,0.0,encoder_temporal/encoder_temporal_per_variant.json::tov
POC-2B,tov,higher,raw,frozen,peft_lora_encoder,REF,COMP,1825,0.024384,0.018493,0.030548,0.024384,0.018493,0.030548,True,0.0,encoder_temporal/encoder_temporal_per_variant.json::tov
POC-2B,tov,higher,raw,frozen,pretrain_encoder,REF,COMP,1825,0.02274,0.017123,0.028219,0.02274,0.017123,0.028219,True,0.0,encoder_temporal/encoder_temporal_per_variant.json::tov
POC-2B,tov,higher,raw,frozen,surgery_raw_encoder,REF,OURS,1825,0.013562,0.008356,0.019041,0.013562,0.008356,0.019041,True,0.0,encoder_temporal/encoder_temporal_per_variant.json::tov
POC-2B,tov,higher,raw,frozen,surgical_3stage_DI_diheavy_encoder,REF,OURS,1825,0.006438,0.001096,0.011644,0.006438,0.001096,0.011644,True,0.0174,encoder_temporal/encoder_temporal_per_variant.json::tov
POC-2B,tov,higher,raw,frozen,surgical_3stage_DI_encoder,REF,OURS,1825,0.00726,0.002192,0.012329,0.00726,0.002192,0.012329,True,0.0066,encoder_temporal/encoder_temporal_per_variant.json::tov
POC-2B,tov,higher,raw,frozen,surgical_3stage_DI_intervene_encoder,REF,OURS,1825,0.006986,0.002055,0.011781,0.006986,0.002055,0.011781,True,0.0052,encoder_temporal/encoder_temporal_per_variant.json::tov
POC-2B,tov,higher,raw,frozen,surgical_3stage_DI_replay25_encoder,REF,OURS,1825,0.008904,0.003699,0.01411,0.008904,0.003699,0.01411,True,0.001,encoder_temporal/encoder_temporal_per_variant.json::tov
POC-2B,tov,higher,raw,frozen,surgical_3stage_DI_tccaux_encoder,REF,OURS,1825,0.020685,0.015068,0.026301,0.020685,0.015068,0.026301,True,0.0,encoder_temporal/encoder_temporal_per_variant.json::tov
POC-2B,tov,higher,raw,frozen,surgical_3stage_DI_wiseft_encoder,REF,OURS,1825,0.009726,0.005342,0.01411,0.009726,0.005342,0.01411,True,0.0,encoder_temporal/encoder_temporal_per_variant.json::tov
POC-2B,tov,higher,raw,frozen,surgical_autorgn_encoder,REF,COMP,1825,0.00726,0.002329,0.012329,0.00726,0.002329,0.012329,True,0.0054,encoder_temporal/encoder_temporal_per_variant.json::tov
POC-2B,tov,higher,raw,frozen,surgical_intervene_wiseft_f30_encoder,REF,OURS,1825,0.003836,-0.000685,0.008219,0.003836,-0.000685,0.008219,False,0.1016,encoder_temporal/encoder_temporal_per_variant.json::tov
POC-2B,tov,higher,raw,frozen,surgical_intervene_wiseft_f50_encoder,REF,OURS,1825,0.000548,-0.003699,0.004658,0.000548,-0.003699,0.004658,False,0.8156,encoder_temporal/encoder_temporal_per_variant.json::tov
POC-2B,tov,higher,raw,frozen,surgical_intervene_wiseft_f70_encoder,REF,OURS,1825,-0.002329,-0.006438,0.001781,-0.002329,-0.006438,0.001781,False,0.281,encoder_temporal/encoder_temporal_per_variant.json::tov
POC-2B,tov,higher,raw,frozen,surgical_noDI_encoder,REF,OURS,1825,0.007808,0.002466,0.012877,0.007808,0.002466,0.012877,True,0.0048,encoder_temporal/encoder_temporal_per_variant.json::tov
POC-2B,tov,higher,raw,full_ft_encoder,lpft_encoder,COMP,COMP,1825,-0.010411,-0.015479,-0.005342,-0.010411,-0.015479,-0.005342,True,0.0,encoder_temporal/encoder_temporal_per_variant.json::tov
POC-2B,tov,higher,raw,full_ft_encoder,peft_dora_encoder,COMP,COMP,1825,-0.005068,-0.010274,-0.000137,-0.005068,-0.010274,-0.000137,True,0.0526,encoder_temporal/encoder_temporal_per_variant.json::tov
POC-2B,tov,higher,raw,full_ft_encoder,peft_lora_encoder,COMP,COMP,1825,0.005616,0.000959,0.010548,0.005616,0.000959,0.010548,True,0.021,encoder_temporal/encoder_temporal_per_variant.json::tov
POC-2B,tov,higher,raw,full_ft_encoder,pretrain_encoder,COMP,COMP,1825,0.003973,-0.001918,0.009726,0.003973,-0.001918,0.009726,False,0.1878,encoder_temporal/encoder_temporal_per_variant.json::tov
POC-2B,tov,higher,raw,full_ft_encoder,surgery_raw_encoder,COMP,OURS,1825,-0.005205,-0.010411,0.0,-0.005205,-0.010411,0.0,False,0.0574,encoder_temporal/encoder_temporal_per_variant.json::tov
POC-2B,tov,higher,raw,full_ft_encoder,surgical_3stage_DI_diheavy_encoder,COMP,OURS,1825,-0.012329,-0.016849,-0.007808,-0.012329,-0.016849,-0.007808,True,0.0,encoder_temporal/encoder_temporal_per_variant.json::tov
POC-2B,tov,higher,raw,full_ft_encoder,surgical_3stage_DI_encoder,COMP,OURS,1825,-0.011507,-0.016301,-0.006986,-0.011507,-0.016301,-0.006986,True,0.0,encoder_temporal/encoder_temporal_per_variant.json::tov
POC-2B,tov,higher,raw,full_ft_encoder,surgical_3stage_DI_intervene_encoder,COMP,OURS,1825,-0.011781,-0.017123,-0.006551,-0.011781,-0.017123,-0.006551,True,0.0,encoder_temporal/encoder_temporal_per_variant.json::tov
POC-2B,tov,higher,raw,full_ft_encoder,surgical_3stage_DI_replay25_encoder,COMP,OURS,1825,-0.009863,-0.015068,-0.004795,-0.009863,-0.015068,-0.004795,True,0.0,encoder_temporal/encoder_temporal_per_variant.json::tov
POC-2B,tov,higher,raw,full_ft_encoder,surgical_3stage_DI_tccaux_encoder,COMP,OURS,1825,0.001918,-0.003151,0.007011,0.001918,-0.003151,0.007011,False,0.4754,encoder_temporal/encoder_temporal_per_variant.json::tov
POC-2B,tov,higher,raw,full_ft_encoder,surgical_3stage_DI_wiseft_encoder,COMP,OURS,1825,-0.009041,-0.014521,-0.003562,-0.009041,-0.014521,-0.003562,True,0.0008,encoder_temporal/encoder_temporal_per_variant.json::tov
POC-2B,tov,higher,raw,full_ft_encoder,surgical_autorgn_encoder,COMP,COMP,1825,-0.011507,-0.016575,-0.006575,-0.011507,-0.016575,-0.006575,True,0.0,encoder_temporal/encoder_temporal_per_variant.json::tov
POC-2B,tov,higher,raw,full_ft_encoder,surgical_intervene_wiseft_f30_encoder,COMP,OURS,1825,-0.014932,-0.020137,-0.009726,-0.014932,-0.020137,-0.009726,True,0.0,encoder_temporal/encoder_temporal_per_variant.json::tov
POC-2B,tov,higher,raw,full_ft_encoder,surgical_intervene_wiseft_f50_encoder,COMP,OURS,1825,-0.018219,-0.023425,-0.013151,-0.018219,-0.023425,-0.013151,True,0.0,encoder_temporal/encoder_temporal_per_variant.json::tov
POC-2B,tov,higher,raw,full_ft_encoder,surgical_intervene_wiseft_f70_encoder,COMP,OURS,1825,-0.021096,-0.026301,-0.01589,-0.021096,-0.026301,-0.01589,True,0.0,encoder_temporal/encoder_temporal_per_variant.json::tov
POC-2B,tov,higher,raw,full_ft_encoder,surgical_noDI_encoder,COMP,OURS,1825,-0.010959,-0.015616,-0.006301,-0.010959,-0.015616,-0.006301,True,0.0,encoder_temporal/encoder_temporal_per_variant.json::tov
POC-2B,tov,higher,raw,lpft_encoder,peft_dora_encoder,COMP,COMP,1825,0.005342,0.000822,0.01,0.005342,0.000822,0.01,True,0.0238,encoder_temporal/encoder_temporal_per_variant.json::tov
POC-2B,tov,higher,raw,lpft_encoder,peft_lora_encoder,COMP,COMP,1825,0.016027,0.010568,0.021507,0.016027,0.010568,0.021507,True,0.0,encoder_temporal/encoder_temporal_per_variant.json::tov
POC-2B,tov,higher,raw,lpft_encoder,pretrain_encoder,COMP,COMP,1825,0.014384,0.009315,0.019452,0.014384,0.009315,0.019452,True,0.0,encoder_temporal/encoder_temporal_per_variant.json::tov
POC-2B,tov,higher,raw,lpft_encoder,surgery_raw_encoder,COMP,OURS,1825,0.005205,0.001096,0.009315,0.005205,0.001096,0.009315,True,0.016,encoder_temporal/encoder_temporal_per_variant.json::tov
POC-2B,tov,higher,raw,lpft_encoder,surgical_3stage_DI_diheavy_encoder,COMP,OURS,1825,-0.001918,-0.006232,0.002466,-0.001918,-0.006232,0.002466,False,0.4152,encoder_temporal/encoder_temporal_per_variant.json::tov
POC-2B,tov,higher,raw,lpft_encoder,surgical_3stage_DI_encoder,COMP,OURS,1825,-0.001096,-0.005479,0.003425,-0.001096,-0.005479,0.003425,False,0.6434,encoder_temporal/encoder_temporal_per_variant.json::tov
POC-2B,tov,higher,raw,lpft_encoder,surgical_3stage_DI_intervene_encoder,COMP,OURS,1825,-0.00137,-0.005205,0.002466,-0.00137,-0.005205,0.002466,False,0.5132,encoder_temporal/encoder_temporal_per_variant.json::tov
POC-2B,tov,higher,raw,lpft_encoder,surgical_3stage_DI_replay25_encoder,COMP,OURS,1825,0.000548,-0.003425,0.004521,0.000548,-0.003425,0.004521,False,0.8106,encoder_temporal/encoder_temporal_per_variant.json::tov
POC-2B,tov,higher,raw,lpft_encoder,surgical_3stage_DI_tccaux_encoder,COMP,OURS,1825,0.012329,0.007534,0.01726,0.012329,0.007534,0.01726,True,0.0,encoder_temporal/encoder_temporal_per_variant.json::tov
POC-2B,tov,higher,raw,lpft_encoder,surgical_3stage_DI_wiseft_encoder,COMP,OURS,1825,0.00137,-0.003055,0.005753,0.00137,-0.003055,0.005753,False,0.567,encoder_temporal/encoder_temporal_per_variant.json::tov
POC-2B,tov,higher,raw,lpft_encoder,surgical_autorgn_encoder,COMP,COMP,1825,-0.001096,-0.005205,0.003151,-0.001096,-0.005205,0.003151,False,0.6204,encoder_temporal/encoder_temporal_per_variant.json::tov
POC-2B,tov,higher,raw,lpft_encoder,surgical_intervene_wiseft_f30_encoder,COMP,OURS,1825,-0.004521,-0.008356,-0.000685,-0.004521,-0.008356,-0.000685,True,0.0256,encoder_temporal/encoder_temporal_per_variant.json::tov
POC-2B,tov,higher,raw,lpft_encoder,surgical_intervene_wiseft_f50_encoder,COMP,OURS,1825,-0.007808,-0.012055,-0.003562,-0.007808,-0.012055,-0.003562,True,0.0008,encoder_temporal/encoder_temporal_per_variant.json::tov
POC-2B,tov,higher,raw,lpft_encoder,surgical_intervene_wiseft_f70_encoder,COMP,OURS,1825,-0.010685,-0.015205,-0.006301,-0.010685,-0.015205,-0.006301,True,0.0,encoder_temporal/encoder_temporal_per_variant.json::tov
POC-2B,tov,higher,raw,lpft_encoder,surgical_noDI_encoder,COMP,OURS,1825,-0.000548,-0.004795,0.003836,-0.000548,-0.004795,0.003836,False,0.8208,encoder_temporal/encoder_temporal_per_variant.json::tov
POC-2B,tov,higher,raw,peft_dora_encoder,peft_lora_encoder,COMP,COMP,1825,0.010685,0.005753,0.015616,0.010685,0.005753,0.015616,True,0.0,encoder_temporal/encoder_temporal_per_variant.json::tov
POC-2B,tov,higher,raw,peft_dora_encoder,pretrain_encoder,COMP,COMP,1825,0.009041,0.004247,0.013699,0.009041,0.004247,0.013699,True,0.0002,encoder_temporal/encoder_temporal_per_variant.json::tov
POC-2B,tov,higher,raw,peft_dora_encoder,surgery_raw_encoder,COMP,OURS,1825,-0.000137,-0.004384,0.003973,-0.000137,-0.004384,0.003973,False,0.9866,encoder_temporal/encoder_temporal_per_variant.json::tov
POC-2B,tov,higher,raw,peft_dora_encoder,surgical_3stage_DI_diheavy_encoder,COMP,OURS,1825,-0.00726,-0.011918,-0.002603,-0.00726,-0.011918,-0.002603,True,0.0038,encoder_temporal/encoder_temporal_per_variant.json::tov
POC-2B,tov,higher,raw,peft_dora_encoder,surgical_3stage_DI_encoder,COMP,OURS,1825,-0.006438,-0.011233,-0.001507,-0.006438,-0.011233,-0.001507,True,0.0106,encoder_temporal/encoder_temporal_per_variant.json::tov
POC-2B,tov,higher,raw,peft_dora_encoder,surgical_3stage_DI_intervene_encoder,COMP,OURS,1825,-0.006712,-0.010822,-0.00274,-0.006712,-0.010822,-0.00274,True,0.0016,encoder_temporal/encoder_temporal_per_variant.json::tov
POC-2B,tov,higher,raw,peft_dora_encoder,surgical_3stage_DI_replay25_encoder,COMP,OURS,1825,-0.004795,-0.009178,-0.000274,-0.004795,-0.009178,-0.000274,True,0.0378,encoder_temporal/encoder_temporal_per_variant.json::tov
POC-2B,tov,higher,raw,peft_dora_encoder,surgical_3stage_DI_tccaux_encoder,COMP,OURS,1825,0.006986,0.002603,0.011233,0.006986,0.002603,0.011233,True,0.0008,encoder_temporal/encoder_temporal_per_variant.json::tov
POC-2B,tov,higher,raw,peft_dora_encoder,surgical_3stage_DI_wiseft_encoder,COMP,OURS,1825,-0.003973,-0.008493,0.000411,-0.003973,-0.008493,0.000411,False,0.079,encoder_temporal/encoder_temporal_per_variant.json::tov
POC-2B,tov,higher,raw,peft_dora_encoder,surgical_autorgn_encoder,COMP,COMP,1825,-0.006438,-0.010685,-0.002329,-0.006438,-0.010685,-0.002329,True,0.0024,encoder_temporal/encoder_temporal_per_variant.json::tov
POC-2B,tov,higher,raw,peft_dora_encoder,surgical_intervene_wiseft_f30_encoder,COMP,OURS,1825,-0.009863,-0.014658,-0.005205,-0.009863,-0.014658,-0.005205,True,0.0,encoder_temporal/encoder_temporal_per_variant.json::tov
POC-2B,tov,higher,raw,peft_dora_encoder,surgical_intervene_wiseft_f50_encoder,COMP,OURS,1825,-0.013151,-0.017945,-0.00863,-0.013151,-0.017945,-0.00863,True,0.0,encoder_temporal/encoder_temporal_per_variant.json::tov
POC-2B,tov,higher,raw,peft_dora_encoder,surgical_intervene_wiseft_f70_encoder,COMP,OURS,1825,-0.016027,-0.021096,-0.011096,-0.016027,-0.021096,-0.011096,True,0.0,encoder_temporal/encoder_temporal_per_variant.json::tov
POC-2B,tov,higher,raw,peft_dora_encoder,surgical_noDI_encoder,COMP,OURS,1825,-0.00589,-0.010274,-0.001233,-0.00589,-0.010274,-0.001233,True,0.013,encoder_temporal/encoder_temporal_per_variant.json::tov
POC-2B,tov,higher,raw,peft_lora_encoder,pretrain_encoder,COMP,COMP,1825,-0.001644,-0.007534,0.004384,-0.001644,-0.007534,0.004384,False,0.6094,encoder_temporal/encoder_temporal_per_variant.json::tov
POC-2B,tov,higher,raw,peft_lora_encoder,surgery_raw_encoder,COMP,OURS,1825,-0.010822,-0.016027,-0.006027,-0.010822,-0.016027,-0.006027,True,0.0,encoder_temporal/encoder_temporal_per_variant.json::tov
POC-2B,tov,higher,raw,peft_lora_encoder,surgical_3stage_DI_diheavy_encoder,COMP,OURS,1825,-0.017945,-0.022877,-0.013151,-0.017945,-0.022877,-0.013151,True,0.0,encoder_temporal/encoder_temporal_per_variant.json::tov
POC-2B,tov,higher,raw,peft_lora_encoder,surgical_3stage_DI_encoder,COMP,OURS,1825,-0.017123,-0.022055,-0.012466,-0.017123,-0.022055,-0.012466,True,0.0,encoder_temporal/encoder_temporal_per_variant.json::tov
POC-2B,tov,higher,raw,peft_lora_encoder,surgical_3stage_DI_intervene_encoder,COMP,OURS,1825,-0.017397,-0.023014,-0.011837,-0.017397,-0.023014,-0.011837,True,0.0,encoder_temporal/encoder_temporal_per_variant.json::tov
POC-2B,tov,higher,raw,peft_lora_encoder,surgical_3stage_DI_replay25_encoder,COMP,OURS,1825,-0.015479,-0.020822,-0.010411,-0.015479,-0.020822,-0.010411,True,0.0,encoder_temporal/encoder_temporal_per_variant.json::tov
POC-2B,tov,higher,raw,peft_lora_encoder,surgical_3stage_DI_tccaux_encoder,COMP,OURS,1825,-0.003699,-0.008904,0.001507,-0.003699,-0.008904,0.001507,False,0.1706,encoder_temporal/encoder_temporal_per_variant.json::tov
POC-2B,tov,higher,raw,peft_lora_encoder,surgical_3stage_DI_wiseft_encoder,COMP,OURS,1825,-0.014658,-0.020548,-0.008904,-0.014658,-0.020548,-0.008904,True,0.0,encoder_temporal/encoder_temporal_per_variant.json::tov
POC-2B,tov,higher,raw,peft_lora_encoder,surgical_autorgn_encoder,COMP,COMP,1825,-0.017123,-0.021918,-0.012466,-0.017123,-0.021918,-0.012466,True,0.0,encoder_temporal/encoder_temporal_per_variant.json::tov
POC-2B,tov,higher,raw,peft_lora_encoder,surgical_intervene_wiseft_f30_encoder,COMP,OURS,1825,-0.020548,-0.026027,-0.015205,-0.020548,-0.026027,-0.015205,True,0.0,encoder_temporal/encoder_temporal_per_variant.json::tov
POC-2B,tov,higher,raw,peft_lora_encoder,surgical_intervene_wiseft_f50_encoder,COMP,OURS,1825,-0.023836,-0.029452,-0.018493,-0.023836,-0.029452,-0.018493,True,0.0,encoder_temporal/encoder_temporal_per_variant.json::tov
POC-2B,tov,higher,raw,peft_lora_encoder,surgical_intervene_wiseft_f70_encoder,COMP,OURS,1825,-0.026712,-0.032329,-0.021233,-0.026712,-0.032329,-0.021233,True,0.0,encoder_temporal/encoder_temporal_per_variant.json::tov
POC-2B,tov,higher,raw,peft_lora_encoder,surgical_noDI_encoder,COMP,OURS,1825,-0.016575,-0.02137,-0.011644,-0.016575,-0.02137,-0.011644,True,0.0,encoder_temporal/encoder_temporal_per_variant.json::tov
POC-2B,tov,higher,raw,pretrain_encoder,surgery_raw_encoder,COMP,OURS,1825,-0.009178,-0.014247,-0.004384,-0.009178,-0.014247,-0.004384,True,0.0008,encoder_temporal/encoder_temporal_per_variant.json::tov
POC-2B,tov,higher,raw,pretrain_encoder,surgical_3stage_DI_diheavy_encoder,COMP,OURS,1825,-0.016301,-0.021781,-0.010685,-0.016301,-0.021781,-0.010685,True,0.0,encoder_temporal/encoder_temporal_per_variant.json::tov
POC-2B,tov,higher,raw,pretrain_encoder,surgical_3stage_DI_encoder,COMP,OURS,1825,-0.015479,-0.020959,-0.010137,-0.015479,-0.020959,-0.010137,True,0.0,encoder_temporal/encoder_temporal_per_variant.json::tov
POC-2B,tov,higher,raw,pretrain_encoder,surgical_3stage_DI_intervene_encoder,COMP,OURS,1825,-0.015753,-0.020548,-0.011096,-0.015753,-0.020548,-0.011096,True,0.0,encoder_temporal/encoder_temporal_per_variant.json::tov
POC-2B,tov,higher,raw,pretrain_encoder,surgical_3stage_DI_replay25_encoder,COMP,OURS,1825,-0.013836,-0.019041,-0.008767,-0.013836,-0.019041,-0.008767,True,0.0,encoder_temporal/encoder_temporal_per_variant.json::tov
POC-2B,tov,higher,raw,pretrain_encoder,surgical_3stage_DI_tccaux_encoder,COMP,OURS,1825,-0.002055,-0.007123,0.003014,-0.002055,-0.007123,0.003014,False,0.4524,encoder_temporal/encoder_temporal_per_variant.json::tov
POC-2B,tov,higher,raw,pretrain_encoder,surgical_3stage_DI_wiseft_encoder,COMP,OURS,1825,-0.013014,-0.017534,-0.008356,-0.013014,-0.017534,-0.008356,True,0.0,encoder_temporal/encoder_temporal_per_variant.json::tov
POC-2B,tov,higher,raw,pretrain_encoder,surgical_autorgn_encoder,COMP,COMP,1825,-0.015479,-0.020685,-0.010274,-0.015479,-0.020685,-0.010274,True,0.0,encoder_temporal/encoder_temporal_per_variant.json::tov
POC-2B,tov,higher,raw,pretrain_encoder,surgical_intervene_wiseft_f30_encoder,COMP,OURS,1825,-0.018904,-0.024247,-0.013562,-0.018904,-0.024247,-0.013562,True,0.0,encoder_temporal/encoder_temporal_per_variant.json::tov
POC-2B,tov,higher,raw,pretrain_encoder,surgical_intervene_wiseft_f50_encoder,COMP,OURS,1825,-0.022192,-0.02705,-0.017397,-0.022192,-0.02705,-0.017397,True,0.0,encoder_temporal/encoder_temporal_per_variant.json::tov
POC-2B,tov,higher,raw,pretrain_encoder,surgical_intervene_wiseft_f70_encoder,COMP,OURS,1825,-0.025068,-0.030411,-0.019452,-0.025068,-0.030411,-0.019452,True,0.0,encoder_temporal/encoder_temporal_per_variant.json::tov
POC-2B,tov,higher,raw,pretrain_encoder,surgical_noDI_encoder,COMP,OURS,1825,-0.014932,-0.020137,-0.009726,-0.014932,-0.020137,-0.009726,True,0.0,encoder_temporal/encoder_temporal_per_variant.json::tov
POC-2B,tov,higher,raw,surgery_raw_encoder,surgical_3stage_DI_diheavy_encoder,OURS,OURS,1825,-0.007123,-0.011507,-0.00274,-0.007123,-0.011507,-0.00274,True,0.0012,encoder_temporal/encoder_temporal_per_variant.json::tov
POC-2B,tov,higher,raw,surgery_raw_encoder,surgical_3stage_DI_encoder,OURS,OURS,1825,-0.006301,-0.010822,-0.001781,-0.006301,-0.010822,-0.001781,True,0.0046,encoder_temporal/encoder_temporal_per_variant.json::tov
POC-2B,tov,higher,raw,surgery_raw_encoder,surgical_3stage_DI_intervene_encoder,OURS,OURS,1825,-0.006575,-0.010765,-0.002603,-0.006575,-0.010765,-0.002603,True,0.0022,encoder_temporal/encoder_temporal_per_variant.json::tov
POC-2B,tov,higher,raw,surgery_raw_encoder,surgical_3stage_DI_replay25_encoder,OURS,OURS,1825,-0.004658,-0.008767,-0.000548,-0.004658,-0.008767,-0.000548,True,0.029,encoder_temporal/encoder_temporal_per_variant.json::tov
POC-2B,tov,higher,raw,surgery_raw_encoder,surgical_3stage_DI_tccaux_encoder,OURS,OURS,1825,0.007123,0.002192,0.012055,0.007123,0.002192,0.012055,True,0.0038,encoder_temporal/encoder_temporal_per_variant.json::tov
POC-2B,tov,higher,raw,surgery_raw_encoder,surgical_3stage_DI_wiseft_encoder,OURS,OURS,1825,-0.003836,-0.008493,0.000959,-0.003836,-0.008493,0.000959,False,0.1102,encoder_temporal/encoder_temporal_per_variant.json::tov
POC-2B,tov,higher,raw,surgery_raw_encoder,surgical_autorgn_encoder,OURS,COMP,1825,-0.006301,-0.010274,-0.002466,-0.006301,-0.010274,-0.002466,True,0.0014,encoder_temporal/encoder_temporal_per_variant.json::tov
POC-2B,tov,higher,raw,surgery_raw_encoder,surgical_intervene_wiseft_f30_encoder,OURS,OURS,1825,-0.009726,-0.01411,-0.005342,-0.009726,-0.01411,-0.005342,True,0.0,encoder_temporal/encoder_temporal_per_variant.json::tov
POC-2B,tov,higher,raw,surgery_raw_encoder,surgical_intervene_wiseft_f50_encoder,OURS,OURS,1825,-0.013014,-0.017671,-0.008493,-0.013014,-0.017671,-0.008493,True,0.0,encoder_temporal/encoder_temporal_per_variant.json::tov
POC-2B,tov,higher,raw,surgery_raw_encoder,surgical_intervene_wiseft_f70_encoder,OURS,OURS,1825,-0.01589,-0.020685,-0.011233,-0.01589,-0.020685,-0.011233,True,0.0,encoder_temporal/encoder_temporal_per_variant.json::tov
POC-2B,tov,higher,raw,surgery_raw_encoder,surgical_noDI_encoder,OURS,OURS,1825,-0.005753,-0.009863,-0.001781,-0.005753,-0.009863,-0.001781,True,0.0056,encoder_temporal/encoder_temporal_per_variant.json::tov
POC-2B,tov,higher,raw,surgical_3stage_DI_diheavy_encoder,surgical_3stage_DI_encoder,OURS,OURS,1825,0.000822,-0.002329,0.00411,0.000822,-0.002329,0.00411,False,0.6688,encoder_temporal/encoder_temporal_per_variant.json::tov
POC-2B,tov,higher,raw,surgical_3stage_DI_diheavy_encoder,surgical_3stage_DI_intervene_encoder,OURS,OURS,1825,0.000548,-0.003973,0.005068,0.000548,-0.003973,0.005068,False,0.8276,encoder_temporal/encoder_temporal_per_variant.json::tov
POC-2B,tov,higher,raw,surgical_3stage_DI_diheavy_encoder,surgical_3stage_DI_replay25_encoder,OURS,OURS,1825,0.002466,-0.001644,0.006712,0.002466,-0.001644,0.006712,False,0.2686,encoder_temporal/encoder_temporal_per_variant.json::tov
POC-2B,tov,higher,raw,surgical_3stage_DI_diheavy_encoder,surgical_3stage_DI_tccaux_encoder,OURS,OURS,1825,0.014247,0.009178,0.019452,0.014247,0.009178,0.019452,True,0.0,encoder_temporal/encoder_temporal_per_variant.json::tov
POC-2B,tov,higher,raw,surgical_3stage_DI_diheavy_encoder,surgical_3stage_DI_wiseft_encoder,OURS,OURS,1825,0.003288,-0.001781,0.008356,0.003288,-0.001781,0.008356,False,0.2162,encoder_temporal/encoder_temporal_per_variant.json::tov
POC-2B,tov,higher,raw,surgical_3stage_DI_diheavy_encoder,surgical_autorgn_encoder,OURS,COMP,1825,0.000822,-0.003562,0.005069,0.000822,-0.003562,0.005069,False,0.7432,encoder_temporal/encoder_temporal_per_variant.json::tov
POC-2B,tov,higher,raw,surgical_3stage_DI_diheavy_encoder,surgical_intervene_wiseft_f30_encoder,OURS,OURS,1825,-0.002603,-0.006712,0.001644,-0.002603,-0.006712,0.001644,False,0.2274,encoder_temporal/encoder_temporal_per_variant.json::tov
POC-2B,tov,higher,raw,surgical_3stage_DI_diheavy_encoder,surgical_intervene_wiseft_f50_encoder,OURS,OURS,1825,-0.00589,-0.010274,-0.001507,-0.00589,-0.010274,-0.001507,True,0.0092,encoder_temporal/encoder_temporal_per_variant.json::tov
POC-2B,tov,higher,raw,surgical_3stage_DI_diheavy_encoder,surgical_intervene_wiseft_f70_encoder,OURS,OURS,1825,-0.008767,-0.013288,-0.004384,-0.008767,-0.013288,-0.004384,True,0.0,encoder_temporal/encoder_temporal_per_variant.json::tov
POC-2B,tov,higher,raw,surgical_3stage_DI_diheavy_encoder,surgical_noDI_encoder,OURS,OURS,1825,0.00137,-0.002055,0.004932,0.00137,-0.002055,0.004932,False,0.4668,encoder_temporal/encoder_temporal_per_variant.json::tov
POC-2B,tov,higher,raw,surgical_3stage_DI_encoder,surgical_3stage_DI_intervene_encoder,OURS,OURS,1825,-0.000274,-0.004658,0.00411,-0.000274,-0.004658,0.00411,False,0.9416,encoder_temporal/encoder_temporal_per_variant.json::tov
POC-2B,tov,higher,raw,surgical_3stage_DI_encoder,surgical_3stage_DI_replay25_encoder,OURS,OURS,1825,0.001644,-0.002466,0.00589,0.001644,-0.002466,0.00589,False,0.4574,encoder_temporal/encoder_temporal_per_variant.json::tov
POC-2B,tov,higher,raw,surgical_3stage_DI_encoder,surgical_3stage_DI_tccaux_encoder,OURS,OURS,1825,0.013425,0.008219,0.018493,0.013425,0.008219,0.018493,True,0.0,encoder_temporal/encoder_temporal_per_variant.json::tov
POC-2B,tov,higher,raw,surgical_3stage_DI_encoder,surgical_3stage_DI_wiseft_encoder,OURS,OURS,1825,0.002466,-0.002431,0.007397,0.002466,-0.002431,0.007397,False,0.333,encoder_temporal/encoder_temporal_per_variant.json::tov
POC-2B,tov,higher,raw,surgical_3stage_DI_encoder,surgical_autorgn_encoder,OURS,COMP,1825,0.0,-0.004658,0.004384,0.0,-0.004658,0.004384,False,1.0,encoder_temporal/encoder_temporal_per_variant.json::tov
POC-2B,tov,higher,raw,surgical_3stage_DI_encoder,surgical_intervene_wiseft_f30_encoder,OURS,OURS,1825,-0.003425,-0.007397,0.000822,-0.003425,-0.007397,0.000822,False,0.1144,encoder_temporal/encoder_temporal_per_variant.json::tov
POC-2B,tov,higher,raw,surgical_3stage_DI_encoder,surgical_intervene_wiseft_f50_encoder,OURS,OURS,1825,-0.006712,-0.011233,-0.002192,-0.006712,-0.011233,-0.002192,True,0.0028,encoder_temporal/encoder_temporal_per_variant.json::tov
POC-2B,tov,higher,raw,surgical_3stage_DI_encoder,surgical_intervene_wiseft_f70_encoder,OURS,OURS,1825,-0.009589,-0.013836,-0.005205,-0.009589,-0.013836,-0.005205,True,0.0,encoder_temporal/encoder_temporal_per_variant.json::tov
POC-2B,tov,higher,raw,surgical_3stage_DI_encoder,surgical_noDI_encoder,OURS,OURS,1825,0.000548,-0.003288,0.004247,0.000548,-0.003288,0.004247,False,0.7962,encoder_temporal/encoder_temporal_per_variant.json::tov
POC-2B,tov,higher,raw,surgical_3stage_DI_intervene_encoder,surgical_3stage_DI_replay25_encoder,OURS,OURS,1825,0.001918,-0.001918,0.005753,0.001918,-0.001918,0.005753,False,0.3438,encoder_temporal/encoder_temporal_per_variant.json::tov
POC-2B,tov,higher,raw,surgical_3stage_DI_intervene_encoder,surgical_3stage_DI_tccaux_encoder,OURS,OURS,1825,0.013699,0.009178,0.018219,0.013699,0.009178,0.018219,True,0.0,encoder_temporal/encoder_temporal_per_variant.json::tov
POC-2B,tov,higher,raw,surgical_3stage_DI_intervene_encoder,surgical_3stage_DI_wiseft_encoder,OURS,OURS,1825,0.00274,-0.001096,0.006575,0.00274,-0.001096,0.006575,False,0.1734,encoder_temporal/encoder_temporal_per_variant.json::tov
POC-2B,tov,higher,raw,surgical_3stage_DI_intervene_encoder,surgical_autorgn_encoder,OURS,COMP,1825,0.000274,-0.003973,0.004521,0.000274,-0.003973,0.004521,False,0.9296,encoder_temporal/encoder_temporal_per_variant.json::tov
POC-2B,tov,higher,raw,surgical_3stage_DI_intervene_encoder,surgical_intervene_wiseft_f30_encoder,OURS,OURS,1825,-0.003151,-0.00726,0.000822,-0.003151,-0.00726,0.000822,False,0.133,encoder_temporal/encoder_temporal_per_variant.json::tov
POC-2B,tov,higher,raw,surgical_3stage_DI_intervene_encoder,surgical_intervene_wiseft_f50_encoder,OURS,OURS,1825,-0.006438,-0.010548,-0.002192,-0.006438,-0.010548,-0.002192,True,0.0018,encoder_temporal/encoder_temporal_per_variant.json::tov
POC-2B,tov,higher,raw,surgical_3stage_DI_intervene_encoder,surgical_intervene_wiseft_f70_encoder,OURS,OURS,1825,-0.009315,-0.013836,-0.004795,-0.009315,-0.013836,-0.004795,True,0.0,encoder_temporal/encoder_temporal_per_variant.json::tov
POC-2B,tov,higher,raw,surgical_3stage_DI_intervene_encoder,surgical_noDI_encoder,OURS,OURS,1825,0.000822,-0.003014,0.004658,0.000822,-0.003014,0.004658,False,0.7134,encoder_temporal/encoder_temporal_per_variant.json::tov
POC-2B,tov,higher,raw,surgical_3stage_DI_replay25_encoder,surgical_3stage_DI_tccaux_encoder,OURS,OURS,1825,0.011781,0.006849,0.016575,0.011781,0.006849,0.016575,True,0.0,encoder_temporal/encoder_temporal_per_variant.json::tov
POC-2B,tov,higher,raw,surgical_3stage_DI_replay25_encoder,surgical_3stage_DI_wiseft_encoder,OURS,OURS,1825,0.000822,-0.003562,0.005342,0.000822,-0.003562,0.005342,False,0.7514,encoder_temporal/encoder_temporal_per_variant.json::tov
POC-2B,tov,higher,raw,surgical_3stage_DI_replay25_encoder,surgical_autorgn_encoder,OURS,COMP,1825,-0.001644,-0.006027,0.002603,-0.001644,-0.006027,0.002603,False,0.4734,encoder_temporal/encoder_temporal_per_variant.json::tov
POC-2B,tov,higher,raw,surgical_3stage_DI_replay25_encoder,surgical_intervene_wiseft_f30_encoder,OURS,OURS,1825,-0.005068,-0.008767,-0.001507,-0.005068,-0.008767,-0.001507,True,0.0046,encoder_temporal/encoder_temporal_per_variant.json::tov
POC-2B,tov,higher,raw,surgical_3stage_DI_replay25_encoder,surgical_intervene_wiseft_f50_encoder,OURS,OURS,1825,-0.008356,-0.01274,-0.004247,-0.008356,-0.01274,-0.004247,True,0.0,encoder_temporal/encoder_temporal_per_variant.json::tov
POC-2B,tov,higher,raw,surgical_3stage_DI_replay25_encoder,surgical_intervene_wiseft_f70_encoder,OURS,OURS,1825,-0.011233,-0.015753,-0.006849,-0.011233,-0.015753,-0.006849,True,0.0,encoder_temporal/encoder_temporal_per_variant.json::tov
POC-2B,tov,higher,raw,surgical_3stage_DI_replay25_encoder,surgical_noDI_encoder,OURS,OURS,1825,-0.001096,-0.005205,0.003014,-0.001096,-0.005205,0.003014,False,0.615,encoder_temporal/encoder_temporal_per_variant.json::tov
POC-2B,tov,higher,raw,surgical_3stage_DI_tccaux_encoder,surgical_3stage_DI_wiseft_encoder,OURS,OURS,1825,-0.010959,-0.015479,-0.006575,-0.010959,-0.015479,-0.006575,True,0.0,encoder_temporal/encoder_temporal_per_variant.json::tov
POC-2B,tov,higher,raw,surgical_3stage_DI_tccaux_encoder,surgical_autorgn_encoder,OURS,COMP,1825,-0.013425,-0.018356,-0.008356,-0.013425,-0.018356,-0.008356,True,0.0,encoder_temporal/encoder_temporal_per_variant.json::tov
POC-2B,tov,higher,raw,surgical_3stage_DI_tccaux_encoder,surgical_intervene_wiseft_f30_encoder,OURS,OURS,1825,-0.016849,-0.021918,-0.011781,-0.016849,-0.021918,-0.011781,True,0.0,encoder_temporal/encoder_temporal_per_variant.json::tov
POC-2B,tov,higher,raw,surgical_3stage_DI_tccaux_encoder,surgical_intervene_wiseft_f50_encoder,OURS,OURS,1825,-0.020137,-0.024795,-0.015479,-0.020137,-0.024795,-0.015479,True,0.0,encoder_temporal/encoder_temporal_per_variant.json::tov
POC-2B,tov,higher,raw,surgical_3stage_DI_tccaux_encoder,surgical_intervene_wiseft_f70_encoder,OURS,OURS,1825,-0.023014,-0.02863,-0.01767,-0.023014,-0.02863,-0.01767,True,0.0,encoder_temporal/encoder_temporal_per_variant.json::tov
POC-2B,tov,higher,raw,surgical_3stage_DI_tccaux_encoder,surgical_noDI_encoder,OURS,OURS,1825,-0.012877,-0.017945,-0.007671,-0.012877,-0.017945,-0.007671,True,0.0,encoder_temporal/encoder_temporal_per_variant.json::tov
POC-2B,tov,higher,raw,surgical_3stage_DI_wiseft_encoder,surgical_autorgn_encoder,OURS,COMP,1825,-0.002466,-0.00726,0.002466,-0.002466,-0.00726,0.002466,False,0.3198,encoder_temporal/encoder_temporal_per_variant.json::tov
POC-2B,tov,higher,raw,surgical_3stage_DI_wiseft_encoder,surgical_intervene_wiseft_f30_encoder,OURS,OURS,1825,-0.00589,-0.01,-0.001644,-0.00589,-0.01,-0.001644,True,0.0072,encoder_temporal/encoder_temporal_per_variant.json::tov
POC-2B,tov,higher,raw,surgical_3stage_DI_wiseft_encoder,surgical_intervene_wiseft_f50_encoder,OURS,OURS,1825,-0.009178,-0.013014,-0.005479,-0.009178,-0.013014,-0.005479,True,0.0,encoder_temporal/encoder_temporal_per_variant.json::tov
POC-2B,tov,higher,raw,surgical_3stage_DI_wiseft_encoder,surgical_intervene_wiseft_f70_encoder,OURS,OURS,1825,-0.012055,-0.016712,-0.007671,-0.012055,-0.016712,-0.007671,True,0.0,encoder_temporal/encoder_temporal_per_variant.json::tov
POC-2B,tov,higher,raw,surgical_3stage_DI_wiseft_encoder,surgical_noDI_encoder,OURS,OURS,1825,-0.001918,-0.006575,0.003014,-0.001918,-0.006575,0.003014,False,0.4536,encoder_temporal/encoder_temporal_per_variant.json::tov
POC-2B,tov,higher,raw,surgical_autorgn_encoder,surgical_intervene_wiseft_f30_encoder,COMP,OURS,1825,-0.003425,-0.007808,0.001096,-0.003425,-0.007808,0.001096,False,0.1412,encoder_temporal/encoder_temporal_per_variant.json::tov
POC-2B,tov,higher,raw,surgical_autorgn_encoder,surgical_intervene_wiseft_f50_encoder,COMP,OURS,1825,-0.006712,-0.01137,-0.002055,-0.006712,-0.01137,-0.002055,True,0.0044,encoder_temporal/encoder_temporal_per_variant.json::tov
POC-2B,tov,higher,raw,surgical_autorgn_encoder,surgical_intervene_wiseft_f70_encoder,COMP,OURS,1825,-0.009589,-0.014247,-0.004795,-0.009589,-0.014247,-0.004795,True,0.0004,encoder_temporal/encoder_temporal_per_variant.json::tov
POC-2B,tov,higher,raw,surgical_autorgn_encoder,surgical_noDI_encoder,COMP,OURS,1825,0.000548,-0.003425,0.004521,0.000548,-0.003425,0.004521,False,0.8198,encoder_temporal/encoder_temporal_per_variant.json::tov
POC-2B,tov,higher,raw,surgical_intervene_wiseft_f30_encoder,surgical_intervene_wiseft_f50_encoder,OURS,OURS,1825,-0.003288,-0.006849,0.000274,-0.003288,-0.006849,0.000274,False,0.075,encoder_temporal/encoder_temporal_per_variant.json::tov
POC-2B,tov,higher,raw,surgical_intervene_wiseft_f30_encoder,surgical_intervene_wiseft_f70_encoder,OURS,OURS,1825,-0.006164,-0.009726,-0.002329,-0.006164,-0.009726,-0.002329,True,0.001,encoder_temporal/encoder_temporal_per_variant.json::tov
POC-2B,tov,higher,raw,surgical_intervene_wiseft_f30_encoder,surgical_noDI_encoder,OURS,OURS,1825,0.003973,-0.000137,0.008219,0.003973,-0.000137,0.008219,False,0.0616,encoder_temporal/encoder_temporal_per_variant.json::tov
POC-2B,tov,higher,raw,surgical_intervene_wiseft_f50_encoder,surgical_intervene_wiseft_f70_encoder,OURS,OURS,1825,-0.002877,-0.006575,0.000685,-0.002877,-0.006575,0.000685,False,0.1342,encoder_temporal/encoder_temporal_per_variant.json::tov
POC-2B,tov,higher,raw,surgical_intervene_wiseft_f50_encoder,surgical_noDI_encoder,OURS,OURS,1825,0.00726,0.002877,0.011918,0.00726,0.002877,0.011918,True,0.0018,encoder_temporal/encoder_temporal_per_variant.json::tov
POC-2B,tov,higher,raw,surgical_intervene_wiseft_f70_encoder,surgical_noDI_encoder,OURS,OURS,1825,0.010137,0.005616,0.014658,0.010137,0.005616,0.014658,True,0.0,encoder_temporal/encoder_temporal_per_variant.json::tov
POC-2B,pace,higher,raw,frozen,full_ft_encoder,REF,COMP,1825,0.023744,0.013881,0.03379,0.023744,0.013881,0.03379,True,0.0,encoder_temporal/encoder_temporal_per_variant.json::pace
POC-2B,pace,higher,raw,frozen,lpft_encoder,REF,COMP,1825,0.033242,0.023379,0.043105,0.033242,0.023379,0.043105,True,0.0,encoder_temporal/encoder_temporal_per_variant.json::pace
POC-2B,pace,higher,raw,frozen,peft_dora_encoder,REF,COMP,1825,0.023562,0.012968,0.034155,0.023562,0.012968,0.034155,True,0.0,encoder_temporal/encoder_temporal_per_variant.json::pace
POC-2B,pace,higher,raw,frozen,peft_lora_encoder,REF,COMP,1825,0.016804,0.007306,0.026484,0.016804,0.007306,0.026484,True,0.0006,encoder_temporal/encoder_temporal_per_variant.json::pace
POC-2B,pace,higher,raw,frozen,pretrain_encoder,REF,COMP,1825,0.00968,0.000183,0.019178,0.00968,0.000183,0.019178,True,0.0454,encoder_temporal/encoder_temporal_per_variant.json::pace
POC-2B,pace,higher,raw,frozen,surgery_raw_encoder,REF,OURS,1825,0.010594,0.001461,0.019543,0.010594,0.001461,0.019543,True,0.0218,encoder_temporal/encoder_temporal_per_variant.json::pace
POC-2B,pace,higher,raw,frozen,surgical_3stage_DI_diheavy_encoder,REF,OURS,1825,0.021735,0.012055,0.031416,0.021735,0.012055,0.031416,True,0.0,encoder_temporal/encoder_temporal_per_variant.json::pace
POC-2B,pace,higher,raw,frozen,surgical_3stage_DI_encoder,REF,OURS,1825,0.010228,0.000731,0.019909,0.010228,0.000731,0.019909,True,0.0342,encoder_temporal/encoder_temporal_per_variant.json::pace
POC-2B,pace,higher,raw,frozen,surgical_3stage_DI_intervene_encoder,REF,OURS,1825,0.011689,0.00274,0.021005,0.011689,0.00274,0.021005,True,0.0144,encoder_temporal/encoder_temporal_per_variant.json::pace
POC-2B,pace,higher,raw,frozen,surgical_3stage_DI_replay25_encoder,REF,OURS,1825,0.017169,0.007854,0.026484,0.017169,0.007854,0.026484,True,0.0004,encoder_temporal/encoder_temporal_per_variant.json::pace
POC-2B,pace,higher,raw,frozen,surgical_3stage_DI_tccaux_encoder,REF,OURS,1825,0.023927,0.014429,0.033425,0.023927,0.014429,0.033425,True,0.0,encoder_temporal/encoder_temporal_per_variant.json::pace
POC-2B,pace,higher,raw,frozen,surgical_3stage_DI_wiseft_encoder,REF,OURS,1825,0.03726,0.027032,0.047671,0.03726,0.027032,0.047671,True,0.0,encoder_temporal/encoder_temporal_per_variant.json::pace
POC-2B,pace,higher,raw,frozen,surgical_autorgn_encoder,REF,COMP,1825,0.018813,0.00895,0.028493,0.018813,0.00895,0.028493,True,0.0002,encoder_temporal/encoder_temporal_per_variant.json::pace
POC-2B,pace,higher,raw,frozen,surgical_intervene_wiseft_f30_encoder,REF,OURS,1825,0.004932,-0.00347,0.013151,0.004932,-0.00347,0.013151,False,0.2464,encoder_temporal/encoder_temporal_per_variant.json::pace
POC-2B,pace,higher,raw,frozen,surgical_intervene_wiseft_f50_encoder,REF,OURS,1825,0.01589,0.008219,0.02411,0.01589,0.008219,0.02411,True,0.0,encoder_temporal/encoder_temporal_per_variant.json::pace
POC-2B,pace,higher,raw,frozen,surgical_intervene_wiseft_f70_encoder,REF,OURS,1825,0.013333,0.004932,0.021918,0.013333,0.004932,0.021918,True,0.0034,encoder_temporal/encoder_temporal_per_variant.json::pace
POC-2B,pace,higher,raw,frozen,surgical_noDI_encoder,REF,OURS,1825,0.029041,0.019178,0.038904,0.029041,0.019178,0.038904,True,0.0,encoder_temporal/encoder_temporal_per_variant.json::pace
POC-2B,pace,higher,raw,full_ft_encoder,lpft_encoder,COMP,COMP,1825,0.009498,-0.0,0.019178,0.009498,-0.0,0.019178,False,0.0486,encoder_temporal/encoder_temporal_per_variant.json::pace
POC-2B,pace,higher,raw,full_ft_encoder,peft_dora_encoder,COMP,COMP,1825,-0.000183,-0.009315,0.00895,-0.000183,-0.009315,0.00895,False,0.985,encoder_temporal/encoder_temporal_per_variant.json::pace
POC-2B,pace,higher,raw,full_ft_encoder,peft_lora_encoder,COMP,COMP,1825,-0.006941,-0.016493,0.00274,-0.006941,-0.016493,0.00274,False,0.165,encoder_temporal/encoder_temporal_per_variant.json::pace
POC-2B,pace,higher,raw,full_ft_encoder,pretrain_encoder,COMP,COMP,1825,-0.014064,-0.023562,-0.004932,-0.014064,-0.023562,-0.004932,True,0.003,encoder_temporal/encoder_temporal_per_variant.json::pace
POC-2B,pace,higher,raw,full_ft_encoder,surgery_raw_encoder,COMP,OURS,1825,-0.013151,-0.022283,-0.003981,-0.013151,-0.022283,-0.003981,True,0.006,encoder_temporal/encoder_temporal_per_variant.json::pace
POC-2B,pace,higher,raw,full_ft_encoder,surgical_3stage_DI_diheavy_encoder,COMP,OURS,1825,-0.002009,-0.011142,0.007123,-0.002009,-0.011142,0.007123,False,0.6908,encoder_temporal/encoder_temporal_per_variant.json::pace
POC-2B,pace,higher,raw,full_ft_encoder,surgical_3stage_DI_encoder,COMP,OURS,1825,-0.013516,-0.0221,-0.004749,-0.013516,-0.0221,-0.004749,True,0.0026,encoder_temporal/encoder_temporal_per_variant.json::pace
POC-2B,pace,higher,raw,full_ft_encoder,surgical_3stage_DI_intervene_encoder,COMP,OURS,1825,-0.012055,-0.020457,-0.003653,-0.012055,-0.020457,-0.003653,True,0.0062,encoder_temporal/encoder_temporal_per_variant.json::pace
POC-2B,pace,higher,raw,full_ft_encoder,surgical_3stage_DI_replay25_encoder,COMP,OURS,1825,-0.006575,-0.015342,0.002192,-0.006575,-0.015342,0.002192,False,0.1544,encoder_temporal/encoder_temporal_per_variant.json::pace
POC-2B,pace,higher,raw,full_ft_encoder,surgical_3stage_DI_tccaux_encoder,COMP,OURS,1825,0.000183,-0.009315,0.009315,0.000183,-0.009315,0.009315,False,0.9312,encoder_temporal/encoder_temporal_per_variant.json::pace
POC-2B,pace,higher,raw,full_ft_encoder,surgical_3stage_DI_wiseft_encoder,COMP,OURS,1825,0.013516,0.004201,0.023379,0.013516,0.004201,0.023379,True,0.0052,encoder_temporal/encoder_temporal_per_variant.json::pace
POC-2B,pace,higher,raw,full_ft_encoder,surgical_autorgn_encoder,COMP,COMP,1825,-0.004932,-0.013699,0.003836,-0.004932,-0.013699,0.003836,False,0.286,encoder_temporal/encoder_temporal_per_variant.json::pace
POC-2B,pace,higher,raw,full_ft_encoder,surgical_intervene_wiseft_f30_encoder,COMP,OURS,1825,-0.018813,-0.02758,-0.010228,-0.018813,-0.02758,-0.010228,True,0.0,encoder_temporal/encoder_temporal_per_variant.json::pace
POC-2B,pace,higher,raw,full_ft_encoder,surgical_intervene_wiseft_f50_encoder,COMP,OURS,1825,-0.007854,-0.017534,0.001461,-0.007854,-0.017534,0.001461,False,0.1106,encoder_temporal/encoder_temporal_per_variant.json::pace
POC-2B,pace,higher,raw,full_ft_encoder,surgical_intervene_wiseft_f70_encoder,COMP,OURS,1825,-0.010411,-0.020639,0.0,-0.010411,-0.020639,0.0,False,0.051,encoder_temporal/encoder_temporal_per_variant.json::pace
POC-2B,pace,higher,raw,full_ft_encoder,surgical_noDI_encoder,COMP,OURS,1825,0.005297,-0.004201,0.014429,0.005297,-0.004201,0.014429,False,0.2516,encoder_temporal/encoder_temporal_per_variant.json::pace
POC-2B,pace,higher,raw,lpft_encoder,peft_dora_encoder,COMP,COMP,1825,-0.00968,-0.01863,-0.000731,-0.00968,-0.01863,-0.000731,True,0.0356,encoder_temporal/encoder_temporal_per_variant.json::pace
POC-2B,pace,higher,raw,lpft_encoder,peft_lora_encoder,COMP,COMP,1825,-0.016438,-0.026301,-0.006575,-0.016438,-0.026301,-0.006575,True,0.002,encoder_temporal/encoder_temporal_per_variant.json::pace
POC-2B,pace,higher,raw,lpft_encoder,pretrain_encoder,COMP,COMP,1825,-0.023562,-0.031781,-0.01516,-0.023562,-0.031781,-0.01516,True,0.0,encoder_temporal/encoder_temporal_per_variant.json::pace
POC-2B,pace,higher,raw,lpft_encoder,surgery_raw_encoder,COMP,OURS,1825,-0.022648,-0.030685,-0.014612,-0.022648,-0.030685,-0.014612,True,0.0,encoder_temporal/encoder_temporal_per_variant.json::pace
POC-2B,pace,higher,raw,lpft_encoder,surgical_3stage_DI_diheavy_encoder,COMP,OURS,1825,-0.011507,-0.018995,-0.004566,-0.011507,-0.018995,-0.004566,True,0.0022,encoder_temporal/encoder_temporal_per_variant.json::pace
POC-2B,pace,higher,raw,lpft_encoder,surgical_3stage_DI_encoder,COMP,OURS,1825,-0.023014,-0.03105,-0.014247,-0.023014,-0.03105,-0.014247,True,0.0,encoder_temporal/encoder_temporal_per_variant.json::pace
POC-2B,pace,higher,raw,lpft_encoder,surgical_3stage_DI_intervene_encoder,COMP,OURS,1825,-0.021553,-0.030137,-0.012785,-0.021553,-0.030137,-0.012785,True,0.0,encoder_temporal/encoder_temporal_per_variant.json::pace
POC-2B,pace,higher,raw,lpft_encoder,surgical_3stage_DI_replay25_encoder,COMP,OURS,1825,-0.016073,-0.025571,-0.006575,-0.016073,-0.025571,-0.006575,True,0.0008,encoder_temporal/encoder_temporal_per_variant.json::pace
POC-2B,pace,higher,raw,lpft_encoder,surgical_3stage_DI_tccaux_encoder,COMP,OURS,1825,-0.009315,-0.017169,-0.001461,-0.009315,-0.017169,-0.001461,True,0.0222,encoder_temporal/encoder_temporal_per_variant.json::pace
POC-2B,pace,higher,raw,lpft_encoder,surgical_3stage_DI_wiseft_encoder,COMP,OURS,1825,0.004018,-0.005114,0.013151,0.004018,-0.005114,0.013151,False,0.3954,encoder_temporal/encoder_temporal_per_variant.json::pace
POC-2B,pace,higher,raw,lpft_encoder,surgical_autorgn_encoder,COMP,COMP,1825,-0.014429,-0.02411,-0.004201,-0.014429,-0.02411,-0.004201,True,0.0044,encoder_temporal/encoder_temporal_per_variant.json::pace
POC-2B,pace,higher,raw,lpft_encoder,surgical_intervene_wiseft_f30_encoder,COMP,OURS,1825,-0.028311,-0.037078,-0.019543,-0.028311,-0.037078,-0.019543,True,0.0,encoder_temporal/encoder_temporal_per_variant.json::pace
POC-2B,pace,higher,raw,lpft_encoder,surgical_intervene_wiseft_f50_encoder,COMP,OURS,1825,-0.017352,-0.026849,-0.008219,-0.017352,-0.026849,-0.008219,True,0.0,encoder_temporal/encoder_temporal_per_variant.json::pace
POC-2B,pace,higher,raw,lpft_encoder,surgical_intervene_wiseft_f70_encoder,COMP,OURS,1825,-0.019909,-0.03086,-0.00895,-0.019909,-0.03086,-0.00895,True,0.0,encoder_temporal/encoder_temporal_per_variant.json::pace
POC-2B,pace,higher,raw,lpft_encoder,surgical_noDI_encoder,COMP,OURS,1825,-0.004201,-0.013333,0.005114,-0.004201,-0.013333,0.005114,False,0.3946,encoder_temporal/encoder_temporal_per_variant.json::pace
POC-2B,pace,higher,raw,peft_dora_encoder,peft_lora_encoder,COMP,COMP,1825,-0.006758,-0.017352,0.004018,-0.006758,-0.017352,0.004018,False,0.234,encoder_temporal/encoder_temporal_per_variant.json::pace
POC-2B,pace,higher,raw,peft_dora_encoder,pretrain_encoder,COMP,COMP,1825,-0.013881,-0.022831,-0.005297,-0.013881,-0.022831,-0.005297,True,0.001,encoder_temporal/encoder_temporal_per_variant.json::pace
POC-2B,pace,higher,raw,peft_dora_encoder,surgery_raw_encoder,COMP,OURS,1825,-0.012968,-0.021735,-0.004018,-0.012968,-0.021735,-0.004018,True,0.0034,encoder_temporal/encoder_temporal_per_variant.json::pace
POC-2B,pace,higher,raw,peft_dora_encoder,surgical_3stage_DI_diheavy_encoder,COMP,OURS,1825,-0.001826,-0.010594,0.006575,-0.001826,-0.010594,0.006575,False,0.677,encoder_temporal/encoder_temporal_per_variant.json::pace
POC-2B,pace,higher,raw,peft_dora_encoder,surgical_3stage_DI_encoder,COMP,OURS,1825,-0.013333,-0.021187,-0.005662,-0.013333,-0.021187,-0.005662,True,0.0008,encoder_temporal/encoder_temporal_per_variant.json::pace
POC-2B,pace,higher,raw,peft_dora_encoder,surgical_3stage_DI_intervene_encoder,COMP,OURS,1825,-0.011872,-0.020274,-0.00347,-0.011872,-0.020274,-0.00347,True,0.0058,encoder_temporal/encoder_temporal_per_variant.json::pace
POC-2B,pace,higher,raw,peft_dora_encoder,surgical_3stage_DI_replay25_encoder,COMP,OURS,1825,-0.006393,-0.01589,0.003105,-0.006393,-0.01589,0.003105,False,0.207,encoder_temporal/encoder_temporal_per_variant.json::pace
POC-2B,pace,higher,raw,peft_dora_encoder,surgical_3stage_DI_tccaux_encoder,COMP,OURS,1825,0.000365,-0.008584,0.008767,0.000365,-0.008584,0.008767,False,0.9234,encoder_temporal/encoder_temporal_per_variant.json::pace
POC-2B,pace,higher,raw,peft_dora_encoder,surgical_3stage_DI_wiseft_encoder,COMP,OURS,1825,0.013699,0.005114,0.0221,0.013699,0.005114,0.0221,True,0.0016,encoder_temporal/encoder_temporal_per_variant.json::pace
POC-2B,pace,higher,raw,peft_dora_encoder,surgical_autorgn_encoder,COMP,COMP,1825,-0.004749,-0.014977,0.005297,-0.004749,-0.014977,0.005297,False,0.3538,encoder_temporal/encoder_temporal_per_variant.json::pace
POC-2B,pace,higher,raw,peft_dora_encoder,surgical_intervene_wiseft_f30_encoder,COMP,OURS,1825,-0.01863,-0.027763,-0.009863,-0.01863,-0.027763,-0.009863,True,0.0,encoder_temporal/encoder_temporal_per_variant.json::pace
POC-2B,pace,higher,raw,peft_dora_encoder,surgical_intervene_wiseft_f50_encoder,COMP,OURS,1825,-0.007671,-0.017352,0.001644,-0.007671,-0.017352,0.001644,False,0.1156,encoder_temporal/encoder_temporal_per_variant.json::pace
POC-2B,pace,higher,raw,peft_dora_encoder,surgical_intervene_wiseft_f70_encoder,COMP,OURS,1825,-0.010228,-0.022648,0.001826,-0.010228,-0.022648,0.001826,False,0.1024,encoder_temporal/encoder_temporal_per_variant.json::pace
POC-2B,pace,higher,raw,peft_dora_encoder,surgical_noDI_encoder,COMP,OURS,1825,0.005479,-0.003105,0.014064,0.005479,-0.003105,0.014064,False,0.2106,encoder_temporal/encoder_temporal_per_variant.json::pace
POC-2B,pace,higher,raw,peft_lora_encoder,pretrain_encoder,COMP,COMP,1825,-0.007123,-0.016256,0.002192,-0.007123,-0.016256,0.002192,False,0.1328,encoder_temporal/encoder_temporal_per_variant.json::pace
POC-2B,pace,higher,raw,peft_lora_encoder,surgery_raw_encoder,COMP,OURS,1825,-0.00621,-0.014247,0.001644,-0.00621,-0.014247,0.001644,False,0.1178,encoder_temporal/encoder_temporal_per_variant.json::pace
POC-2B,pace,higher,raw,peft_lora_encoder,surgical_3stage_DI_diheavy_encoder,COMP,OURS,1825,0.004932,-0.005114,0.014429,0.004932,-0.005114,0.014429,False,0.3292,encoder_temporal/encoder_temporal_per_variant.json::pace
POC-2B,pace,higher,raw,peft_lora_encoder,surgical_3stage_DI_encoder,COMP,OURS,1825,-0.006575,-0.016438,0.002922,-0.006575,-0.016438,0.002922,False,0.187,encoder_temporal/encoder_temporal_per_variant.json::pace
POC-2B,pace,higher,raw,peft_lora_encoder,surgical_3stage_DI_intervene_encoder,COMP,OURS,1825,-0.005114,-0.013699,0.003836,-0.005114,-0.013699,0.003836,False,0.2538,encoder_temporal/encoder_temporal_per_variant.json::pace
POC-2B,pace,higher,raw,peft_lora_encoder,surgical_3stage_DI_replay25_encoder,COMP,OURS,1825,0.000365,-0.007489,0.008037,0.000365,-0.007489,0.008037,False,0.926,encoder_temporal/encoder_temporal_per_variant.json::pace
POC-2B,pace,higher,raw,peft_lora_encoder,surgical_3stage_DI_tccaux_encoder,COMP,OURS,1825,0.007123,-0.002653,0.016438,0.007123,-0.002653,0.016438,False,0.1464,encoder_temporal/encoder_temporal_per_variant.json::pace
POC-2B,pace,higher,raw,peft_lora_encoder,surgical_3stage_DI_wiseft_encoder,COMP,OURS,1825,0.020457,0.00895,0.031781,0.020457,0.00895,0.031781,True,0.0004,encoder_temporal/encoder_temporal_per_variant.json::pace
POC-2B,pace,higher,raw,peft_lora_encoder,surgical_autorgn_encoder,COMP,COMP,1825,0.002009,-0.005479,0.009863,0.002009,-0.005479,0.009863,False,0.6248,encoder_temporal/encoder_temporal_per_variant.json::pace
POC-2B,pace,higher,raw,peft_lora_encoder,surgical_intervene_wiseft_f30_encoder,COMP,OURS,1825,-0.011872,-0.021005,-0.00274,-0.011872,-0.021005,-0.00274,True,0.0108,encoder_temporal/encoder_temporal_per_variant.json::pace
POC-2B,pace,higher,raw,peft_lora_encoder,surgical_intervene_wiseft_f50_encoder,COMP,OURS,1825,-0.000913,-0.010594,0.00895,-0.000913,-0.010594,0.00895,False,0.8484,encoder_temporal/encoder_temporal_per_variant.json::pace
POC-2B,pace,higher,raw,peft_lora_encoder,surgical_intervene_wiseft_f70_encoder,COMP,OURS,1825,-0.00347,-0.01242,0.004932,-0.00347,-0.01242,0.004932,False,0.4196,encoder_temporal/encoder_temporal_per_variant.json::pace
POC-2B,pace,higher,raw,peft_lora_encoder,surgical_noDI_encoder,COMP,OURS,1825,0.012237,0.002557,0.021735,0.012237,0.002557,0.021735,True,0.0122,encoder_temporal/encoder_temporal_per_variant.json::pace
POC-2B,pace,higher,raw,pretrain_encoder,surgery_raw_encoder,COMP,OURS,1825,0.000913,-0.007306,0.009315,0.000913,-0.007306,0.009315,False,0.8312,encoder_temporal/encoder_temporal_per_variant.json::pace
POC-2B,pace,higher,raw,pretrain_encoder,surgical_3stage_DI_diheavy_encoder,COMP,OURS,1825,0.012055,0.003653,0.020457,0.012055,0.003653,0.020457,True,0.0054,encoder_temporal/encoder_temporal_per_variant.json::pace
POC-2B,pace,higher,raw,pretrain_encoder,surgical_3stage_DI_encoder,COMP,OURS,1825,0.000548,-0.007671,0.009132,0.000548,-0.007671,0.009132,False,0.8952,encoder_temporal/encoder_temporal_per_variant.json::pace
POC-2B,pace,higher,raw,pretrain_encoder,surgical_3stage_DI_intervene_encoder,COMP,OURS,1825,0.002009,-0.00621,0.010228,0.002009,-0.00621,0.010228,False,0.6192,encoder_temporal/encoder_temporal_per_variant.json::pace
POC-2B,pace,higher,raw,pretrain_encoder,surgical_3stage_DI_replay25_encoder,COMP,OURS,1825,0.007489,-0.000548,0.016256,0.007489,-0.000548,0.016256,False,0.078,encoder_temporal/encoder_temporal_per_variant.json::pace
POC-2B,pace,higher,raw,pretrain_encoder,surgical_3stage_DI_tccaux_encoder,COMP,OURS,1825,0.014247,0.006575,0.021918,0.014247,0.006575,0.021918,True,0.0,encoder_temporal/encoder_temporal_per_variant.json::pace
POC-2B,pace,higher,raw,pretrain_encoder,surgical_3stage_DI_wiseft_encoder,COMP,OURS,1825,0.02758,0.01863,0.03653,0.02758,0.01863,0.03653,True,0.0,encoder_temporal/encoder_temporal_per_variant.json::pace
POC-2B,pace,higher,raw,pretrain_encoder,surgical_autorgn_encoder,COMP,COMP,1825,0.009132,0.000183,0.018082,0.009132,0.000183,0.018082,True,0.0492,encoder_temporal/encoder_temporal_per_variant.json::pace
POC-2B,pace,higher,raw,pretrain_encoder,surgical_intervene_wiseft_f30_encoder,COMP,OURS,1825,-0.004749,-0.012968,0.003836,-0.004749,-0.012968,0.003836,False,0.2704,encoder_temporal/encoder_temporal_per_variant.json::pace
POC-2B,pace,higher,raw,pretrain_encoder,surgical_intervene_wiseft_f50_encoder,COMP,OURS,1825,0.00621,-0.002009,0.014612,0.00621,-0.002009,0.014612,False,0.1374,encoder_temporal/encoder_temporal_per_variant.json::pace
POC-2B,pace,higher,raw,pretrain_encoder,surgical_intervene_wiseft_f70_encoder,COMP,OURS,1825,0.003653,-0.00621,0.013699,0.003653,-0.00621,0.013699,False,0.4732,encoder_temporal/encoder_temporal_per_variant.json::pace
POC-2B,pace,higher,raw,pretrain_encoder,surgical_noDI_encoder,COMP,OURS,1825,0.019361,0.010431,0.028128,0.019361,0.010431,0.028128,True,0.0,encoder_temporal/encoder_temporal_per_variant.json::pace
POC-2B,pace,higher,raw,surgery_raw_encoder,surgical_3stage_DI_diheavy_encoder,OURS,OURS,1825,0.011142,0.002922,0.018813,0.011142,0.002922,0.018813,True,0.0076,encoder_temporal/encoder_temporal_per_variant.json::pace
POC-2B,pace,higher,raw,surgery_raw_encoder,surgical_3stage_DI_encoder,OURS,OURS,1825,-0.000365,-0.008219,0.007489,-0.000365,-0.008219,0.007489,False,0.9078,encoder_temporal/encoder_temporal_per_variant.json::pace
POC-2B,pace,higher,raw,surgery_raw_encoder,surgical_3stage_DI_intervene_encoder,OURS,OURS,1825,0.001096,-0.006393,0.008402,0.001096,-0.006393,0.008402,False,0.7834,encoder_temporal/encoder_temporal_per_variant.json::pace
POC-2B,pace,higher,raw,surgery_raw_encoder,surgical_3stage_DI_replay25_encoder,OURS,OURS,1825,0.006575,-0.001461,0.014795,0.006575,-0.001461,0.014795,False,0.108,encoder_temporal/encoder_temporal_per_variant.json::pace
POC-2B,pace,higher,raw,surgery_raw_encoder,surgical_3stage_DI_tccaux_encoder,OURS,OURS,1825,0.013333,0.004749,0.021553,0.013333,0.004749,0.021553,True,0.0006,encoder_temporal/encoder_temporal_per_variant.json::pace
POC-2B,pace,higher,raw,surgery_raw_encoder,surgical_3stage_DI_wiseft_encoder,OURS,OURS,1825,0.026667,0.017169,0.03653,0.026667,0.017169,0.03653,True,0.0,encoder_temporal/encoder_temporal_per_variant.json::pace
POC-2B,pace,higher,raw,surgery_raw_encoder,surgical_autorgn_encoder,OURS,COMP,1825,0.008219,-0.000548,0.017169,0.008219,-0.000548,0.017169,False,0.0694,encoder_temporal/encoder_temporal_per_variant.json::pace
POC-2B,pace,higher,raw,surgery_raw_encoder,surgical_intervene_wiseft_f30_encoder,OURS,OURS,1825,-0.005662,-0.013333,0.001644,-0.005662,-0.013333,0.001644,False,0.1284,encoder_temporal/encoder_temporal_per_variant.json::pace
POC-2B,pace,higher,raw,surgery_raw_encoder,surgical_intervene_wiseft_f50_encoder,OURS,OURS,1825,0.005297,-0.003105,0.013699,0.005297,-0.003105,0.013699,False,0.2204,encoder_temporal/encoder_temporal_per_variant.json::pace
POC-2B,pace,higher,raw,surgery_raw_encoder,surgical_intervene_wiseft_f70_encoder,OURS,OURS,1825,0.00274,-0.007306,0.012603,0.00274,-0.007306,0.012603,False,0.5918,encoder_temporal/encoder_temporal_per_variant.json::pace
POC-2B,pace,higher,raw,surgery_raw_encoder,surgical_noDI_encoder,OURS,OURS,1825,0.018447,0.009315,0.027397,0.018447,0.009315,0.027397,True,0.0,encoder_temporal/encoder_temporal_per_variant.json::pace
POC-2B,pace,higher,raw,surgical_3stage_DI_diheavy_encoder,surgical_3stage_DI_encoder,OURS,OURS,1825,-0.011507,-0.018995,-0.004018,-0.011507,-0.018995,-0.004018,True,0.0026,encoder_temporal/encoder_temporal_per_variant.json::pace
POC-2B,pace,higher,raw,surgical_3stage_DI_diheavy_encoder,surgical_3stage_DI_intervene_encoder,OURS,OURS,1825,-0.010046,-0.018265,-0.001644,-0.010046,-0.018265,-0.001644,True,0.0164,encoder_temporal/encoder_temporal_per_variant.json::pace
POC-2B,pace,higher,raw,surgical_3stage_DI_diheavy_encoder,surgical_3stage_DI_replay25_encoder,OURS,OURS,1825,-0.004566,-0.013516,0.004384,-0.004566,-0.013516,0.004384,False,0.327,encoder_temporal/encoder_temporal_per_variant.json::pace
POC-2B,pace,higher,raw,surgical_3stage_DI_diheavy_encoder,surgical_3stage_DI_tccaux_encoder,OURS,OURS,1825,0.002192,-0.005479,0.00952,0.002192,-0.005479,0.00952,False,0.5554,encoder_temporal/encoder_temporal_per_variant.json::pace
POC-2B,pace,higher,raw,surgical_3stage_DI_diheavy_encoder,surgical_3stage_DI_wiseft_encoder,OURS,OURS,1825,0.015525,0.007123,0.023927,0.015525,0.007123,0.023927,True,0.0002,encoder_temporal/encoder_temporal_per_variant.json::pace
POC-2B,pace,higher,raw,surgical_3stage_DI_diheavy_encoder,surgical_autorgn_encoder,OURS,COMP,1825,-0.002922,-0.012603,0.007098,-0.002922,-0.012603,0.007098,False,0.5626,encoder_temporal/encoder_temporal_per_variant.json::pace
POC-2B,pace,higher,raw,surgical_3stage_DI_diheavy_encoder,surgical_intervene_wiseft_f30_encoder,OURS,OURS,1825,-0.016804,-0.025023,-0.008767,-0.016804,-0.025023,-0.008767,True,0.0002,encoder_temporal/encoder_temporal_per_variant.json::pace
POC-2B,pace,higher,raw,surgical_3stage_DI_diheavy_encoder,surgical_intervene_wiseft_f50_encoder,OURS,OURS,1825,-0.005845,-0.014554,0.002557,-0.005845,-0.014554,0.002557,False,0.1706,encoder_temporal/encoder_temporal_per_variant.json::pace
POC-2B,pace,higher,raw,surgical_3stage_DI_diheavy_encoder,surgical_intervene_wiseft_f70_encoder,OURS,OURS,1825,-0.008402,-0.019178,0.002557,-0.008402,-0.019178,0.002557,False,0.1308,encoder_temporal/encoder_temporal_per_variant.json::pace
POC-2B,pace,higher,raw,surgical_3stage_DI_diheavy_encoder,surgical_noDI_encoder,OURS,OURS,1825,0.007306,-0.001461,0.016073,0.007306,-0.001461,0.016073,False,0.1072,encoder_temporal/encoder_temporal_per_variant.json::pace
POC-2B,pace,higher,raw,surgical_3stage_DI_encoder,surgical_3stage_DI_intervene_encoder,OURS,OURS,1825,0.001461,-0.005662,0.008402,0.001461,-0.005662,0.008402,False,0.6852,encoder_temporal/encoder_temporal_per_variant.json::pace
POC-2B,pace,higher,raw,surgical_3stage_DI_encoder,surgical_3stage_DI_replay25_encoder,OURS,OURS,1825,0.006941,-0.001644,0.015525,0.006941,-0.001644,0.015525,False,0.1106,encoder_temporal/encoder_temporal_per_variant.json::pace
POC-2B,pace,higher,raw,surgical_3stage_DI_encoder,surgical_3stage_DI_tccaux_encoder,OURS,OURS,1825,0.013699,0.005297,0.021553,0.013699,0.005297,0.021553,True,0.0004,encoder_temporal/encoder_temporal_per_variant.json::pace
POC-2B,pace,higher,raw,surgical_3stage_DI_encoder,surgical_3stage_DI_wiseft_encoder,OURS,OURS,1825,0.027032,0.018078,0.036347,0.027032,0.018078,0.036347,True,0.0,encoder_temporal/encoder_temporal_per_variant.json::pace
POC-2B,pace,higher,raw,surgical_3stage_DI_encoder,surgical_autorgn_encoder,OURS,COMP,1825,0.008584,-0.000548,0.018265,0.008584,-0.000548,0.018265,False,0.07,encoder_temporal/encoder_temporal_per_variant.json::pace
POC-2B,pace,higher,raw,surgical_3stage_DI_encoder,surgical_intervene_wiseft_f30_encoder,OURS,OURS,1825,-0.005297,-0.012968,0.002192,-0.005297,-0.012968,0.002192,False,0.1612,encoder_temporal/encoder_temporal_per_variant.json::pace
POC-2B,pace,higher,raw,surgical_3stage_DI_encoder,surgical_intervene_wiseft_f50_encoder,OURS,OURS,1825,0.005662,-0.002922,0.014247,0.005662,-0.002922,0.014247,False,0.1896,encoder_temporal/encoder_temporal_per_variant.json::pace
POC-2B,pace,higher,raw,surgical_3stage_DI_encoder,surgical_intervene_wiseft_f70_encoder,OURS,OURS,1825,0.003105,-0.007671,0.014064,0.003105,-0.007671,0.014064,False,0.5672,encoder_temporal/encoder_temporal_per_variant.json::pace
POC-2B,pace,higher,raw,surgical_3stage_DI_encoder,surgical_noDI_encoder,OURS,OURS,1825,0.018813,0.009863,0.027763,0.018813,0.009863,0.027763,True,0.0,encoder_temporal/encoder_temporal_per_variant.json::pace
POC-2B,pace,higher,raw,surgical_3stage_DI_intervene_encoder,surgical_3stage_DI_replay25_encoder,OURS,OURS,1825,0.005479,-0.002374,0.013333,0.005479,-0.002374,0.013333,False,0.1662,encoder_temporal/encoder_temporal_per_variant.json::pace
POC-2B,pace,higher,raw,surgical_3stage_DI_intervene_encoder,surgical_3stage_DI_tccaux_encoder,OURS,OURS,1825,0.012237,0.004018,0.020457,0.012237,0.004018,0.020457,True,0.0022,encoder_temporal/encoder_temporal_per_variant.json::pace
POC-2B,pace,higher,raw,surgical_3stage_DI_intervene_encoder,surgical_3stage_DI_wiseft_encoder,OURS,OURS,1825,0.025571,0.016256,0.034886,0.025571,0.016256,0.034886,True,0.0,encoder_temporal/encoder_temporal_per_variant.json::pace
POC-2B,pace,higher,raw,surgical_3stage_DI_intervene_encoder,surgical_autorgn_encoder,OURS,COMP,1825,0.007123,-0.001644,0.01589,0.007123,-0.001644,0.01589,False,0.1184,encoder_temporal/encoder_temporal_per_variant.json::pace
POC-2B,pace,higher,raw,surgical_3stage_DI_intervene_encoder,surgical_intervene_wiseft_f30_encoder,OURS,OURS,1825,-0.006758,-0.014429,0.000548,-0.006758,-0.014429,0.000548,False,0.0748,encoder_temporal/encoder_temporal_per_variant.json::pace
POC-2B,pace,higher,raw,surgical_3stage_DI_intervene_encoder,surgical_intervene_wiseft_f50_encoder,OURS,OURS,1825,0.004201,-0.003836,0.01242,0.004201,-0.003836,0.01242,False,0.3074,encoder_temporal/encoder_temporal_per_variant.json::pace
POC-2B,pace,higher,raw,surgical_3stage_DI_intervene_encoder,surgical_intervene_wiseft_f70_encoder,OURS,OURS,1825,0.001644,-0.008584,0.011872,0.001644,-0.008584,0.011872,False,0.748,encoder_temporal/encoder_temporal_per_variant.json::pace
POC-2B,pace,higher,raw,surgical_3stage_DI_intervene_encoder,surgical_noDI_encoder,OURS,OURS,1825,0.017352,0.008402,0.026119,0.017352,0.008402,0.026119,True,0.0,encoder_temporal/encoder_temporal_per_variant.json::pace
POC-2B,pace,higher,raw,surgical_3stage_DI_replay25_encoder,surgical_3stage_DI_tccaux_encoder,OURS,OURS,1825,0.006758,-0.001279,0.014795,0.006758,-0.001279,0.014795,False,0.1018,encoder_temporal/encoder_temporal_per_variant.json::pace
POC-2B,pace,higher,raw,surgical_3stage_DI_replay25_encoder,surgical_3stage_DI_wiseft_encoder,OURS,OURS,1825,0.020091,0.010594,0.029406,0.020091,0.010594,0.029406,True,0.0,encoder_temporal/encoder_temporal_per_variant.json::pace
POC-2B,pace,higher,raw,surgical_3stage_DI_replay25_encoder,surgical_autorgn_encoder,OURS,COMP,1825,0.001644,-0.006393,0.00968,0.001644,-0.006393,0.00968,False,0.703,encoder_temporal/encoder_temporal_per_variant.json::pace
POC-2B,pace,higher,raw,surgical_3stage_DI_replay25_encoder,surgical_intervene_wiseft_f30_encoder,OURS,OURS,1825,-0.012237,-0.020639,-0.004018,-0.012237,-0.020639,-0.004018,True,0.0036,encoder_temporal/encoder_temporal_per_variant.json::pace
POC-2B,pace,higher,raw,surgical_3stage_DI_replay25_encoder,surgical_intervene_wiseft_f50_encoder,OURS,OURS,1825,-0.001279,-0.009498,0.006941,-0.001279,-0.009498,0.006941,False,0.75,encoder_temporal/encoder_temporal_per_variant.json::pace
POC-2B,pace,higher,raw,surgical_3stage_DI_replay25_encoder,surgical_intervene_wiseft_f70_encoder,OURS,OURS,1825,-0.003836,-0.012968,0.005297,-0.003836,-0.012968,0.005297,False,0.3822,encoder_temporal/encoder_temporal_per_variant.json::pace
POC-2B,pace,higher,raw,surgical_3stage_DI_replay25_encoder,surgical_noDI_encoder,OURS,OURS,1825,0.011872,0.003288,0.020274,0.011872,0.003288,0.020274,True,0.0068,encoder_temporal/encoder_temporal_per_variant.json::pace
POC-2B,pace,higher,raw,surgical_3stage_DI_tccaux_encoder,surgical_3stage_DI_wiseft_encoder,OURS,OURS,1825,0.013333,0.005114,0.021735,0.013333,0.005114,0.021735,True,0.0008,encoder_temporal/encoder_temporal_per_variant.json::pace
POC-2B,pace,higher,raw,surgical_3stage_DI_tccaux_encoder,surgical_autorgn_encoder,OURS,COMP,1825,-0.005114,-0.014429,0.004384,-0.005114,-0.014429,0.004384,False,0.2964,encoder_temporal/encoder_temporal_per_variant.json::pace
POC-2B,pace,higher,raw,surgical_3stage_DI_tccaux_encoder,surgical_intervene_wiseft_f30_encoder,OURS,OURS,1825,-0.018995,-0.02758,-0.010411,-0.018995,-0.02758,-0.010411,True,0.0002,encoder_temporal/encoder_temporal_per_variant.json::pace
POC-2B,pace,higher,raw,surgical_3stage_DI_tccaux_encoder,surgical_intervene_wiseft_f50_encoder,OURS,OURS,1825,-0.008037,-0.016621,0.000731,-0.008037,-0.016621,0.000731,False,0.0708,encoder_temporal/encoder_temporal_per_variant.json::pace
POC-2B,pace,higher,raw,surgical_3stage_DI_tccaux_encoder,surgical_intervene_wiseft_f70_encoder,OURS,OURS,1825,-0.010594,-0.020822,0.000183,-0.010594,-0.020822,0.000183,False,0.0494,encoder_temporal/encoder_temporal_per_variant.json::pace
POC-2B,pace,higher,raw,surgical_3stage_DI_tccaux_encoder,surgical_noDI_encoder,OURS,OURS,1825,0.005114,-0.002374,0.012968,0.005114,-0.002374,0.012968,False,0.1928,encoder_temporal/encoder_temporal_per_variant.json::pace
POC-2B,pace,higher,raw,surgical_3stage_DI_wiseft_encoder,surgical_autorgn_encoder,OURS,COMP,1825,-0.018447,-0.029224,-0.007306,-0.018447,-0.029224,-0.007306,True,0.001,encoder_temporal/encoder_temporal_per_variant.json::pace
POC-2B,pace,higher,raw,surgical_3stage_DI_wiseft_encoder,surgical_intervene_wiseft_f30_encoder,OURS,OURS,1825,-0.032329,-0.041644,-0.023014,-0.032329,-0.041644,-0.023014,True,0.0,encoder_temporal/encoder_temporal_per_variant.json::pace
POC-2B,pace,higher,raw,surgical_3stage_DI_wiseft_encoder,surgical_intervene_wiseft_f50_encoder,OURS,OURS,1825,-0.02137,-0.029954,-0.012785,-0.02137,-0.029954,-0.012785,True,0.0,encoder_temporal/encoder_temporal_per_variant.json::pace
POC-2B,pace,higher,raw,surgical_3stage_DI_wiseft_encoder,surgical_intervene_wiseft_f70_encoder,OURS,OURS,1825,-0.023927,-0.035616,-0.012237,-0.023927,-0.035616,-0.012237,True,0.0002,encoder_temporal/encoder_temporal_per_variant.json::pace
POC-2B,pace,higher,raw,surgical_3stage_DI_wiseft_encoder,surgical_noDI_encoder,OURS,OURS,1825,-0.008219,-0.016804,0.000183,-0.008219,-0.016804,0.000183,False,0.0584,encoder_temporal/encoder_temporal_per_variant.json::pace
POC-2B,pace,higher,raw,surgical_autorgn_encoder,surgical_intervene_wiseft_f30_encoder,COMP,OURS,1825,-0.013881,-0.022831,-0.004932,-0.013881,-0.022831,-0.004932,True,0.0024,encoder_temporal/encoder_temporal_per_variant.json::pace
POC-2B,pace,higher,raw,surgical_autorgn_encoder,surgical_intervene_wiseft_f50_encoder,COMP,OURS,1825,-0.002922,-0.012785,0.006941,-0.002922,-0.012785,0.006941,False,0.5808,encoder_temporal/encoder_temporal_per_variant.json::pace
POC-2B,pace,higher,raw,surgical_autorgn_encoder,surgical_intervene_wiseft_f70_encoder,COMP,OURS,1825,-0.005479,-0.014795,0.003653,-0.005479,-0.014795,0.003653,False,0.2514,encoder_temporal/encoder_temporal_per_variant.json::pace
POC-2B,pace,higher,raw,surgical_autorgn_encoder,surgical_noDI_encoder,COMP,OURS,1825,0.010228,0.000731,0.019726,0.010228,0.000731,0.019726,True,0.0356,encoder_temporal/encoder_temporal_per_variant.json::pace
POC-2B,pace,higher,raw,surgical_intervene_wiseft_f30_encoder,surgical_intervene_wiseft_f50_encoder,OURS,OURS,1825,0.010959,0.00347,0.018447,0.010959,0.00347,0.018447,True,0.003,encoder_temporal/encoder_temporal_per_variant.json::pace
POC-2B,pace,higher,raw,surgical_intervene_wiseft_f30_encoder,surgical_intervene_wiseft_f70_encoder,OURS,OURS,1825,0.008402,-0.001644,0.018447,0.008402,-0.001644,0.018447,False,0.0972,encoder_temporal/encoder_temporal_per_variant.json::pace
POC-2B,pace,higher,raw,surgical_intervene_wiseft_f30_encoder,surgical_noDI_encoder,OURS,OURS,1825,0.02411,0.014977,0.032877,0.02411,0.014977,0.032877,True,0.0,encoder_temporal/encoder_temporal_per_variant.json::pace
POC-2B,pace,higher,raw,surgical_intervene_wiseft_f50_encoder,surgical_intervene_wiseft_f70_encoder,OURS,OURS,1825,-0.002557,-0.012055,0.006941,-0.002557,-0.012055,0.006941,False,0.5826,encoder_temporal/encoder_temporal_per_variant.json::pace
POC-2B,pace,higher,raw,surgical_intervene_wiseft_f50_encoder,surgical_noDI_encoder,OURS,OURS,1825,0.013151,0.004201,0.021735,0.013151,0.004201,0.021735,True,0.0046,encoder_temporal/encoder_temporal_per_variant.json::pace
POC-2B,pace,higher,raw,surgical_intervene_wiseft_f70_encoder,surgical_noDI_encoder,OURS,OURS,1825,0.015708,0.004837,0.026484,0.015708,0.004837,0.026484,True,0.0046,encoder_temporal/encoder_temporal_per_variant.json::pace
POC-1B,act,higher,pp,frozen,full_ft_encoder,REF,COMP,1825,-8.4384,-10.6849,-6.3562,-8.4384,-10.6849,-6.3562,True,0.0,probe_action/probe_paired_delta.json
POC-1B,act,higher,pp,frozen,lpft_encoder,REF,COMP,1825,-3.6164,-5.863,-1.4247,-3.6164,-5.863,-1.4247,True,0.0016,probe_action/probe_paired_delta.json
POC-1B,act,higher,pp,frozen,peft_dora_encoder,REF,COMP,1825,-5.0959,-7.2877,-2.9589,-5.0959,-7.2877,-2.9589,True,0.0,probe_action/probe_paired_delta.json
POC-1B,act,higher,pp,frozen,peft_lora_encoder,REF,COMP,1825,-4.2192,-6.411,-2.0274,-4.2192,-6.411,-2.0274,True,0.0002,probe_action/probe_paired_delta.json
POC-1B,act,higher,pp,frozen,pretrain_encoder,REF,COMP,1825,-6.8493,-9.0959,-4.6027,-6.8493,-9.0959,-4.6027,True,0.0,probe_action/probe_paired_delta.json
POC-1B,act,higher,pp,frozen,surgery_raw_encoder,REF,OURS,1825,-5.5342,-7.7808,-3.3425,-5.5342,-7.7808,-3.3425,True,0.0,probe_action/probe_paired_delta.json
POC-1B,act,higher,pp,frozen,surgical_3stage_DI_diheavy_encoder,REF,OURS,1825,-5.8082,-8.1096,-3.6712,-5.8082,-8.1096,-3.6712,True,0.0,probe_action/probe_paired_delta.json
POC-1B,act,higher,pp,frozen,surgical_3stage_DI_encoder,REF,OURS,1825,-5.2055,-7.4521,-3.0324,-5.2055,-7.4521,-3.0324,True,0.0,probe_action/probe_paired_delta.json
POC-1B,act,higher,pp,frozen,surgical_3stage_DI_intervene_encoder,REF,OURS,1825,-4.8219,-7.0137,-2.6301,-4.8219,-7.0137,-2.6301,True,0.0,probe_action/probe_paired_delta.json
POC-1B,act,higher,pp,frozen,surgical_autorgn_encoder,REF,COMP,1825,-7.2329,-9.4247,-5.1507,-7.2329,-9.4247,-5.1507,True,0.0,probe_action/probe_paired_delta.json
POC-1B,act,higher,pp,frozen,surgical_intervene_wiseft_f30_encoder,REF,OURS,1825,-3.3425,-5.5342,-1.2603,-3.3425,-5.5342,-1.2603,True,0.0028,probe_action/probe_paired_delta.json
POC-1B,act,higher,pp,frozen,surgical_intervene_wiseft_f50_encoder,REF,OURS,1825,-2.6301,-4.8219,-0.5479,-2.6301,-4.8219,-0.5479,True,0.0192,probe_action/probe_paired_delta.json
POC-1B,act,higher,pp,frozen,surgical_intervene_wiseft_f70_encoder,REF,OURS,1825,-2.6301,-4.6027,-0.6575,-2.6301,-4.6027,-0.6575,True,0.0094,probe_action/probe_paired_delta.json
POC-1B,act,higher,pp,full_ft_encoder,lpft_encoder,COMP,COMP,1825,4.8219,2.9589,6.6849,4.8219,2.9589,6.6849,True,0.0,probe_action/probe_paired_delta.json
POC-1B,act,higher,pp,full_ft_encoder,peft_dora_encoder,COMP,COMP,1825,3.3425,1.5342,5.2055,3.3425,1.5342,5.2055,True,0.0002,probe_action/probe_paired_delta.json
POC-1B,act,higher,pp,full_ft_encoder,peft_lora_encoder,COMP,COMP,1825,4.2192,2.3014,6.0822,4.2192,2.3014,6.0822,True,0.0,probe_action/probe_paired_delta.json
POC-1B,act,higher,pp,full_ft_encoder,pretrain_encoder,COMP,COMP,1825,1.589,-0.1644,3.3425,1.589,-0.1644,3.3425,False,0.0888,probe_action/probe_paired_delta.json
POC-1B,act,higher,pp,full_ft_encoder,surgery_raw_encoder,COMP,OURS,1825,2.9041,0.9315,4.8219,2.9041,0.9315,4.8219,True,0.0032,probe_action/probe_paired_delta.json
POC-1B,act,higher,pp,full_ft_encoder,surgical_3stage_DI_diheavy_encoder,COMP,OURS,1825,2.6301,0.8219,4.4932,2.6301,0.8219,4.4932,True,0.0058,probe_action/probe_paired_delta.json
POC-1B,act,higher,pp,full_ft_encoder,surgical_3stage_DI_encoder,COMP,OURS,1825,3.2329,1.2336,5.2055,3.2329,1.2336,5.2055,True,0.0014,probe_action/probe_paired_delta.json
POC-1B,act,higher,pp,full_ft_encoder,surgical_3stage_DI_intervene_encoder,COMP,OURS,1825,3.6164,1.7534,5.4922,3.6164,1.7534,5.4922,True,0.0004,probe_action/probe_paired_delta.json
POC-1B,act,higher,pp,full_ft_encoder,surgical_autorgn_encoder,COMP,COMP,1825,1.2055,-0.6575,3.0685,1.2055,-0.6575,3.0685,False,0.2232,probe_action/probe_paired_delta.json
POC-1B,act,higher,pp,full_ft_encoder,surgical_intervene_wiseft_f30_encoder,COMP,OURS,1825,5.0959,3.1233,7.0137,5.0959,3.1233,7.0137,True,0.0,probe_action/probe_paired_delta.json
POC-1B,act,higher,pp,full_ft_encoder,surgical_intervene_wiseft_f50_encoder,COMP,OURS,1825,5.8082,3.6712,7.9452,5.8082,3.6712,7.9452,True,0.0,probe_action/probe_paired_delta.json
POC-1B,act,higher,pp,full_ft_encoder,surgical_intervene_wiseft_f70_encoder,COMP,OURS,1825,5.8082,3.726,7.9452,5.8082,3.726,7.9452,True,0.0,probe_action/probe_paired_delta.json
POC-1B,act,higher,pp,lpft_encoder,peft_dora_encoder,COMP,COMP,1825,-1.4795,-3.4521,0.6027,-1.4795,-3.4521,0.6027,False,0.1592,probe_action/probe_paired_delta.json
POC-1B,act,higher,pp,lpft_encoder,peft_lora_encoder,COMP,COMP,1825,-0.6027,-2.137,0.9315,-0.6027,-2.137,0.9315,False,0.4544,probe_action/probe_paired_delta.json
POC-1B,act,higher,pp,lpft_encoder,pretrain_encoder,COMP,COMP,1825,-3.2329,-5.2055,-1.2603,-3.2329,-5.2055,-1.2603,True,0.001,probe_action/probe_paired_delta.json
POC-1B,act,higher,pp,lpft_encoder,surgery_raw_encoder,COMP,OURS,1825,-1.9178,-3.7808,-0.0294,-1.9178,-3.7808,-0.0294,True,0.05,probe_action/probe_paired_delta.json
POC-1B,act,higher,pp,lpft_encoder,surgical_3stage_DI_diheavy_encoder,COMP,OURS,1825,-2.1918,-3.8356,-0.4932,-2.1918,-3.8356,-0.4932,True,0.012,probe_action/probe_paired_delta.json
POC-1B,act,higher,pp,lpft_encoder,surgical_3stage_DI_encoder,COMP,OURS,1825,-1.589,-3.5068,0.3836,-1.589,-3.5068,0.3836,False,0.1072,probe_action/probe_paired_delta.json
POC-1B,act,higher,pp,lpft_encoder,surgical_3stage_DI_intervene_encoder,COMP,OURS,1825,-1.2055,-2.9041,0.6027,-1.2055,-2.9041,0.6027,False,0.1868,probe_action/probe_paired_delta.json
POC-1B,act,higher,pp,lpft_encoder,surgical_autorgn_encoder,COMP,COMP,1825,-3.6164,-5.7534,-1.4795,-3.6164,-5.7534,-1.4795,True,0.001,probe_action/probe_paired_delta.json
POC-1B,act,higher,pp,lpft_encoder,surgical_intervene_wiseft_f30_encoder,COMP,OURS,1825,0.274,-1.5342,2.137,0.274,-1.5342,2.137,False,0.7862,probe_action/probe_paired_delta.json
POC-1B,act,higher,pp,lpft_encoder,surgical_intervene_wiseft_f50_encoder,COMP,OURS,1825,0.9863,-1.0411,3.0137,0.9863,-1.0411,3.0137,False,0.3542,probe_action/probe_paired_delta.json
POC-1B,act,higher,pp,lpft_encoder,surgical_intervene_wiseft_f70_encoder,COMP,OURS,1825,0.9863,-1.1507,3.1781,0.9863,-1.1507,3.1781,False,0.3916,probe_action/probe_paired_delta.json
POC-1B,act,higher,pp,peft_dora_encoder,peft_lora_encoder,COMP,COMP,1825,0.8767,-1.0959,2.7945,0.8767,-1.0959,2.7945,False,0.404,probe_action/probe_paired_delta.json
POC-1B,act,higher,pp,peft_dora_encoder,pretrain_encoder,COMP,COMP,1825,-1.7534,-3.6164,0.1096,-1.7534,-3.6164,0.1096,False,0.0688,probe_action/probe_paired_delta.json
POC-1B,act,higher,pp,peft_dora_encoder,surgery_raw_encoder,COMP,OURS,1825,-0.4384,-2.2466,1.3699,-0.4384,-2.2466,1.3699,False,0.6656,probe_action/probe_paired_delta.json
POC-1B,act,higher,pp,peft_dora_encoder,surgical_3stage_DI_diheavy_encoder,COMP,OURS,1825,-0.7123,-2.5753,1.1507,-0.7123,-2.5753,1.1507,False,0.4684,probe_action/probe_paired_delta.json
POC-1B,act,higher,pp,peft_dora_encoder,surgical_3stage_DI_encoder,COMP,OURS,1825,-0.1096,-1.9178,1.7534,-0.1096,-1.9178,1.7534,False,0.9136,probe_action/probe_paired_delta.json
POC-1B,act,higher,pp,peft_dora_encoder,surgical_3stage_DI_intervene_encoder,COMP,OURS,1825,0.274,-1.6986,2.1918,0.274,-1.6986,2.1918,False,0.8068,probe_action/probe_paired_delta.json
POC-1B,act,higher,pp,peft_dora_encoder,surgical_autorgn_encoder,COMP,COMP,1825,-2.137,-4.0548,-0.274,-2.137,-4.0548,-0.274,True,0.0276,probe_action/probe_paired_delta.json
POC-1B,act,higher,pp,peft_dora_encoder,surgical_intervene_wiseft_f30_encoder,COMP,OURS,1825,1.7534,-0.274,3.6712,1.7534,-0.274,3.6712,False,0.0926,probe_action/probe_paired_delta.json
POC-1B,act,higher,pp,peft_dora_encoder,surgical_intervene_wiseft_f50_encoder,COMP,OURS,1825,2.4658,0.3288,4.4932,2.4658,0.3288,4.4932,True,0.0224,probe_action/probe_paired_delta.json
POC-1B,act,higher,pp,peft_dora_encoder,surgical_intervene_wiseft_f70_encoder,COMP,OURS,1825,2.4658,0.3836,4.4932,2.4658,0.3836,4.4932,True,0.0208,probe_action/probe_paired_delta.json
POC-1B,act,higher,pp,peft_lora_encoder,pretrain_encoder,COMP,COMP,1825,-2.6301,-4.5479,-0.7123,-2.6301,-4.5479,-0.7123,True,0.0076,probe_action/probe_paired_delta.json
POC-1B,act,higher,pp,peft_lora_encoder,surgery_raw_encoder,COMP,OURS,1825,-1.3151,-3.0137,0.4384,-1.3151,-3.0137,0.4384,False,0.1476,probe_action/probe_paired_delta.json
POC-1B,act,higher,pp,peft_lora_encoder,surgical_3stage_DI_diheavy_encoder,COMP,OURS,1825,-1.589,-3.2877,0.0548,-1.589,-3.2877,0.0548,False,0.0598,probe_action/probe_paired_delta.json
POC-1B,act,higher,pp,peft_lora_encoder,surgical_3stage_DI_encoder,COMP,OURS,1825,-0.9863,-2.8493,0.8219,-0.9863,-2.8493,0.8219,False,0.295,probe_action/probe_paired_delta.json
POC-1B,act,higher,pp,peft_lora_encoder,surgical_3stage_DI_intervene_encoder,COMP,OURS,1825,-0.6027,-2.3014,1.1507,-0.6027,-2.3014,1.1507,False,0.5084,probe_action/probe_paired_delta.json
POC-1B,act,higher,pp,peft_lora_encoder,surgical_autorgn_encoder,COMP,COMP,1825,-3.0137,-5.0411,-0.9863,-3.0137,-5.0411,-0.9863,True,0.0044,probe_action/probe_paired_delta.json
POC-1B,act,higher,pp,peft_lora_encoder,surgical_intervene_wiseft_f30_encoder,COMP,OURS,1825,0.8767,-0.9315,2.7397,0.8767,-0.9315,2.7397,False,0.3622,probe_action/probe_paired_delta.json
POC-1B,act,higher,pp,peft_lora_encoder,surgical_intervene_wiseft_f50_encoder,COMP,OURS,1825,1.589,-0.3836,3.5616,1.589,-0.3836,3.5616,False,0.1126,probe_action/probe_paired_delta.json
POC-1B,act,higher,pp,peft_lora_encoder,surgical_intervene_wiseft_f70_encoder,COMP,OURS,1825,1.589,-0.6027,3.7808,1.589,-0.6027,3.7808,False,0.1618,probe_action/probe_paired_delta.json
POC-1B,act,higher,pp,pretrain_encoder,surgery_raw_encoder,COMP,OURS,1825,1.3151,-0.7123,3.3425,1.3151,-0.7123,3.3425,False,0.198,probe_action/probe_paired_delta.json
POC-1B,act,higher,pp,pretrain_encoder,surgical_3stage_DI_diheavy_encoder,COMP,OURS,1825,1.0411,-0.7671,2.7945,1.0411,-0.7671,2.7945,False,0.2582,probe_action/probe_paired_delta.json
POC-1B,act,higher,pp,pretrain_encoder,surgical_3stage_DI_encoder,COMP,OURS,1825,1.6438,-0.274,3.6164,1.6438,-0.274,3.6164,False,0.1038,probe_action/probe_paired_delta.json
POC-1B,act,higher,pp,pretrain_encoder,surgical_3stage_DI_intervene_encoder,COMP,OURS,1825,2.0274,-0.0548,4.1644,2.0274,-0.0548,4.1644,False,0.0628,probe_action/probe_paired_delta.json
POC-1B,act,higher,pp,pretrain_encoder,surgical_autorgn_encoder,COMP,COMP,1825,-0.3836,-2.3562,1.589,-0.3836,-2.3562,1.589,False,0.729,probe_action/probe_paired_delta.json
POC-1B,act,higher,pp,pretrain_encoder,surgical_intervene_wiseft_f30_encoder,COMP,OURS,1825,3.5068,1.589,5.4247,3.5068,1.589,5.4247,True,0.0002,probe_action/probe_paired_delta.json
POC-1B,act,higher,pp,pretrain_encoder,surgical_intervene_wiseft_f50_encoder,COMP,OURS,1825,4.2192,2.0274,6.3562,4.2192,2.0274,6.3562,True,0.0002,probe_action/probe_paired_delta.json
POC-1B,act,higher,pp,pretrain_encoder,surgical_intervene_wiseft_f70_encoder,COMP,OURS,1825,4.2192,2.1918,6.3014,4.2192,2.1918,6.3014,True,0.0002,probe_action/probe_paired_delta.json
POC-1B,act,higher,pp,surgery_raw_encoder,surgical_3stage_DI_diheavy_encoder,OURS,OURS,1825,-0.274,-2.0822,1.5342,-0.274,-2.0822,1.5342,False,0.7754,probe_action/probe_paired_delta.json
POC-1B,act,higher,pp,surgery_raw_encoder,surgical_3stage_DI_encoder,OURS,OURS,1825,0.3288,-1.4247,2.137,0.3288,-1.4247,2.137,False,0.7584,probe_action/probe_paired_delta.json
POC-1B,act,higher,pp,surgery_raw_encoder,surgical_3stage_DI_intervene_encoder,OURS,OURS,1825,0.7123,-0.9315,2.3014,0.7123,-0.9315,2.3014,False,0.417,probe_action/probe_paired_delta.json
POC-1B,act,higher,pp,surgery_raw_encoder,surgical_autorgn_encoder,OURS,COMP,1825,-1.6986,-3.7808,0.3362,-1.6986,-3.7808,0.3362,False,0.1108,probe_action/probe_paired_delta.json
POC-1B,act,higher,pp,surgery_raw_encoder,surgical_intervene_wiseft_f30_encoder,OURS,OURS,1825,2.1918,0.2192,4.1644,2.1918,0.2192,4.1644,True,0.03,probe_action/probe_paired_delta.json
POC-1B,act,higher,pp,surgery_raw_encoder,surgical_intervene_wiseft_f50_encoder,OURS,OURS,1825,2.9041,0.9863,4.8219,2.9041,0.9863,4.8219,True,0.0022,probe_action/probe_paired_delta.json
POC-1B,act,higher,pp,surgery_raw_encoder,surgical_intervene_wiseft_f70_encoder,OURS,OURS,1825,2.9041,0.7123,5.0411,2.9041,0.7123,5.0411,True,0.0102,probe_action/probe_paired_delta.json
POC-1B,act,higher,pp,surgical_3stage_DI_diheavy_encoder,surgical_3stage_DI_encoder,OURS,OURS,1825,0.6027,-1.0411,2.3014,0.6027,-1.0411,2.3014,False,0.5076,probe_action/probe_paired_delta.json
POC-1B,act,higher,pp,surgical_3stage_DI_diheavy_encoder,surgical_3stage_DI_intervene_encoder,OURS,OURS,1825,0.9863,-0.8767,2.7448,0.9863,-0.8767,2.7448,False,0.2904,probe_action/probe_paired_delta.json
POC-1B,act,higher,pp,surgical_3stage_DI_diheavy_encoder,surgical_autorgn_encoder,OURS,COMP,1825,-1.4247,-3.3425,0.4575,-1.4247,-3.3425,0.4575,False,0.15,probe_action/probe_paired_delta.json
POC-1B,act,higher,pp,surgical_3stage_DI_diheavy_encoder,surgical_intervene_wiseft_f30_encoder,OURS,OURS,1825,2.4658,0.6575,4.2192,2.4658,0.6575,4.2192,True,0.0068,probe_action/probe_paired_delta.json
POC-1B,act,higher,pp,surgical_3stage_DI_diheavy_encoder,surgical_intervene_wiseft_f50_encoder,OURS,OURS,1825,3.1781,1.2055,5.0959,3.1781,1.2055,5.0959,True,0.0012,probe_action/probe_paired_delta.json
POC-1B,act,higher,pp,surgical_3stage_DI_diheavy_encoder,surgical_intervene_wiseft_f70_encoder,OURS,OURS,1825,3.1781,1.2055,5.2603,3.1781,1.2055,5.2603,True,0.0008,probe_action/probe_paired_delta.json
POC-1B,act,higher,pp,surgical_3stage_DI_encoder,surgical_3stage_DI_intervene_encoder,OURS,OURS,1825,0.3836,-1.4795,2.2466,0.3836,-1.4795,2.2466,False,0.707,probe_action/probe_paired_delta.json
POC-1B,act,higher,pp,surgical_3stage_DI_encoder,surgical_autorgn_encoder,OURS,COMP,1825,-2.0274,-4.0,-0.1096,-2.0274,-4.0,-0.1096,True,0.0472,probe_action/probe_paired_delta.json
POC-1B,act,higher,pp,surgical_3stage_DI_encoder,surgical_intervene_wiseft_f30_encoder,OURS,OURS,1825,1.863,0.0,3.6164,1.863,0.0,3.6164,False,0.0426,probe_action/probe_paired_delta.json
POC-1B,act,higher,pp,surgical_3stage_DI_encoder,surgical_intervene_wiseft_f50_encoder,OURS,OURS,1825,2.5753,0.5479,4.4932,2.5753,0.5479,4.4932,True,0.0088,probe_action/probe_paired_delta.json
POC-1B,act,higher,pp,surgical_3stage_DI_encoder,surgical_intervene_wiseft_f70_encoder,OURS,OURS,1825,2.5753,0.6027,4.6027,2.5753,0.6027,4.6027,True,0.0116,probe_action/probe_paired_delta.json
POC-1B,act,higher,pp,surgical_3stage_DI_intervene_encoder,surgical_autorgn_encoder,OURS,COMP,1825,-2.411,-4.4932,-0.3836,-2.411,-4.4932,-0.3836,True,0.022,probe_action/probe_paired_delta.json
POC-1B,act,higher,pp,surgical_3stage_DI_intervene_encoder,surgical_intervene_wiseft_f30_encoder,OURS,OURS,1825,1.4795,-0.4384,3.3973,1.4795,-0.4384,3.3973,False,0.1398,probe_action/probe_paired_delta.json
POC-1B,act,higher,pp,surgical_3stage_DI_intervene_encoder,surgical_intervene_wiseft_f50_encoder,OURS,OURS,1825,2.1918,0.274,4.1096,2.1918,0.274,4.1096,True,0.0272,probe_action/probe_paired_delta.json
POC-1B,act,higher,pp,surgical_3stage_DI_intervene_encoder,surgical_intervene_wiseft_f70_encoder,OURS,OURS,1825,2.1918,0.0548,4.3288,2.1918,0.0548,4.3288,True,0.0448,probe_action/probe_paired_delta.json
POC-1B,act,higher,pp,surgical_autorgn_encoder,surgical_intervene_wiseft_f30_encoder,COMP,OURS,1825,3.8904,1.9178,5.9178,3.8904,1.9178,5.9178,True,0.0,probe_action/probe_paired_delta.json
POC-1B,act,higher,pp,surgical_autorgn_encoder,surgical_intervene_wiseft_f50_encoder,COMP,OURS,1825,4.6027,2.411,6.7945,4.6027,2.411,6.7945,True,0.0,probe_action/probe_paired_delta.json
POC-1B,act,higher,pp,surgical_autorgn_encoder,surgical_intervene_wiseft_f70_encoder,COMP,OURS,1825,4.6027,2.6849,6.5753,4.6027,2.6849,6.5753,True,0.0,probe_action/probe_paired_delta.json
POC-1B,act,higher,pp,surgical_intervene_wiseft_f30_encoder,surgical_intervene_wiseft_f50_encoder,OURS,OURS,1825,0.7123,-1.1507,2.5205,0.7123,-1.1507,2.5205,False,0.4718,probe_action/probe_paired_delta.json
POC-1B,act,higher,pp,surgical_intervene_wiseft_f30_encoder,surgical_intervene_wiseft_f70_encoder,OURS,OURS,1825,0.7123,-1.2055,2.6301,0.7123,-1.2055,2.6301,False,0.4886,probe_action/probe_paired_delta.json
POC-1B,act,higher,pp,surgical_intervene_wiseft_f50_encoder,surgical_intervene_wiseft_f70_encoder,OURS,OURS,1825,0.0,-1.9726,2.0274,0.0,-1.9726,2.0274,False,1.0,probe_action/probe_paired_delta.json
POC-1B,mcos,higher,raw,frozen,full_ft_encoder,REF,COMP,1825,-0.082638,-0.0851,-0.080187,-0.082638,-0.0851,-0.080187,True,0.0,probe_motion_cos/probe_motion_cos_paired.json
POC-1B,mcos,higher,raw,frozen,lpft_encoder,REF,COMP,1825,-0.030551,-0.031746,-0.029399,-0.030551,-0.031746,-0.029399,True,0.0,probe_motion_cos/probe_motion_cos_paired.json
POC-1B,mcos,higher,raw,frozen,peft_dora_encoder,REF,COMP,1825,-0.06078,-0.062812,-0.058749,-0.06078,-0.062812,-0.058749,True,0.0,probe_motion_cos/probe_motion_cos_paired.json
POC-1B,mcos,higher,raw,frozen,peft_lora_encoder,REF,COMP,1825,-0.060725,-0.062755,-0.058695,-0.060725,-0.062755,-0.058695,True,0.0,probe_motion_cos/probe_motion_cos_paired.json
POC-1B,mcos,higher,raw,frozen,pretrain_encoder,REF,COMP,1825,-0.047411,-0.049036,-0.045815,-0.047411,-0.049036,-0.045815,True,0.0,probe_motion_cos/probe_motion_cos_paired.json
POC-1B,mcos,higher,raw,frozen,surgery_raw_encoder,REF,OURS,1825,-0.052691,-0.054397,-0.050964,-0.052691,-0.054397,-0.050964,True,0.0,probe_motion_cos/probe_motion_cos_paired.json
POC-1B,mcos,higher,raw,frozen,surgical_3stage_DI_diheavy_encoder,REF,OURS,1825,-0.041107,-0.04261,-0.039656,-0.041107,-0.04261,-0.039656,True,0.0,probe_motion_cos/probe_motion_cos_paired.json
POC-1B,mcos,higher,raw,frozen,surgical_3stage_DI_encoder,REF,OURS,1825,-0.040307,-0.041805,-0.038855,-0.040307,-0.041805,-0.038855,True,0.0,probe_motion_cos/probe_motion_cos_paired.json
POC-1B,mcos,higher,raw,frozen,surgical_3stage_DI_intervene_encoder,REF,OURS,1825,-0.036997,-0.038394,-0.035646,-0.036997,-0.038394,-0.035646,True,0.0,probe_motion_cos/probe_motion_cos_paired.json
POC-1B,mcos,higher,raw,frozen,surgical_autorgn_encoder,REF,COMP,1825,-0.073096,-0.075483,-0.070682,-0.073096,-0.075483,-0.070682,True,0.0,probe_motion_cos/probe_motion_cos_paired.json
POC-1B,mcos,higher,raw,frozen,surgical_intervene_wiseft_f30_encoder,REF,OURS,1825,-0.017264,-0.017983,-0.016598,-0.017264,-0.017983,-0.016598,True,0.0,probe_motion_cos/probe_motion_cos_paired.json
POC-1B,mcos,higher,raw,frozen,surgical_intervene_wiseft_f50_encoder,REF,OURS,1825,-0.009127,-0.009555,-0.008727,-0.009127,-0.009555,-0.008727,True,0.0,probe_motion_cos/probe_motion_cos_paired.json
POC-1B,mcos,higher,raw,frozen,surgical_intervene_wiseft_f70_encoder,REF,OURS,1825,-0.004101,-0.004347,-0.003875,-0.004101,-0.004347,-0.003875,True,0.0,probe_motion_cos/probe_motion_cos_paired.json
POC-1B,mcos,higher,raw,full_ft_encoder,lpft_encoder,COMP,COMP,1825,0.052087,0.050565,0.053599,0.052087,0.050565,0.053599,True,0.0,probe_motion_cos/probe_motion_cos_paired.json
POC-1B,mcos,higher,raw,full_ft_encoder,peft_dora_encoder,COMP,COMP,1825,0.021858,0.020789,0.022946,0.021858,0.020789,0.022946,True,0.0,probe_motion_cos/probe_motion_cos_paired.json
POC-1B,mcos,higher,raw,full_ft_encoder,peft_lora_encoder,COMP,COMP,1825,0.021913,0.020841,0.023,0.021913,0.020841,0.023,True,0.0,probe_motion_cos/probe_motion_cos_paired.json
POC-1B,mcos,higher,raw,full_ft_encoder,pretrain_encoder,COMP,COMP,1825,0.035228,0.034032,0.036425,0.035228,0.034032,0.036425,True,0.0,probe_motion_cos/probe_motion_cos_paired.json
POC-1B,mcos,higher,raw,full_ft_encoder,surgery_raw_encoder,COMP,OURS,1825,0.029948,0.028835,0.031068,0.029948,0.028835,0.031068,True,0.0,probe_motion_cos/probe_motion_cos_paired.json
POC-1B,mcos,higher,raw,full_ft_encoder,surgical_3stage_DI_diheavy_encoder,COMP,OURS,1825,0.041532,0.040246,0.042828,0.041532,0.040246,0.042828,True,0.0,probe_motion_cos/probe_motion_cos_paired.json
POC-1B,mcos,higher,raw,full_ft_encoder,surgical_3stage_DI_encoder,COMP,OURS,1825,0.042332,0.041049,0.04362,0.042332,0.041049,0.04362,True,0.0,probe_motion_cos/probe_motion_cos_paired.json
POC-1B,mcos,higher,raw,full_ft_encoder,surgical_3stage_DI_intervene_encoder,COMP,OURS,1825,0.045641,0.044281,0.046989,0.045641,0.044281,0.046989,True,0.0,probe_motion_cos/probe_motion_cos_paired.json
POC-1B,mcos,higher,raw,full_ft_encoder,surgical_autorgn_encoder,COMP,COMP,1825,0.009542,0.008858,0.010264,0.009542,0.008858,0.010264,True,0.0,probe_motion_cos/probe_motion_cos_paired.json
POC-1B,mcos,higher,raw,full_ft_encoder,surgical_intervene_wiseft_f30_encoder,COMP,OURS,1825,0.065374,0.063472,0.06726,0.065374,0.063472,0.06726,True,0.0,probe_motion_cos/probe_motion_cos_paired.json
POC-1B,mcos,higher,raw,full_ft_encoder,surgical_intervene_wiseft_f50_encoder,COMP,OURS,1825,0.073512,0.07137,0.075682,0.073512,0.07137,0.075682,True,0.0,probe_motion_cos/probe_motion_cos_paired.json
POC-1B,mcos,higher,raw,full_ft_encoder,surgical_intervene_wiseft_f70_encoder,COMP,OURS,1825,0.078537,0.076232,0.080862,0.078537,0.076232,0.080862,True,0.0,probe_motion_cos/probe_motion_cos_paired.json
POC-1B,mcos,higher,raw,lpft_encoder,peft_dora_encoder,COMP,COMP,1825,-0.030229,-0.031196,-0.029235,-0.030229,-0.031196,-0.029235,True,0.0,probe_motion_cos/probe_motion_cos_paired.json
POC-1B,mcos,higher,raw,lpft_encoder,peft_lora_encoder,COMP,COMP,1825,-0.030174,-0.031142,-0.029182,-0.030174,-0.031142,-0.029182,True,0.0,probe_motion_cos/probe_motion_cos_paired.json
POC-1B,mcos,higher,raw,lpft_encoder,pretrain_encoder,COMP,COMP,1825,-0.01686,-0.017584,-0.01613,-0.01686,-0.017584,-0.01613,True,0.0,probe_motion_cos/probe_motion_cos_paired.json
POC-1B,mcos,higher,raw,lpft_encoder,surgery_raw_encoder,COMP,OURS,1825,-0.02214,-0.022836,-0.021424,-0.02214,-0.022836,-0.021424,True,0.0,probe_motion_cos/probe_motion_cos_paired.json
POC-1B,mcos,higher,raw,lpft_encoder,surgical_3stage_DI_diheavy_encoder,COMP,OURS,1825,-0.010556,-0.010963,-0.010159,-0.010556,-0.010963,-0.010159,True,0.0,probe_motion_cos/probe_motion_cos_paired.json
POC-1B,mcos,higher,raw,lpft_encoder,surgical_3stage_DI_encoder,COMP,OURS,1825,-0.009756,-0.01014,-0.009393,-0.009756,-0.01014,-0.009393,True,0.0,probe_motion_cos/probe_motion_cos_paired.json
POC-1B,mcos,higher,raw,lpft_encoder,surgical_3stage_DI_intervene_encoder,COMP,OURS,1825,-0.006446,-0.00676,-0.00615,-0.006446,-0.00676,-0.00615,True,0.0,probe_motion_cos/probe_motion_cos_paired.json
POC-1B,mcos,higher,raw,lpft_encoder,surgical_autorgn_encoder,COMP,COMP,1825,-0.042545,-0.043962,-0.04108,-0.042545,-0.043962,-0.04108,True,0.0,probe_motion_cos/probe_motion_cos_paired.json
POC-1B,mcos,higher,raw,lpft_encoder,surgical_intervene_wiseft_f30_encoder,COMP,OURS,1825,0.013287,0.012689,0.013879,0.013287,0.012689,0.013879,True,0.0,probe_motion_cos/probe_motion_cos_paired.json
POC-1B,mcos,higher,raw,lpft_encoder,surgical_intervene_wiseft_f50_encoder,COMP,OURS,1825,0.021424,0.020554,0.022302,0.021424,0.020554,0.022302,True,0.0,probe_motion_cos/probe_motion_cos_paired.json
POC-1B,mcos,higher,raw,lpft_encoder,surgical_intervene_wiseft_f70_encoder,COMP,OURS,1825,0.02645,0.025407,0.027486,0.02645,0.025407,0.027486,True,0.0,probe_motion_cos/probe_motion_cos_paired.json
POC-1B,mcos,higher,raw,peft_dora_encoder,peft_lora_encoder,COMP,COMP,1825,5.5e-05,4.2e-05,6.9e-05,5.5e-05,4.2e-05,6.9e-05,True,0.0,probe_motion_cos/probe_motion_cos_paired.json
POC-1B,mcos,higher,raw,peft_dora_encoder,pretrain_encoder,COMP,COMP,1825,0.013369,0.012625,0.014135,0.013369,0.012625,0.014135,True,0.0,probe_motion_cos/probe_motion_cos_paired.json
POC-1B,mcos,higher,raw,peft_dora_encoder,surgery_raw_encoder,COMP,OURS,1825,0.008089,0.007587,0.008561,0.008089,0.007587,0.008561,True,0.0,probe_motion_cos/probe_motion_cos_paired.json
POC-1B,mcos,higher,raw,peft_dora_encoder,surgical_3stage_DI_diheavy_encoder,COMP,OURS,1825,0.019673,0.018992,0.020334,0.019673,0.018992,0.020334,True,0.0,probe_motion_cos/probe_motion_cos_paired.json
POC-1B,mcos,higher,raw,peft_dora_encoder,surgical_3stage_DI_encoder,COMP,OURS,1825,0.020473,0.019748,0.021159,0.020473,0.019748,0.021159,True,0.0,probe_motion_cos/probe_motion_cos_paired.json
POC-1B,mcos,higher,raw,peft_dora_encoder,surgical_3stage_DI_intervene_encoder,COMP,OURS,1825,0.023783,0.022945,0.024583,0.023783,0.022945,0.024583,True,0.0,probe_motion_cos/probe_motion_cos_paired.json
POC-1B,mcos,higher,raw,peft_dora_encoder,surgical_autorgn_encoder,COMP,COMP,1825,-0.012316,-0.013258,-0.011413,-0.012316,-0.013258,-0.011413,True,0.0,probe_motion_cos/probe_motion_cos_paired.json
POC-1B,mcos,higher,raw,peft_dora_encoder,surgical_intervene_wiseft_f30_encoder,COMP,OURS,1825,0.043516,0.042018,0.044981,0.043516,0.042018,0.044981,True,0.0,probe_motion_cos/probe_motion_cos_paired.json
POC-1B,mcos,higher,raw,peft_dora_encoder,surgical_intervene_wiseft_f50_encoder,COMP,OURS,1825,0.051653,0.049891,0.053396,0.051653,0.049891,0.053396,True,0.0,probe_motion_cos/probe_motion_cos_paired.json
POC-1B,mcos,higher,raw,peft_dora_encoder,surgical_intervene_wiseft_f70_encoder,COMP,OURS,1825,0.056679,0.054764,0.058599,0.056679,0.054764,0.058599,True,0.0,probe_motion_cos/probe_motion_cos_paired.json
POC-1B,mcos,higher,raw,peft_lora_encoder,pretrain_encoder,COMP,COMP,1825,0.013314,0.012572,0.01408,0.013314,0.012572,0.01408,True,0.0,probe_motion_cos/probe_motion_cos_paired.json
POC-1B,mcos,higher,raw,peft_lora_encoder,surgery_raw_encoder,COMP,OURS,1825,0.008035,0.007536,0.008508,0.008035,0.007536,0.008508,True,0.0,probe_motion_cos/probe_motion_cos_paired.json
POC-1B,mcos,higher,raw,peft_lora_encoder,surgical_3stage_DI_diheavy_encoder,COMP,OURS,1825,0.019618,0.018937,0.020275,0.019618,0.018937,0.020275,True,0.0,probe_motion_cos/probe_motion_cos_paired.json
POC-1B,mcos,higher,raw,peft_lora_encoder,surgical_3stage_DI_encoder,COMP,OURS,1825,0.020418,0.019694,0.021102,0.020418,0.019694,0.021102,True,0.0,probe_motion_cos/probe_motion_cos_paired.json
POC-1B,mcos,higher,raw,peft_lora_encoder,surgical_3stage_DI_intervene_encoder,COMP,OURS,1825,0.023728,0.022893,0.024527,0.023728,0.022893,0.024527,True,0.0,probe_motion_cos/probe_motion_cos_paired.json
POC-1B,mcos,higher,raw,peft_lora_encoder,surgical_autorgn_encoder,COMP,COMP,1825,-0.012371,-0.013319,-0.011466,-0.012371,-0.013319,-0.011466,True,0.0,probe_motion_cos/probe_motion_cos_paired.json
POC-1B,mcos,higher,raw,peft_lora_encoder,surgical_intervene_wiseft_f30_encoder,COMP,OURS,1825,0.043461,0.041962,0.044927,0.043461,0.041962,0.044927,True,0.0,probe_motion_cos/probe_motion_cos_paired.json
POC-1B,mcos,higher,raw,peft_lora_encoder,surgical_intervene_wiseft_f50_encoder,COMP,OURS,1825,0.051598,0.04984,0.053343,0.051598,0.04984,0.053343,True,0.0,probe_motion_cos/probe_motion_cos_paired.json
POC-1B,mcos,higher,raw,peft_lora_encoder,surgical_intervene_wiseft_f70_encoder,COMP,OURS,1825,0.056624,0.054712,0.05854,0.056624,0.054712,0.05854,True,0.0,probe_motion_cos/probe_motion_cos_paired.json
POC-1B,mcos,higher,raw,pretrain_encoder,surgery_raw_encoder,COMP,OURS,1825,-0.00528,-0.005914,-0.004688,-0.00528,-0.005914,-0.004688,True,0.0,probe_motion_cos/probe_motion_cos_paired.json
POC-1B,mcos,higher,raw,pretrain_encoder,surgical_3stage_DI_diheavy_encoder,COMP,OURS,1825,0.006304,0.005737,0.006848,0.006304,0.005737,0.006848,True,0.0,probe_motion_cos/probe_motion_cos_paired.json
POC-1B,mcos,higher,raw,pretrain_encoder,surgical_3stage_DI_encoder,COMP,OURS,1825,0.007104,0.006497,0.007675,0.007104,0.006497,0.007675,True,0.0,probe_motion_cos/probe_motion_cos_paired.json
POC-1B,mcos,higher,raw,pretrain_encoder,surgical_3stage_DI_intervene_encoder,COMP,OURS,1825,0.010414,0.009783,0.011051,0.010414,0.009783,0.011051,True,0.0,probe_motion_cos/probe_motion_cos_paired.json
POC-1B,mcos,higher,raw,pretrain_encoder,surgical_autorgn_encoder,COMP,COMP,1825,-0.025686,-0.026779,-0.024573,-0.025686,-0.026779,-0.024573,True,0.0,probe_motion_cos/probe_motion_cos_paired.json
POC-1B,mcos,higher,raw,pretrain_encoder,surgical_intervene_wiseft_f30_encoder,COMP,OURS,1825,0.030146,0.029068,0.031238,0.030146,0.029068,0.031238,True,0.0,probe_motion_cos/probe_motion_cos_paired.json
POC-1B,mcos,higher,raw,pretrain_encoder,surgical_intervene_wiseft_f50_encoder,COMP,OURS,1825,0.038284,0.036971,0.03964,0.038284,0.036971,0.03964,True,0.0,probe_motion_cos/probe_motion_cos_paired.json
POC-1B,mcos,higher,raw,pretrain_encoder,surgical_intervene_wiseft_f70_encoder,COMP,OURS,1825,0.043309,0.041823,0.044811,0.043309,0.041823,0.044811,True,0.0,probe_motion_cos/probe_motion_cos_paired.json
POC-1B,mcos,higher,raw,surgery_raw_encoder,surgical_3stage_DI_diheavy_encoder,OURS,OURS,1825,0.011584,0.011176,0.011991,0.011584,0.011176,0.011991,True,0.0,probe_motion_cos/probe_motion_cos_paired.json
POC-1B,mcos,higher,raw,surgery_raw_encoder,surgical_3stage_DI_encoder,OURS,OURS,1825,0.012384,0.011949,0.012803,0.012384,0.011949,0.012803,True,0.0,probe_motion_cos/probe_motion_cos_paired.json
POC-1B,mcos,higher,raw,surgery_raw_encoder,surgical_3stage_DI_intervene_encoder,OURS,OURS,1825,0.015694,0.015162,0.016196,0.015694,0.015162,0.016196,True,0.0,probe_motion_cos/probe_motion_cos_paired.json
POC-1B,mcos,higher,raw,surgery_raw_encoder,surgical_autorgn_encoder,OURS,COMP,1825,-0.020406,-0.021409,-0.019395,-0.020406,-0.021409,-0.019395,True,0.0,probe_motion_cos/probe_motion_cos_paired.json
POC-1B,mcos,higher,raw,surgery_raw_encoder,surgical_intervene_wiseft_f30_encoder,OURS,OURS,1825,0.035426,0.034266,0.036554,0.035426,0.034266,0.036554,True,0.0,probe_motion_cos/probe_motion_cos_paired.json
POC-1B,mcos,higher,raw,surgery_raw_encoder,surgical_intervene_wiseft_f50_encoder,OURS,OURS,1825,0.043564,0.042155,0.044967,0.043564,0.042155,0.044967,True,0.0,probe_motion_cos/probe_motion_cos_paired.json
POC-1B,mcos,higher,raw,surgery_raw_encoder,surgical_intervene_wiseft_f70_encoder,OURS,OURS,1825,0.048589,0.046999,0.050165,0.048589,0.046999,0.050165,True,0.0,probe_motion_cos/probe_motion_cos_paired.json
POC-1B,mcos,higher,raw,surgical_3stage_DI_diheavy_encoder,surgical_3stage_DI_encoder,OURS,OURS,1825,0.0008,0.000656,0.000944,0.0008,0.000656,0.000944,True,0.0,probe_motion_cos/probe_motion_cos_paired.json
POC-1B,mcos,higher,raw,surgical_3stage_DI_diheavy_encoder,surgical_3stage_DI_intervene_encoder,OURS,OURS,1825,0.00411,0.003877,0.004346,0.00411,0.003877,0.004346,True,0.0,probe_motion_cos/probe_motion_cos_paired.json
POC-1B,mcos,higher,raw,surgical_3stage_DI_diheavy_encoder,surgical_autorgn_encoder,OURS,COMP,1825,-0.03199,-0.033176,-0.030794,-0.03199,-0.033176,-0.030794,True,0.0,probe_motion_cos/probe_motion_cos_paired.json
POC-1B,mcos,higher,raw,surgical_3stage_DI_diheavy_encoder,surgical_intervene_wiseft_f30_encoder,OURS,OURS,1825,0.023842,0.022959,0.02472,0.023842,0.022959,0.02472,True,0.0,probe_motion_cos/probe_motion_cos_paired.json
POC-1B,mcos,higher,raw,surgical_3stage_DI_diheavy_encoder,surgical_intervene_wiseft_f50_encoder,OURS,OURS,1825,0.03198,0.03081,0.033165,0.03198,0.03081,0.033165,True,0.0,probe_motion_cos/probe_motion_cos_paired.json
POC-1B,mcos,higher,raw,surgical_3stage_DI_diheavy_encoder,surgical_intervene_wiseft_f70_encoder,OURS,OURS,1825,0.037005,0.035672,0.038373,0.037005,0.035672,0.038373,True,0.0,probe_motion_cos/probe_motion_cos_paired.json
POC-1B,mcos,higher,raw,surgical_3stage_DI_encoder,surgical_3stage_DI_intervene_encoder,OURS,OURS,1825,0.00331,0.003139,0.003486,0.00331,0.003139,0.003486,True,0.0,probe_motion_cos/probe_motion_cos_paired.json
POC-1B,mcos,higher,raw,surgical_3stage_DI_encoder,surgical_autorgn_encoder,OURS,COMP,1825,-0.03279,-0.033962,-0.031583,-0.03279,-0.033962,-0.031583,True,0.0,probe_motion_cos/probe_motion_cos_paired.json
POC-1B,mcos,higher,raw,surgical_3stage_DI_encoder,surgical_intervene_wiseft_f30_encoder,OURS,OURS,1825,0.023043,0.022184,0.023909,0.023043,0.022184,0.023909,True,0.0,probe_motion_cos/probe_motion_cos_paired.json
POC-1B,mcos,higher,raw,surgical_3stage_DI_encoder,surgical_intervene_wiseft_f50_encoder,OURS,OURS,1825,0.03118,0.030037,0.032339,0.03118,0.030037,0.032339,True,0.0,probe_motion_cos/probe_motion_cos_paired.json
POC-1B,mcos,higher,raw,surgical_3stage_DI_encoder,surgical_intervene_wiseft_f70_encoder,OURS,OURS,1825,0.036205,0.034882,0.037553,0.036205,0.034882,0.037553,True,0.0,probe_motion_cos/probe_motion_cos_paired.json
POC-1B,mcos,higher,raw,surgical_3stage_DI_intervene_encoder,surgical_autorgn_encoder,OURS,COMP,1825,-0.036099,-0.037341,-0.034819,-0.036099,-0.037341,-0.034819,True,0.0,probe_motion_cos/probe_motion_cos_paired.json
POC-1B,mcos,higher,raw,surgical_3stage_DI_intervene_encoder,surgical_intervene_wiseft_f30_encoder,OURS,OURS,1825,0.019733,0.018975,0.020485,0.019733,0.018975,0.020485,True,0.0,probe_motion_cos/probe_motion_cos_paired.json
POC-1B,mcos,higher,raw,surgical_3stage_DI_intervene_encoder,surgical_intervene_wiseft_f50_encoder,OURS,OURS,1825,0.02787,0.026828,0.028923,0.02787,0.026828,0.028923,True,0.0,probe_motion_cos/probe_motion_cos_paired.json
POC-1B,mcos,higher,raw,surgical_3stage_DI_intervene_encoder,surgical_intervene_wiseft_f70_encoder,OURS,OURS,1825,0.032896,0.031687,0.034138,0.032896,0.031687,0.034138,True,0.0,probe_motion_cos/probe_motion_cos_paired.json
POC-1B,mcos,higher,raw,surgical_autorgn_encoder,surgical_intervene_wiseft_f30_encoder,COMP,OURS,1825,0.055832,0.053964,0.057661,0.055832,0.053964,0.057661,True,0.0,probe_motion_cos/probe_motion_cos_paired.json
POC-1B,mcos,higher,raw,surgical_autorgn_encoder,surgical_intervene_wiseft_f50_encoder,COMP,OURS,1825,0.06397,0.06186,0.066061,0.06397,0.06186,0.066061,True,0.0,probe_motion_cos/probe_motion_cos_paired.json
POC-1B,mcos,higher,raw,surgical_autorgn_encoder,surgical_intervene_wiseft_f70_encoder,COMP,OURS,1825,0.068995,0.066724,0.071254,0.068995,0.066724,0.071254,True,0.0,probe_motion_cos/probe_motion_cos_paired.json
POC-1B,mcos,higher,raw,surgical_intervene_wiseft_f30_encoder,surgical_intervene_wiseft_f50_encoder,OURS,OURS,1825,0.008138,0.007837,0.008458,0.008138,0.007837,0.008458,True,0.0,probe_motion_cos/probe_motion_cos_paired.json
POC-1B,mcos,higher,raw,surgical_intervene_wiseft_f30_encoder,surgical_intervene_wiseft_f70_encoder,OURS,OURS,1825,0.013163,0.012671,0.013687,0.013163,0.012671,0.013687,True,0.0,probe_motion_cos/probe_motion_cos_paired.json
POC-1B,mcos,higher,raw,surgical_intervene_wiseft_f50_encoder,surgical_intervene_wiseft_f70_encoder,OURS,OURS,1825,0.005025,0.004828,0.00524,0.005025,0.004828,0.00524,True,0.0,probe_motion_cos/probe_motion_cos_paired.json
POC-1B,fut,lower,raw,frozen,pretrain_encoder,REF,COMP,1825,0.029597,0.028753,0.030393,-0.029597,-0.028753,-0.030393,True,0.0,probe_future_mse/probe_future_mse_per_variant.json
POC-1B,fut,lower,raw,frozen,surgical_3stage_DI_encoder,REF,OURS,1825,0.045482,0.044664,0.046257,-0.045482,-0.044664,-0.046257,True,0.0,probe_future_mse/probe_future_mse_per_variant.json
POC-1B,fut,lower,raw,frozen,surgical_autorgn_encoder,REF,COMP,1825,0.025577,0.024734,0.026395,-0.025577,-0.024734,-0.026395,True,0.0,probe_future_mse/probe_future_mse_per_variant.json
POC-1B,fut,lower,raw,frozen,surgery_raw_encoder,REF,OURS,1825,0.04968,0.048929,0.050454,-0.04968,-0.048929,-0.050454,True,0.0,probe_future_mse/probe_future_mse_per_variant.json
POC-1B,fut,lower,raw,frozen,full_ft_encoder,REF,COMP,1825,0.009242,0.008366,0.0101,-0.009242,-0.008366,-0.0101,True,0.0,probe_future_mse/probe_future_mse_per_variant.json
POC-1B,fut,lower,raw,frozen,lpft_encoder,REF,COMP,1825,0.013443,0.012619,0.014258,-0.013443,-0.012619,-0.014258,True,0.0,probe_future_mse/probe_future_mse_per_variant.json
POC-1B,fut,lower,raw,frozen,peft_lora_encoder,REF,COMP,1825,0.041101,0.040287,0.041911,-0.041101,-0.040287,-0.041911,True,0.0,probe_future_mse/probe_future_mse_per_variant.json
POC-1B,fut,lower,raw,frozen,peft_dora_encoder,REF,COMP,1825,0.040883,0.040127,0.041658,-0.040883,-0.040127,-0.041658,True,0.0,probe_future_mse/probe_future_mse_per_variant.json
POC-1B,fut,lower,raw,frozen,surgical_3stage_DI_diheavy_encoder,REF,OURS,1825,0.047,0.046209,0.047782,-0.047,-0.046209,-0.047782,True,0.0,probe_future_mse/probe_future_mse_per_variant.json
POC-1B,fut,lower,raw,frozen,surgical_3stage_DI_intervene_encoder,REF,OURS,1825,0.045482,0.044681,0.046269,-0.045482,-0.044681,-0.046269,True,0.0,probe_future_mse/probe_future_mse_per_variant.json
POC-1B,fut,lower,raw,frozen,surgical_intervene_wiseft_f30_encoder,REF,OURS,1825,0.037338,0.036608,0.038077,-0.037338,-0.036608,-0.038077,True,0.0,probe_future_mse/probe_future_mse_per_variant.json
POC-1B,fut,lower,raw,frozen,surgical_intervene_wiseft_f50_encoder,REF,OURS,1825,0.029382,0.028617,0.030116,-0.029382,-0.028617,-0.030116,True,0.0,probe_future_mse/probe_future_mse_per_variant.json
POC-1B,fut,lower,raw,frozen,surgical_intervene_wiseft_f70_encoder,REF,OURS,1825,0.019852,0.019125,0.020576,-0.019852,-0.019125,-0.020576,True,0.0,probe_future_mse/probe_future_mse_per_variant.json
POC-1B,fut,lower,raw,pretrain_encoder,surgical_3stage_DI_encoder,COMP,OURS,1825,0.015885,0.015118,0.016652,-0.015885,-0.015118,-0.016652,True,0.0,probe_future_mse/probe_future_mse_per_variant.json
POC-1B,fut,lower,raw,pretrain_encoder,surgical_autorgn_encoder,COMP,COMP,1825,-0.00402,-0.00473,-0.003288,0.00402,0.00473,0.003288,True,0.0,probe_future_mse/probe_future_mse_per_variant.json
POC-1B,fut,lower,raw,pretrain_encoder,surgery_raw_encoder,COMP,OURS,1825,0.020083,0.019325,0.02083,-0.020083,-0.019325,-0.02083,True,0.0,probe_future_mse/probe_future_mse_per_variant.json
POC-1B,fut,lower,raw,pretrain_encoder,full_ft_encoder,COMP,COMP,1825,-0.020355,-0.021066,-0.01965,0.020355,0.021066,0.01965,True,0.0,probe_future_mse/probe_future_mse_per_variant.json
POC-1B,fut,lower,raw,pretrain_encoder,lpft_encoder,COMP,COMP,1825,-0.016154,-0.016894,-0.015396,0.016154,0.016894,0.015396,True,0.0,probe_future_mse/probe_future_mse_per_variant.json
POC-1B,fut,lower,raw,pretrain_encoder,peft_lora_encoder,COMP,COMP,1825,0.011504,0.01074,0.012267,-0.011504,-0.01074,-0.012267,True,0.0,probe_future_mse/probe_future_mse_per_variant.json
POC-1B,fut,lower,raw,pretrain_encoder,peft_dora_encoder,COMP,COMP,1825,0.011286,0.010518,0.012062,-0.011286,-0.010518,-0.012062,True,0.0,probe_future_mse/probe_future_mse_per_variant.json
POC-1B,fut,lower,raw,pretrain_encoder,surgical_3stage_DI_diheavy_encoder,COMP,OURS,1825,0.017403,0.016645,0.018161,-0.017403,-0.016645,-0.018161,True,0.0,probe_future_mse/probe_future_mse_per_variant.json
POC-1B,fut,lower,raw,pretrain_encoder,surgical_3stage_DI_intervene_encoder,COMP,OURS,1825,0.015885,0.015176,0.016602,-0.015885,-0.015176,-0.016602,True,0.0,probe_future_mse/probe_future_mse_per_variant.json
POC-1B,fut,lower,raw,pretrain_encoder,surgical_intervene_wiseft_f30_encoder,COMP,OURS,1825,0.007741,0.006978,0.008508,-0.007741,-0.006978,-0.008508,True,0.0,probe_future_mse/probe_future_mse_per_variant.json
POC-1B,fut,lower,raw,pretrain_encoder,surgical_intervene_wiseft_f50_encoder,COMP,OURS,1825,-0.000215,-0.001023,0.000552,0.000215,0.001023,-0.000552,True,0.6048,probe_future_mse/probe_future_mse_per_variant.json
POC-1B,fut,lower,raw,pretrain_encoder,surgical_intervene_wiseft_f70_encoder,COMP,OURS,1825,-0.009745,-0.010542,-0.008932,0.009745,0.010542,0.008932,True,0.0,probe_future_mse/probe_future_mse_per_variant.json
POC-1B,fut,lower,raw,surgical_3stage_DI_encoder,surgical_autorgn_encoder,OURS,COMP,1825,-0.019905,-0.0207,-0.019138,0.019905,0.0207,0.019138,True,0.0,probe_future_mse/probe_future_mse_per_variant.json
POC-1B,fut,lower,raw,surgical_3stage_DI_encoder,surgery_raw_encoder,OURS,OURS,1825,0.004198,0.003492,0.004903,-0.004198,-0.003492,-0.004903,True,0.0,probe_future_mse/probe_future_mse_per_variant.json
POC-1B,fut,lower,raw,surgical_3stage_DI_encoder,full_ft_encoder,OURS,COMP,1825,-0.03624,-0.037061,-0.035415,0.03624,0.037061,0.035415,True,0.0,probe_future_mse/probe_future_mse_per_variant.json
POC-1B,fut,lower,raw,surgical_3stage_DI_encoder,lpft_encoder,OURS,COMP,1825,-0.03204,-0.032847,-0.03127,0.03204,0.032847,0.03127,True,0.0,probe_future_mse/probe_future_mse_per_variant.json
POC-1B,fut,lower,raw,surgical_3stage_DI_encoder,peft_lora_encoder,OURS,COMP,1825,-0.004381,-0.005178,-0.003608,0.004381,0.005178,0.003608,True,0.0,probe_future_mse/probe_future_mse_per_variant.json
POC-1B,fut,lower,raw,surgical_3stage_DI_encoder,peft_dora_encoder,OURS,COMP,1825,-0.004599,-0.00537,-0.003828,0.004599,0.00537,0.003828,True,0.0,probe_future_mse/probe_future_mse_per_variant.json
POC-1B,fut,lower,raw,surgical_3stage_DI_encoder,surgical_3stage_DI_diheavy_encoder,OURS,OURS,1825,0.001518,0.000807,0.002219,-0.001518,-0.000807,-0.002219,True,0.0,probe_future_mse/probe_future_mse_per_variant.json
POC-1B,fut,lower,raw,surgical_3stage_DI_encoder,surgical_3stage_DI_intervene_encoder,OURS,OURS,1825,-1e-06,-0.000687,0.000692,1e-06,0.000687,-0.000692,True,1.0,probe_future_mse/probe_future_mse_per_variant.json
POC-1B,fut,lower,raw,surgical_3stage_DI_encoder,surgical_intervene_wiseft_f30_encoder,OURS,OURS,1825,-0.008144,-0.008835,-0.007462,0.008144,0.008835,0.007462,True,0.0,probe_future_mse/probe_future_mse_per_variant.json
POC-1B,fut,lower,raw,surgical_3stage_DI_encoder,surgical_intervene_wiseft_f50_encoder,OURS,OURS,1825,-0.016101,-0.016817,-0.01533,0.016101,0.016817,0.01533,True,0.0,probe_future_mse/probe_future_mse_per_variant.json
POC-1B,fut,lower,raw,surgical_3stage_DI_encoder,surgical_intervene_wiseft_f70_encoder,OURS,OURS,1825,-0.025631,-0.026392,-0.024905,0.025631,0.026392,0.024905,True,0.0,probe_future_mse/probe_future_mse_per_variant.json
POC-1B,fut,lower,raw,surgical_autorgn_encoder,surgery_raw_encoder,COMP,OURS,1825,0.024103,0.023324,0.024876,-0.024103,-0.023324,-0.024876,True,0.0,probe_future_mse/probe_future_mse_per_variant.json
POC-1B,fut,lower,raw,surgical_autorgn_encoder,full_ft_encoder,COMP,COMP,1825,-0.016335,-0.017038,-0.015621,0.016335,0.017038,0.015621,True,0.0,probe_future_mse/probe_future_mse_per_variant.json
POC-1B,fut,lower,raw,surgical_autorgn_encoder,lpft_encoder,COMP,COMP,1825,-0.012134,-0.012856,-0.011437,0.012134,0.012856,0.011437,True,0.0,probe_future_mse/probe_future_mse_per_variant.json
POC-1B,fut,lower,raw,surgical_autorgn_encoder,peft_lora_encoder,COMP,COMP,1825,0.015524,0.01479,0.016259,-0.015524,-0.01479,-0.016259,True,0.0,probe_future_mse/probe_future_mse_per_variant.json
POC-1B,fut,lower,raw,surgical_autorgn_encoder,peft_dora_encoder,COMP,COMP,1825,0.015306,0.014596,0.016016,-0.015306,-0.014596,-0.016016,True,0.0,probe_future_mse/probe_future_mse_per_variant.json
POC-1B,fut,lower,raw,surgical_autorgn_encoder,surgical_3stage_DI_diheavy_encoder,COMP,OURS,1825,0.021423,0.020665,0.022197,-0.021423,-0.020665,-0.022197,True,0.0,probe_future_mse/probe_future_mse_per_variant.json
POC-1B,fut,lower,raw,surgical_autorgn_encoder,surgical_3stage_DI_intervene_encoder,COMP,OURS,1825,0.019905,0.019164,0.020661,-0.019905,-0.019164,-0.020661,True,0.0,probe_future_mse/probe_future_mse_per_variant.json
POC-1B,fut,lower,raw,surgical_autorgn_encoder,surgical_intervene_wiseft_f30_encoder,COMP,OURS,1825,0.011761,0.01099,0.012571,-0.011761,-0.01099,-0.012571,True,0.0,probe_future_mse/probe_future_mse_per_variant.json
POC-1B,fut,lower,raw,surgical_autorgn_encoder,surgical_intervene_wiseft_f50_encoder,COMP,OURS,1825,0.003805,0.003024,0.004599,-0.003805,-0.003024,-0.004599,True,0.0,probe_future_mse/probe_future_mse_per_variant.json
POC-1B,fut,lower,raw,surgical_autorgn_encoder,surgical_intervene_wiseft_f70_encoder,COMP,OURS,1825,-0.005725,-0.00652,-0.004926,0.005725,0.00652,0.004926,True,0.0,probe_future_mse/probe_future_mse_per_variant.json
POC-1B,fut,lower,raw,surgery_raw_encoder,full_ft_encoder,OURS,COMP,1825,-0.040438,-0.041238,-0.039609,0.040438,0.041238,0.039609,True,0.0,probe_future_mse/probe_future_mse_per_variant.json
POC-1B,fut,lower,raw,surgery_raw_encoder,lpft_encoder,OURS,COMP,1825,-0.036238,-0.036988,-0.035487,0.036238,0.036988,0.035487,True,0.0,probe_future_mse/probe_future_mse_per_variant.json
POC-1B,fut,lower,raw,surgery_raw_encoder,peft_lora_encoder,OURS,COMP,1825,-0.008579,-0.009331,-0.007844,0.008579,0.009331,0.007844,True,0.0,probe_future_mse/probe_future_mse_per_variant.json
POC-1B,fut,lower,raw,surgery_raw_encoder,peft_dora_encoder,OURS,COMP,1825,-0.008797,-0.009523,-0.008055,0.008797,0.009523,0.008055,True,0.0,probe_future_mse/probe_future_mse_per_variant.json
POC-1B,fut,lower,raw,surgery_raw_encoder,surgical_3stage_DI_diheavy_encoder,OURS,OURS,1825,-0.002681,-0.003369,-0.001981,0.002681,0.003369,0.001981,True,0.0,probe_future_mse/probe_future_mse_per_variant.json
POC-1B,fut,lower,raw,surgery_raw_encoder,surgical_3stage_DI_intervene_encoder,OURS,OURS,1825,-0.004199,-0.004912,-0.003497,0.004199,0.004912,0.003497,True,0.0,probe_future_mse/probe_future_mse_per_variant.json
POC-1B,fut,lower,raw,surgery_raw_encoder,surgical_intervene_wiseft_f30_encoder,OURS,OURS,1825,-0.012342,-0.013061,-0.011607,0.012342,0.013061,0.011607,True,0.0,probe_future_mse/probe_future_mse_per_variant.json
POC-1B,fut,lower,raw,surgery_raw_encoder,surgical_intervene_wiseft_f50_encoder,OURS,OURS,1825,-0.020299,-0.02103,-0.019603,0.020299,0.02103,0.019603,True,0.0,probe_future_mse/probe_future_mse_per_variant.json
POC-1B,fut,lower,raw,surgery_raw_encoder,surgical_intervene_wiseft_f70_encoder,OURS,OURS,1825,-0.029829,-0.030543,-0.029106,0.029829,0.030543,0.029106,True,0.0,probe_future_mse/probe_future_mse_per_variant.json
POC-1B,fut,lower,raw,full_ft_encoder,lpft_encoder,COMP,COMP,1825,0.004201,0.003476,0.004907,-0.004201,-0.003476,-0.004907,True,0.0,probe_future_mse/probe_future_mse_per_variant.json
POC-1B,fut,lower,raw,full_ft_encoder,peft_lora_encoder,COMP,COMP,1825,0.031859,0.031124,0.032594,-0.031859,-0.031124,-0.032594,True,0.0,probe_future_mse/probe_future_mse_per_variant.json
POC-1B,fut,lower,raw,full_ft_encoder,peft_dora_encoder,COMP,COMP,1825,0.031641,0.030915,0.032366,-0.031641,-0.030915,-0.032366,True,0.0,probe_future_mse/probe_future_mse_per_variant.json
POC-1B,fut,lower,raw,full_ft_encoder,surgical_3stage_DI_diheavy_encoder,COMP,OURS,1825,0.037758,0.036924,0.038615,-0.037758,-0.036924,-0.038615,True,0.0,probe_future_mse/probe_future_mse_per_variant.json
POC-1B,fut,lower,raw,full_ft_encoder,surgical_3stage_DI_intervene_encoder,COMP,OURS,1825,0.036239,0.035507,0.03699,-0.036239,-0.035507,-0.03699,True,0.0,probe_future_mse/probe_future_mse_per_variant.json
POC-1B,fut,lower,raw,full_ft_encoder,surgical_intervene_wiseft_f30_encoder,COMP,OURS,1825,0.028096,0.027262,0.028953,-0.028096,-0.027262,-0.028953,True,0.0,probe_future_mse/probe_future_mse_per_variant.json
POC-1B,fut,lower,raw,full_ft_encoder,surgical_intervene_wiseft_f50_encoder,COMP,OURS,1825,0.02014,0.019314,0.020991,-0.02014,-0.019314,-0.020991,True,0.0,probe_future_mse/probe_future_mse_per_variant.json
POC-1B,fut,lower,raw,full_ft_encoder,surgical_intervene_wiseft_f70_encoder,COMP,OURS,1825,0.010609,0.009769,0.01148,-0.010609,-0.009769,-0.01148,True,0.0,probe_future_mse/probe_future_mse_per_variant.json
POC-1B,fut,lower,raw,lpft_encoder,peft_lora_encoder,COMP,COMP,1825,0.027658,0.026936,0.028386,-0.027658,-0.026936,-0.028386,True,0.0,probe_future_mse/probe_future_mse_per_variant.json
POC-1B,fut,lower,raw,lpft_encoder,peft_dora_encoder,COMP,COMP,1825,0.027441,0.026733,0.028147,-0.027441,-0.026733,-0.028147,True,0.0,probe_future_mse/probe_future_mse_per_variant.json
POC-1B,fut,lower,raw,lpft_encoder,surgical_3stage_DI_diheavy_encoder,COMP,OURS,1825,0.033557,0.032775,0.03434,-0.033557,-0.032775,-0.03434,True,0.0,probe_future_mse/probe_future_mse_per_variant.json
POC-1B,fut,lower,raw,lpft_encoder,surgical_3stage_DI_intervene_encoder,COMP,OURS,1825,0.032039,0.031278,0.032805,-0.032039,-0.031278,-0.032805,True,0.0,probe_future_mse/probe_future_mse_per_variant.json
POC-1B,fut,lower,raw,lpft_encoder,surgical_intervene_wiseft_f30_encoder,COMP,OURS,1825,0.023895,0.023114,0.024669,-0.023895,-0.023114,-0.024669,True,0.0,probe_future_mse/probe_future_mse_per_variant.json
POC-1B,fut,lower,raw,lpft_encoder,surgical_intervene_wiseft_f50_encoder,COMP,OURS,1825,0.015939,0.015129,0.016772,-0.015939,-0.015129,-0.016772,True,0.0,probe_future_mse/probe_future_mse_per_variant.json
POC-1B,fut,lower,raw,lpft_encoder,surgical_intervene_wiseft_f70_encoder,COMP,OURS,1825,0.006409,0.00561,0.007215,-0.006409,-0.00561,-0.007215,True,0.0,probe_future_mse/probe_future_mse_per_variant.json
POC-1B,fut,lower,raw,peft_lora_encoder,peft_dora_encoder,COMP,COMP,1825,-0.000218,-0.000873,0.000467,0.000218,0.000873,-0.000467,True,0.527,probe_future_mse/probe_future_mse_per_variant.json
POC-1B,fut,lower,raw,peft_lora_encoder,surgical_3stage_DI_diheavy_encoder,COMP,OURS,1825,0.005899,0.005135,0.006663,-0.005899,-0.005135,-0.006663,True,0.0,probe_future_mse/probe_future_mse_per_variant.json
POC-1B,fut,lower,raw,peft_lora_encoder,surgical_3stage_DI_intervene_encoder,COMP,OURS,1825,0.004381,0.003619,0.005131,-0.004381,-0.003619,-0.005131,True,0.0,probe_future_mse/probe_future_mse_per_variant.json
POC-1B,fut,lower,raw,peft_lora_encoder,surgical_intervene_wiseft_f30_encoder,COMP,OURS,1825,-0.003763,-0.004519,-0.002977,0.003763,0.004519,0.002977,True,0.0,probe_future_mse/probe_future_mse_per_variant.json
POC-1B,fut,lower,raw,peft_lora_encoder,surgical_intervene_wiseft_f50_encoder,COMP,OURS,1825,-0.011719,-0.012452,-0.01096,0.011719,0.012452,0.01096,True,0.0,probe_future_mse/probe_future_mse_per_variant.json
POC-1B,fut,lower,raw,peft_lora_encoder,surgical_intervene_wiseft_f70_encoder,COMP,OURS,1825,-0.021249,-0.022038,-0.020476,0.021249,0.022038,0.020476,True,0.0,probe_future_mse/probe_future_mse_per_variant.json
POC-1B,fut,lower,raw,peft_dora_encoder,surgical_3stage_DI_diheavy_encoder,COMP,OURS,1825,0.006116,0.005364,0.006873,-0.006116,-0.005364,-0.006873,True,0.0,probe_future_mse/probe_future_mse_per_variant.json
POC-1B,fut,lower,raw,peft_dora_encoder,surgical_3stage_DI_intervene_encoder,COMP,OURS,1825,0.004598,0.003838,0.005345,-0.004598,-0.003838,-0.005345,True,0.0,probe_future_mse/probe_future_mse_per_variant.json
POC-1B,fut,lower,raw,peft_dora_encoder,surgical_intervene_wiseft_f30_encoder,COMP,OURS,1825,-0.003545,-0.004301,-0.002777,0.003545,0.004301,0.002777,True,0.0,probe_future_mse/probe_future_mse_per_variant.json
POC-1B,fut,lower,raw,peft_dora_encoder,surgical_intervene_wiseft_f50_encoder,COMP,OURS,1825,-0.011502,-0.012259,-0.010758,0.011502,0.012259,0.010758,True,0.0,probe_future_mse/probe_future_mse_per_variant.json
POC-1B,fut,lower,raw,peft_dora_encoder,surgical_intervene_wiseft_f70_encoder,COMP,OURS,1825,-0.021032,-0.021802,-0.020223,0.021032,0.021802,0.020223,True,0.0,probe_future_mse/probe_future_mse_per_variant.json
POC-1B,fut,lower,raw,surgical_3stage_DI_diheavy_encoder,surgical_3stage_DI_intervene_encoder,OURS,OURS,1825,-0.001518,-0.002255,-0.000817,0.001518,0.002255,0.000817,True,0.0,probe_future_mse/probe_future_mse_per_variant.json
POC-1B,fut,lower,raw,surgical_3stage_DI_diheavy_encoder,surgical_intervene_wiseft_f30_encoder,OURS,OURS,1825,-0.009662,-0.0104,-0.008947,0.009662,0.0104,0.008947,True,0.0,probe_future_mse/probe_future_mse_per_variant.json
POC-1B,fut,lower,raw,surgical_3stage_DI_diheavy_encoder,surgical_intervene_wiseft_f50_encoder,OURS,OURS,1825,-0.017618,-0.018369,-0.016895,0.017618,0.018369,0.016895,True,0.0,probe_future_mse/probe_future_mse_per_variant.json
POC-1B,fut,lower,raw,surgical_3stage_DI_diheavy_encoder,surgical_intervene_wiseft_f70_encoder,OURS,OURS,1825,-0.027148,-0.027864,-0.026412,0.027148,0.027864,0.026412,True,0.0,probe_future_mse/probe_future_mse_per_variant.json
POC-1B,fut,lower,raw,surgical_3stage_DI_intervene_encoder,surgical_intervene_wiseft_f30_encoder,OURS,OURS,1825,-0.008144,-0.00885,-0.007421,0.008144,0.00885,0.007421,True,0.0,probe_future_mse/probe_future_mse_per_variant.json
POC-1B,fut,lower,raw,surgical_3stage_DI_intervene_encoder,surgical_intervene_wiseft_f50_encoder,OURS,OURS,1825,-0.0161,-0.016839,-0.015369,0.0161,0.016839,0.015369,True,0.0,probe_future_mse/probe_future_mse_per_variant.json
POC-1B,fut,lower,raw,surgical_3stage_DI_intervene_encoder,surgical_intervene_wiseft_f70_encoder,OURS,OURS,1825,-0.02563,-0.026347,-0.024863,0.02563,0.026347,0.024863,True,0.0,probe_future_mse/probe_future_mse_per_variant.json
POC-1B,fut,lower,raw,surgical_intervene_wiseft_f30_encoder,surgical_intervene_wiseft_f50_encoder,OURS,OURS,1825,-0.007956,-0.008664,-0.007232,0.007956,0.008664,0.007232,True,0.0,probe_future_mse/probe_future_mse_per_variant.json
POC-1B,fut,lower,raw,surgical_intervene_wiseft_f30_encoder,surgical_intervene_wiseft_f70_encoder,OURS,OURS,1825,-0.017486,-0.018217,-0.016739,0.017486,0.018217,0.016739,True,0.0,probe_future_mse/probe_future_mse_per_variant.json
POC-1B,fut,lower,raw,surgical_intervene_wiseft_f50_encoder,surgical_intervene_wiseft_f70_encoder,OURS,OURS,1825,-0.00953,-0.010259,-0.008799,0.00953,0.010259,0.008799,True,0.0,probe_future_mse/probe_future_mse_per_variant.json
POC-1B,rollout,lower,raw,frozen,full_ft_encoder,REF,COMP,1825,0.001352,0.001212,0.001492,-0.001352,-0.001212,-0.001492,True,0.0,predictor_temporal/predictor_temporal_per_variant.json::rollout
POC-1B,rollout,lower,raw,frozen,lpft_encoder,REF,COMP,1825,0.001792,0.001666,0.001919,-0.001792,-0.001666,-0.001919,True,0.0,predictor_temporal/predictor_temporal_per_variant.json::rollout
POC-1B,rollout,lower,raw,frozen,peft_dora_encoder,REF,COMP,1825,0.002147,0.00201,0.002279,-0.002147,-0.00201,-0.002279,True,0.0,predictor_temporal/predictor_temporal_per_variant.json::rollout
POC-1B,rollout,lower,raw,frozen,peft_lora_encoder,REF,COMP,1825,0.0021,0.001964,0.002231,-0.0021,-0.001964,-0.002231,True,0.0,predictor_temporal/predictor_temporal_per_variant.json::rollout
POC-1B,rollout,lower,raw,frozen,pretrain_encoder,REF,COMP,1825,0.0013,0.001192,0.001411,-0.0013,-0.001192,-0.001411,True,0.0,predictor_temporal/predictor_temporal_per_variant.json::rollout
POC-1B,rollout,lower,raw,frozen,surgery_raw_encoder,REF,OURS,1825,0.001776,0.001658,0.001893,-0.001776,-0.001658,-0.001893,True,0.0,predictor_temporal/predictor_temporal_per_variant.json::rollout
POC-1B,rollout,lower,raw,frozen,surgical_3stage_DI_diheavy_encoder,REF,OURS,1825,0.001902,0.001795,0.00201,-0.001902,-0.001795,-0.00201,True,0.0,predictor_temporal/predictor_temporal_per_variant.json::rollout
POC-1B,rollout,lower,raw,frozen,surgical_3stage_DI_encoder,REF,OURS,1825,0.000834,0.000734,0.000937,-0.000834,-0.000734,-0.000937,True,0.0,predictor_temporal/predictor_temporal_per_variant.json::rollout
POC-1B,rollout,lower,raw,frozen,surgical_3stage_DI_intervene_encoder,REF,OURS,1825,0.001231,0.00112,0.001344,-0.001231,-0.00112,-0.001344,True,0.0,predictor_temporal/predictor_temporal_per_variant.json::rollout
POC-1B,rollout,lower,raw,frozen,surgical_autorgn_encoder,REF,COMP,1825,0.001614,0.001489,0.001744,-0.001614,-0.001489,-0.001744,True,0.0,predictor_temporal/predictor_temporal_per_variant.json::rollout
POC-1B,rollout,lower,raw,frozen,surgical_intervene_wiseft_f30_encoder,REF,OURS,1825,0.001077,0.000994,0.001161,-0.001077,-0.000994,-0.001161,True,0.0,predictor_temporal/predictor_temporal_per_variant.json::rollout
POC-1B,rollout,lower,raw,frozen,surgical_intervene_wiseft_f50_encoder,REF,OURS,1825,0.000853,0.00079,0.000918,-0.000853,-0.00079,-0.000918,True,0.0,predictor_temporal/predictor_temporal_per_variant.json::rollout
POC-1B,rollout,lower,raw,frozen,surgical_intervene_wiseft_f70_encoder,REF,OURS,1825,0.000721,0.000678,0.000765,-0.000721,-0.000678,-0.000765,True,0.0,predictor_temporal/predictor_temporal_per_variant.json::rollout
POC-1B,rollout,lower,raw,full_ft_encoder,lpft_encoder,COMP,COMP,1825,0.000441,0.000388,0.00049,-0.000441,-0.000388,-0.00049,True,0.0,predictor_temporal/predictor_temporal_per_variant.json::rollout
POC-1B,rollout,lower,raw,full_ft_encoder,peft_dora_encoder,COMP,COMP,1825,0.000796,0.000746,0.000843,-0.000796,-0.000746,-0.000843,True,0.0,predictor_temporal/predictor_temporal_per_variant.json::rollout
POC-1B,rollout,lower,raw,full_ft_encoder,peft_lora_encoder,COMP,COMP,1825,0.000749,0.000698,0.000796,-0.000749,-0.000698,-0.000796,True,0.0,predictor_temporal/predictor_temporal_per_variant.json::rollout
POC-1B,rollout,lower,raw,full_ft_encoder,pretrain_encoder,COMP,COMP,1825,-5.2e-05,-0.00014,3.6e-05,5.2e-05,0.00014,-3.6e-05,True,0.2486,predictor_temporal/predictor_temporal_per_variant.json::rollout
POC-1B,rollout,lower,raw,full_ft_encoder,surgery_raw_encoder,COMP,OURS,1825,0.000424,0.000355,0.000491,-0.000424,-0.000355,-0.000491,True,0.0,predictor_temporal/predictor_temporal_per_variant.json::rollout
POC-1B,rollout,lower,raw,full_ft_encoder,surgical_3stage_DI_diheavy_encoder,COMP,OURS,1825,0.00055,0.000465,0.000636,-0.00055,-0.000465,-0.000636,True,0.0,predictor_temporal/predictor_temporal_per_variant.json::rollout
POC-1B,rollout,lower,raw,full_ft_encoder,surgical_3stage_DI_encoder,COMP,OURS,1825,-0.000517,-0.000618,-0.00042,0.000517,0.000618,0.00042,True,0.0,predictor_temporal/predictor_temporal_per_variant.json::rollout
POC-1B,rollout,lower,raw,full_ft_encoder,surgical_3stage_DI_intervene_encoder,COMP,OURS,1825,-0.000121,-0.000207,-4.1e-05,0.000121,0.000207,4.1e-05,True,0.0048,predictor_temporal/predictor_temporal_per_variant.json::rollout
POC-1B,rollout,lower,raw,full_ft_encoder,surgical_autorgn_encoder,COMP,COMP,1825,0.000263,0.000208,0.000317,-0.000263,-0.000208,-0.000317,True,0.0,predictor_temporal/predictor_temporal_per_variant.json::rollout
POC-1B,rollout,lower,raw,full_ft_encoder,surgical_intervene_wiseft_f30_encoder,COMP,OURS,1825,-0.000275,-0.000376,-0.000177,0.000275,0.000376,0.000177,True,0.0,predictor_temporal/predictor_temporal_per_variant.json::rollout
POC-1B,rollout,lower,raw,full_ft_encoder,surgical_intervene_wiseft_f50_encoder,COMP,OURS,1825,-0.000499,-0.00061,-0.000387,0.000499,0.00061,0.000387,True,0.0,predictor_temporal/predictor_temporal_per_variant.json::rollout
POC-1B,rollout,lower,raw,full_ft_encoder,surgical_intervene_wiseft_f70_encoder,COMP,OURS,1825,-0.000631,-0.000753,-0.000508,0.000631,0.000753,0.000508,True,0.0,predictor_temporal/predictor_temporal_per_variant.json::rollout
POC-1B,rollout,lower,raw,lpft_encoder,peft_dora_encoder,COMP,COMP,1825,0.000355,0.000298,0.000414,-0.000355,-0.000298,-0.000414,True,0.0,predictor_temporal/predictor_temporal_per_variant.json::rollout
POC-1B,rollout,lower,raw,lpft_encoder,peft_lora_encoder,COMP,COMP,1825,0.000308,0.000251,0.000367,-0.000308,-0.000251,-0.000367,True,0.0,predictor_temporal/predictor_temporal_per_variant.json::rollout
POC-1B,rollout,lower,raw,lpft_encoder,pretrain_encoder,COMP,COMP,1825,-0.000493,-0.000569,-0.000415,0.000493,0.000569,0.000415,True,0.0,predictor_temporal/predictor_temporal_per_variant.json::rollout
POC-1B,rollout,lower,raw,lpft_encoder,surgery_raw_encoder,COMP,OURS,1825,-1.7e-05,-8e-05,4.8e-05,1.7e-05,8e-05,-4.8e-05,True,0.6246,predictor_temporal/predictor_temporal_per_variant.json::rollout
POC-1B,rollout,lower,raw,lpft_encoder,surgical_3stage_DI_diheavy_encoder,COMP,OURS,1825,0.00011,2.8e-05,0.000191,-0.00011,-2.8e-05,-0.000191,True,0.0078,predictor_temporal/predictor_temporal_per_variant.json::rollout
POC-1B,rollout,lower,raw,lpft_encoder,surgical_3stage_DI_encoder,COMP,OURS,1825,-0.000958,-0.001049,-0.00087,0.000958,0.001049,0.00087,True,0.0,predictor_temporal/predictor_temporal_per_variant.json::rollout
POC-1B,rollout,lower,raw,lpft_encoder,surgical_3stage_DI_intervene_encoder,COMP,OURS,1825,-0.000561,-0.000643,-0.00048,0.000561,0.000643,0.00048,True,0.0,predictor_temporal/predictor_temporal_per_variant.json::rollout
POC-1B,rollout,lower,raw,lpft_encoder,surgical_autorgn_encoder,COMP,COMP,1825,-0.000178,-0.000227,-0.000128,0.000178,0.000227,0.000128,True,0.0,predictor_temporal/predictor_temporal_per_variant.json::rollout
POC-1B,rollout,lower,raw,lpft_encoder,surgical_intervene_wiseft_f30_encoder,COMP,OURS,1825,-0.000716,-0.000805,-0.000627,0.000716,0.000805,0.000627,True,0.0,predictor_temporal/predictor_temporal_per_variant.json::rollout
POC-1B,rollout,lower,raw,lpft_encoder,surgical_intervene_wiseft_f50_encoder,COMP,OURS,1825,-0.000939,-0.001041,-0.000838,0.000939,0.001041,0.000838,True,0.0,predictor_temporal/predictor_temporal_per_variant.json::rollout
POC-1B,rollout,lower,raw,lpft_encoder,surgical_intervene_wiseft_f70_encoder,COMP,OURS,1825,-0.001071,-0.001181,-0.000959,0.001071,0.001181,0.000959,True,0.0,predictor_temporal/predictor_temporal_per_variant.json::rollout
POC-1B,rollout,lower,raw,peft_dora_encoder,peft_lora_encoder,COMP,COMP,1825,-4.7e-05,-5.9e-05,-3.5e-05,4.7e-05,5.9e-05,3.5e-05,True,0.0,predictor_temporal/predictor_temporal_per_variant.json::rollout
POC-1B,rollout,lower,raw,peft_dora_encoder,pretrain_encoder,COMP,COMP,1825,-0.000848,-0.000933,-0.000761,0.000848,0.000933,0.000761,True,0.0,predictor_temporal/predictor_temporal_per_variant.json::rollout
POC-1B,rollout,lower,raw,peft_dora_encoder,surgery_raw_encoder,COMP,OURS,1825,-0.000372,-0.000427,-0.000314,0.000372,0.000427,0.000314,True,0.0,predictor_temporal/predictor_temporal_per_variant.json::rollout
POC-1B,rollout,lower,raw,peft_dora_encoder,surgical_3stage_DI_diheavy_encoder,COMP,OURS,1825,-0.000245,-0.000324,-0.000166,0.000245,0.000324,0.000166,True,0.0,predictor_temporal/predictor_temporal_per_variant.json::rollout
POC-1B,rollout,lower,raw,peft_dora_encoder,surgical_3stage_DI_encoder,COMP,OURS,1825,-0.001313,-0.001409,-0.001217,0.001313,0.001409,0.001217,True,0.0,predictor_temporal/predictor_temporal_per_variant.json::rollout
POC-1B,rollout,lower,raw,peft_dora_encoder,surgical_3stage_DI_intervene_encoder,COMP,OURS,1825,-0.000916,-0.000994,-0.000843,0.000916,0.000994,0.000843,True,0.0,predictor_temporal/predictor_temporal_per_variant.json::rollout
POC-1B,rollout,lower,raw,peft_dora_encoder,surgical_autorgn_encoder,COMP,COMP,1825,-0.000533,-0.000593,-0.000473,0.000533,0.000593,0.000473,True,0.0,predictor_temporal/predictor_temporal_per_variant.json::rollout
POC-1B,rollout,lower,raw,peft_dora_encoder,surgical_intervene_wiseft_f30_encoder,COMP,OURS,1825,-0.001071,-0.001167,-0.000974,0.001071,0.001167,0.000974,True,0.0,predictor_temporal/predictor_temporal_per_variant.json::rollout
POC-1B,rollout,lower,raw,peft_dora_encoder,surgical_intervene_wiseft_f50_encoder,COMP,OURS,1825,-0.001295,-0.001403,-0.001184,0.001295,0.001403,0.001184,True,0.0,predictor_temporal/predictor_temporal_per_variant.json::rollout
POC-1B,rollout,lower,raw,peft_dora_encoder,surgical_intervene_wiseft_f70_encoder,COMP,OURS,1825,-0.001426,-0.001543,-0.001306,0.001426,0.001543,0.001306,True,0.0,predictor_temporal/predictor_temporal_per_variant.json::rollout
POC-1B,rollout,lower,raw,peft_lora_encoder,pretrain_encoder,COMP,COMP,1825,-0.000801,-0.000886,-0.000713,0.000801,0.000886,0.000713,True,0.0,predictor_temporal/predictor_temporal_per_variant.json::rollout
POC-1B,rollout,lower,raw,peft_lora_encoder,surgery_raw_encoder,COMP,OURS,1825,-0.000325,-0.000379,-0.000268,0.000325,0.000379,0.000268,True,0.0,predictor_temporal/predictor_temporal_per_variant.json::rollout
POC-1B,rollout,lower,raw,peft_lora_encoder,surgical_3stage_DI_diheavy_encoder,COMP,OURS,1825,-0.000199,-0.000278,-0.000119,0.000199,0.000278,0.000119,True,0.0,predictor_temporal/predictor_temporal_per_variant.json::rollout
POC-1B,rollout,lower,raw,peft_lora_encoder,surgical_3stage_DI_encoder,COMP,OURS,1825,-0.001266,-0.001362,-0.001171,0.001266,0.001362,0.001171,True,0.0,predictor_temporal/predictor_temporal_per_variant.json::rollout
POC-1B,rollout,lower,raw,peft_lora_encoder,surgical_3stage_DI_intervene_encoder,COMP,OURS,1825,-0.000869,-0.000946,-0.000796,0.000869,0.000946,0.000796,True,0.0,predictor_temporal/predictor_temporal_per_variant.json::rollout
POC-1B,rollout,lower,raw,peft_lora_encoder,surgical_autorgn_encoder,COMP,COMP,1825,-0.000486,-0.000546,-0.000425,0.000486,0.000546,0.000425,True,0.0,predictor_temporal/predictor_temporal_per_variant.json::rollout
POC-1B,rollout,lower,raw,peft_lora_encoder,surgical_intervene_wiseft_f30_encoder,COMP,OURS,1825,-0.001024,-0.001119,-0.000928,0.001024,0.001119,0.000928,True,0.0,predictor_temporal/predictor_temporal_per_variant.json::rollout
POC-1B,rollout,lower,raw,peft_lora_encoder,surgical_intervene_wiseft_f50_encoder,COMP,OURS,1825,-0.001248,-0.001355,-0.001138,0.001248,0.001355,0.001138,True,0.0,predictor_temporal/predictor_temporal_per_variant.json::rollout
POC-1B,rollout,lower,raw,peft_lora_encoder,surgical_intervene_wiseft_f70_encoder,COMP,OURS,1825,-0.001379,-0.001497,-0.00126,0.001379,0.001497,0.00126,True,0.0,predictor_temporal/predictor_temporal_per_variant.json::rollout
POC-1B,rollout,lower,raw,pretrain_encoder,surgery_raw_encoder,COMP,OURS,1825,0.000476,0.000398,0.00055,-0.000476,-0.000398,-0.00055,True,0.0,predictor_temporal/predictor_temporal_per_variant.json::rollout
POC-1B,rollout,lower,raw,pretrain_encoder,surgical_3stage_DI_diheavy_encoder,COMP,OURS,1825,0.000602,0.000525,0.000678,-0.000602,-0.000525,-0.000678,True,0.0,predictor_temporal/predictor_temporal_per_variant.json::rollout
POC-1B,rollout,lower,raw,pretrain_encoder,surgical_3stage_DI_encoder,COMP,OURS,1825,-0.000465,-0.000556,-0.000376,0.000465,0.000556,0.000376,True,0.0,predictor_temporal/predictor_temporal_per_variant.json::rollout
POC-1B,rollout,lower,raw,pretrain_encoder,surgical_3stage_DI_intervene_encoder,COMP,OURS,1825,-6.8e-05,-0.000162,1.9e-05,6.8e-05,0.000162,-1.9e-05,True,0.1338,predictor_temporal/predictor_temporal_per_variant.json::rollout
POC-1B,rollout,lower,raw,pretrain_encoder,surgical_autorgn_encoder,COMP,COMP,1825,0.000315,0.000238,0.00039,-0.000315,-0.000238,-0.00039,True,0.0,predictor_temporal/predictor_temporal_per_variant.json::rollout
POC-1B,rollout,lower,raw,pretrain_encoder,surgical_intervene_wiseft_f30_encoder,COMP,OURS,1825,-0.000223,-0.000308,-0.00014,0.000223,0.000308,0.00014,True,0.0,predictor_temporal/predictor_temporal_per_variant.json::rollout
POC-1B,rollout,lower,raw,pretrain_encoder,surgical_intervene_wiseft_f50_encoder,COMP,OURS,1825,-0.000447,-0.000536,-0.000358,0.000447,0.000536,0.000358,True,0.0,predictor_temporal/predictor_temporal_per_variant.json::rollout
POC-1B,rollout,lower,raw,pretrain_encoder,surgical_intervene_wiseft_f70_encoder,COMP,OURS,1825,-0.000579,-0.000676,-0.000485,0.000579,0.000676,0.000485,True,0.0,predictor_temporal/predictor_temporal_per_variant.json::rollout
POC-1B,rollout,lower,raw,surgery_raw_encoder,surgical_3stage_DI_diheavy_encoder,OURS,OURS,1825,0.000126,7.1e-05,0.000182,-0.000126,-7.1e-05,-0.000182,True,0.0,predictor_temporal/predictor_temporal_per_variant.json::rollout
POC-1B,rollout,lower,raw,surgery_raw_encoder,surgical_3stage_DI_encoder,OURS,OURS,1825,-0.000941,-0.001011,-0.000874,0.000941,0.001011,0.000874,True,0.0,predictor_temporal/predictor_temporal_per_variant.json::rollout
POC-1B,rollout,lower,raw,surgery_raw_encoder,surgical_3stage_DI_intervene_encoder,OURS,OURS,1825,-0.000544,-0.0006,-0.000493,0.000544,0.0006,0.000493,True,0.0,predictor_temporal/predictor_temporal_per_variant.json::rollout
POC-1B,rollout,lower,raw,surgery_raw_encoder,surgical_autorgn_encoder,OURS,COMP,1825,-0.000161,-0.000217,-0.000106,0.000161,0.000217,0.000106,True,0.0,predictor_temporal/predictor_temporal_per_variant.json::rollout
POC-1B,rollout,lower,raw,surgery_raw_encoder,surgical_intervene_wiseft_f30_encoder,OURS,OURS,1825,-0.000699,-0.000765,-0.000635,0.000699,0.000765,0.000635,True,0.0,predictor_temporal/predictor_temporal_per_variant.json::rollout
POC-1B,rollout,lower,raw,surgery_raw_encoder,surgical_intervene_wiseft_f50_encoder,OURS,OURS,1825,-0.000923,-0.001004,-0.000841,0.000923,0.001004,0.000841,True,0.0,predictor_temporal/predictor_temporal_per_variant.json::rollout
POC-1B,rollout,lower,raw,surgery_raw_encoder,surgical_intervene_wiseft_f70_encoder,OURS,OURS,1825,-0.001055,-0.00115,-0.000959,0.001055,0.00115,0.000959,True,0.0,predictor_temporal/predictor_temporal_per_variant.json::rollout
POC-1B,rollout,lower,raw,surgical_3stage_DI_diheavy_encoder,surgical_3stage_DI_encoder,OURS,OURS,1825,-0.001068,-0.001122,-0.001015,0.001068,0.001122,0.001015,True,0.0,predictor_temporal/predictor_temporal_per_variant.json::rollout
POC-1B,rollout,lower,raw,surgical_3stage_DI_diheavy_encoder,surgical_3stage_DI_intervene_encoder,OURS,OURS,1825,-0.000671,-0.000733,-0.000609,0.000671,0.000733,0.000609,True,0.0,predictor_temporal/predictor_temporal_per_variant.json::rollout
POC-1B,rollout,lower,raw,surgical_3stage_DI_diheavy_encoder,surgical_autorgn_encoder,OURS,COMP,1825,-0.000288,-0.000353,-0.000221,0.000288,0.000353,0.000221,True,0.0,predictor_temporal/predictor_temporal_per_variant.json::rollout
POC-1B,rollout,lower,raw,surgical_3stage_DI_diheavy_encoder,surgical_intervene_wiseft_f30_encoder,OURS,OURS,1825,-0.000825,-0.000893,-0.000759,0.000825,0.000893,0.000759,True,0.0,predictor_temporal/predictor_temporal_per_variant.json::rollout
POC-1B,rollout,lower,raw,surgical_3stage_DI_diheavy_encoder,surgical_intervene_wiseft_f50_encoder,OURS,OURS,1825,-0.001049,-0.001129,-0.00097,0.001049,0.001129,0.00097,True,0.0,predictor_temporal/predictor_temporal_per_variant.json::rollout
POC-1B,rollout,lower,raw,surgical_3stage_DI_diheavy_encoder,surgical_intervene_wiseft_f70_encoder,OURS,OURS,1825,-0.001181,-0.001273,-0.001093,0.001181,0.001273,0.001093,True,0.0,predictor_temporal/predictor_temporal_per_variant.json::rollout
POC-1B,rollout,lower,raw,surgical_3stage_DI_encoder,surgical_3stage_DI_intervene_encoder,OURS,OURS,1825,0.000397,0.000344,0.000449,-0.000397,-0.000344,-0.000449,True,0.0,predictor_temporal/predictor_temporal_per_variant.json::rollout
POC-1B,rollout,lower,raw,surgical_3stage_DI_encoder,surgical_autorgn_encoder,OURS,COMP,1825,0.00078,0.000703,0.000858,-0.00078,-0.000703,-0.000858,True,0.0,predictor_temporal/predictor_temporal_per_variant.json::rollout
POC-1B,rollout,lower,raw,surgical_3stage_DI_encoder,surgical_intervene_wiseft_f30_encoder,OURS,OURS,1825,0.000242,0.000195,0.00029,-0.000242,-0.000195,-0.00029,True,0.0,predictor_temporal/predictor_temporal_per_variant.json::rollout
POC-1B,rollout,lower,raw,surgical_3stage_DI_encoder,surgical_intervene_wiseft_f50_encoder,OURS,OURS,1825,1.9e-05,-4.2e-05,8e-05,-1.9e-05,4.2e-05,-8e-05,True,0.5352,predictor_temporal/predictor_temporal_per_variant.json::rollout
POC-1B,rollout,lower,raw,surgical_3stage_DI_encoder,surgical_intervene_wiseft_f70_encoder,OURS,OURS,1825,-0.000113,-0.000188,-3.8e-05,0.000113,0.000188,3.8e-05,True,0.002,predictor_temporal/predictor_temporal_per_variant.json::rollout
POC-1B,rollout,lower,raw,surgical_3stage_DI_intervene_encoder,surgical_autorgn_encoder,OURS,COMP,1825,0.000383,0.000309,0.000462,-0.000383,-0.000309,-0.000462,True,0.0,predictor_temporal/predictor_temporal_per_variant.json::rollout
POC-1B,rollout,lower,raw,surgical_3stage_DI_intervene_encoder,surgical_intervene_wiseft_f30_encoder,OURS,OURS,1825,-0.000155,-0.000203,-0.000106,0.000155,0.000203,0.000106,True,0.0,predictor_temporal/predictor_temporal_per_variant.json::rollout
POC-1B,rollout,lower,raw,surgical_3stage_DI_intervene_encoder,surgical_intervene_wiseft_f50_encoder,OURS,OURS,1825,-0.000378,-0.000447,-0.000309,0.000378,0.000447,0.000309,True,0.0,predictor_temporal/predictor_temporal_per_variant.json::rollout
POC-1B,rollout,lower,raw,surgical_3stage_DI_intervene_encoder,surgical_intervene_wiseft_f70_encoder,OURS,OURS,1825,-0.00051,-0.000596,-0.000424,0.00051,0.000596,0.000424,True,0.0,predictor_temporal/predictor_temporal_per_variant.json::rollout
POC-1B,rollout,lower,raw,surgical_autorgn_encoder,surgical_intervene_wiseft_f30_encoder,COMP,OURS,1825,-0.000538,-0.000622,-0.000456,0.000538,0.000622,0.000456,True,0.0,predictor_temporal/predictor_temporal_per_variant.json::rollout
POC-1B,rollout,lower,raw,surgical_autorgn_encoder,surgical_intervene_wiseft_f50_encoder,COMP,OURS,1825,-0.000761,-0.000859,-0.000668,0.000761,0.000859,0.000668,True,0.0,predictor_temporal/predictor_temporal_per_variant.json::rollout
POC-1B,rollout,lower,raw,surgical_autorgn_encoder,surgical_intervene_wiseft_f70_encoder,COMP,OURS,1825,-0.000893,-0.001003,-0.000786,0.000893,0.001003,0.000786,True,0.0,predictor_temporal/predictor_temporal_per_variant.json::rollout
POC-1B,rollout,lower,raw,surgical_intervene_wiseft_f30_encoder,surgical_intervene_wiseft_f50_encoder,OURS,OURS,1825,-0.000224,-0.000251,-0.000198,0.000224,0.000251,0.000198,True,0.0,predictor_temporal/predictor_temporal_per_variant.json::rollout
POC-1B,rollout,lower,raw,surgical_intervene_wiseft_f30_encoder,surgical_intervene_wiseft_f70_encoder,OURS,OURS,1825,-0.000356,-0.000405,-0.000308,0.000356,0.000405,0.000308,True,0.0,predictor_temporal/predictor_temporal_per_variant.json::rollout
POC-1B,rollout,lower,raw,surgical_intervene_wiseft_f50_encoder,surgical_intervene_wiseft_f70_encoder,OURS,OURS,1825,-0.000132,-0.000157,-0.000108,0.000132,0.000157,0.000108,True,0.0,predictor_temporal/predictor_temporal_per_variant.json::rollout
POC-1B,causal,lower,raw,frozen,full_ft_encoder,REF,COMP,1825,0.006649,0.006083,0.007205,-0.006649,-0.006083,-0.007205,True,0.0,predictor_temporal/predictor_temporal_per_variant.json::causal
POC-1B,causal,lower,raw,frozen,lpft_encoder,REF,COMP,1825,0.011444,0.01094,0.011928,-0.011444,-0.01094,-0.011928,True,0.0,predictor_temporal/predictor_temporal_per_variant.json::causal
POC-1B,causal,lower,raw,frozen,peft_dora_encoder,REF,COMP,1825,0.037882,0.037394,0.038349,-0.037882,-0.037394,-0.038349,True,0.0,predictor_temporal/predictor_temporal_per_variant.json::causal
POC-1B,causal,lower,raw,frozen,peft_lora_encoder,REF,COMP,1825,0.038024,0.037541,0.03849,-0.038024,-0.037541,-0.03849,True,0.0,predictor_temporal/predictor_temporal_per_variant.json::causal
POC-1B,causal,lower,raw,frozen,pretrain_encoder,REF,COMP,1825,0.027137,0.026661,0.027586,-0.027137,-0.026661,-0.027586,True,0.0,predictor_temporal/predictor_temporal_per_variant.json::causal
POC-1B,causal,lower,raw,frozen,surgery_raw_encoder,REF,OURS,1825,0.04458,0.044159,0.044986,-0.04458,-0.044159,-0.044986,True,0.0,predictor_temporal/predictor_temporal_per_variant.json::causal
POC-1B,causal,lower,raw,frozen,surgical_3stage_DI_diheavy_encoder,REF,OURS,1825,0.041295,0.040876,0.041703,-0.041295,-0.040876,-0.041703,True,0.0,predictor_temporal/predictor_temporal_per_variant.json::causal
POC-1B,causal,lower,raw,frozen,surgical_3stage_DI_encoder,REF,OURS,1825,0.039766,0.03936,0.040166,-0.039766,-0.03936,-0.040166,True,0.0,predictor_temporal/predictor_temporal_per_variant.json::causal
POC-1B,causal,lower,raw,frozen,surgical_3stage_DI_intervene_encoder,REF,OURS,1825,0.040734,0.040286,0.041164,-0.040734,-0.040286,-0.041164,True,0.0,predictor_temporal/predictor_temporal_per_variant.json::causal
POC-1B,causal,lower,raw,frozen,surgical_autorgn_encoder,REF,COMP,1825,0.021923,0.021406,0.022407,-0.021923,-0.021406,-0.022407,True,0.0,predictor_temporal/predictor_temporal_per_variant.json::causal
POC-1B,causal,lower,raw,frozen,surgical_intervene_wiseft_f30_encoder,REF,OURS,1825,0.033262,0.032939,0.033584,-0.033262,-0.032939,-0.033584,True,0.0,predictor_temporal/predictor_temporal_per_variant.json::causal
POC-1B,causal,lower,raw,frozen,surgical_intervene_wiseft_f50_encoder,REF,OURS,1825,0.026216,0.025968,0.026462,-0.026216,-0.025968,-0.026462,True,0.0,predictor_temporal/predictor_temporal_per_variant.json::causal
POC-1B,causal,lower,raw,frozen,surgical_intervene_wiseft_f70_encoder,REF,OURS,1825,0.017714,0.017553,0.017873,-0.017714,-0.017553,-0.017873,True,0.0,predictor_temporal/predictor_temporal_per_variant.json::causal
POC-1B,causal,lower,raw,full_ft_encoder,lpft_encoder,COMP,COMP,1825,0.004794,0.004559,0.005032,-0.004794,-0.004559,-0.005032,True,0.0,predictor_temporal/predictor_temporal_per_variant.json::causal
POC-1B,causal,lower,raw,full_ft_encoder,peft_dora_encoder,COMP,COMP,1825,0.031232,0.030955,0.031507,-0.031232,-0.030955,-0.031507,True,0.0,predictor_temporal/predictor_temporal_per_variant.json::causal
POC-1B,causal,lower,raw,full_ft_encoder,peft_lora_encoder,COMP,COMP,1825,0.031374,0.031096,0.031648,-0.031374,-0.031096,-0.031648,True,0.0,predictor_temporal/predictor_temporal_per_variant.json::causal
POC-1B,causal,lower,raw,full_ft_encoder,pretrain_encoder,COMP,COMP,1825,0.020488,0.020058,0.020906,-0.020488,-0.020058,-0.020906,True,0.0,predictor_temporal/predictor_temporal_per_variant.json::causal
POC-1B,causal,lower,raw,full_ft_encoder,surgery_raw_encoder,COMP,OURS,1825,0.03793,0.037531,0.038313,-0.03793,-0.037531,-0.038313,True,0.0,predictor_temporal/predictor_temporal_per_variant.json::causal
POC-1B,causal,lower,raw,full_ft_encoder,surgical_3stage_DI_diheavy_encoder,COMP,OURS,1825,0.034645,0.034185,0.035094,-0.034645,-0.034185,-0.035094,True,0.0,predictor_temporal/predictor_temporal_per_variant.json::causal
POC-1B,causal,lower,raw,full_ft_encoder,surgical_3stage_DI_encoder,COMP,OURS,1825,0.033117,0.032668,0.033551,-0.033117,-0.032668,-0.033551,True,0.0,predictor_temporal/predictor_temporal_per_variant.json::causal
POC-1B,causal,lower,raw,full_ft_encoder,surgical_3stage_DI_intervene_encoder,COMP,OURS,1825,0.034084,0.033667,0.034496,-0.034084,-0.033667,-0.034496,True,0.0,predictor_temporal/predictor_temporal_per_variant.json::causal
POC-1B,causal,lower,raw,full_ft_encoder,surgical_autorgn_encoder,COMP,COMP,1825,0.015273,0.015022,0.015515,-0.015273,-0.015022,-0.015515,True,0.0,predictor_temporal/predictor_temporal_per_variant.json::causal
POC-1B,causal,lower,raw,full_ft_encoder,surgical_intervene_wiseft_f30_encoder,COMP,OURS,1825,0.026613,0.026149,0.027067,-0.026613,-0.026149,-0.027067,True,0.0,predictor_temporal/predictor_temporal_per_variant.json::causal
POC-1B,causal,lower,raw,full_ft_encoder,surgical_intervene_wiseft_f50_encoder,COMP,OURS,1825,0.019567,0.019096,0.020053,-0.019567,-0.019096,-0.020053,True,0.0,predictor_temporal/predictor_temporal_per_variant.json::causal
POC-1B,causal,lower,raw,full_ft_encoder,surgical_intervene_wiseft_f70_encoder,COMP,OURS,1825,0.011064,0.010569,0.011567,-0.011064,-0.010569,-0.011567,True,0.0,predictor_temporal/predictor_temporal_per_variant.json::causal
POC-1B,causal,lower,raw,lpft_encoder,peft_dora_encoder,COMP,COMP,1825,0.026438,0.026193,0.026684,-0.026438,-0.026193,-0.026684,True,0.0,predictor_temporal/predictor_temporal_per_variant.json::causal
POC-1B,causal,lower,raw,lpft_encoder,peft_lora_encoder,COMP,COMP,1825,0.02658,0.026339,0.026821,-0.02658,-0.026339,-0.026821,True,0.0,predictor_temporal/predictor_temporal_per_variant.json::causal
POC-1B,causal,lower,raw,lpft_encoder,pretrain_encoder,COMP,COMP,1825,0.015694,0.015323,0.016062,-0.015694,-0.015323,-0.016062,True,0.0,predictor_temporal/predictor_temporal_per_variant.json::causal
POC-1B,causal,lower,raw,lpft_encoder,surgery_raw_encoder,COMP,OURS,1825,0.033136,0.032804,0.033474,-0.033136,-0.032804,-0.033474,True,0.0,predictor_temporal/predictor_temporal_per_variant.json::causal
POC-1B,causal,lower,raw,lpft_encoder,surgical_3stage_DI_diheavy_encoder,COMP,OURS,1825,0.029851,0.029472,0.030254,-0.029851,-0.029472,-0.030254,True,0.0,predictor_temporal/predictor_temporal_per_variant.json::causal
POC-1B,causal,lower,raw,lpft_encoder,surgical_3stage_DI_encoder,COMP,OURS,1825,0.028322,0.027955,0.028707,-0.028322,-0.027955,-0.028707,True,0.0,predictor_temporal/predictor_temporal_per_variant.json::causal
POC-1B,causal,lower,raw,lpft_encoder,surgical_3stage_DI_intervene_encoder,COMP,OURS,1825,0.02929,0.028937,0.029653,-0.02929,-0.028937,-0.029653,True,0.0,predictor_temporal/predictor_temporal_per_variant.json::causal
POC-1B,causal,lower,raw,lpft_encoder,surgical_autorgn_encoder,COMP,COMP,1825,0.010479,0.010263,0.010689,-0.010479,-0.010263,-0.010689,True,0.0,predictor_temporal/predictor_temporal_per_variant.json::causal
POC-1B,causal,lower,raw,lpft_encoder,surgical_intervene_wiseft_f30_encoder,COMP,OURS,1825,0.021819,0.02142,0.022227,-0.021819,-0.02142,-0.022227,True,0.0,predictor_temporal/predictor_temporal_per_variant.json::causal
POC-1B,causal,lower,raw,lpft_encoder,surgical_intervene_wiseft_f50_encoder,COMP,OURS,1825,0.014772,0.014353,0.015208,-0.014772,-0.014353,-0.015208,True,0.0,predictor_temporal/predictor_temporal_per_variant.json::causal
POC-1B,causal,lower,raw,lpft_encoder,surgical_intervene_wiseft_f70_encoder,COMP,OURS,1825,0.00627,0.005838,0.006726,-0.00627,-0.005838,-0.006726,True,0.0,predictor_temporal/predictor_temporal_per_variant.json::causal
POC-1B,causal,lower,raw,peft_dora_encoder,peft_lora_encoder,COMP,COMP,1825,0.000142,0.000115,0.000167,-0.000142,-0.000115,-0.000167,True,0.0,predictor_temporal/predictor_temporal_per_variant.json::causal
POC-1B,causal,lower,raw,peft_dora_encoder,pretrain_encoder,COMP,COMP,1825,-0.010744,-0.011175,-0.010332,0.010744,0.011175,0.010332,True,0.0,predictor_temporal/predictor_temporal_per_variant.json::causal
POC-1B,causal,lower,raw,peft_dora_encoder,surgery_raw_encoder,COMP,OURS,1825,0.006698,0.006463,0.00693,-0.006698,-0.006463,-0.00693,True,0.0,predictor_temporal/predictor_temporal_per_variant.json::causal
POC-1B,causal,lower,raw,peft_dora_encoder,surgical_3stage_DI_diheavy_encoder,COMP,OURS,1825,0.003413,0.003078,0.003738,-0.003413,-0.003078,-0.003738,True,0.0,predictor_temporal/predictor_temporal_per_variant.json::causal
POC-1B,causal,lower,raw,peft_dora_encoder,surgical_3stage_DI_encoder,COMP,OURS,1825,0.001884,0.001569,0.002187,-0.001884,-0.001569,-0.002187,True,0.0,predictor_temporal/predictor_temporal_per_variant.json::causal
POC-1B,causal,lower,raw,peft_dora_encoder,surgical_3stage_DI_intervene_encoder,COMP,OURS,1825,0.002852,0.002576,0.003123,-0.002852,-0.002576,-0.003123,True,0.0,predictor_temporal/predictor_temporal_per_variant.json::causal
POC-1B,causal,lower,raw,peft_dora_encoder,surgical_autorgn_encoder,COMP,COMP,1825,-0.015959,-0.016193,-0.015731,0.015959,0.016193,0.015731,True,0.0,predictor_temporal/predictor_temporal_per_variant.json::causal
POC-1B,causal,lower,raw,peft_dora_encoder,surgical_intervene_wiseft_f30_encoder,COMP,OURS,1825,-0.004619,-0.004935,-0.004296,0.004619,0.004935,0.004296,True,0.0,predictor_temporal/predictor_temporal_per_variant.json::causal
POC-1B,causal,lower,raw,peft_dora_encoder,surgical_intervene_wiseft_f50_encoder,COMP,OURS,1825,-0.011666,-0.012007,-0.011299,0.011666,0.012007,0.011299,True,0.0,predictor_temporal/predictor_temporal_per_variant.json::causal
POC-1B,causal,lower,raw,peft_dora_encoder,surgical_intervene_wiseft_f70_encoder,COMP,OURS,1825,-0.020168,-0.020544,-0.019762,0.020168,0.020544,0.019762,True,0.0,predictor_temporal/predictor_temporal_per_variant.json::causal
POC-1B,causal,lower,raw,peft_lora_encoder,pretrain_encoder,COMP,COMP,1825,-0.010886,-0.011311,-0.010474,0.010886,0.011311,0.010474,True,0.0,predictor_temporal/predictor_temporal_per_variant.json::causal
POC-1B,causal,lower,raw,peft_lora_encoder,surgery_raw_encoder,COMP,OURS,1825,0.006556,0.00632,0.006791,-0.006556,-0.00632,-0.006791,True,0.0,predictor_temporal/predictor_temporal_per_variant.json::causal
POC-1B,causal,lower,raw,peft_lora_encoder,surgical_3stage_DI_diheavy_encoder,COMP,OURS,1825,0.003271,0.002937,0.003598,-0.003271,-0.002937,-0.003598,True,0.0,predictor_temporal/predictor_temporal_per_variant.json::causal
POC-1B,causal,lower,raw,peft_lora_encoder,surgical_3stage_DI_encoder,COMP,OURS,1825,0.001742,0.001428,0.002048,-0.001742,-0.001428,-0.002048,True,0.0,predictor_temporal/predictor_temporal_per_variant.json::causal
POC-1B,causal,lower,raw,peft_lora_encoder,surgical_3stage_DI_intervene_encoder,COMP,OURS,1825,0.00271,0.002432,0.002983,-0.00271,-0.002432,-0.002983,True,0.0,predictor_temporal/predictor_temporal_per_variant.json::causal
POC-1B,causal,lower,raw,peft_lora_encoder,surgical_autorgn_encoder,COMP,COMP,1825,-0.016101,-0.016335,-0.015876,0.016101,0.016335,0.015876,True,0.0,predictor_temporal/predictor_temporal_per_variant.json::causal
POC-1B,causal,lower,raw,peft_lora_encoder,surgical_intervene_wiseft_f30_encoder,COMP,OURS,1825,-0.004761,-0.00508,-0.004438,0.004761,0.00508,0.004438,True,0.0,predictor_temporal/predictor_temporal_per_variant.json::causal
POC-1B,causal,lower,raw,peft_lora_encoder,surgical_intervene_wiseft_f50_encoder,COMP,OURS,1825,-0.011807,-0.012149,-0.011445,0.011807,0.012149,0.011445,True,0.0,predictor_temporal/predictor_temporal_per_variant.json::causal
POC-1B,causal,lower,raw,peft_lora_encoder,surgical_intervene_wiseft_f70_encoder,COMP,OURS,1825,-0.02031,-0.020685,-0.01991,0.02031,0.020685,0.01991,True,0.0,predictor_temporal/predictor_temporal_per_variant.json::causal
POC-1B,causal,lower,raw,pretrain_encoder,surgery_raw_encoder,COMP,OURS,1825,0.017442,0.01703,0.017863,-0.017442,-0.01703,-0.017863,True,0.0,predictor_temporal/predictor_temporal_per_variant.json::causal
POC-1B,causal,lower,raw,pretrain_encoder,surgical_3stage_DI_diheavy_encoder,COMP,OURS,1825,0.014157,0.013733,0.014604,-0.014157,-0.013733,-0.014604,True,0.0,predictor_temporal/predictor_temporal_per_variant.json::causal
POC-1B,causal,lower,raw,pretrain_encoder,surgical_3stage_DI_encoder,COMP,OURS,1825,0.012629,0.012208,0.013068,-0.012629,-0.012208,-0.013068,True,0.0,predictor_temporal/predictor_temporal_per_variant.json::causal
POC-1B,causal,lower,raw,pretrain_encoder,surgical_3stage_DI_intervene_encoder,COMP,OURS,1825,0.013596,0.013176,0.014035,-0.013596,-0.013176,-0.014035,True,0.0,predictor_temporal/predictor_temporal_per_variant.json::causal
POC-1B,causal,lower,raw,pretrain_encoder,surgical_autorgn_encoder,COMP,COMP,1825,-0.005215,-0.005564,-0.004872,0.005215,0.005564,0.004872,True,0.0,predictor_temporal/predictor_temporal_per_variant.json::causal
POC-1B,causal,lower,raw,pretrain_encoder,surgical_intervene_wiseft_f30_encoder,COMP,OURS,1825,0.006125,0.00571,0.006561,-0.006125,-0.00571,-0.006561,True,0.0,predictor_temporal/predictor_temporal_per_variant.json::causal
POC-1B,causal,lower,raw,pretrain_encoder,surgical_intervene_wiseft_f50_encoder,COMP,OURS,1825,-0.000921,-0.001331,-0.000486,0.000921,0.001331,0.000486,True,0.0002,predictor_temporal/predictor_temporal_per_variant.json::causal
POC-1B,causal,lower,raw,pretrain_encoder,surgical_intervene_wiseft_f70_encoder,COMP,OURS,1825,-0.009424,-0.009829,-0.008988,0.009424,0.009829,0.008988,True,0.0,predictor_temporal/predictor_temporal_per_variant.json::causal
POC-1B,causal,lower,raw,surgery_raw_encoder,surgical_3stage_DI_diheavy_encoder,OURS,OURS,1825,-0.003285,-0.003427,-0.003137,0.003285,0.003427,0.003137,True,0.0,predictor_temporal/predictor_temporal_per_variant.json::causal
POC-1B,causal,lower,raw,surgery_raw_encoder,surgical_3stage_DI_encoder,OURS,OURS,1825,-0.004814,-0.004943,-0.004682,0.004814,0.004943,0.004682,True,0.0,predictor_temporal/predictor_temporal_per_variant.json::causal
POC-1B,causal,lower,raw,surgery_raw_encoder,surgical_3stage_DI_intervene_encoder,OURS,OURS,1825,-0.003846,-0.003977,-0.003723,0.003846,0.003977,0.003723,True,0.0,predictor_temporal/predictor_temporal_per_variant.json::causal
POC-1B,causal,lower,raw,surgery_raw_encoder,surgical_autorgn_encoder,OURS,COMP,1825,-0.022657,-0.022939,-0.022384,0.022657,0.022939,0.022384,True,0.0,predictor_temporal/predictor_temporal_per_variant.json::causal
POC-1B,causal,lower,raw,surgery_raw_encoder,surgical_intervene_wiseft_f30_encoder,OURS,OURS,1825,-0.011317,-0.011482,-0.011135,0.011317,0.011482,0.011135,True,0.0,predictor_temporal/predictor_temporal_per_variant.json::causal
POC-1B,causal,lower,raw,surgery_raw_encoder,surgical_intervene_wiseft_f50_encoder,OURS,OURS,1825,-0.018364,-0.018592,-0.018116,0.018364,0.018592,0.018116,True,0.0,predictor_temporal/predictor_temporal_per_variant.json::causal
POC-1B,causal,lower,raw,surgery_raw_encoder,surgical_intervene_wiseft_f70_encoder,OURS,OURS,1825,-0.026866,-0.027158,-0.026557,0.026866,0.027158,0.026557,True,0.0,predictor_temporal/predictor_temporal_per_variant.json::causal
POC-1B,causal,lower,raw,surgical_3stage_DI_diheavy_encoder,surgical_3stage_DI_encoder,OURS,OURS,1825,-0.001529,-0.001606,-0.001451,0.001529,0.001606,0.001451,True,0.0,predictor_temporal/predictor_temporal_per_variant.json::causal
POC-1B,causal,lower,raw,surgical_3stage_DI_diheavy_encoder,surgical_3stage_DI_intervene_encoder,OURS,OURS,1825,-0.000561,-0.000701,-0.000426,0.000561,0.000701,0.000426,True,0.0,predictor_temporal/predictor_temporal_per_variant.json::causal
POC-1B,causal,lower,raw,surgical_3stage_DI_diheavy_encoder,surgical_autorgn_encoder,OURS,COMP,1825,-0.019372,-0.019699,-0.019067,0.019372,0.019699,0.019067,True,0.0,predictor_temporal/predictor_temporal_per_variant.json::causal
POC-1B,causal,lower,raw,surgical_3stage_DI_diheavy_encoder,surgical_intervene_wiseft_f30_encoder,OURS,OURS,1825,-0.008032,-0.008187,-0.007865,0.008032,0.008187,0.007865,True,0.0,predictor_temporal/predictor_temporal_per_variant.json::causal
POC-1B,causal,lower,raw,surgical_3stage_DI_diheavy_encoder,surgical_intervene_wiseft_f50_encoder,OURS,OURS,1825,-0.015079,-0.015297,-0.01484,0.015079,0.015297,0.01484,True,0.0,predictor_temporal/predictor_temporal_per_variant.json::causal
POC-1B,causal,lower,raw,surgical_3stage_DI_diheavy_encoder,surgical_intervene_wiseft_f70_encoder,OURS,OURS,1825,-0.023581,-0.023864,-0.023271,0.023581,0.023864,0.023271,True,0.0,predictor_temporal/predictor_temporal_per_variant.json::causal
POC-1B,causal,lower,raw,surgical_3stage_DI_encoder,surgical_3stage_DI_intervene_encoder,OURS,OURS,1825,0.000968,0.000853,0.00108,-0.000968,-0.000853,-0.00108,True,0.0,predictor_temporal/predictor_temporal_per_variant.json::causal
POC-1B,causal,lower,raw,surgical_3stage_DI_encoder,surgical_autorgn_encoder,OURS,COMP,1825,-0.017843,-0.018156,-0.017547,0.017843,0.018156,0.017547,True,0.0,predictor_temporal/predictor_temporal_per_variant.json::causal
POC-1B,causal,lower,raw,surgical_3stage_DI_encoder,surgical_intervene_wiseft_f30_encoder,OURS,OURS,1825,-0.006504,-0.006642,-0.006354,0.006504,0.006642,0.006354,True,0.0,predictor_temporal/predictor_temporal_per_variant.json::causal
POC-1B,causal,lower,raw,surgical_3stage_DI_encoder,surgical_intervene_wiseft_f50_encoder,OURS,OURS,1825,-0.01355,-0.013758,-0.013325,0.01355,0.013758,0.013325,True,0.0,predictor_temporal/predictor_temporal_per_variant.json::causal
POC-1B,causal,lower,raw,surgical_3stage_DI_encoder,surgical_intervene_wiseft_f70_encoder,OURS,OURS,1825,-0.022052,-0.022328,-0.021756,0.022052,0.022328,0.021756,True,0.0,predictor_temporal/predictor_temporal_per_variant.json::causal
POC-1B,causal,lower,raw,surgical_3stage_DI_intervene_encoder,surgical_autorgn_encoder,OURS,COMP,1825,-0.018811,-0.019104,-0.018528,0.018811,0.019104,0.018528,True,0.0,predictor_temporal/predictor_temporal_per_variant.json::causal
POC-1B,causal,lower,raw,surgical_3stage_DI_intervene_encoder,surgical_intervene_wiseft_f30_encoder,OURS,OURS,1825,-0.007472,-0.007622,-0.007303,0.007472,0.007622,0.007303,True,0.0,predictor_temporal/predictor_temporal_per_variant.json::causal
POC-1B,causal,lower,raw,surgical_3stage_DI_intervene_encoder,surgical_intervene_wiseft_f50_encoder,OURS,OURS,1825,-0.014518,-0.014741,-0.014267,0.014518,0.014741,0.014267,True,0.0,predictor_temporal/predictor_temporal_per_variant.json::causal
POC-1B,causal,lower,raw,surgical_3stage_DI_intervene_encoder,surgical_intervene_wiseft_f70_encoder,OURS,OURS,1825,-0.02302,-0.02332,-0.022695,0.02302,0.02332,0.022695,True,0.0,predictor_temporal/predictor_temporal_per_variant.json::causal
POC-1B,causal,lower,raw,surgical_autorgn_encoder,surgical_intervene_wiseft_f30_encoder,COMP,OURS,1825,0.01134,0.011002,0.011687,-0.01134,-0.011002,-0.011687,True,0.0,predictor_temporal/predictor_temporal_per_variant.json::causal
POC-1B,causal,lower,raw,surgical_autorgn_encoder,surgical_intervene_wiseft_f50_encoder,COMP,OURS,1825,0.004294,0.003926,0.004681,-0.004294,-0.003926,-0.004681,True,0.0,predictor_temporal/predictor_temporal_per_variant.json::causal
POC-1B,causal,lower,raw,surgical_autorgn_encoder,surgical_intervene_wiseft_f70_encoder,COMP,OURS,1825,-0.004209,-0.004611,-0.003788,0.004209,0.004611,0.003788,True,0.0,predictor_temporal/predictor_temporal_per_variant.json::causal
POC-1B,causal,lower,raw,surgical_intervene_wiseft_f30_encoder,surgical_intervene_wiseft_f50_encoder,OURS,OURS,1825,-0.007046,-0.007134,-0.006955,0.007046,0.007134,0.006955,True,0.0,predictor_temporal/predictor_temporal_per_variant.json::causal
POC-1B,causal,lower,raw,surgical_intervene_wiseft_f30_encoder,surgical_intervene_wiseft_f70_encoder,OURS,OURS,1825,-0.015549,-0.015725,-0.01537,0.015549,0.015725,0.01537,True,0.0,predictor_temporal/predictor_temporal_per_variant.json::causal
POC-1B,causal,lower,raw,surgical_intervene_wiseft_f50_encoder,surgical_intervene_wiseft_f70_encoder,OURS,OURS,1825,-0.008502,-0.008598,-0.008407,0.008502,0.008598,0.008407,True,0.0,predictor_temporal/predictor_temporal_per_variant.json::causal
POC-1B,tdist,lower,raw,frozen,full_ft_encoder,REF,COMP,1825,-0.002132,-0.002336,-0.001944,0.002132,0.002336,0.001944,True,0.0,predictor_temporal/predictor_temporal_per_variant.json::tdist
POC-1B,tdist,lower,raw,frozen,lpft_encoder,REF,COMP,1825,-0.001583,-0.001761,-0.001417,0.001583,0.001761,0.001417,True,0.0,predictor_temporal/predictor_temporal_per_variant.json::tdist
POC-1B,tdist,lower,raw,frozen,peft_dora_encoder,REF,COMP,1825,-0.001985,-0.002166,-0.001815,0.001985,0.002166,0.001815,True,0.0,predictor_temporal/predictor_temporal_per_variant.json::tdist
POC-1B,tdist,lower,raw,frozen,peft_lora_encoder,REF,COMP,1825,-0.001895,-0.002077,-0.001727,0.001895,0.002077,0.001727,True,0.0,predictor_temporal/predictor_temporal_per_variant.json::tdist
POC-1B,tdist,lower,raw,frozen,pretrain_encoder,REF,COMP,1825,-0.000909,-0.00103,-0.00079,0.000909,0.00103,0.00079,True,0.0,predictor_temporal/predictor_temporal_per_variant.json::tdist
POC-1B,tdist,lower,raw,frozen,surgery_raw_encoder,REF,OURS,1825,-0.001873,-0.002013,-0.001743,0.001873,0.002013,0.001743,True,0.0,predictor_temporal/predictor_temporal_per_variant.json::tdist
POC-1B,tdist,lower,raw,frozen,surgical_3stage_DI_diheavy_encoder,REF,OURS,1825,-0.001576,-0.0017,-0.001455,0.001576,0.0017,0.001455,True,0.0,predictor_temporal/predictor_temporal_per_variant.json::tdist
POC-1B,tdist,lower,raw,frozen,surgical_3stage_DI_encoder,REF,OURS,1825,-0.001698,-0.00182,-0.001582,0.001698,0.00182,0.001582,True,0.0,predictor_temporal/predictor_temporal_per_variant.json::tdist
POC-1B,tdist,lower,raw,frozen,surgical_3stage_DI_intervene_encoder,REF,OURS,1825,-0.002037,-0.002169,-0.001909,0.002037,0.002169,0.001909,True,0.0,predictor_temporal/predictor_temporal_per_variant.json::tdist
POC-1B,tdist,lower,raw,frozen,surgical_autorgn_encoder,REF,COMP,1825,-0.001806,-0.001971,-0.001648,0.001806,0.001971,0.001648,True,0.0,predictor_temporal/predictor_temporal_per_variant.json::tdist
POC-1B,tdist,lower,raw,frozen,surgical_intervene_wiseft_f30_encoder,REF,OURS,1825,-0.001484,-0.001574,-0.001396,0.001484,0.001574,0.001396,True,0.0,predictor_temporal/predictor_temporal_per_variant.json::tdist
POC-1B,tdist,lower,raw,frozen,surgical_intervene_wiseft_f50_encoder,REF,OURS,1825,-0.001005,-0.001073,-0.000938,0.001005,0.001073,0.000938,True,0.0,predictor_temporal/predictor_temporal_per_variant.json::tdist
POC-1B,tdist,lower,raw,frozen,surgical_intervene_wiseft_f70_encoder,REF,OURS,1825,-0.000517,-0.000561,-0.000473,0.000517,0.000561,0.000473,True,0.0,predictor_temporal/predictor_temporal_per_variant.json::tdist
POC-1B,tdist,lower,raw,full_ft_encoder,lpft_encoder,COMP,COMP,1825,0.00055,0.000479,0.000624,-0.00055,-0.000479,-0.000624,True,0.0,predictor_temporal/predictor_temporal_per_variant.json::tdist
POC-1B,tdist,lower,raw,full_ft_encoder,peft_dora_encoder,COMP,COMP,1825,0.000148,8.1e-05,0.000217,-0.000148,-8.1e-05,-0.000217,True,0.0,predictor_temporal/predictor_temporal_per_variant.json::tdist
POC-1B,tdist,lower,raw,full_ft_encoder,peft_lora_encoder,COMP,COMP,1825,0.000237,0.00017,0.000307,-0.000237,-0.00017,-0.000307,True,0.0,predictor_temporal/predictor_temporal_per_variant.json::tdist
POC-1B,tdist,lower,raw,full_ft_encoder,pretrain_encoder,COMP,COMP,1825,0.001223,0.001097,0.001359,-0.001223,-0.001097,-0.001359,True,0.0,predictor_temporal/predictor_temporal_per_variant.json::tdist
POC-1B,tdist,lower,raw,full_ft_encoder,surgery_raw_encoder,COMP,OURS,1825,0.000259,0.000155,0.000363,-0.000259,-0.000155,-0.000363,True,0.0,predictor_temporal/predictor_temporal_per_variant.json::tdist
POC-1B,tdist,lower,raw,full_ft_encoder,surgical_3stage_DI_diheavy_encoder,COMP,OURS,1825,0.000556,0.000436,0.000675,-0.000556,-0.000436,-0.000675,True,0.0,predictor_temporal/predictor_temporal_per_variant.json::tdist
POC-1B,tdist,lower,raw,full_ft_encoder,surgical_3stage_DI_encoder,COMP,OURS,1825,0.000434,0.000315,0.000552,-0.000434,-0.000315,-0.000552,True,0.0,predictor_temporal/predictor_temporal_per_variant.json::tdist
POC-1B,tdist,lower,raw,full_ft_encoder,surgical_3stage_DI_intervene_encoder,COMP,OURS,1825,9.5e-05,-1.4e-05,0.000202,-9.5e-05,1.4e-05,-0.000202,True,0.0824,predictor_temporal/predictor_temporal_per_variant.json::tdist
POC-1B,tdist,lower,raw,full_ft_encoder,surgical_autorgn_encoder,COMP,COMP,1825,0.000326,0.000257,0.000398,-0.000326,-0.000257,-0.000398,True,0.0,predictor_temporal/predictor_temporal_per_variant.json::tdist
POC-1B,tdist,lower,raw,full_ft_encoder,surgical_intervene_wiseft_f30_encoder,COMP,OURS,1825,0.000649,0.000509,0.000794,-0.000649,-0.000509,-0.000794,True,0.0,predictor_temporal/predictor_temporal_per_variant.json::tdist
POC-1B,tdist,lower,raw,full_ft_encoder,surgical_intervene_wiseft_f50_encoder,COMP,OURS,1825,0.001127,0.000971,0.001294,-0.001127,-0.000971,-0.001294,True,0.0,predictor_temporal/predictor_temporal_per_variant.json::tdist
POC-1B,tdist,lower,raw,full_ft_encoder,surgical_intervene_wiseft_f70_encoder,COMP,OURS,1825,0.001616,0.001446,0.001801,-0.001616,-0.001446,-0.001801,True,0.0,predictor_temporal/predictor_temporal_per_variant.json::tdist
POC-1B,tdist,lower,raw,lpft_encoder,peft_dora_encoder,COMP,COMP,1825,-0.000402,-0.000453,-0.000352,0.000402,0.000453,0.000352,True,0.0,predictor_temporal/predictor_temporal_per_variant.json::tdist
POC-1B,tdist,lower,raw,lpft_encoder,peft_lora_encoder,COMP,COMP,1825,-0.000313,-0.000363,-0.000264,0.000313,0.000363,0.000264,True,0.0,predictor_temporal/predictor_temporal_per_variant.json::tdist
POC-1B,tdist,lower,raw,lpft_encoder,pretrain_encoder,COMP,COMP,1825,0.000673,0.000582,0.000776,-0.000673,-0.000582,-0.000776,True,0.0,predictor_temporal/predictor_temporal_per_variant.json::tdist
POC-1B,tdist,lower,raw,lpft_encoder,surgery_raw_encoder,COMP,OURS,1825,-0.000291,-0.000381,-0.000203,0.000291,0.000381,0.000203,True,0.0,predictor_temporal/predictor_temporal_per_variant.json::tdist
POC-1B,tdist,lower,raw,lpft_encoder,surgical_3stage_DI_diheavy_encoder,COMP,OURS,1825,6e-06,-9.9e-05,0.000107,-6e-06,9.9e-05,-0.000107,True,0.8924,predictor_temporal/predictor_temporal_per_variant.json::tdist
POC-1B,tdist,lower,raw,lpft_encoder,surgical_3stage_DI_encoder,COMP,OURS,1825,-0.000116,-0.000219,-1.4e-05,0.000116,0.000219,1.4e-05,True,0.0272,predictor_temporal/predictor_temporal_per_variant.json::tdist
POC-1B,tdist,lower,raw,lpft_encoder,surgical_3stage_DI_intervene_encoder,COMP,OURS,1825,-0.000455,-0.000548,-0.000361,0.000455,0.000548,0.000361,True,0.0,predictor_temporal/predictor_temporal_per_variant.json::tdist
POC-1B,tdist,lower,raw,lpft_encoder,surgical_autorgn_encoder,COMP,COMP,1825,-0.000224,-0.000283,-0.000166,0.000224,0.000283,0.000166,True,0.0,predictor_temporal/predictor_temporal_per_variant.json::tdist
POC-1B,tdist,lower,raw,lpft_encoder,surgical_intervene_wiseft_f30_encoder,COMP,OURS,1825,9.9e-05,-2.8e-05,0.000229,-9.9e-05,2.8e-05,-0.000229,True,0.1222,predictor_temporal/predictor_temporal_per_variant.json::tdist
POC-1B,tdist,lower,raw,lpft_encoder,surgical_intervene_wiseft_f50_encoder,COMP,OURS,1825,0.000578,0.000432,0.000726,-0.000578,-0.000432,-0.000726,True,0.0,predictor_temporal/predictor_temporal_per_variant.json::tdist
POC-1B,tdist,lower,raw,lpft_encoder,surgical_intervene_wiseft_f70_encoder,COMP,OURS,1825,0.001066,0.00091,0.001232,-0.001066,-0.00091,-0.001232,True,0.0,predictor_temporal/predictor_temporal_per_variant.json::tdist
POC-1B,tdist,lower,raw,peft_dora_encoder,peft_lora_encoder,COMP,COMP,1825,8.9e-05,7.6e-05,0.000103,-8.9e-05,-7.6e-05,-0.000103,True,0.0,predictor_temporal/predictor_temporal_per_variant.json::tdist
POC-1B,tdist,lower,raw,peft_dora_encoder,pretrain_encoder,COMP,COMP,1825,0.001075,0.000977,0.001182,-0.001075,-0.000977,-0.001182,True,0.0,predictor_temporal/predictor_temporal_per_variant.json::tdist
POC-1B,tdist,lower,raw,peft_dora_encoder,surgery_raw_encoder,COMP,OURS,1825,0.000112,3.6e-05,0.000189,-0.000112,-3.6e-05,-0.000189,True,0.0056,predictor_temporal/predictor_temporal_per_variant.json::tdist
POC-1B,tdist,lower,raw,peft_dora_encoder,surgical_3stage_DI_diheavy_encoder,COMP,OURS,1825,0.000408,0.000315,0.000503,-0.000408,-0.000315,-0.000503,True,0.0,predictor_temporal/predictor_temporal_per_variant.json::tdist
POC-1B,tdist,lower,raw,peft_dora_encoder,surgical_3stage_DI_encoder,COMP,OURS,1825,0.000286,0.000192,0.000382,-0.000286,-0.000192,-0.000382,True,0.0,predictor_temporal/predictor_temporal_per_variant.json::tdist
POC-1B,tdist,lower,raw,peft_dora_encoder,surgical_3stage_DI_intervene_encoder,COMP,OURS,1825,-5.3e-05,-0.000133,3.3e-05,5.3e-05,0.000133,-3.3e-05,True,0.2126,predictor_temporal/predictor_temporal_per_variant.json::tdist
POC-1B,tdist,lower,raw,peft_dora_encoder,surgical_autorgn_encoder,COMP,COMP,1825,0.000178,0.000128,0.00023,-0.000178,-0.000128,-0.00023,True,0.0,predictor_temporal/predictor_temporal_per_variant.json::tdist
POC-1B,tdist,lower,raw,peft_dora_encoder,surgical_intervene_wiseft_f30_encoder,COMP,OURS,1825,0.000501,0.000383,0.000628,-0.000501,-0.000383,-0.000628,True,0.0,predictor_temporal/predictor_temporal_per_variant.json::tdist
POC-1B,tdist,lower,raw,peft_dora_encoder,surgical_intervene_wiseft_f50_encoder,COMP,OURS,1825,0.00098,0.000842,0.001131,-0.00098,-0.000842,-0.001131,True,0.0,predictor_temporal/predictor_temporal_per_variant.json::tdist
POC-1B,tdist,lower,raw,peft_dora_encoder,surgical_intervene_wiseft_f70_encoder,COMP,OURS,1825,0.001468,0.001316,0.001635,-0.001468,-0.001316,-0.001635,True,0.0,predictor_temporal/predictor_temporal_per_variant.json::tdist
POC-1B,tdist,lower,raw,peft_lora_encoder,pretrain_encoder,COMP,COMP,1825,0.000986,0.000891,0.001094,-0.000986,-0.000891,-0.001094,True,0.0,predictor_temporal/predictor_temporal_per_variant.json::tdist
POC-1B,tdist,lower,raw,peft_lora_encoder,surgery_raw_encoder,COMP,OURS,1825,2.2e-05,-5.4e-05,0.000101,-2.2e-05,5.4e-05,-0.000101,True,0.5624,predictor_temporal/predictor_temporal_per_variant.json::tdist
POC-1B,tdist,lower,raw,peft_lora_encoder,surgical_3stage_DI_diheavy_encoder,COMP,OURS,1825,0.000319,0.000226,0.000413,-0.000319,-0.000226,-0.000413,True,0.0,predictor_temporal/predictor_temporal_per_variant.json::tdist
POC-1B,tdist,lower,raw,peft_lora_encoder,surgical_3stage_DI_encoder,COMP,OURS,1825,0.000197,0.000103,0.000292,-0.000197,-0.000103,-0.000292,True,0.0002,predictor_temporal/predictor_temporal_per_variant.json::tdist
POC-1B,tdist,lower,raw,peft_lora_encoder,surgical_3stage_DI_intervene_encoder,COMP,OURS,1825,-0.000142,-0.000222,-5.7e-05,0.000142,0.000222,5.7e-05,True,0.0008,predictor_temporal/predictor_temporal_per_variant.json::tdist
POC-1B,tdist,lower,raw,peft_lora_encoder,surgical_autorgn_encoder,COMP,COMP,1825,8.9e-05,4e-05,0.000141,-8.9e-05,-4e-05,-0.000141,True,0.0004,predictor_temporal/predictor_temporal_per_variant.json::tdist
POC-1B,tdist,lower,raw,peft_lora_encoder,surgical_intervene_wiseft_f30_encoder,COMP,OURS,1825,0.000412,0.000296,0.000537,-0.000412,-0.000296,-0.000537,True,0.0,predictor_temporal/predictor_temporal_per_variant.json::tdist
POC-1B,tdist,lower,raw,peft_lora_encoder,surgical_intervene_wiseft_f50_encoder,COMP,OURS,1825,0.00089,0.000754,0.00104,-0.00089,-0.000754,-0.00104,True,0.0,predictor_temporal/predictor_temporal_per_variant.json::tdist
POC-1B,tdist,lower,raw,peft_lora_encoder,surgical_intervene_wiseft_f70_encoder,COMP,OURS,1825,0.001379,0.001228,0.001546,-0.001379,-0.001228,-0.001546,True,0.0,predictor_temporal/predictor_temporal_per_variant.json::tdist
POC-1B,tdist,lower,raw,pretrain_encoder,surgery_raw_encoder,COMP,OURS,1825,-0.000964,-0.001045,-0.00089,0.000964,0.001045,0.00089,True,0.0,predictor_temporal/predictor_temporal_per_variant.json::tdist
POC-1B,tdist,lower,raw,pretrain_encoder,surgical_3stage_DI_diheavy_encoder,COMP,OURS,1825,-0.000667,-0.000745,-0.000595,0.000667,0.000745,0.000595,True,0.0,predictor_temporal/predictor_temporal_per_variant.json::tdist
POC-1B,tdist,lower,raw,pretrain_encoder,surgical_3stage_DI_encoder,COMP,OURS,1825,-0.000789,-0.000867,-0.000716,0.000789,0.000867,0.000716,True,0.0,predictor_temporal/predictor_temporal_per_variant.json::tdist
POC-1B,tdist,lower,raw,pretrain_encoder,surgical_3stage_DI_intervene_encoder,COMP,OURS,1825,-0.001128,-0.001209,-0.001052,0.001128,0.001209,0.001052,True,0.0,predictor_temporal/predictor_temporal_per_variant.json::tdist
POC-1B,tdist,lower,raw,pretrain_encoder,surgical_autorgn_encoder,COMP,COMP,1825,-0.000897,-0.000991,-0.00081,0.000897,0.000991,0.00081,True,0.0,predictor_temporal/predictor_temporal_per_variant.json::tdist
POC-1B,tdist,lower,raw,pretrain_encoder,surgical_intervene_wiseft_f30_encoder,COMP,OURS,1825,-0.000574,-0.000659,-0.000496,0.000574,0.000659,0.000496,True,0.0,predictor_temporal/predictor_temporal_per_variant.json::tdist
POC-1B,tdist,lower,raw,pretrain_encoder,surgical_intervene_wiseft_f50_encoder,COMP,OURS,1825,-9.6e-05,-0.000193,-2e-06,9.6e-05,0.000193,2e-06,True,0.0494,predictor_temporal/predictor_temporal_per_variant.json::tdist
POC-1B,tdist,lower,raw,pretrain_encoder,surgical_intervene_wiseft_f70_encoder,COMP,OURS,1825,0.000393,0.000286,0.000498,-0.000393,-0.000286,-0.000498,True,0.0,predictor_temporal/predictor_temporal_per_variant.json::tdist
POC-1B,tdist,lower,raw,surgery_raw_encoder,surgical_3stage_DI_diheavy_encoder,OURS,OURS,1825,0.000297,0.000253,0.000339,-0.000297,-0.000253,-0.000339,True,0.0,predictor_temporal/predictor_temporal_per_variant.json::tdist
POC-1B,tdist,lower,raw,surgery_raw_encoder,surgical_3stage_DI_encoder,OURS,OURS,1825,0.000175,0.000133,0.000217,-0.000175,-0.000133,-0.000217,True,0.0,predictor_temporal/predictor_temporal_per_variant.json::tdist
POC-1B,tdist,lower,raw,surgery_raw_encoder,surgical_3stage_DI_intervene_encoder,OURS,OURS,1825,-0.000164,-0.000206,-0.000122,0.000164,0.000206,0.000122,True,0.0,predictor_temporal/predictor_temporal_per_variant.json::tdist
POC-1B,tdist,lower,raw,surgery_raw_encoder,surgical_autorgn_encoder,OURS,COMP,1825,6.7e-05,3e-06,0.000134,-6.7e-05,-3e-06,-0.000134,True,0.0438,predictor_temporal/predictor_temporal_per_variant.json::tdist
POC-1B,tdist,lower,raw,surgery_raw_encoder,surgical_intervene_wiseft_f30_encoder,OURS,OURS,1825,0.00039,0.000326,0.000458,-0.00039,-0.000326,-0.000458,True,0.0,predictor_temporal/predictor_temporal_per_variant.json::tdist
POC-1B,tdist,lower,raw,surgery_raw_encoder,surgical_intervene_wiseft_f50_encoder,OURS,OURS,1825,0.000868,0.000782,0.000962,-0.000868,-0.000782,-0.000962,True,0.0,predictor_temporal/predictor_temporal_per_variant.json::tdist
POC-1B,tdist,lower,raw,surgery_raw_encoder,surgical_intervene_wiseft_f70_encoder,OURS,OURS,1825,0.001357,0.001251,0.001469,-0.001357,-0.001251,-0.001469,True,0.0,predictor_temporal/predictor_temporal_per_variant.json::tdist
POC-1B,tdist,lower,raw,surgical_3stage_DI_diheavy_encoder,surgical_3stage_DI_encoder,OURS,OURS,1825,-0.000122,-0.000157,-8.6e-05,0.000122,0.000157,8.6e-05,True,0.0,predictor_temporal/predictor_temporal_per_variant.json::tdist
POC-1B,tdist,lower,raw,surgical_3stage_DI_diheavy_encoder,surgical_3stage_DI_intervene_encoder,OURS,OURS,1825,-0.000461,-0.000504,-0.000418,0.000461,0.000504,0.000418,True,0.0,predictor_temporal/predictor_temporal_per_variant.json::tdist
POC-1B,tdist,lower,raw,surgical_3stage_DI_diheavy_encoder,surgical_autorgn_encoder,OURS,COMP,1825,-0.00023,-0.000308,-0.000149,0.00023,0.000308,0.000149,True,0.0,predictor_temporal/predictor_temporal_per_variant.json::tdist
POC-1B,tdist,lower,raw,surgical_3stage_DI_diheavy_encoder,surgical_intervene_wiseft_f30_encoder,OURS,OURS,1825,9.3e-05,3.6e-05,0.000151,-9.3e-05,-3.6e-05,-0.000151,True,0.0006,predictor_temporal/predictor_temporal_per_variant.json::tdist
POC-1B,tdist,lower,raw,surgical_3stage_DI_diheavy_encoder,surgical_intervene_wiseft_f50_encoder,OURS,OURS,1825,0.000571,0.000494,0.000654,-0.000571,-0.000494,-0.000654,True,0.0,predictor_temporal/predictor_temporal_per_variant.json::tdist
POC-1B,tdist,lower,raw,surgical_3stage_DI_diheavy_encoder,surgical_intervene_wiseft_f70_encoder,OURS,OURS,1825,0.00106,0.000963,0.001161,-0.00106,-0.000963,-0.001161,True,0.0,predictor_temporal/predictor_temporal_per_variant.json::tdist
POC-1B,tdist,lower,raw,surgical_3stage_DI_encoder,surgical_3stage_DI_intervene_encoder,OURS,OURS,1825,-0.000339,-0.000375,-0.000303,0.000339,0.000375,0.000303,True,0.0,predictor_temporal/predictor_temporal_per_variant.json::tdist
POC-1B,tdist,lower,raw,surgical_3stage_DI_encoder,surgical_autorgn_encoder,OURS,COMP,1825,-0.000108,-0.000185,-2.9e-05,0.000108,0.000185,2.9e-05,True,0.0066,predictor_temporal/predictor_temporal_per_variant.json::tdist
POC-1B,tdist,lower,raw,surgical_3stage_DI_encoder,surgical_intervene_wiseft_f30_encoder,OURS,OURS,1825,0.000215,0.000165,0.000267,-0.000215,-0.000165,-0.000267,True,0.0,predictor_temporal/predictor_temporal_per_variant.json::tdist
POC-1B,tdist,lower,raw,surgical_3stage_DI_encoder,surgical_intervene_wiseft_f50_encoder,OURS,OURS,1825,0.000694,0.000621,0.00077,-0.000694,-0.000621,-0.00077,True,0.0,predictor_temporal/predictor_temporal_per_variant.json::tdist
POC-1B,tdist,lower,raw,surgical_3stage_DI_encoder,surgical_intervene_wiseft_f70_encoder,OURS,OURS,1825,0.001182,0.001089,0.001278,-0.001182,-0.001089,-0.001278,True,0.0,predictor_temporal/predictor_temporal_per_variant.json::tdist
POC-1B,tdist,lower,raw,surgical_3stage_DI_intervene_encoder,surgical_autorgn_encoder,OURS,COMP,1825,0.000231,0.000161,0.0003,-0.000231,-0.000161,-0.0003,True,0.0,predictor_temporal/predictor_temporal_per_variant.json::tdist
POC-1B,tdist,lower,raw,surgical_3stage_DI_intervene_encoder,surgical_intervene_wiseft_f30_encoder,OURS,OURS,1825,0.000554,0.000498,0.000614,-0.000554,-0.000498,-0.000614,True,0.0,predictor_temporal/predictor_temporal_per_variant.json::tdist
POC-1B,tdist,lower,raw,surgical_3stage_DI_intervene_encoder,surgical_intervene_wiseft_f50_encoder,OURS,OURS,1825,0.001033,0.000952,0.00112,-0.001033,-0.000952,-0.00112,True,0.0,predictor_temporal/predictor_temporal_per_variant.json::tdist
POC-1B,tdist,lower,raw,surgical_3stage_DI_intervene_encoder,surgical_intervene_wiseft_f70_encoder,OURS,OURS,1825,0.001521,0.001419,0.00163,-0.001521,-0.001419,-0.00163,True,0.0,predictor_temporal/predictor_temporal_per_variant.json::tdist
POC-1B,tdist,lower,raw,surgical_autorgn_encoder,surgical_intervene_wiseft_f30_encoder,COMP,OURS,1825,0.000323,0.000222,0.000429,-0.000323,-0.000222,-0.000429,True,0.0,predictor_temporal/predictor_temporal_per_variant.json::tdist
POC-1B,tdist,lower,raw,surgical_autorgn_encoder,surgical_intervene_wiseft_f50_encoder,COMP,OURS,1825,0.000802,0.000677,0.000931,-0.000802,-0.000677,-0.000931,True,0.0,predictor_temporal/predictor_temporal_per_variant.json::tdist
POC-1B,tdist,lower,raw,surgical_autorgn_encoder,surgical_intervene_wiseft_f70_encoder,COMP,OURS,1825,0.00129,0.001151,0.001436,-0.00129,-0.001151,-0.001436,True,0.0,predictor_temporal/predictor_temporal_per_variant.json::tdist
POC-1B,tdist,lower,raw,surgical_intervene_wiseft_f30_encoder,surgical_intervene_wiseft_f50_encoder,OURS,OURS,1825,0.000479,0.000449,0.00051,-0.000479,-0.000449,-0.00051,True,0.0,predictor_temporal/predictor_temporal_per_variant.json::tdist
POC-1B,tdist,lower,raw,surgical_intervene_wiseft_f30_encoder,surgical_intervene_wiseft_f70_encoder,OURS,OURS,1825,0.000967,0.000913,0.001023,-0.000967,-0.000913,-0.001023,True,0.0,predictor_temporal/predictor_temporal_per_variant.json::tdist
POC-1B,tdist,lower,raw,surgical_intervene_wiseft_f50_encoder,surgical_intervene_wiseft_f70_encoder,OURS,OURS,1825,0.000488,0.000461,0.000517,-0.000488,-0.000461,-0.000517,True,0.0,predictor_temporal/predictor_temporal_per_variant.json::tdist
POC-1B,teacher_free,lower,raw,frozen,full_ft_encoder,REF,COMP,1825,0.004635,0.004285,0.004997,-0.004635,-0.004285,-0.004997,True,0.0,predictor_temporal/predictor_temporal_per_variant.json::teacher_free
POC-1B,teacher_free,lower,raw,frozen,lpft_encoder,REF,COMP,1825,0.006282,0.005938,0.006641,-0.006282,-0.005938,-0.006641,True,0.0,predictor_temporal/predictor_temporal_per_variant.json::teacher_free
POC-1B,teacher_free,lower,raw,frozen,peft_dora_encoder,REF,COMP,1825,0.008126,0.007746,0.00851,-0.008126,-0.007746,-0.00851,True,0.0,predictor_temporal/predictor_temporal_per_variant.json::teacher_free
POC-1B,teacher_free,lower,raw,frozen,peft_lora_encoder,REF,COMP,1825,0.007906,0.007531,0.00829,-0.007906,-0.007531,-0.00829,True,0.0,predictor_temporal/predictor_temporal_per_variant.json::teacher_free
POC-1B,teacher_free,lower,raw,frozen,pretrain_encoder,REF,COMP,1825,0.00662,0.006296,0.006961,-0.00662,-0.006296,-0.006961,True,0.0,predictor_temporal/predictor_temporal_per_variant.json::teacher_free
POC-1B,teacher_free,lower,raw,frozen,surgery_raw_encoder,REF,OURS,1825,0.008728,0.008381,0.009078,-0.008728,-0.008381,-0.009078,True,0.0,predictor_temporal/predictor_temporal_per_variant.json::teacher_free
POC-1B,teacher_free,lower,raw,frozen,surgical_3stage_DI_diheavy_encoder,REF,OURS,1825,0.0095,0.009173,0.009836,-0.0095,-0.009173,-0.009836,True,0.0,predictor_temporal/predictor_temporal_per_variant.json::teacher_free
POC-1B,teacher_free,lower,raw,frozen,surgical_3stage_DI_encoder,REF,OURS,1825,0.005842,0.005528,0.006166,-0.005842,-0.005528,-0.006166,True,0.0,predictor_temporal/predictor_temporal_per_variant.json::teacher_free
POC-1B,teacher_free,lower,raw,frozen,surgical_3stage_DI_intervene_encoder,REF,OURS,1825,0.006153,0.005809,0.006497,-0.006153,-0.005809,-0.006497,True,0.0,predictor_temporal/predictor_temporal_per_variant.json::teacher_free
POC-1B,teacher_free,lower,raw,frozen,surgical_autorgn_encoder,REF,COMP,1825,0.005132,0.004778,0.005484,-0.005132,-0.004778,-0.005484,True,0.0,predictor_temporal/predictor_temporal_per_variant.json::teacher_free
POC-1B,teacher_free,lower,raw,frozen,surgical_intervene_wiseft_f30_encoder,REF,OURS,1825,0.005479,0.005232,0.005734,-0.005479,-0.005232,-0.005734,True,0.0,predictor_temporal/predictor_temporal_per_variant.json::teacher_free
POC-1B,teacher_free,lower,raw,frozen,surgical_intervene_wiseft_f50_encoder,REF,OURS,1825,0.004077,0.003886,0.004273,-0.004077,-0.003886,-0.004273,True,0.0,predictor_temporal/predictor_temporal_per_variant.json::teacher_free
POC-1B,teacher_free,lower,raw,frozen,surgical_intervene_wiseft_f70_encoder,REF,OURS,1825,0.002869,0.00274,0.003005,-0.002869,-0.00274,-0.003005,True,0.0,predictor_temporal/predictor_temporal_per_variant.json::teacher_free
POC-1B,teacher_free,lower,raw,full_ft_encoder,lpft_encoder,COMP,COMP,1825,0.001647,0.001484,0.001805,-0.001647,-0.001484,-0.001805,True,0.0,predictor_temporal/predictor_temporal_per_variant.json::teacher_free
POC-1B,teacher_free,lower,raw,full_ft_encoder,peft_dora_encoder,COMP,COMP,1825,0.003491,0.003321,0.003654,-0.003491,-0.003321,-0.003654,True,0.0,predictor_temporal/predictor_temporal_per_variant.json::teacher_free
POC-1B,teacher_free,lower,raw,full_ft_encoder,peft_lora_encoder,COMP,COMP,1825,0.003271,0.003095,0.003437,-0.003271,-0.003095,-0.003437,True,0.0,predictor_temporal/predictor_temporal_per_variant.json::teacher_free
POC-1B,teacher_free,lower,raw,full_ft_encoder,pretrain_encoder,COMP,COMP,1825,0.001985,0.001694,0.002276,-0.001985,-0.001694,-0.002276,True,0.0,predictor_temporal/predictor_temporal_per_variant.json::teacher_free
POC-1B,teacher_free,lower,raw,full_ft_encoder,surgery_raw_encoder,COMP,OURS,1825,0.004093,0.003884,0.004303,-0.004093,-0.003884,-0.004303,True,0.0,predictor_temporal/predictor_temporal_per_variant.json::teacher_free
POC-1B,teacher_free,lower,raw,full_ft_encoder,surgical_3stage_DI_diheavy_encoder,COMP,OURS,1825,0.004865,0.00463,0.005104,-0.004865,-0.00463,-0.005104,True,0.0,predictor_temporal/predictor_temporal_per_variant.json::teacher_free
POC-1B,teacher_free,lower,raw,full_ft_encoder,surgical_3stage_DI_encoder,COMP,OURS,1825,0.001207,0.000908,0.001499,-0.001207,-0.000908,-0.001499,True,0.0,predictor_temporal/predictor_temporal_per_variant.json::teacher_free
POC-1B,teacher_free,lower,raw,full_ft_encoder,surgical_3stage_DI_intervene_encoder,COMP,OURS,1825,0.001518,0.001245,0.001775,-0.001518,-0.001245,-0.001775,True,0.0,predictor_temporal/predictor_temporal_per_variant.json::teacher_free
POC-1B,teacher_free,lower,raw,full_ft_encoder,surgical_autorgn_encoder,COMP,COMP,1825,0.000497,0.000341,0.000647,-0.000497,-0.000341,-0.000647,True,0.0,predictor_temporal/predictor_temporal_per_variant.json::teacher_free
POC-1B,teacher_free,lower,raw,full_ft_encoder,surgical_intervene_wiseft_f30_encoder,COMP,OURS,1825,0.000844,0.000578,0.001106,-0.000844,-0.000578,-0.001106,True,0.0,predictor_temporal/predictor_temporal_per_variant.json::teacher_free
POC-1B,teacher_free,lower,raw,full_ft_encoder,surgical_intervene_wiseft_f50_encoder,COMP,OURS,1825,-0.000558,-0.000856,-0.000275,0.000558,0.000856,0.000275,True,0.0,predictor_temporal/predictor_temporal_per_variant.json::teacher_free
POC-1B,teacher_free,lower,raw,full_ft_encoder,surgical_intervene_wiseft_f70_encoder,COMP,OURS,1825,-0.001766,-0.002087,-0.001459,0.001766,0.002087,0.001459,True,0.0,predictor_temporal/predictor_temporal_per_variant.json::teacher_free
POC-1B,teacher_free,lower,raw,lpft_encoder,peft_dora_encoder,COMP,COMP,1825,0.001844,0.001641,0.002057,-0.001844,-0.001641,-0.002057,True,0.0,predictor_temporal/predictor_temporal_per_variant.json::teacher_free
POC-1B,teacher_free,lower,raw,lpft_encoder,peft_lora_encoder,COMP,COMP,1825,0.001624,0.001416,0.001838,-0.001624,-0.001416,-0.001838,True,0.0,predictor_temporal/predictor_temporal_per_variant.json::teacher_free
POC-1B,teacher_free,lower,raw,lpft_encoder,pretrain_encoder,COMP,COMP,1825,0.000338,7.2e-05,0.000609,-0.000338,-7.2e-05,-0.000609,True,0.0086,predictor_temporal/predictor_temporal_per_variant.json::teacher_free
POC-1B,teacher_free,lower,raw,lpft_encoder,surgery_raw_encoder,COMP,OURS,1825,0.002446,0.002234,0.002661,-0.002446,-0.002234,-0.002661,True,0.0,predictor_temporal/predictor_temporal_per_variant.json::teacher_free
POC-1B,teacher_free,lower,raw,lpft_encoder,surgical_3stage_DI_diheavy_encoder,COMP,OURS,1825,0.003218,0.002977,0.003452,-0.003218,-0.002977,-0.003452,True,0.0,predictor_temporal/predictor_temporal_per_variant.json::teacher_free
POC-1B,teacher_free,lower,raw,lpft_encoder,surgical_3stage_DI_encoder,COMP,OURS,1825,-0.00044,-0.000738,-0.000166,0.00044,0.000738,0.000166,True,0.0014,predictor_temporal/predictor_temporal_per_variant.json::teacher_free
POC-1B,teacher_free,lower,raw,lpft_encoder,surgical_3stage_DI_intervene_encoder,COMP,OURS,1825,-0.000129,-0.000404,0.000143,0.000129,0.000404,-0.000143,True,0.3512,predictor_temporal/predictor_temporal_per_variant.json::teacher_free
POC-1B,teacher_free,lower,raw,lpft_encoder,surgical_autorgn_encoder,COMP,COMP,1825,-0.00115,-0.001308,-0.000998,0.00115,0.001308,0.000998,True,0.0,predictor_temporal/predictor_temporal_per_variant.json::teacher_free
POC-1B,teacher_free,lower,raw,lpft_encoder,surgical_intervene_wiseft_f30_encoder,COMP,OURS,1825,-0.000803,-0.001058,-0.00055,0.000803,0.001058,0.00055,True,0.0,predictor_temporal/predictor_temporal_per_variant.json::teacher_free
POC-1B,teacher_free,lower,raw,lpft_encoder,surgical_intervene_wiseft_f50_encoder,COMP,OURS,1825,-0.002205,-0.002487,-0.001927,0.002205,0.002487,0.001927,True,0.0,predictor_temporal/predictor_temporal_per_variant.json::teacher_free
POC-1B,teacher_free,lower,raw,lpft_encoder,surgical_intervene_wiseft_f70_encoder,COMP,OURS,1825,-0.003413,-0.003722,-0.003111,0.003413,0.003722,0.003111,True,0.0,predictor_temporal/predictor_temporal_per_variant.json::teacher_free
POC-1B,teacher_free,lower,raw,peft_dora_encoder,peft_lora_encoder,COMP,COMP,1825,-0.00022,-0.000263,-0.000176,0.00022,0.000263,0.000176,True,0.0,predictor_temporal/predictor_temporal_per_variant.json::teacher_free
POC-1B,teacher_free,lower,raw,peft_dora_encoder,pretrain_encoder,COMP,COMP,1825,-0.001506,-0.001817,-0.001186,0.001506,0.001817,0.001186,True,0.0,predictor_temporal/predictor_temporal_per_variant.json::teacher_free
POC-1B,teacher_free,lower,raw,peft_dora_encoder,surgery_raw_encoder,COMP,OURS,1825,0.000602,0.000432,0.000778,-0.000602,-0.000432,-0.000778,True,0.0,predictor_temporal/predictor_temporal_per_variant.json::teacher_free
POC-1B,teacher_free,lower,raw,peft_dora_encoder,surgical_3stage_DI_diheavy_encoder,COMP,OURS,1825,0.001375,0.001137,0.00162,-0.001375,-0.001137,-0.00162,True,0.0,predictor_temporal/predictor_temporal_per_variant.json::teacher_free
POC-1B,teacher_free,lower,raw,peft_dora_encoder,surgical_3stage_DI_encoder,COMP,OURS,1825,-0.002284,-0.002598,-0.001969,0.002284,0.002598,0.001969,True,0.0,predictor_temporal/predictor_temporal_per_variant.json::teacher_free
POC-1B,teacher_free,lower,raw,peft_dora_encoder,surgical_3stage_DI_intervene_encoder,COMP,OURS,1825,-0.001973,-0.00222,-0.001727,0.001973,0.00222,0.001727,True,0.0,predictor_temporal/predictor_temporal_per_variant.json::teacher_free
POC-1B,teacher_free,lower,raw,peft_dora_encoder,surgical_autorgn_encoder,COMP,COMP,1825,-0.002994,-0.003199,-0.002786,0.002994,0.003199,0.002786,True,0.0,predictor_temporal/predictor_temporal_per_variant.json::teacher_free
POC-1B,teacher_free,lower,raw,peft_dora_encoder,surgical_intervene_wiseft_f30_encoder,COMP,OURS,1825,-0.002647,-0.002933,-0.002359,0.002647,0.002933,0.002359,True,0.0,predictor_temporal/predictor_temporal_per_variant.json::teacher_free
POC-1B,teacher_free,lower,raw,peft_dora_encoder,surgical_intervene_wiseft_f50_encoder,COMP,OURS,1825,-0.004049,-0.004366,-0.003728,0.004049,0.004366,0.003728,True,0.0,predictor_temporal/predictor_temporal_per_variant.json::teacher_free
POC-1B,teacher_free,lower,raw,peft_dora_encoder,surgical_intervene_wiseft_f70_encoder,COMP,OURS,1825,-0.005257,-0.005599,-0.004913,0.005257,0.005599,0.004913,True,0.0,predictor_temporal/predictor_temporal_per_variant.json::teacher_free
POC-1B,teacher_free,lower,raw,peft_lora_encoder,pretrain_encoder,COMP,COMP,1825,-0.001286,-0.001603,-0.000958,0.001286,0.001603,0.000958,True,0.0,predictor_temporal/predictor_temporal_per_variant.json::teacher_free
POC-1B,teacher_free,lower,raw,peft_lora_encoder,surgery_raw_encoder,COMP,OURS,1825,0.000822,0.000651,0.000997,-0.000822,-0.000651,-0.000997,True,0.0,predictor_temporal/predictor_temporal_per_variant.json::teacher_free
POC-1B,teacher_free,lower,raw,peft_lora_encoder,surgical_3stage_DI_diheavy_encoder,COMP,OURS,1825,0.001594,0.001352,0.001845,-0.001594,-0.001352,-0.001845,True,0.0,predictor_temporal/predictor_temporal_per_variant.json::teacher_free
POC-1B,teacher_free,lower,raw,peft_lora_encoder,surgical_3stage_DI_encoder,COMP,OURS,1825,-0.002064,-0.002377,-0.001753,0.002064,0.002377,0.001753,True,0.0,predictor_temporal/predictor_temporal_per_variant.json::teacher_free
POC-1B,teacher_free,lower,raw,peft_lora_encoder,surgical_3stage_DI_intervene_encoder,COMP,OURS,1825,-0.001753,-0.001997,-0.001517,0.001753,0.001997,0.001517,True,0.0,predictor_temporal/predictor_temporal_per_variant.json::teacher_free
POC-1B,teacher_free,lower,raw,peft_lora_encoder,surgical_autorgn_encoder,COMP,COMP,1825,-0.002774,-0.002982,-0.002565,0.002774,0.002982,0.002565,True,0.0,predictor_temporal/predictor_temporal_per_variant.json::teacher_free
POC-1B,teacher_free,lower,raw,peft_lora_encoder,surgical_intervene_wiseft_f30_encoder,COMP,OURS,1825,-0.002427,-0.002712,-0.00214,0.002427,0.002712,0.00214,True,0.0,predictor_temporal/predictor_temporal_per_variant.json::teacher_free
POC-1B,teacher_free,lower,raw,peft_lora_encoder,surgical_intervene_wiseft_f50_encoder,COMP,OURS,1825,-0.003829,-0.004145,-0.00351,0.003829,0.004145,0.00351,True,0.0,predictor_temporal/predictor_temporal_per_variant.json::teacher_free
POC-1B,teacher_free,lower,raw,peft_lora_encoder,surgical_intervene_wiseft_f70_encoder,COMP,OURS,1825,-0.005037,-0.00538,-0.004699,0.005037,0.00538,0.004699,True,0.0,predictor_temporal/predictor_temporal_per_variant.json::teacher_free
POC-1B,teacher_free,lower,raw,pretrain_encoder,surgery_raw_encoder,COMP,OURS,1825,0.002108,0.001797,0.002401,-0.002108,-0.001797,-0.002401,True,0.0,predictor_temporal/predictor_temporal_per_variant.json::teacher_free
POC-1B,teacher_free,lower,raw,pretrain_encoder,surgical_3stage_DI_diheavy_encoder,COMP,OURS,1825,0.002881,0.002599,0.003146,-0.002881,-0.002599,-0.003146,True,0.0,predictor_temporal/predictor_temporal_per_variant.json::teacher_free
POC-1B,teacher_free,lower,raw,pretrain_encoder,surgical_3stage_DI_encoder,COMP,OURS,1825,-0.000778,-0.001136,-0.000447,0.000778,0.001136,0.000447,True,0.0,predictor_temporal/predictor_temporal_per_variant.json::teacher_free
POC-1B,teacher_free,lower,raw,pretrain_encoder,surgical_3stage_DI_intervene_encoder,COMP,OURS,1825,-0.000467,-0.00084,-0.000121,0.000467,0.00084,0.000121,True,0.0108,predictor_temporal/predictor_temporal_per_variant.json::teacher_free
POC-1B,teacher_free,lower,raw,pretrain_encoder,surgical_autorgn_encoder,COMP,COMP,1825,-0.001488,-0.001756,-0.001227,0.001488,0.001756,0.001227,True,0.0,predictor_temporal/predictor_temporal_per_variant.json::teacher_free
POC-1B,teacher_free,lower,raw,pretrain_encoder,surgical_intervene_wiseft_f30_encoder,COMP,OURS,1825,-0.001141,-0.001438,-0.00086,0.001141,0.001438,0.00086,True,0.0,predictor_temporal/predictor_temporal_per_variant.json::teacher_free
POC-1B,teacher_free,lower,raw,pretrain_encoder,surgical_intervene_wiseft_f50_encoder,COMP,OURS,1825,-0.002543,-0.002832,-0.002256,0.002543,0.002832,0.002256,True,0.0,predictor_temporal/predictor_temporal_per_variant.json::teacher_free
POC-1B,teacher_free,lower,raw,pretrain_encoder,surgical_intervene_wiseft_f70_encoder,COMP,OURS,1825,-0.003751,-0.004051,-0.003458,0.003751,0.004051,0.003458,True,0.0,predictor_temporal/predictor_temporal_per_variant.json::teacher_free
POC-1B,teacher_free,lower,raw,surgery_raw_encoder,surgical_3stage_DI_diheavy_encoder,OURS,OURS,1825,0.000772,0.000579,0.000973,-0.000772,-0.000579,-0.000973,True,0.0,predictor_temporal/predictor_temporal_per_variant.json::teacher_free
POC-1B,teacher_free,lower,raw,surgery_raw_encoder,surgical_3stage_DI_encoder,OURS,OURS,1825,-0.002887,-0.003137,-0.002654,0.002887,0.003137,0.002654,True,0.0,predictor_temporal/predictor_temporal_per_variant.json::teacher_free
POC-1B,teacher_free,lower,raw,surgery_raw_encoder,surgical_3stage_DI_intervene_encoder,OURS,OURS,1825,-0.002575,-0.002772,-0.002389,0.002575,0.002772,0.002389,True,0.0,predictor_temporal/predictor_temporal_per_variant.json::teacher_free
POC-1B,teacher_free,lower,raw,surgery_raw_encoder,surgical_autorgn_encoder,OURS,COMP,1825,-0.003597,-0.003791,-0.003394,0.003597,0.003791,0.003394,True,0.0,predictor_temporal/predictor_temporal_per_variant.json::teacher_free
POC-1B,teacher_free,lower,raw,surgery_raw_encoder,surgical_intervene_wiseft_f30_encoder,OURS,OURS,1825,-0.003249,-0.003462,-0.003045,0.003249,0.003462,0.003045,True,0.0,predictor_temporal/predictor_temporal_per_variant.json::teacher_free
POC-1B,teacher_free,lower,raw,surgery_raw_encoder,surgical_intervene_wiseft_f50_encoder,OURS,OURS,1825,-0.004651,-0.004907,-0.004403,0.004651,0.004907,0.004403,True,0.0,predictor_temporal/predictor_temporal_per_variant.json::teacher_free
POC-1B,teacher_free,lower,raw,surgery_raw_encoder,surgical_intervene_wiseft_f70_encoder,OURS,OURS,1825,-0.005859,-0.006152,-0.005569,0.005859,0.006152,0.005569,True,0.0,predictor_temporal/predictor_temporal_per_variant.json::teacher_free
POC-1B,teacher_free,lower,raw,surgical_3stage_DI_diheavy_encoder,surgical_3stage_DI_encoder,OURS,OURS,1825,-0.003659,-0.003851,-0.003474,0.003659,0.003851,0.003474,True,0.0,predictor_temporal/predictor_temporal_per_variant.json::teacher_free
POC-1B,teacher_free,lower,raw,surgical_3stage_DI_diheavy_encoder,surgical_3stage_DI_intervene_encoder,OURS,OURS,1825,-0.003347,-0.003575,-0.003125,0.003347,0.003575,0.003125,True,0.0,predictor_temporal/predictor_temporal_per_variant.json::teacher_free
POC-1B,teacher_free,lower,raw,surgical_3stage_DI_diheavy_encoder,surgical_autorgn_encoder,OURS,COMP,1825,-0.004369,-0.004566,-0.004172,0.004369,0.004566,0.004172,True,0.0,predictor_temporal/predictor_temporal_per_variant.json::teacher_free
POC-1B,teacher_free,lower,raw,surgical_3stage_DI_diheavy_encoder,surgical_intervene_wiseft_f30_encoder,OURS,OURS,1825,-0.004022,-0.004238,-0.003806,0.004022,0.004238,0.003806,True,0.0,predictor_temporal/predictor_temporal_per_variant.json::teacher_free
POC-1B,teacher_free,lower,raw,surgical_3stage_DI_diheavy_encoder,surgical_intervene_wiseft_f50_encoder,OURS,OURS,1825,-0.005423,-0.00567,-0.005173,0.005423,0.00567,0.005173,True,0.0,predictor_temporal/predictor_temporal_per_variant.json::teacher_free
POC-1B,teacher_free,lower,raw,surgical_3stage_DI_diheavy_encoder,surgical_intervene_wiseft_f70_encoder,OURS,OURS,1825,-0.006632,-0.00691,-0.006349,0.006632,0.00691,0.006349,True,0.0,predictor_temporal/predictor_temporal_per_variant.json::teacher_free
POC-1B,teacher_free,lower,raw,surgical_3stage_DI_encoder,surgical_3stage_DI_intervene_encoder,OURS,OURS,1825,0.000311,0.000114,0.000509,-0.000311,-0.000114,-0.000509,True,0.0018,predictor_temporal/predictor_temporal_per_variant.json::teacher_free
POC-1B,teacher_free,lower,raw,surgical_3stage_DI_encoder,surgical_autorgn_encoder,OURS,COMP,1825,-0.00071,-0.000954,-0.000444,0.00071,0.000954,0.000444,True,0.0,predictor_temporal/predictor_temporal_per_variant.json::teacher_free
POC-1B,teacher_free,lower,raw,surgical_3stage_DI_encoder,surgical_intervene_wiseft_f30_encoder,OURS,OURS,1825,-0.000363,-0.000531,-0.000187,0.000363,0.000531,0.000187,True,0.0,predictor_temporal/predictor_temporal_per_variant.json::teacher_free
POC-1B,teacher_free,lower,raw,surgical_3stage_DI_encoder,surgical_intervene_wiseft_f50_encoder,OURS,OURS,1825,-0.001764,-0.001969,-0.001556,0.001764,0.001969,0.001556,True,0.0,predictor_temporal/predictor_temporal_per_variant.json::teacher_free
POC-1B,teacher_free,lower,raw,surgical_3stage_DI_encoder,surgical_intervene_wiseft_f70_encoder,OURS,OURS,1825,-0.002973,-0.003218,-0.002726,0.002973,0.003218,0.002726,True,0.0,predictor_temporal/predictor_temporal_per_variant.json::teacher_free
POC-1B,teacher_free,lower,raw,surgical_3stage_DI_intervene_encoder,surgical_autorgn_encoder,OURS,COMP,1825,-0.001021,-0.001274,-0.000754,0.001021,0.001274,0.000754,True,0.0,predictor_temporal/predictor_temporal_per_variant.json::teacher_free
POC-1B,teacher_free,lower,raw,surgical_3stage_DI_intervene_encoder,surgical_intervene_wiseft_f30_encoder,OURS,OURS,1825,-0.000674,-0.000838,-0.000494,0.000674,0.000838,0.000494,True,0.0,predictor_temporal/predictor_temporal_per_variant.json::teacher_free
POC-1B,teacher_free,lower,raw,surgical_3stage_DI_intervene_encoder,surgical_intervene_wiseft_f50_encoder,OURS,OURS,1825,-0.002076,-0.002302,-0.001834,0.002076,0.002302,0.001834,True,0.0,predictor_temporal/predictor_temporal_per_variant.json::teacher_free
POC-1B,teacher_free,lower,raw,surgical_3stage_DI_intervene_encoder,surgical_intervene_wiseft_f70_encoder,OURS,OURS,1825,-0.003284,-0.003556,-0.003,0.003284,0.003556,0.003,True,0.0,predictor_temporal/predictor_temporal_per_variant.json::teacher_free
POC-1B,teacher_free,lower,raw,surgical_autorgn_encoder,surgical_intervene_wiseft_f30_encoder,COMP,OURS,1825,0.000347,0.000109,0.000582,-0.000347,-0.000109,-0.000582,True,0.004,predictor_temporal/predictor_temporal_per_variant.json::teacher_free
POC-1B,teacher_free,lower,raw,surgical_autorgn_encoder,surgical_intervene_wiseft_f50_encoder,COMP,OURS,1825,-0.001054,-0.001322,-0.000786,0.001054,0.001322,0.000786,True,0.0,predictor_temporal/predictor_temporal_per_variant.json::teacher_free
POC-1B,teacher_free,lower,raw,surgical_autorgn_encoder,surgical_intervene_wiseft_f70_encoder,COMP,OURS,1825,-0.002263,-0.002568,-0.001964,0.002263,0.002568,0.001964,True,0.0,predictor_temporal/predictor_temporal_per_variant.json::teacher_free
POC-1B,teacher_free,lower,raw,surgical_intervene_wiseft_f30_encoder,surgical_intervene_wiseft_f50_encoder,OURS,OURS,1825,-0.001402,-0.00148,-0.001321,0.001402,0.00148,0.001321,True,0.0,predictor_temporal/predictor_temporal_per_variant.json::teacher_free
POC-1B,teacher_free,lower,raw,surgical_intervene_wiseft_f30_encoder,surgical_intervene_wiseft_f70_encoder,OURS,OURS,1825,-0.00261,-0.00276,-0.002464,0.00261,0.00276,0.002464,True,0.0,predictor_temporal/predictor_temporal_per_variant.json::teacher_free
POC-1B,teacher_free,lower,raw,surgical_intervene_wiseft_f50_encoder,surgical_intervene_wiseft_f70_encoder,OURS,OURS,1825,-0.001208,-0.001287,-0.001134,0.001208,0.001287,0.001134,True,0.0,predictor_temporal/predictor_temporal_per_variant.json::teacher_free
POC-1B,maskratio,lower,raw,frozen,full_ft_encoder,REF,COMP,1825,0.007872,0.007558,0.008211,-0.007872,-0.007558,-0.008211,True,0.0,predictor_temporal/predictor_temporal_per_variant.json::maskratio
POC-1B,maskratio,lower,raw,frozen,lpft_encoder,REF,COMP,1825,0.008863,0.008569,0.009176,-0.008863,-0.008569,-0.009176,True,0.0,predictor_temporal/predictor_temporal_per_variant.json::maskratio
POC-1B,maskratio,lower,raw,frozen,peft_dora_encoder,REF,COMP,1825,0.012052,0.011759,0.01237,-0.012052,-0.011759,-0.01237,True,0.0,predictor_temporal/predictor_temporal_per_variant.json::maskratio
POC-1B,maskratio,lower,raw,frozen,peft_lora_encoder,REF,COMP,1825,0.010917,0.010624,0.011231,-0.010917,-0.010624,-0.011231,True,0.0,predictor_temporal/predictor_temporal_per_variant.json::maskratio
POC-1B,maskratio,lower,raw,frozen,pretrain_encoder,REF,COMP,1825,0.00651,0.006269,0.006765,-0.00651,-0.006269,-0.006765,True,0.0,predictor_temporal/predictor_temporal_per_variant.json::maskratio
POC-1B,maskratio,lower,raw,frozen,surgery_raw_encoder,REF,OURS,1825,0.012317,0.012047,0.012609,-0.012317,-0.012047,-0.012609,True,0.0,predictor_temporal/predictor_temporal_per_variant.json::maskratio
POC-1B,maskratio,lower,raw,frozen,surgical_3stage_DI_diheavy_encoder,REF,OURS,1825,0.01359,0.013323,0.013892,-0.01359,-0.013323,-0.013892,True,0.0,predictor_temporal/predictor_temporal_per_variant.json::maskratio
POC-1B,maskratio,lower,raw,frozen,surgical_3stage_DI_encoder,REF,OURS,1825,0.011083,0.010844,0.011349,-0.011083,-0.010844,-0.011349,True,0.0,predictor_temporal/predictor_temporal_per_variant.json::maskratio
POC-1B,maskratio,lower,raw,frozen,surgical_3stage_DI_intervene_encoder,REF,OURS,1825,0.004681,0.004428,0.004951,-0.004681,-0.004428,-0.004951,True,0.0,predictor_temporal/predictor_temporal_per_variant.json::maskratio
POC-1B,maskratio,lower,raw,frozen,surgical_autorgn_encoder,REF,COMP,1825,0.00264,0.00238,0.002909,-0.00264,-0.00238,-0.002909,True,0.0,predictor_temporal/predictor_temporal_per_variant.json::maskratio
POC-1B,maskratio,lower,raw,frozen,surgical_intervene_wiseft_f30_encoder,REF,OURS,1825,0.002791,0.002596,0.002994,-0.002791,-0.002596,-0.002994,True,0.0,predictor_temporal/predictor_temporal_per_variant.json::maskratio
POC-1B,maskratio,lower,raw,frozen,surgical_intervene_wiseft_f50_encoder,REF,OURS,1825,0.001924,0.00177,0.002088,-0.001924,-0.00177,-0.002088,True,0.0,predictor_temporal/predictor_temporal_per_variant.json::maskratio
POC-1B,maskratio,lower,raw,frozen,surgical_intervene_wiseft_f70_encoder,REF,OURS,1825,0.00132,0.001208,0.001442,-0.00132,-0.001208,-0.001442,True,0.0,predictor_temporal/predictor_temporal_per_variant.json::maskratio
POC-1B,maskratio,lower,raw,full_ft_encoder,lpft_encoder,COMP,COMP,1825,0.000992,0.000825,0.001165,-0.000992,-0.000825,-0.001165,True,0.0,predictor_temporal/predictor_temporal_per_variant.json::maskratio
POC-1B,maskratio,lower,raw,full_ft_encoder,peft_dora_encoder,COMP,COMP,1825,0.004181,0.004008,0.004351,-0.004181,-0.004008,-0.004351,True,0.0,predictor_temporal/predictor_temporal_per_variant.json::maskratio
POC-1B,maskratio,lower,raw,full_ft_encoder,peft_lora_encoder,COMP,COMP,1825,0.003045,0.002876,0.003218,-0.003045,-0.002876,-0.003218,True,0.0,predictor_temporal/predictor_temporal_per_variant.json::maskratio
POC-1B,maskratio,lower,raw,full_ft_encoder,pretrain_encoder,COMP,COMP,1825,-0.001362,-0.001561,-0.001171,0.001362,0.001561,0.001171,True,0.0,predictor_temporal/predictor_temporal_per_variant.json::maskratio
POC-1B,maskratio,lower,raw,full_ft_encoder,surgery_raw_encoder,COMP,OURS,1825,0.004446,0.004233,0.004652,-0.004446,-0.004233,-0.004652,True,0.0,predictor_temporal/predictor_temporal_per_variant.json::maskratio
POC-1B,maskratio,lower,raw,full_ft_encoder,surgical_3stage_DI_diheavy_encoder,COMP,OURS,1825,0.005719,0.005504,0.005935,-0.005719,-0.005504,-0.005935,True,0.0,predictor_temporal/predictor_temporal_per_variant.json::maskratio
POC-1B,maskratio,lower,raw,full_ft_encoder,surgical_3stage_DI_encoder,COMP,OURS,1825,0.003211,0.003014,0.003403,-0.003211,-0.003014,-0.003403,True,0.0,predictor_temporal/predictor_temporal_per_variant.json::maskratio
POC-1B,maskratio,lower,raw,full_ft_encoder,surgical_3stage_DI_intervene_encoder,COMP,OURS,1825,-0.003191,-0.00343,-0.002976,0.003191,0.00343,0.002976,True,0.0,predictor_temporal/predictor_temporal_per_variant.json::maskratio
POC-1B,maskratio,lower,raw,full_ft_encoder,surgical_autorgn_encoder,COMP,COMP,1825,-0.005232,-0.00543,-0.005042,0.005232,0.00543,0.005042,True,0.0,predictor_temporal/predictor_temporal_per_variant.json::maskratio
POC-1B,maskratio,lower,raw,full_ft_encoder,surgical_intervene_wiseft_f30_encoder,COMP,OURS,1825,-0.005081,-0.005331,-0.004839,0.005081,0.005331,0.004839,True,0.0,predictor_temporal/predictor_temporal_per_variant.json::maskratio
POC-1B,maskratio,lower,raw,full_ft_encoder,surgical_intervene_wiseft_f50_encoder,COMP,OURS,1825,-0.005948,-0.006209,-0.005693,0.005948,0.006209,0.005693,True,0.0,predictor_temporal/predictor_temporal_per_variant.json::maskratio
POC-1B,maskratio,lower,raw,full_ft_encoder,surgical_intervene_wiseft_f70_encoder,COMP,OURS,1825,-0.006552,-0.006834,-0.006278,0.006552,0.006834,0.006278,True,0.0,predictor_temporal/predictor_temporal_per_variant.json::maskratio
POC-1B,maskratio,lower,raw,lpft_encoder,peft_dora_encoder,COMP,COMP,1825,0.003189,0.003058,0.003313,-0.003189,-0.003058,-0.003313,True,0.0,predictor_temporal/predictor_temporal_per_variant.json::maskratio
POC-1B,maskratio,lower,raw,lpft_encoder,peft_lora_encoder,COMP,COMP,1825,0.002054,0.001922,0.002177,-0.002054,-0.001922,-0.002177,True,0.0,predictor_temporal/predictor_temporal_per_variant.json::maskratio
POC-1B,maskratio,lower,raw,lpft_encoder,pretrain_encoder,COMP,COMP,1825,-0.002353,-0.002549,-0.002164,0.002353,0.002549,0.002164,True,0.0,predictor_temporal/predictor_temporal_per_variant.json::maskratio
POC-1B,maskratio,lower,raw,lpft_encoder,surgery_raw_encoder,COMP,OURS,1825,0.003454,0.003254,0.003636,-0.003454,-0.003254,-0.003636,True,0.0,predictor_temporal/predictor_temporal_per_variant.json::maskratio
POC-1B,maskratio,lower,raw,lpft_encoder,surgical_3stage_DI_diheavy_encoder,COMP,OURS,1825,0.004727,0.004539,0.004911,-0.004727,-0.004539,-0.004911,True,0.0,predictor_temporal/predictor_temporal_per_variant.json::maskratio
POC-1B,maskratio,lower,raw,lpft_encoder,surgical_3stage_DI_encoder,COMP,OURS,1825,0.00222,0.002036,0.002388,-0.00222,-0.002036,-0.002388,True,0.0,predictor_temporal/predictor_temporal_per_variant.json::maskratio
POC-1B,maskratio,lower,raw,lpft_encoder,surgical_3stage_DI_intervene_encoder,COMP,OURS,1825,-0.004183,-0.004427,-0.003957,0.004183,0.004427,0.003957,True,0.0,predictor_temporal/predictor_temporal_per_variant.json::maskratio
POC-1B,maskratio,lower,raw,lpft_encoder,surgical_autorgn_encoder,COMP,COMP,1825,-0.006224,-0.00644,-0.00602,0.006224,0.00644,0.00602,True,0.0,predictor_temporal/predictor_temporal_per_variant.json::maskratio
POC-1B,maskratio,lower,raw,lpft_encoder,surgical_intervene_wiseft_f30_encoder,COMP,OURS,1825,-0.006072,-0.00632,-0.005842,0.006072,0.00632,0.005842,True,0.0,predictor_temporal/predictor_temporal_per_variant.json::maskratio
POC-1B,maskratio,lower,raw,lpft_encoder,surgical_intervene_wiseft_f50_encoder,COMP,OURS,1825,-0.00694,-0.007188,-0.006702,0.00694,0.007188,0.006702,True,0.0,predictor_temporal/predictor_temporal_per_variant.json::maskratio
POC-1B,maskratio,lower,raw,lpft_encoder,surgical_intervene_wiseft_f70_encoder,COMP,OURS,1825,-0.007543,-0.007808,-0.007294,0.007543,0.007808,0.007294,True,0.0,predictor_temporal/predictor_temporal_per_variant.json::maskratio
POC-1B,maskratio,lower,raw,peft_dora_encoder,peft_lora_encoder,COMP,COMP,1825,-0.001135,-0.001159,-0.00111,0.001135,0.001159,0.00111,True,0.0,predictor_temporal/predictor_temporal_per_variant.json::maskratio
POC-1B,maskratio,lower,raw,peft_dora_encoder,pretrain_encoder,COMP,COMP,1825,-0.005542,-0.005694,-0.005397,0.005542,0.005694,0.005397,True,0.0,predictor_temporal/predictor_temporal_per_variant.json::maskratio
POC-1B,maskratio,lower,raw,peft_dora_encoder,surgery_raw_encoder,COMP,OURS,1825,0.000265,0.000139,0.000383,-0.000265,-0.000139,-0.000383,True,0.0,predictor_temporal/predictor_temporal_per_variant.json::maskratio
POC-1B,maskratio,lower,raw,peft_dora_encoder,surgical_3stage_DI_diheavy_encoder,COMP,OURS,1825,0.001538,0.001398,0.001676,-0.001538,-0.001398,-0.001676,True,0.0,predictor_temporal/predictor_temporal_per_variant.json::maskratio
POC-1B,maskratio,lower,raw,peft_dora_encoder,surgical_3stage_DI_encoder,COMP,OURS,1825,-0.000969,-0.001107,-0.000833,0.000969,0.001107,0.000833,True,0.0,predictor_temporal/predictor_temporal_per_variant.json::maskratio
POC-1B,maskratio,lower,raw,peft_dora_encoder,surgical_3stage_DI_intervene_encoder,COMP,OURS,1825,-0.007372,-0.007576,-0.007179,0.007372,0.007576,0.007179,True,0.0,predictor_temporal/predictor_temporal_per_variant.json::maskratio
POC-1B,maskratio,lower,raw,peft_dora_encoder,surgical_autorgn_encoder,COMP,COMP,1825,-0.009413,-0.009618,-0.009207,0.009413,0.009618,0.009207,True,0.0,predictor_temporal/predictor_temporal_per_variant.json::maskratio
POC-1B,maskratio,lower,raw,peft_dora_encoder,surgical_intervene_wiseft_f30_encoder,COMP,OURS,1825,-0.009261,-0.009485,-0.009046,0.009261,0.009485,0.009046,True,0.0,predictor_temporal/predictor_temporal_per_variant.json::maskratio
POC-1B,maskratio,lower,raw,peft_dora_encoder,surgical_intervene_wiseft_f50_encoder,COMP,OURS,1825,-0.010129,-0.010368,-0.009904,0.010129,0.010368,0.009904,True,0.0,predictor_temporal/predictor_temporal_per_variant.json::maskratio
POC-1B,maskratio,lower,raw,peft_dora_encoder,surgical_intervene_wiseft_f70_encoder,COMP,OURS,1825,-0.010732,-0.01099,-0.010487,0.010732,0.01099,0.010487,True,0.0,predictor_temporal/predictor_temporal_per_variant.json::maskratio
POC-1B,maskratio,lower,raw,peft_lora_encoder,pretrain_encoder,COMP,COMP,1825,-0.004407,-0.004557,-0.004259,0.004407,0.004557,0.004259,True,0.0,predictor_temporal/predictor_temporal_per_variant.json::maskratio
POC-1B,maskratio,lower,raw,peft_lora_encoder,surgery_raw_encoder,COMP,OURS,1825,0.0014,0.001276,0.001516,-0.0014,-0.001276,-0.001516,True,0.0,predictor_temporal/predictor_temporal_per_variant.json::maskratio
POC-1B,maskratio,lower,raw,peft_lora_encoder,surgical_3stage_DI_diheavy_encoder,COMP,OURS,1825,0.002673,0.002529,0.002815,-0.002673,-0.002529,-0.002815,True,0.0,predictor_temporal/predictor_temporal_per_variant.json::maskratio
POC-1B,maskratio,lower,raw,peft_lora_encoder,surgical_3stage_DI_encoder,COMP,OURS,1825,0.000166,3e-05,0.000303,-0.000166,-3e-05,-0.000303,True,0.0154,predictor_temporal/predictor_temporal_per_variant.json::maskratio
POC-1B,maskratio,lower,raw,peft_lora_encoder,surgical_3stage_DI_intervene_encoder,COMP,OURS,1825,-0.006237,-0.006434,-0.006051,0.006237,0.006434,0.006051,True,0.0,predictor_temporal/predictor_temporal_per_variant.json::maskratio
POC-1B,maskratio,lower,raw,peft_lora_encoder,surgical_autorgn_encoder,COMP,COMP,1825,-0.008277,-0.008477,-0.00808,0.008277,0.008477,0.00808,True,0.0,predictor_temporal/predictor_temporal_per_variant.json::maskratio
POC-1B,maskratio,lower,raw,peft_lora_encoder,surgical_intervene_wiseft_f30_encoder,COMP,OURS,1825,-0.008126,-0.008345,-0.007918,0.008126,0.008345,0.007918,True,0.0,predictor_temporal/predictor_temporal_per_variant.json::maskratio
POC-1B,maskratio,lower,raw,peft_lora_encoder,surgical_intervene_wiseft_f50_encoder,COMP,OURS,1825,-0.008993,-0.009227,-0.008771,0.008993,0.009227,0.008771,True,0.0,predictor_temporal/predictor_temporal_per_variant.json::maskratio
POC-1B,maskratio,lower,raw,peft_lora_encoder,surgical_intervene_wiseft_f70_encoder,COMP,OURS,1825,-0.009597,-0.009849,-0.009355,0.009597,0.009849,0.009355,True,0.0,predictor_temporal/predictor_temporal_per_variant.json::maskratio
POC-1B,maskratio,lower,raw,pretrain_encoder,surgery_raw_encoder,COMP,OURS,1825,0.005807,0.00569,0.005925,-0.005807,-0.00569,-0.005925,True,0.0,predictor_temporal/predictor_temporal_per_variant.json::maskratio
POC-1B,maskratio,lower,raw,pretrain_encoder,surgical_3stage_DI_diheavy_encoder,COMP,OURS,1825,0.00708,0.006953,0.007214,-0.00708,-0.006953,-0.007214,True,0.0,predictor_temporal/predictor_temporal_per_variant.json::maskratio
POC-1B,maskratio,lower,raw,pretrain_encoder,surgical_3stage_DI_encoder,COMP,OURS,1825,0.004573,0.004479,0.00467,-0.004573,-0.004479,-0.00467,True,0.0,predictor_temporal/predictor_temporal_per_variant.json::maskratio
POC-1B,maskratio,lower,raw,pretrain_encoder,surgical_3stage_DI_intervene_encoder,COMP,OURS,1825,-0.00183,-0.001961,-0.001702,0.00183,0.001961,0.001702,True,0.0,predictor_temporal/predictor_temporal_per_variant.json::maskratio
POC-1B,maskratio,lower,raw,pretrain_encoder,surgical_autorgn_encoder,COMP,COMP,1825,-0.00387,-0.004039,-0.003705,0.00387,0.004039,0.003705,True,0.0,predictor_temporal/predictor_temporal_per_variant.json::maskratio
POC-1B,maskratio,lower,raw,pretrain_encoder,surgical_intervene_wiseft_f30_encoder,COMP,OURS,1825,-0.003719,-0.003859,-0.003584,0.003719,0.003859,0.003584,True,0.0,predictor_temporal/predictor_temporal_per_variant.json::maskratio
POC-1B,maskratio,lower,raw,pretrain_encoder,surgical_intervene_wiseft_f50_encoder,COMP,OURS,1825,-0.004586,-0.004745,-0.004434,0.004586,0.004745,0.004434,True,0.0,predictor_temporal/predictor_temporal_per_variant.json::maskratio
POC-1B,maskratio,lower,raw,pretrain_encoder,surgical_intervene_wiseft_f70_encoder,COMP,OURS,1825,-0.00519,-0.005378,-0.005011,0.00519,0.005378,0.005011,True,0.0,predictor_temporal/predictor_temporal_per_variant.json::maskratio
POC-1B,maskratio,lower,raw,surgery_raw_encoder,surgical_3stage_DI_diheavy_encoder,OURS,OURS,1825,0.001273,0.001173,0.001377,-0.001273,-0.001173,-0.001377,True,0.0,predictor_temporal/predictor_temporal_per_variant.json::maskratio
POC-1B,maskratio,lower,raw,surgery_raw_encoder,surgical_3stage_DI_encoder,OURS,OURS,1825,-0.001234,-0.001327,-0.001146,0.001234,0.001327,0.001146,True,0.0,predictor_temporal/predictor_temporal_per_variant.json::maskratio
POC-1B,maskratio,lower,raw,surgery_raw_encoder,surgical_3stage_DI_intervene_encoder,OURS,OURS,1825,-0.007637,-0.007784,-0.007493,0.007637,0.007784,0.007493,True,0.0,predictor_temporal/predictor_temporal_per_variant.json::maskratio
POC-1B,maskratio,lower,raw,surgery_raw_encoder,surgical_autorgn_encoder,OURS,COMP,1825,-0.009677,-0.009883,-0.009478,0.009677,0.009883,0.009478,True,0.0,predictor_temporal/predictor_temporal_per_variant.json::maskratio
POC-1B,maskratio,lower,raw,surgery_raw_encoder,surgical_intervene_wiseft_f30_encoder,OURS,OURS,1825,-0.009526,-0.009694,-0.009364,0.009526,0.009694,0.009364,True,0.0,predictor_temporal/predictor_temporal_per_variant.json::maskratio
POC-1B,maskratio,lower,raw,surgery_raw_encoder,surgical_intervene_wiseft_f50_encoder,OURS,OURS,1825,-0.010393,-0.010581,-0.010213,0.010393,0.010581,0.010213,True,0.0,predictor_temporal/predictor_temporal_per_variant.json::maskratio
POC-1B,maskratio,lower,raw,surgery_raw_encoder,surgical_intervene_wiseft_f70_encoder,OURS,OURS,1825,-0.010997,-0.011217,-0.01079,0.010997,0.011217,0.01079,True,0.0,predictor_temporal/predictor_temporal_per_variant.json::maskratio
POC-1B,maskratio,lower,raw,surgical_3stage_DI_diheavy_encoder,surgical_3stage_DI_encoder,OURS,OURS,1825,-0.002508,-0.00259,-0.002431,0.002508,0.00259,0.002431,True,0.0,predictor_temporal/predictor_temporal_per_variant.json::maskratio
POC-1B,maskratio,lower,raw,surgical_3stage_DI_diheavy_encoder,surgical_3stage_DI_intervene_encoder,OURS,OURS,1825,-0.00891,-0.009102,-0.008726,0.00891,0.009102,0.008726,True,0.0,predictor_temporal/predictor_temporal_per_variant.json::maskratio
POC-1B,maskratio,lower,raw,surgical_3stage_DI_diheavy_encoder,surgical_autorgn_encoder,OURS,COMP,1825,-0.010951,-0.011186,-0.010728,0.010951,0.011186,0.010728,True,0.0,predictor_temporal/predictor_temporal_per_variant.json::maskratio
POC-1B,maskratio,lower,raw,surgical_3stage_DI_diheavy_encoder,surgical_intervene_wiseft_f30_encoder,OURS,OURS,1825,-0.010799,-0.010993,-0.010611,0.010799,0.010993,0.010611,True,0.0,predictor_temporal/predictor_temporal_per_variant.json::maskratio
POC-1B,maskratio,lower,raw,surgical_3stage_DI_diheavy_encoder,surgical_intervene_wiseft_f50_encoder,OURS,OURS,1825,-0.011667,-0.011875,-0.011468,0.011667,0.011875,0.011468,True,0.0,predictor_temporal/predictor_temporal_per_variant.json::maskratio
POC-1B,maskratio,lower,raw,surgical_3stage_DI_diheavy_encoder,surgical_intervene_wiseft_f70_encoder,OURS,OURS,1825,-0.01227,-0.012503,-0.012056,0.01227,0.012503,0.012056,True,0.0,predictor_temporal/predictor_temporal_per_variant.json::maskratio
POC-1B,maskratio,lower,raw,surgical_3stage_DI_encoder,surgical_3stage_DI_intervene_encoder,OURS,OURS,1825,-0.006402,-0.006534,-0.006274,0.006402,0.006534,0.006274,True,0.0,predictor_temporal/predictor_temporal_per_variant.json::maskratio
POC-1B,maskratio,lower,raw,surgical_3stage_DI_encoder,surgical_autorgn_encoder,OURS,COMP,1825,-0.008443,-0.008625,-0.00827,0.008443,0.008625,0.00827,True,0.0,predictor_temporal/predictor_temporal_per_variant.json::maskratio
POC-1B,maskratio,lower,raw,surgical_3stage_DI_encoder,surgical_intervene_wiseft_f30_encoder,OURS,OURS,1825,-0.008292,-0.00843,-0.008157,0.008292,0.00843,0.008157,True,0.0,predictor_temporal/predictor_temporal_per_variant.json::maskratio
POC-1B,maskratio,lower,raw,surgical_3stage_DI_encoder,surgical_intervene_wiseft_f50_encoder,OURS,OURS,1825,-0.009159,-0.009318,-0.009007,0.009159,0.009318,0.009007,True,0.0,predictor_temporal/predictor_temporal_per_variant.json::maskratio
POC-1B,maskratio,lower,raw,surgical_3stage_DI_encoder,surgical_intervene_wiseft_f70_encoder,OURS,OURS,1825,-0.009763,-0.009956,-0.009585,0.009763,0.009956,0.009585,True,0.0,predictor_temporal/predictor_temporal_per_variant.json::maskratio
POC-1B,maskratio,lower,raw,surgical_3stage_DI_intervene_encoder,surgical_autorgn_encoder,OURS,COMP,1825,-0.002041,-0.002175,-0.001905,0.002041,0.002175,0.001905,True,0.0,predictor_temporal/predictor_temporal_per_variant.json::maskratio
POC-1B,maskratio,lower,raw,surgical_3stage_DI_intervene_encoder,surgical_intervene_wiseft_f30_encoder,OURS,OURS,1825,-0.001889,-0.001983,-0.001796,0.001889,0.001983,0.001796,True,0.0,predictor_temporal/predictor_temporal_per_variant.json::maskratio
POC-1B,maskratio,lower,raw,surgical_3stage_DI_intervene_encoder,surgical_intervene_wiseft_f50_encoder,OURS,OURS,1825,-0.002757,-0.002897,-0.00262,0.002757,0.002897,0.00262,True,0.0,predictor_temporal/predictor_temporal_per_variant.json::maskratio
POC-1B,maskratio,lower,raw,surgical_3stage_DI_intervene_encoder,surgical_intervene_wiseft_f70_encoder,OURS,OURS,1825,-0.00336,-0.003548,-0.003187,0.00336,0.003548,0.003187,True,0.0,predictor_temporal/predictor_temporal_per_variant.json::maskratio
POC-1B,maskratio,lower,raw,surgical_autorgn_encoder,surgical_intervene_wiseft_f30_encoder,COMP,OURS,1825,0.000151,3e-06,0.000301,-0.000151,-3e-06,-0.000301,True,0.0448,predictor_temporal/predictor_temporal_per_variant.json::maskratio
POC-1B,maskratio,lower,raw,surgical_autorgn_encoder,surgical_intervene_wiseft_f50_encoder,COMP,OURS,1825,-0.000716,-0.00089,-0.000545,0.000716,0.00089,0.000545,True,0.0,predictor_temporal/predictor_temporal_per_variant.json::maskratio
POC-1B,maskratio,lower,raw,surgical_autorgn_encoder,surgical_intervene_wiseft_f70_encoder,COMP,OURS,1825,-0.00132,-0.001526,-0.001122,0.00132,0.001526,0.001122,True,0.0,predictor_temporal/predictor_temporal_per_variant.json::maskratio
POC-1B,maskratio,lower,raw,surgical_intervene_wiseft_f30_encoder,surgical_intervene_wiseft_f50_encoder,OURS,OURS,1825,-0.000867,-0.000923,-0.000814,0.000867,0.000923,0.000814,True,0.0,predictor_temporal/predictor_temporal_per_variant.json::maskratio
POC-1B,maskratio,lower,raw,surgical_intervene_wiseft_f30_encoder,surgical_intervene_wiseft_f70_encoder,OURS,OURS,1825,-0.001471,-0.001579,-0.001367,0.001471,0.001579,0.001367,True,0.0,predictor_temporal/predictor_temporal_per_variant.json::maskratio
POC-1B,maskratio,lower,raw,surgical_intervene_wiseft_f50_encoder,surgical_intervene_wiseft_f70_encoder,OURS,OURS,1825,-0.000604,-0.000661,-0.000547,0.000604,0.000661,0.000547,True,0.0,predictor_temporal/predictor_temporal_per_variant.json::maskratio
POC-1B,order,signed,raw,frozen,full_ft_encoder,REF,COMP,1825,-0.002511,-0.003013,-0.002001,,,,,0.0,predictor_temporal/predictor_temporal_per_variant.json::order
POC-1B,order,signed,raw,frozen,lpft_encoder,REF,COMP,1825,-0.002051,-0.002499,-0.00157,,,,,0.0,predictor_temporal/predictor_temporal_per_variant.json::order
POC-1B,order,signed,raw,frozen,peft_dora_encoder,REF,COMP,1825,-0.003256,-0.003706,-0.002773,,,,,0.0,predictor_temporal/predictor_temporal_per_variant.json::order
POC-1B,order,signed,raw,frozen,peft_lora_encoder,REF,COMP,1825,-0.00254,-0.00297,-0.00208,,,,,0.0,predictor_temporal/predictor_temporal_per_variant.json::order
POC-1B,order,signed,raw,frozen,pretrain_encoder,REF,COMP,1825,-0.001729,-0.002103,-0.001338,,,,,0.0,predictor_temporal/predictor_temporal_per_variant.json::order
POC-1B,order,signed,raw,frozen,surgery_raw_encoder,REF,OURS,1825,-0.003691,-0.004055,-0.003311,,,,,0.0,predictor_temporal/predictor_temporal_per_variant.json::order
POC-1B,order,signed,raw,frozen,surgical_3stage_DI_diheavy_encoder,REF,OURS,1825,-0.003488,-0.003855,-0.003101,,,,,0.0,predictor_temporal/predictor_temporal_per_variant.json::order
POC-1B,order,signed,raw,frozen,surgical_3stage_DI_encoder,REF,OURS,1825,-0.002994,-0.003336,-0.002644,,,,,0.0,predictor_temporal/predictor_temporal_per_variant.json::order
POC-1B,order,signed,raw,frozen,surgical_3stage_DI_intervene_encoder,REF,OURS,1825,-0.003857,-0.004231,-0.003481,,,,,0.0,predictor_temporal/predictor_temporal_per_variant.json::order
POC-1B,order,signed,raw,frozen,surgical_autorgn_encoder,REF,COMP,1825,-0.003272,-0.003728,-0.002792,,,,,0.0,predictor_temporal/predictor_temporal_per_variant.json::order
POC-1B,order,signed,raw,frozen,surgical_intervene_wiseft_f30_encoder,REF,OURS,1825,-0.004558,-0.004852,-0.004263,,,,,0.0,predictor_temporal/predictor_temporal_per_variant.json::order
POC-1B,order,signed,raw,frozen,surgical_intervene_wiseft_f50_encoder,REF,OURS,1825,-0.004225,-0.004458,-0.003987,,,,,0.0,predictor_temporal/predictor_temporal_per_variant.json::order
POC-1B,order,signed,raw,frozen,surgical_intervene_wiseft_f70_encoder,REF,OURS,1825,-0.003205,-0.003363,-0.003043,,,,,0.0,predictor_temporal/predictor_temporal_per_variant.json::order
POC-1B,order,signed,raw,full_ft_encoder,lpft_encoder,COMP,COMP,1825,0.000461,0.000259,0.000667,,,,,0.0,predictor_temporal/predictor_temporal_per_variant.json::order
POC-1B,order,signed,raw,full_ft_encoder,peft_dora_encoder,COMP,COMP,1825,-0.000745,-0.000969,-0.000503,,,,,0.0,predictor_temporal/predictor_temporal_per_variant.json::order
POC-1B,order,signed,raw,full_ft_encoder,peft_lora_encoder,COMP,COMP,1825,-2.9e-05,-0.00027,0.000227,,,,,0.8094,predictor_temporal/predictor_temporal_per_variant.json::order
POC-1B,order,signed,raw,full_ft_encoder,pretrain_encoder,COMP,COMP,1825,0.000782,0.000457,0.001085,,,,,0.0,predictor_temporal/predictor_temporal_per_variant.json::order
POC-1B,order,signed,raw,full_ft_encoder,surgery_raw_encoder,COMP,OURS,1825,-0.00118,-0.001502,-0.000858,,,,,0.0,predictor_temporal/predictor_temporal_per_variant.json::order
POC-1B,order,signed,raw,full_ft_encoder,surgical_3stage_DI_diheavy_encoder,COMP,OURS,1825,-0.000976,-0.0013,-0.000648,,,,,0.0,predictor_temporal/predictor_temporal_per_variant.json::order
POC-1B,order,signed,raw,full_ft_encoder,surgical_3stage_DI_encoder,COMP,OURS,1825,-0.000482,-0.000837,-0.00012,,,,,0.008,predictor_temporal/predictor_temporal_per_variant.json::order
POC-1B,order,signed,raw,full_ft_encoder,surgical_3stage_DI_intervene_encoder,COMP,OURS,1825,-0.001346,-0.001708,-0.000971,,,,,0.0,predictor_temporal/predictor_temporal_per_variant.json::order
POC-1B,order,signed,raw,full_ft_encoder,surgical_autorgn_encoder,COMP,COMP,1825,-0.00076,-0.000997,-0.000518,,,,,0.0,predictor_temporal/predictor_temporal_per_variant.json::order
POC-1B,order,signed,raw,full_ft_encoder,surgical_intervene_wiseft_f30_encoder,COMP,OURS,1825,-0.002047,-0.002466,-0.001625,,,,,0.0,predictor_temporal/predictor_temporal_per_variant.json::order
POC-1B,order,signed,raw,full_ft_encoder,surgical_intervene_wiseft_f50_encoder,COMP,OURS,1825,-0.001713,-0.002162,-0.001265,,,,,0.0,predictor_temporal/predictor_temporal_per_variant.json::order
POC-1B,order,signed,raw,full_ft_encoder,surgical_intervene_wiseft_f70_encoder,COMP,OURS,1825,-0.000694,-0.001163,-0.000224,,,,,0.0038,predictor_temporal/predictor_temporal_per_variant.json::order
POC-1B,order,signed,raw,lpft_encoder,peft_dora_encoder,COMP,COMP,1825,-0.001206,-0.001386,-0.001034,,,,,0.0,predictor_temporal/predictor_temporal_per_variant.json::order
POC-1B,order,signed,raw,lpft_encoder,peft_lora_encoder,COMP,COMP,1825,-0.000489,-0.000684,-0.000305,,,,,0.0,predictor_temporal/predictor_temporal_per_variant.json::order
POC-1B,order,signed,raw,lpft_encoder,pretrain_encoder,COMP,COMP,1825,0.000321,7.4e-05,0.000558,,,,,0.0104,predictor_temporal/predictor_temporal_per_variant.json::order
POC-1B,order,signed,raw,lpft_encoder,surgery_raw_encoder,COMP,OURS,1825,-0.00164,-0.001915,-0.001379,,,,,0.0,predictor_temporal/predictor_temporal_per_variant.json::order
POC-1B,order,signed,raw,lpft_encoder,surgical_3stage_DI_diheavy_encoder,COMP,OURS,1825,-0.001437,-0.001702,-0.001169,,,,,0.0,predictor_temporal/predictor_temporal_per_variant.json::order
POC-1B,order,signed,raw,lpft_encoder,surgical_3stage_DI_encoder,COMP,OURS,1825,-0.000943,-0.001247,-0.000639,,,,,0.0,predictor_temporal/predictor_temporal_per_variant.json::order
POC-1B,order,signed,raw,lpft_encoder,surgical_3stage_DI_intervene_encoder,COMP,OURS,1825,-0.001807,-0.002131,-0.001488,,,,,0.0,predictor_temporal/predictor_temporal_per_variant.json::order
POC-1B,order,signed,raw,lpft_encoder,surgical_autorgn_encoder,COMP,COMP,1825,-0.001221,-0.001416,-0.001015,,,,,0.0,predictor_temporal/predictor_temporal_per_variant.json::order
POC-1B,order,signed,raw,lpft_encoder,surgical_intervene_wiseft_f30_encoder,COMP,OURS,1825,-0.002508,-0.00289,-0.002135,,,,,0.0,predictor_temporal/predictor_temporal_per_variant.json::order
POC-1B,order,signed,raw,lpft_encoder,surgical_intervene_wiseft_f50_encoder,COMP,OURS,1825,-0.002174,-0.002587,-0.001772,,,,,0.0,predictor_temporal/predictor_temporal_per_variant.json::order
POC-1B,order,signed,raw,lpft_encoder,surgical_intervene_wiseft_f70_encoder,COMP,OURS,1825,-0.001155,-0.001591,-0.00074,,,,,0.0,predictor_temporal/predictor_temporal_per_variant.json::order
POC-1B,order,signed,raw,peft_dora_encoder,peft_lora_encoder,COMP,COMP,1825,0.000716,0.000627,0.000806,,,,,0.0,predictor_temporal/predictor_temporal_per_variant.json::order
POC-1B,order,signed,raw,peft_dora_encoder,pretrain_encoder,COMP,COMP,1825,0.001527,0.001251,0.001785,,,,,0.0,predictor_temporal/predictor_temporal_per_variant.json::order
POC-1B,order,signed,raw,peft_dora_encoder,surgery_raw_encoder,COMP,OURS,1825,-0.000435,-0.000656,-0.000234,,,,,0.0,predictor_temporal/predictor_temporal_per_variant.json::order
POC-1B,order,signed,raw,peft_dora_encoder,surgical_3stage_DI_diheavy_encoder,COMP,OURS,1825,-0.000231,-0.00047,-2e-06,,,,,0.0522,predictor_temporal/predictor_temporal_per_variant.json::order
POC-1B,order,signed,raw,peft_dora_encoder,surgical_3stage_DI_encoder,COMP,OURS,1825,0.000263,-3e-05,0.000529,,,,,0.0622,predictor_temporal/predictor_temporal_per_variant.json::order
POC-1B,order,signed,raw,peft_dora_encoder,surgical_3stage_DI_intervene_encoder,COMP,OURS,1825,-0.000601,-0.000886,-0.000321,,,,,0.0002,predictor_temporal/predictor_temporal_per_variant.json::order
POC-1B,order,signed,raw,peft_dora_encoder,surgical_autorgn_encoder,COMP,COMP,1825,-1.6e-05,-0.000212,0.000199,,,,,0.8794,predictor_temporal/predictor_temporal_per_variant.json::order
POC-1B,order,signed,raw,peft_dora_encoder,surgical_intervene_wiseft_f30_encoder,COMP,OURS,1825,-0.001302,-0.001652,-0.000964,,,,,0.0,predictor_temporal/predictor_temporal_per_variant.json::order
POC-1B,order,signed,raw,peft_dora_encoder,surgical_intervene_wiseft_f50_encoder,COMP,OURS,1825,-0.000968,-0.001367,-0.000604,,,,,0.0,predictor_temporal/predictor_temporal_per_variant.json::order
POC-1B,order,signed,raw,peft_dora_encoder,surgical_intervene_wiseft_f70_encoder,COMP,OURS,1825,5.1e-05,-0.000382,0.000445,,,,,0.7956,predictor_temporal/predictor_temporal_per_variant.json::order
POC-1B,order,signed,raw,peft_lora_encoder,pretrain_encoder,COMP,COMP,1825,0.000811,0.000543,0.00106,,,,,0.0,predictor_temporal/predictor_temporal_per_variant.json::order
POC-1B,order,signed,raw,peft_lora_encoder,surgery_raw_encoder,COMP,OURS,1825,-0.001151,-0.00135,-0.000968,,,,,0.0,predictor_temporal/predictor_temporal_per_variant.json::order
POC-1B,order,signed,raw,peft_lora_encoder,surgical_3stage_DI_diheavy_encoder,COMP,OURS,1825,-0.000948,-0.001183,-0.000717,,,,,0.0,predictor_temporal/predictor_temporal_per_variant.json::order
POC-1B,order,signed,raw,peft_lora_encoder,surgical_3stage_DI_encoder,COMP,OURS,1825,-0.000454,-0.000716,-0.000208,,,,,0.001,predictor_temporal/predictor_temporal_per_variant.json::order
POC-1B,order,signed,raw,peft_lora_encoder,surgical_3stage_DI_intervene_encoder,COMP,OURS,1825,-0.001317,-0.00157,-0.001075,,,,,0.0,predictor_temporal/predictor_temporal_per_variant.json::order
POC-1B,order,signed,raw,peft_lora_encoder,surgical_autorgn_encoder,COMP,COMP,1825,-0.000732,-0.000914,-0.00053,,,,,0.0,predictor_temporal/predictor_temporal_per_variant.json::order
POC-1B,order,signed,raw,peft_lora_encoder,surgical_intervene_wiseft_f30_encoder,COMP,OURS,1825,-0.002018,-0.002333,-0.001718,,,,,0.0,predictor_temporal/predictor_temporal_per_variant.json::order
POC-1B,order,signed,raw,peft_lora_encoder,surgical_intervene_wiseft_f50_encoder,COMP,OURS,1825,-0.001685,-0.002045,-0.001349,,,,,0.0,predictor_temporal/predictor_temporal_per_variant.json::order
POC-1B,order,signed,raw,peft_lora_encoder,surgical_intervene_wiseft_f70_encoder,COMP,OURS,1825,-0.000665,-0.001058,-0.000302,,,,,0.0004,predictor_temporal/predictor_temporal_per_variant.json::order
POC-1B,order,signed,raw,pretrain_encoder,surgery_raw_encoder,COMP,OURS,1825,-0.001962,-0.002197,-0.001711,,,,,0.0,predictor_temporal/predictor_temporal_per_variant.json::order
POC-1B,order,signed,raw,pretrain_encoder,surgical_3stage_DI_diheavy_encoder,COMP,OURS,1825,-0.001758,-0.001996,-0.001514,,,,,0.0,predictor_temporal/predictor_temporal_per_variant.json::order
POC-1B,order,signed,raw,pretrain_encoder,surgical_3stage_DI_encoder,COMP,OURS,1825,-0.001264,-0.001524,-0.001005,,,,,0.0,predictor_temporal/predictor_temporal_per_variant.json::order
POC-1B,order,signed,raw,pretrain_encoder,surgical_3stage_DI_intervene_encoder,COMP,OURS,1825,-0.002128,-0.002399,-0.001855,,,,,0.0,predictor_temporal/predictor_temporal_per_variant.json::order
POC-1B,order,signed,raw,pretrain_encoder,surgical_autorgn_encoder,COMP,COMP,1825,-0.001542,-0.001781,-0.001289,,,,,0.0,predictor_temporal/predictor_temporal_per_variant.json::order
POC-1B,order,signed,raw,pretrain_encoder,surgical_intervene_wiseft_f30_encoder,COMP,OURS,1825,-0.002829,-0.003129,-0.002533,,,,,0.0,predictor_temporal/predictor_temporal_per_variant.json::order
POC-1B,order,signed,raw,pretrain_encoder,surgical_intervene_wiseft_f50_encoder,COMP,OURS,1825,-0.002495,-0.002815,-0.002175,,,,,0.0,predictor_temporal/predictor_temporal_per_variant.json::order
POC-1B,order,signed,raw,pretrain_encoder,surgical_intervene_wiseft_f70_encoder,COMP,OURS,1825,-0.001476,-0.001814,-0.00114,,,,,0.0,predictor_temporal/predictor_temporal_per_variant.json::order
POC-1B,order,signed,raw,surgery_raw_encoder,surgical_3stage_DI_diheavy_encoder,OURS,OURS,1825,0.000203,5.2e-05,0.00035,,,,,0.0098,predictor_temporal/predictor_temporal_per_variant.json::order
POC-1B,order,signed,raw,surgery_raw_encoder,surgical_3stage_DI_encoder,OURS,OURS,1825,0.000697,0.000542,0.000853,,,,,0.0,predictor_temporal/predictor_temporal_per_variant.json::order
POC-1B,order,signed,raw,surgery_raw_encoder,surgical_3stage_DI_intervene_encoder,OURS,OURS,1825,-0.000166,-0.000336,2.2e-05,,,,,0.0724,predictor_temporal/predictor_temporal_per_variant.json::order
POC-1B,order,signed,raw,surgery_raw_encoder,surgical_autorgn_encoder,OURS,COMP,1825,0.000419,0.000178,0.000676,,,,,0.0002,predictor_temporal/predictor_temporal_per_variant.json::order
POC-1B,order,signed,raw,surgery_raw_encoder,surgical_intervene_wiseft_f30_encoder,OURS,OURS,1825,-0.000867,-0.001083,-0.000649,,,,,0.0,predictor_temporal/predictor_temporal_per_variant.json::order
POC-1B,order,signed,raw,surgery_raw_encoder,surgical_intervene_wiseft_f50_encoder,OURS,OURS,1825,-0.000534,-0.000793,-0.00028,,,,,0.0,predictor_temporal/predictor_temporal_per_variant.json::order
POC-1B,order,signed,raw,surgery_raw_encoder,surgical_intervene_wiseft_f70_encoder,OURS,OURS,1825,0.000486,0.000184,0.000777,,,,,0.0018,predictor_temporal/predictor_temporal_per_variant.json::order
POC-1B,order,signed,raw,surgical_3stage_DI_diheavy_encoder,surgical_3stage_DI_encoder,OURS,OURS,1825,0.000494,0.000349,0.000636,,,,,0.0,predictor_temporal/predictor_temporal_per_variant.json::order
POC-1B,order,signed,raw,surgical_3stage_DI_diheavy_encoder,surgical_3stage_DI_intervene_encoder,OURS,OURS,1825,-0.00037,-0.000577,-0.000158,,,,,0.001,predictor_temporal/predictor_temporal_per_variant.json::order
POC-1B,order,signed,raw,surgical_3stage_DI_diheavy_encoder,surgical_autorgn_encoder,OURS,COMP,1825,0.000216,-3.4e-05,0.000471,,,,,0.0908,predictor_temporal/predictor_temporal_per_variant.json::order
POC-1B,order,signed,raw,surgical_3stage_DI_diheavy_encoder,surgical_intervene_wiseft_f30_encoder,OURS,OURS,1825,-0.001071,-0.001315,-0.000823,,,,,0.0,predictor_temporal/predictor_temporal_per_variant.json::order
POC-1B,order,signed,raw,surgical_3stage_DI_diheavy_encoder,surgical_intervene_wiseft_f50_encoder,OURS,OURS,1825,-0.000737,-0.001017,-0.000452,,,,,0.0,predictor_temporal/predictor_temporal_per_variant.json::order
POC-1B,order,signed,raw,surgical_3stage_DI_diheavy_encoder,surgical_intervene_wiseft_f70_encoder,OURS,OURS,1825,0.000282,-3.5e-05,0.000595,,,,,0.0778,predictor_temporal/predictor_temporal_per_variant.json::order
POC-1B,order,signed,raw,surgical_3stage_DI_encoder,surgical_3stage_DI_intervene_encoder,OURS,OURS,1825,-0.000864,-0.001013,-0.000698,,,,,0.0,predictor_temporal/predictor_temporal_per_variant.json::order
POC-1B,order,signed,raw,surgical_3stage_DI_encoder,surgical_autorgn_encoder,OURS,COMP,1825,-0.000278,-0.000544,-2e-06,,,,,0.0454,predictor_temporal/predictor_temporal_per_variant.json::order
POC-1B,order,signed,raw,surgical_3stage_DI_encoder,surgical_intervene_wiseft_f30_encoder,OURS,OURS,1825,-0.001565,-0.001747,-0.001382,,,,,0.0,predictor_temporal/predictor_temporal_per_variant.json::order
POC-1B,order,signed,raw,surgical_3stage_DI_encoder,surgical_intervene_wiseft_f50_encoder,OURS,OURS,1825,-0.001231,-0.001454,-0.001006,,,,,0.0,predictor_temporal/predictor_temporal_per_variant.json::order
POC-1B,order,signed,raw,surgical_3stage_DI_encoder,surgical_intervene_wiseft_f70_encoder,OURS,OURS,1825,-0.000212,-0.00048,4.6e-05,,,,,0.1174,predictor_temporal/predictor_temporal_per_variant.json::order
POC-1B,order,signed,raw,surgical_3stage_DI_intervene_encoder,surgical_autorgn_encoder,OURS,COMP,1825,0.000586,0.000334,0.000834,,,,,0.0,predictor_temporal/predictor_temporal_per_variant.json::order
POC-1B,order,signed,raw,surgical_3stage_DI_intervene_encoder,surgical_intervene_wiseft_f30_encoder,OURS,OURS,1825,-0.000701,-0.00084,-0.000574,,,,,0.0,predictor_temporal/predictor_temporal_per_variant.json::order
POC-1B,order,signed,raw,surgical_3stage_DI_intervene_encoder,surgical_intervene_wiseft_f50_encoder,OURS,OURS,1825,-0.000367,-0.000575,-0.00017,,,,,0.0,predictor_temporal/predictor_temporal_per_variant.json::order
POC-1B,order,signed,raw,surgical_3stage_DI_intervene_encoder,surgical_intervene_wiseft_f70_encoder,OURS,OURS,1825,0.000652,0.000379,0.000914,,,,,0.0,predictor_temporal/predictor_temporal_per_variant.json::order
POC-1B,order,signed,raw,surgical_autorgn_encoder,surgical_intervene_wiseft_f30_encoder,COMP,OURS,1825,-0.001287,-0.001597,-0.000967,,,,,0.0,predictor_temporal/predictor_temporal_per_variant.json::order
POC-1B,order,signed,raw,surgical_autorgn_encoder,surgical_intervene_wiseft_f50_encoder,COMP,OURS,1825,-0.000953,-0.001314,-0.0006,,,,,0.0,predictor_temporal/predictor_temporal_per_variant.json::order
POC-1B,order,signed,raw,surgical_autorgn_encoder,surgical_intervene_wiseft_f70_encoder,COMP,OURS,1825,6.6e-05,-0.000335,0.000456,,,,,0.7484,predictor_temporal/predictor_temporal_per_variant.json::order
POC-1B,order,signed,raw,surgical_intervene_wiseft_f30_encoder,surgical_intervene_wiseft_f50_encoder,OURS,OURS,1825,0.000334,0.00025,0.000416,,,,,0.0,predictor_temporal/predictor_temporal_per_variant.json::order
POC-1B,order,signed,raw,surgical_intervene_wiseft_f30_encoder,surgical_intervene_wiseft_f70_encoder,OURS,OURS,1825,0.001353,0.001189,0.001516,,,,,0.0,predictor_temporal/predictor_temporal_per_variant.json::order
POC-1B,order,signed,raw,surgical_intervene_wiseft_f50_encoder,surgical_intervene_wiseft_f70_encoder,OURS,OURS,1825,0.001019,0.000928,0.00111,,,,,0.0,predictor_temporal/predictor_temporal_per_variant.json::order
POC-1B,aot,higher,raw,frozen,full_ft_encoder,REF,COMP,1825,0.019726,0.013425,0.026301,0.019726,0.013425,0.026301,True,0.0,encoder_temporal/encoder_temporal_per_variant.json::aot
POC-1B,aot,higher,raw,frozen,lpft_encoder,REF,COMP,1825,0.009041,0.00411,0.014247,0.009041,0.00411,0.014247,True,0.0004,encoder_temporal/encoder_temporal_per_variant.json::aot
POC-1B,aot,higher,raw,frozen,peft_dora_encoder,REF,COMP,1825,0.012329,0.007123,0.017808,0.012329,0.007123,0.017808,True,0.0,encoder_temporal/encoder_temporal_per_variant.json::aot
POC-1B,aot,higher,raw,frozen,peft_lora_encoder,REF,COMP,1825,0.018082,0.012055,0.024384,0.018082,0.012055,0.024384,True,0.0,encoder_temporal/encoder_temporal_per_variant.json::aot
POC-1B,aot,higher,raw,frozen,pretrain_encoder,REF,COMP,1825,0.014795,0.009041,0.020822,0.014795,0.009041,0.020822,True,0.0,encoder_temporal/encoder_temporal_per_variant.json::aot
POC-1B,aot,higher,raw,frozen,surgery_raw_encoder,REF,OURS,1825,0.012055,0.007123,0.017534,0.012055,0.007123,0.017534,True,0.0,encoder_temporal/encoder_temporal_per_variant.json::aot
POC-1B,aot,higher,raw,frozen,surgical_3stage_DI_diheavy_encoder,REF,OURS,1825,0.007945,0.00274,0.013425,0.007945,0.00274,0.013425,True,0.0048,encoder_temporal/encoder_temporal_per_variant.json::aot
POC-1B,aot,higher,raw,frozen,surgical_3stage_DI_encoder,REF,OURS,1825,0.025205,0.018889,0.031781,0.025205,0.018889,0.031781,True,0.0,encoder_temporal/encoder_temporal_per_variant.json::aot
POC-1B,aot,higher,raw,frozen,surgical_3stage_DI_intervene_encoder,REF,OURS,1825,0.012603,0.007123,0.018356,0.012603,0.007123,0.018356,True,0.0,encoder_temporal/encoder_temporal_per_variant.json::aot
POC-1B,aot,higher,raw,frozen,surgical_autorgn_encoder,REF,COMP,1825,0.019178,0.013151,0.025479,0.019178,0.013151,0.025479,True,0.0,encoder_temporal/encoder_temporal_per_variant.json::aot
POC-1B,aot,higher,raw,frozen,surgical_intervene_wiseft_f30_encoder,REF,OURS,1825,0.005753,0.001096,0.010411,0.005753,0.001096,0.010411,True,0.0206,encoder_temporal/encoder_temporal_per_variant.json::aot
POC-1B,aot,higher,raw,frozen,surgical_intervene_wiseft_f50_encoder,REF,OURS,1825,0.00411,0.0,0.008493,0.00411,0.0,0.008493,False,0.0658,encoder_temporal/encoder_temporal_per_variant.json::aot
POC-1B,aot,higher,raw,frozen,surgical_intervene_wiseft_f70_encoder,REF,OURS,1825,0.000548,-0.003014,0.00411,0.000548,-0.003014,0.00411,False,0.8036,encoder_temporal/encoder_temporal_per_variant.json::aot
POC-1B,aot,higher,raw,full_ft_encoder,lpft_encoder,COMP,COMP,1825,-0.010685,-0.016712,-0.004932,-0.010685,-0.016712,-0.004932,True,0.0002,encoder_temporal/encoder_temporal_per_variant.json::aot
POC-1B,aot,higher,raw,full_ft_encoder,peft_dora_encoder,COMP,COMP,1825,-0.007397,-0.013151,-0.001918,-0.007397,-0.013151,-0.001918,True,0.0094,encoder_temporal/encoder_temporal_per_variant.json::aot
POC-1B,aot,higher,raw,full_ft_encoder,peft_lora_encoder,COMP,COMP,1825,-0.001644,-0.007123,0.003836,-0.001644,-0.007123,0.003836,False,0.5902,encoder_temporal/encoder_temporal_per_variant.json::aot
POC-1B,aot,higher,raw,full_ft_encoder,pretrain_encoder,COMP,COMP,1825,-0.004932,-0.010685,0.000548,-0.004932,-0.010685,0.000548,False,0.0924,encoder_temporal/encoder_temporal_per_variant.json::aot
POC-1B,aot,higher,raw,full_ft_encoder,surgery_raw_encoder,COMP,OURS,1825,-0.007671,-0.013699,-0.001918,-0.007671,-0.013699,-0.001918,True,0.0096,encoder_temporal/encoder_temporal_per_variant.json::aot
POC-1B,aot,higher,raw,full_ft_encoder,surgical_3stage_DI_diheavy_encoder,COMP,OURS,1825,-0.011781,-0.017808,-0.006027,-0.011781,-0.017808,-0.006027,True,0.0,encoder_temporal/encoder_temporal_per_variant.json::aot
POC-1B,aot,higher,raw,full_ft_encoder,surgical_3stage_DI_encoder,COMP,OURS,1825,0.005479,-0.001096,0.011781,0.005479,-0.001096,0.011781,False,0.1082,encoder_temporal/encoder_temporal_per_variant.json::aot
POC-1B,aot,higher,raw,full_ft_encoder,surgical_3stage_DI_intervene_encoder,COMP,OURS,1825,-0.007123,-0.013151,-0.00137,-0.007123,-0.013151,-0.00137,True,0.0184,encoder_temporal/encoder_temporal_per_variant.json::aot
POC-1B,aot,higher,raw,full_ft_encoder,surgical_autorgn_encoder,COMP,COMP,1825,-0.000548,-0.006575,0.005205,-0.000548,-0.006575,0.005205,False,0.9008,encoder_temporal/encoder_temporal_per_variant.json::aot
POC-1B,aot,higher,raw,full_ft_encoder,surgical_intervene_wiseft_f30_encoder,COMP,OURS,1825,-0.013973,-0.020548,-0.007671,-0.013973,-0.020548,-0.007671,True,0.0,encoder_temporal/encoder_temporal_per_variant.json::aot
POC-1B,aot,higher,raw,full_ft_encoder,surgical_intervene_wiseft_f50_encoder,COMP,OURS,1825,-0.015616,-0.021644,-0.009863,-0.015616,-0.021644,-0.009863,True,0.0,encoder_temporal/encoder_temporal_per_variant.json::aot
POC-1B,aot,higher,raw,full_ft_encoder,surgical_intervene_wiseft_f70_encoder,COMP,OURS,1825,-0.019178,-0.025753,-0.012877,-0.019178,-0.025753,-0.012877,True,0.0,encoder_temporal/encoder_temporal_per_variant.json::aot
POC-1B,aot,higher,raw,lpft_encoder,peft_dora_encoder,COMP,COMP,1825,0.003288,-0.000548,0.007397,0.003288,-0.000548,0.007397,False,0.1046,encoder_temporal/encoder_temporal_per_variant.json::aot
POC-1B,aot,higher,raw,lpft_encoder,peft_lora_encoder,COMP,COMP,1825,0.009041,0.00274,0.015342,0.009041,0.00274,0.015342,True,0.0052,encoder_temporal/encoder_temporal_per_variant.json::aot
POC-1B,aot,higher,raw,lpft_encoder,pretrain_encoder,COMP,COMP,1825,0.005753,0.000274,0.011233,0.005753,0.000274,0.011233,True,0.0442,encoder_temporal/encoder_temporal_per_variant.json::aot
POC-1B,aot,higher,raw,lpft_encoder,surgery_raw_encoder,COMP,OURS,1825,0.003014,-0.001644,0.007671,0.003014,-0.001644,0.007671,False,0.2248,encoder_temporal/encoder_temporal_per_variant.json::aot
POC-1B,aot,higher,raw,lpft_encoder,surgical_3stage_DI_diheavy_encoder,COMP,OURS,1825,-0.001096,-0.005205,0.00274,-0.001096,-0.005205,0.00274,False,0.6466,encoder_temporal/encoder_temporal_per_variant.json::aot
POC-1B,aot,higher,raw,lpft_encoder,surgical_3stage_DI_encoder,COMP,OURS,1825,0.016164,0.009315,0.023014,0.016164,0.009315,0.023014,True,0.0,encoder_temporal/encoder_temporal_per_variant.json::aot
POC-1B,aot,higher,raw,lpft_encoder,surgical_3stage_DI_intervene_encoder,COMP,OURS,1825,0.003562,-0.001918,0.009041,0.003562,-0.001918,0.009041,False,0.2162,encoder_temporal/encoder_temporal_per_variant.json::aot
POC-1B,aot,higher,raw,lpft_encoder,surgical_autorgn_encoder,COMP,COMP,1825,0.010137,0.00411,0.016164,0.010137,0.00411,0.016164,True,0.001,encoder_temporal/encoder_temporal_per_variant.json::aot
POC-1B,aot,higher,raw,lpft_encoder,surgical_intervene_wiseft_f30_encoder,COMP,OURS,1825,-0.003288,-0.007945,0.001096,-0.003288,-0.007945,0.001096,False,0.1692,encoder_temporal/encoder_temporal_per_variant.json::aot
POC-1B,aot,higher,raw,lpft_encoder,surgical_intervene_wiseft_f50_encoder,COMP,OURS,1825,-0.004932,-0.009863,-0.000274,-0.004932,-0.009863,-0.000274,True,0.0496,encoder_temporal/encoder_temporal_per_variant.json::aot
POC-1B,aot,higher,raw,lpft_encoder,surgical_intervene_wiseft_f70_encoder,COMP,OURS,1825,-0.008493,-0.013973,-0.003288,-0.008493,-0.013973,-0.003288,True,0.0018,encoder_temporal/encoder_temporal_per_variant.json::aot
POC-1B,aot,higher,raw,peft_dora_encoder,peft_lora_encoder,COMP,COMP,1825,0.005753,0.0,0.011781,0.005753,0.0,0.011781,False,0.0652,encoder_temporal/encoder_temporal_per_variant.json::aot
POC-1B,aot,higher,raw,peft_dora_encoder,pretrain_encoder,COMP,COMP,1825,0.002466,-0.003288,0.008219,0.002466,-0.003288,0.008219,False,0.4218,encoder_temporal/encoder_temporal_per_variant.json::aot
POC-1B,aot,higher,raw,peft_dora_encoder,surgery_raw_encoder,COMP,OURS,1825,-0.000274,-0.004384,0.003836,-0.000274,-0.004384,0.003836,False,0.949,encoder_temporal/encoder_temporal_per_variant.json::aot
POC-1B,aot,higher,raw,peft_dora_encoder,surgical_3stage_DI_diheavy_encoder,COMP,OURS,1825,-0.004384,-0.008493,-0.000548,-0.004384,-0.008493,-0.000548,True,0.0386,encoder_temporal/encoder_temporal_per_variant.json::aot
POC-1B,aot,higher,raw,peft_dora_encoder,surgical_3stage_DI_encoder,COMP,OURS,1825,0.012877,0.006575,0.019452,0.012877,0.006575,0.019452,True,0.0002,encoder_temporal/encoder_temporal_per_variant.json::aot
POC-1B,aot,higher,raw,peft_dora_encoder,surgical_3stage_DI_intervene_encoder,COMP,OURS,1825,0.000274,-0.004658,0.005151,0.000274,-0.004658,0.005151,False,0.9348,encoder_temporal/encoder_temporal_per_variant.json::aot
POC-1B,aot,higher,raw,peft_dora_encoder,surgical_autorgn_encoder,COMP,COMP,1825,0.006849,0.00137,0.012603,0.006849,0.00137,0.012603,True,0.0156,encoder_temporal/encoder_temporal_per_variant.json::aot
POC-1B,aot,higher,raw,peft_dora_encoder,surgical_intervene_wiseft_f30_encoder,COMP,OURS,1825,-0.006575,-0.011781,-0.001644,-0.006575,-0.011781,-0.001644,True,0.0124,encoder_temporal/encoder_temporal_per_variant.json::aot
POC-1B,aot,higher,raw,peft_dora_encoder,surgical_intervene_wiseft_f50_encoder,COMP,OURS,1825,-0.008219,-0.013425,-0.003562,-0.008219,-0.013425,-0.003562,True,0.001,encoder_temporal/encoder_temporal_per_variant.json::aot
POC-1B,aot,higher,raw,peft_dora_encoder,surgical_intervene_wiseft_f70_encoder,COMP,OURS,1825,-0.011781,-0.01748,-0.006575,-0.011781,-0.01748,-0.006575,True,0.0,encoder_temporal/encoder_temporal_per_variant.json::aot
POC-1B,aot,higher,raw,peft_lora_encoder,pretrain_encoder,COMP,COMP,1825,-0.003288,-0.008767,0.001918,-0.003288,-0.008767,0.001918,False,0.2442,encoder_temporal/encoder_temporal_per_variant.json::aot
POC-1B,aot,higher,raw,peft_lora_encoder,surgery_raw_encoder,COMP,OURS,1825,-0.006027,-0.011233,-0.000548,-0.006027,-0.011233,-0.000548,True,0.0328,encoder_temporal/encoder_temporal_per_variant.json::aot
POC-1B,aot,higher,raw,peft_lora_encoder,surgical_3stage_DI_diheavy_encoder,COMP,OURS,1825,-0.010137,-0.016438,-0.00411,-0.010137,-0.016438,-0.00411,True,0.0012,encoder_temporal/encoder_temporal_per_variant.json::aot
POC-1B,aot,higher,raw,peft_lora_encoder,surgical_3stage_DI_encoder,COMP,OURS,1825,0.007123,0.002192,0.012055,0.007123,0.002192,0.012055,True,0.0032,encoder_temporal/encoder_temporal_per_variant.json::aot
POC-1B,aot,higher,raw,peft_lora_encoder,surgical_3stage_DI_intervene_encoder,COMP,OURS,1825,-0.005479,-0.010137,-0.001096,-0.005479,-0.010137,-0.001096,True,0.02,encoder_temporal/encoder_temporal_per_variant.json::aot
POC-1B,aot,higher,raw,peft_lora_encoder,surgical_autorgn_encoder,COMP,COMP,1825,0.001096,-0.004384,0.006575,0.001096,-0.004384,0.006575,False,0.7284,encoder_temporal/encoder_temporal_per_variant.json::aot
POC-1B,aot,higher,raw,peft_lora_encoder,surgical_intervene_wiseft_f30_encoder,COMP,OURS,1825,-0.012329,-0.019178,-0.005753,-0.012329,-0.019178,-0.005753,True,0.0004,encoder_temporal/encoder_temporal_per_variant.json::aot
POC-1B,aot,higher,raw,peft_lora_encoder,surgical_intervene_wiseft_f50_encoder,COMP,OURS,1825,-0.013973,-0.02,-0.008219,-0.013973,-0.02,-0.008219,True,0.0002,encoder_temporal/encoder_temporal_per_variant.json::aot
POC-1B,aot,higher,raw,peft_lora_encoder,surgical_intervene_wiseft_f70_encoder,COMP,OURS,1825,-0.017534,-0.024384,-0.011233,-0.017534,-0.024384,-0.011233,True,0.0,encoder_temporal/encoder_temporal_per_variant.json::aot
POC-1B,aot,higher,raw,pretrain_encoder,surgery_raw_encoder,COMP,OURS,1825,-0.00274,-0.008493,0.00274,-0.00274,-0.008493,0.00274,False,0.3532,encoder_temporal/encoder_temporal_per_variant.json::aot
POC-1B,aot,higher,raw,pretrain_encoder,surgical_3stage_DI_diheavy_encoder,COMP,OURS,1825,-0.006849,-0.012603,-0.00137,-0.006849,-0.012603,-0.00137,True,0.018,encoder_temporal/encoder_temporal_per_variant.json::aot
POC-1B,aot,higher,raw,pretrain_encoder,surgical_3stage_DI_encoder,COMP,OURS,1825,0.010411,0.004932,0.016164,0.010411,0.004932,0.016164,True,0.0004,encoder_temporal/encoder_temporal_per_variant.json::aot
POC-1B,aot,higher,raw,pretrain_encoder,surgical_3stage_DI_intervene_encoder,COMP,OURS,1825,-0.002192,-0.007123,0.00274,-0.002192,-0.007123,0.00274,False,0.4134,encoder_temporal/encoder_temporal_per_variant.json::aot
POC-1B,aot,higher,raw,pretrain_encoder,surgical_autorgn_encoder,COMP,COMP,1825,0.004384,-0.001096,0.010137,0.004384,-0.001096,0.010137,False,0.1368,encoder_temporal/encoder_temporal_per_variant.json::aot
POC-1B,aot,higher,raw,pretrain_encoder,surgical_intervene_wiseft_f30_encoder,COMP,OURS,1825,-0.009041,-0.015342,-0.003014,-0.009041,-0.015342,-0.003014,True,0.0034,encoder_temporal/encoder_temporal_per_variant.json::aot
POC-1B,aot,higher,raw,pretrain_encoder,surgical_intervene_wiseft_f50_encoder,COMP,OURS,1825,-0.010685,-0.016712,-0.004932,-0.010685,-0.016712,-0.004932,True,0.0,encoder_temporal/encoder_temporal_per_variant.json::aot
POC-1B,aot,higher,raw,pretrain_encoder,surgical_intervene_wiseft_f70_encoder,COMP,OURS,1825,-0.014247,-0.020548,-0.008219,-0.014247,-0.020548,-0.008219,True,0.0,encoder_temporal/encoder_temporal_per_variant.json::aot
POC-1B,aot,higher,raw,surgery_raw_encoder,surgical_3stage_DI_diheavy_encoder,OURS,OURS,1825,-0.00411,-0.008493,0.0,-0.00411,-0.008493,0.0,False,0.0632,encoder_temporal/encoder_temporal_per_variant.json::aot
POC-1B,aot,higher,raw,surgery_raw_encoder,surgical_3stage_DI_encoder,OURS,OURS,1825,0.013151,0.007397,0.019178,0.013151,0.007397,0.019178,True,0.0,encoder_temporal/encoder_temporal_per_variant.json::aot
POC-1B,aot,higher,raw,surgery_raw_encoder,surgical_3stage_DI_intervene_encoder,OURS,OURS,1825,0.000548,-0.00411,0.005205,0.000548,-0.00411,0.005205,False,0.8532,encoder_temporal/encoder_temporal_per_variant.json::aot
POC-1B,aot,higher,raw,surgery_raw_encoder,surgical_autorgn_encoder,OURS,COMP,1825,0.007123,0.00137,0.012877,0.007123,0.00137,0.012877,True,0.017,encoder_temporal/encoder_temporal_per_variant.json::aot
POC-1B,aot,higher,raw,surgery_raw_encoder,surgical_intervene_wiseft_f30_encoder,OURS,OURS,1825,-0.006301,-0.011507,-0.00137,-0.006301,-0.011507,-0.00137,True,0.0166,encoder_temporal/encoder_temporal_per_variant.json::aot
POC-1B,aot,higher,raw,surgery_raw_encoder,surgical_intervene_wiseft_f50_encoder,OURS,OURS,1825,-0.007945,-0.012877,-0.003288,-0.007945,-0.012877,-0.003288,True,0.0008,encoder_temporal/encoder_temporal_per_variant.json::aot
POC-1B,aot,higher,raw,surgery_raw_encoder,surgical_intervene_wiseft_f70_encoder,OURS,OURS,1825,-0.011507,-0.01726,-0.006027,-0.011507,-0.01726,-0.006027,True,0.0,encoder_temporal/encoder_temporal_per_variant.json::aot
POC-1B,aot,higher,raw,surgical_3stage_DI_diheavy_encoder,surgical_3stage_DI_encoder,OURS,OURS,1825,0.01726,0.010685,0.02411,0.01726,0.010685,0.02411,True,0.0,encoder_temporal/encoder_temporal_per_variant.json::aot
POC-1B,aot,higher,raw,surgical_3stage_DI_diheavy_encoder,surgical_3stage_DI_intervene_encoder,OURS,OURS,1825,0.004658,-0.000548,0.009863,0.004658,-0.000548,0.009863,False,0.0848,encoder_temporal/encoder_temporal_per_variant.json::aot
POC-1B,aot,higher,raw,surgical_3stage_DI_diheavy_encoder,surgical_autorgn_encoder,OURS,COMP,1825,0.011233,0.005479,0.01726,0.011233,0.005479,0.01726,True,0.0,encoder_temporal/encoder_temporal_per_variant.json::aot
POC-1B,aot,higher,raw,surgical_3stage_DI_diheavy_encoder,surgical_intervene_wiseft_f30_encoder,OURS,OURS,1825,-0.002192,-0.006849,0.002466,-0.002192,-0.006849,0.002466,False,0.375,encoder_temporal/encoder_temporal_per_variant.json::aot
POC-1B,aot,higher,raw,surgical_3stage_DI_diheavy_encoder,surgical_intervene_wiseft_f50_encoder,OURS,OURS,1825,-0.003836,-0.008767,0.000822,-0.003836,-0.008767,0.000822,False,0.12,encoder_temporal/encoder_temporal_per_variant.json::aot
POC-1B,aot,higher,raw,surgical_3stage_DI_diheavy_encoder,surgical_intervene_wiseft_f70_encoder,OURS,OURS,1825,-0.007397,-0.012877,-0.001918,-0.007397,-0.012877,-0.001918,True,0.0098,encoder_temporal/encoder_temporal_per_variant.json::aot
POC-1B,aot,higher,raw,surgical_3stage_DI_encoder,surgical_3stage_DI_intervene_encoder,OURS,OURS,1825,-0.012603,-0.018082,-0.007397,-0.012603,-0.018082,-0.007397,True,0.0,encoder_temporal/encoder_temporal_per_variant.json::aot
POC-1B,aot,higher,raw,surgical_3stage_DI_encoder,surgical_autorgn_encoder,OURS,COMP,1825,-0.006027,-0.012603,0.000548,-0.006027,-0.012603,0.000548,False,0.0788,encoder_temporal/encoder_temporal_per_variant.json::aot
POC-1B,aot,higher,raw,surgical_3stage_DI_encoder,surgical_intervene_wiseft_f30_encoder,OURS,OURS,1825,-0.019452,-0.026575,-0.012329,-0.019452,-0.026575,-0.012329,True,0.0,encoder_temporal/encoder_temporal_per_variant.json::aot
POC-1B,aot,higher,raw,surgical_3stage_DI_encoder,surgical_intervene_wiseft_f50_encoder,OURS,OURS,1825,-0.021096,-0.027671,-0.014795,-0.021096,-0.027671,-0.014795,True,0.0,encoder_temporal/encoder_temporal_per_variant.json::aot
POC-1B,aot,higher,raw,surgical_3stage_DI_encoder,surgical_intervene_wiseft_f70_encoder,OURS,OURS,1825,-0.024658,-0.031781,-0.017808,-0.024658,-0.031781,-0.017808,True,0.0,encoder_temporal/encoder_temporal_per_variant.json::aot
POC-1B,aot,higher,raw,surgical_3stage_DI_intervene_encoder,surgical_autorgn_encoder,OURS,COMP,1825,0.006575,0.00137,0.012055,0.006575,0.00137,0.012055,True,0.0174,encoder_temporal/encoder_temporal_per_variant.json::aot
POC-1B,aot,higher,raw,surgical_3stage_DI_intervene_encoder,surgical_intervene_wiseft_f30_encoder,OURS,OURS,1825,-0.006849,-0.012603,-0.001096,-0.006849,-0.012603,-0.001096,True,0.0174,encoder_temporal/encoder_temporal_per_variant.json::aot
POC-1B,aot,higher,raw,surgical_3stage_DI_intervene_encoder,surgical_intervene_wiseft_f50_encoder,OURS,OURS,1825,-0.008493,-0.013973,-0.003288,-0.008493,-0.013973,-0.003288,True,0.0014,encoder_temporal/encoder_temporal_per_variant.json::aot
POC-1B,aot,higher,raw,surgical_3stage_DI_intervene_encoder,surgical_intervene_wiseft_f70_encoder,OURS,OURS,1825,-0.012055,-0.018082,-0.006301,-0.012055,-0.018082,-0.006301,True,0.0,encoder_temporal/encoder_temporal_per_variant.json::aot
POC-1B,aot,higher,raw,surgical_autorgn_encoder,surgical_intervene_wiseft_f30_encoder,COMP,OURS,1825,-0.013425,-0.019726,-0.006849,-0.013425,-0.019726,-0.006849,True,0.0002,encoder_temporal/encoder_temporal_per_variant.json::aot
POC-1B,aot,higher,raw,surgical_autorgn_encoder,surgical_intervene_wiseft_f50_encoder,COMP,OURS,1825,-0.015068,-0.02137,-0.009041,-0.015068,-0.02137,-0.009041,True,0.0,encoder_temporal/encoder_temporal_per_variant.json::aot
POC-1B,aot,higher,raw,surgical_autorgn_encoder,surgical_intervene_wiseft_f70_encoder,COMP,OURS,1825,-0.01863,-0.024932,-0.012329,-0.01863,-0.024932,-0.012329,True,0.0,encoder_temporal/encoder_temporal_per_variant.json::aot
POC-1B,aot,higher,raw,surgical_intervene_wiseft_f30_encoder,surgical_intervene_wiseft_f50_encoder,OURS,OURS,1825,-0.001644,-0.005479,0.002192,-0.001644,-0.005479,0.002192,False,0.4656,encoder_temporal/encoder_temporal_per_variant.json::aot
POC-1B,aot,higher,raw,surgical_intervene_wiseft_f30_encoder,surgical_intervene_wiseft_f70_encoder,OURS,OURS,1825,-0.005205,-0.009589,-0.000822,-0.005205,-0.009589,-0.000822,True,0.0238,encoder_temporal/encoder_temporal_per_variant.json::aot
POC-1B,aot,higher,raw,surgical_intervene_wiseft_f50_encoder,surgical_intervene_wiseft_f70_encoder,OURS,OURS,1825,-0.003562,-0.007397,0.000548,-0.003562,-0.007397,0.000548,False,0.106,encoder_temporal/encoder_temporal_per_variant.json::aot
POC-1B,tov,higher,raw,frozen,full_ft_encoder,REF,COMP,1825,0.010548,0.003973,0.01726,0.010548,0.003973,0.01726,True,0.0022,encoder_temporal/encoder_temporal_per_variant.json::tov
POC-1B,tov,higher,raw,frozen,lpft_encoder,REF,COMP,1825,-0.002329,-0.007397,0.002603,-0.002329,-0.007397,0.002603,False,0.3802,encoder_temporal/encoder_temporal_per_variant.json::tov
POC-1B,tov,higher,raw,frozen,peft_dora_encoder,REF,COMP,1825,-0.003699,-0.009178,0.001918,-0.003699,-0.009178,0.001918,False,0.198,encoder_temporal/encoder_temporal_per_variant.json::tov
POC-1B,tov,higher,raw,frozen,peft_lora_encoder,REF,COMP,1825,0.000822,-0.005068,0.006712,0.000822,-0.005068,0.006712,False,0.8006,encoder_temporal/encoder_temporal_per_variant.json::tov
POC-1B,tov,higher,raw,frozen,pretrain_encoder,REF,COMP,1825,-0.003973,-0.009863,0.002055,-0.003973,-0.009863,0.002055,False,0.1994,encoder_temporal/encoder_temporal_per_variant.json::tov
POC-1B,tov,higher,raw,frozen,surgery_raw_encoder,REF,OURS,1825,0.006164,0.000137,0.012329,0.006164,0.000137,0.012329,True,0.0496,encoder_temporal/encoder_temporal_per_variant.json::tov
POC-1B,tov,higher,raw,frozen,surgical_3stage_DI_diheavy_encoder,REF,OURS,1825,-0.002192,-0.007808,0.003151,-0.002192,-0.007808,0.003151,False,0.452,encoder_temporal/encoder_temporal_per_variant.json::tov
POC-1B,tov,higher,raw,frozen,surgical_3stage_DI_encoder,REF,OURS,1825,-0.000137,-0.006027,0.005616,-0.000137,-0.006027,0.005616,False,0.9928,encoder_temporal/encoder_temporal_per_variant.json::tov
POC-1B,tov,higher,raw,frozen,surgical_3stage_DI_intervene_encoder,REF,OURS,1825,0.001096,-0.004795,0.007123,0.001096,-0.004795,0.007123,False,0.746,encoder_temporal/encoder_temporal_per_variant.json::tov
POC-1B,tov,higher,raw,frozen,surgical_autorgn_encoder,REF,COMP,1825,0.012877,0.006887,0.019178,0.012877,0.006887,0.019178,True,0.0002,encoder_temporal/encoder_temporal_per_variant.json::tov
POC-1B,tov,higher,raw,frozen,surgical_intervene_wiseft_f30_encoder,REF,OURS,1825,-0.001918,-0.006712,0.002877,-0.001918,-0.006712,0.002877,False,0.4536,encoder_temporal/encoder_temporal_per_variant.json::tov
POC-1B,tov,higher,raw,frozen,surgical_intervene_wiseft_f50_encoder,REF,OURS,1825,0.000137,-0.004521,0.004932,0.000137,-0.004521,0.004932,False,0.9828,encoder_temporal/encoder_temporal_per_variant.json::tov
POC-1B,tov,higher,raw,frozen,surgical_intervene_wiseft_f70_encoder,REF,OURS,1825,0.003836,-0.000685,0.008356,0.003836,-0.000685,0.008356,False,0.1024,encoder_temporal/encoder_temporal_per_variant.json::tov
POC-1B,tov,higher,raw,full_ft_encoder,lpft_encoder,COMP,COMP,1825,-0.012877,-0.01863,-0.006986,-0.012877,-0.01863,-0.006986,True,0.0,encoder_temporal/encoder_temporal_per_variant.json::tov
POC-1B,tov,higher,raw,full_ft_encoder,peft_dora_encoder,COMP,COMP,1825,-0.014247,-0.02,-0.008493,-0.014247,-0.02,-0.008493,True,0.0,encoder_temporal/encoder_temporal_per_variant.json::tov
POC-1B,tov,higher,raw,full_ft_encoder,peft_lora_encoder,COMP,COMP,1825,-0.009726,-0.015753,-0.003836,-0.009726,-0.015753,-0.003836,True,0.0012,encoder_temporal/encoder_temporal_per_variant.json::tov
POC-1B,tov,higher,raw,full_ft_encoder,pretrain_encoder,COMP,COMP,1825,-0.014521,-0.020274,-0.00863,-0.014521,-0.020274,-0.00863,True,0.0,encoder_temporal/encoder_temporal_per_variant.json::tov
POC-1B,tov,higher,raw,full_ft_encoder,surgery_raw_encoder,COMP,OURS,1825,-0.004384,-0.010548,0.001781,-0.004384,-0.010548,0.001781,False,0.1692,encoder_temporal/encoder_temporal_per_variant.json::tov
POC-1B,tov,higher,raw,full_ft_encoder,surgical_3stage_DI_diheavy_encoder,COMP,OURS,1825,-0.01274,-0.018904,-0.006712,-0.01274,-0.018904,-0.006712,True,0.0,encoder_temporal/encoder_temporal_per_variant.json::tov
POC-1B,tov,higher,raw,full_ft_encoder,surgical_3stage_DI_encoder,COMP,OURS,1825,-0.010685,-0.016575,-0.004932,-0.010685,-0.016575,-0.004932,True,0.0006,encoder_temporal/encoder_temporal_per_variant.json::tov
POC-1B,tov,higher,raw,full_ft_encoder,surgical_3stage_DI_intervene_encoder,COMP,OURS,1825,-0.009452,-0.01589,-0.002877,-0.009452,-0.01589,-0.002877,True,0.0044,encoder_temporal/encoder_temporal_per_variant.json::tov
POC-1B,tov,higher,raw,full_ft_encoder,surgical_autorgn_encoder,COMP,COMP,1825,0.002329,-0.00306,0.007671,0.002329,-0.00306,0.007671,False,0.409,encoder_temporal/encoder_temporal_per_variant.json::tov
POC-1B,tov,higher,raw,full_ft_encoder,surgical_intervene_wiseft_f30_encoder,COMP,OURS,1825,-0.012466,-0.018429,-0.006575,-0.012466,-0.018429,-0.006575,True,0.0,encoder_temporal/encoder_temporal_per_variant.json::tov
POC-1B,tov,higher,raw,full_ft_encoder,surgical_intervene_wiseft_f50_encoder,COMP,OURS,1825,-0.010411,-0.016164,-0.004521,-0.010411,-0.016164,-0.004521,True,0.0004,encoder_temporal/encoder_temporal_per_variant.json::tov
POC-1B,tov,higher,raw,full_ft_encoder,surgical_intervene_wiseft_f70_encoder,COMP,OURS,1825,-0.006712,-0.013288,-0.000137,-0.006712,-0.013288,-0.000137,True,0.0462,encoder_temporal/encoder_temporal_per_variant.json::tov
POC-1B,tov,higher,raw,lpft_encoder,peft_dora_encoder,COMP,COMP,1825,-0.00137,-0.005616,0.002877,-0.00137,-0.005616,0.002877,False,0.5478,encoder_temporal/encoder_temporal_per_variant.json::tov
POC-1B,tov,higher,raw,lpft_encoder,peft_lora_encoder,COMP,COMP,1825,0.003151,-0.001507,0.008082,0.003151,-0.001507,0.008082,False,0.2138,encoder_temporal/encoder_temporal_per_variant.json::tov
POC-1B,tov,higher,raw,lpft_encoder,pretrain_encoder,COMP,COMP,1825,-0.001644,-0.006712,0.003288,-0.001644,-0.006712,0.003288,False,0.5344,encoder_temporal/encoder_temporal_per_variant.json::tov
POC-1B,tov,higher,raw,lpft_encoder,surgery_raw_encoder,COMP,OURS,1825,0.008493,0.003562,0.013699,0.008493,0.003562,0.013699,True,0.0012,encoder_temporal/encoder_temporal_per_variant.json::tov
POC-1B,tov,higher,raw,lpft_encoder,surgical_3stage_DI_diheavy_encoder,COMP,OURS,1825,0.000137,-0.003973,0.004247,0.000137,-0.003973,0.004247,False,0.973,encoder_temporal/encoder_temporal_per_variant.json::tov
POC-1B,tov,higher,raw,lpft_encoder,surgical_3stage_DI_encoder,COMP,OURS,1825,0.002192,-0.002466,0.006712,0.002192,-0.002466,0.006712,False,0.3668,encoder_temporal/encoder_temporal_per_variant.json::tov
POC-1B,tov,higher,raw,lpft_encoder,surgical_3stage_DI_intervene_encoder,COMP,OURS,1825,0.003425,-0.001505,0.008356,0.003425,-0.001505,0.008356,False,0.187,encoder_temporal/encoder_temporal_per_variant.json::tov
POC-1B,tov,higher,raw,lpft_encoder,surgical_autorgn_encoder,COMP,COMP,1825,0.015205,0.009726,0.020548,0.015205,0.009726,0.020548,True,0.0,encoder_temporal/encoder_temporal_per_variant.json::tov
POC-1B,tov,higher,raw,lpft_encoder,surgical_intervene_wiseft_f30_encoder,COMP,OURS,1825,0.000411,-0.003836,0.004384,0.000411,-0.003836,0.004384,False,0.8614,encoder_temporal/encoder_temporal_per_variant.json::tov
POC-1B,tov,higher,raw,lpft_encoder,surgical_intervene_wiseft_f50_encoder,COMP,OURS,1825,0.002466,-0.001781,0.006986,0.002466,-0.001781,0.006986,False,0.2788,encoder_temporal/encoder_temporal_per_variant.json::tov
POC-1B,tov,higher,raw,lpft_encoder,surgical_intervene_wiseft_f70_encoder,COMP,OURS,1825,0.006164,0.001233,0.010959,0.006164,0.001233,0.010959,True,0.0202,encoder_temporal/encoder_temporal_per_variant.json::tov
POC-1B,tov,higher,raw,peft_dora_encoder,peft_lora_encoder,COMP,COMP,1825,0.004521,0.000137,0.008767,0.004521,0.000137,0.008767,True,0.043,encoder_temporal/encoder_temporal_per_variant.json::tov
POC-1B,tov,higher,raw,peft_dora_encoder,pretrain_encoder,COMP,COMP,1825,-0.000274,-0.004932,0.004384,-0.000274,-0.004932,0.004384,False,0.931,encoder_temporal/encoder_temporal_per_variant.json::tov
POC-1B,tov,higher,raw,peft_dora_encoder,surgery_raw_encoder,COMP,OURS,1825,0.009863,0.004932,0.014795,0.009863,0.004932,0.014795,True,0.0,encoder_temporal/encoder_temporal_per_variant.json::tov
POC-1B,tov,higher,raw,peft_dora_encoder,surgical_3stage_DI_diheavy_encoder,COMP,OURS,1825,0.001507,-0.00274,0.005616,0.001507,-0.00274,0.005616,False,0.4964,encoder_temporal/encoder_temporal_per_variant.json::tov
POC-1B,tov,higher,raw,peft_dora_encoder,surgical_3stage_DI_encoder,COMP,OURS,1825,0.003562,-0.000822,0.008082,0.003562,-0.000822,0.008082,False,0.125,encoder_temporal/encoder_temporal_per_variant.json::tov
POC-1B,tov,higher,raw,peft_dora_encoder,surgical_3stage_DI_intervene_encoder,COMP,OURS,1825,0.004795,-0.000137,0.009589,0.004795,-0.000137,0.009589,False,0.058,encoder_temporal/encoder_temporal_per_variant.json::tov
POC-1B,tov,higher,raw,peft_dora_encoder,surgical_autorgn_encoder,COMP,COMP,1825,0.016575,0.011233,0.021962,0.016575,0.011233,0.021962,True,0.0,encoder_temporal/encoder_temporal_per_variant.json::tov
POC-1B,tov,higher,raw,peft_dora_encoder,surgical_intervene_wiseft_f30_encoder,COMP,OURS,1825,0.001781,-0.002603,0.006164,0.001781,-0.002603,0.006164,False,0.433,encoder_temporal/encoder_temporal_per_variant.json::tov
POC-1B,tov,higher,raw,peft_dora_encoder,surgical_intervene_wiseft_f50_encoder,COMP,OURS,1825,0.003836,-0.001096,0.008767,0.003836,-0.001096,0.008767,False,0.1294,encoder_temporal/encoder_temporal_per_variant.json::tov
POC-1B,tov,higher,raw,peft_dora_encoder,surgical_intervene_wiseft_f70_encoder,COMP,OURS,1825,0.007534,0.002466,0.012603,0.007534,0.002466,0.012603,True,0.0042,encoder_temporal/encoder_temporal_per_variant.json::tov
POC-1B,tov,higher,raw,peft_lora_encoder,pretrain_encoder,COMP,COMP,1825,-0.004795,-0.009863,0.0,-0.004795,-0.009863,0.0,False,0.0548,encoder_temporal/encoder_temporal_per_variant.json::tov
POC-1B,tov,higher,raw,peft_lora_encoder,surgery_raw_encoder,COMP,OURS,1825,0.005342,0.0,0.010822,0.005342,0.0,0.010822,False,0.0572,encoder_temporal/encoder_temporal_per_variant.json::tov
POC-1B,tov,higher,raw,peft_lora_encoder,surgical_3stage_DI_diheavy_encoder,COMP,OURS,1825,-0.003014,-0.007534,0.001507,-0.003014,-0.007534,0.001507,False,0.2022,encoder_temporal/encoder_temporal_per_variant.json::tov
POC-1B,tov,higher,raw,peft_lora_encoder,surgical_3stage_DI_encoder,COMP,OURS,1825,-0.000959,-0.006438,0.004247,-0.000959,-0.006438,0.004247,False,0.741,encoder_temporal/encoder_temporal_per_variant.json::tov
POC-1B,tov,higher,raw,peft_lora_encoder,surgical_3stage_DI_intervene_encoder,COMP,OURS,1825,0.000274,-0.004658,0.005205,0.000274,-0.004658,0.005205,False,0.9458,encoder_temporal/encoder_temporal_per_variant.json::tov
POC-1B,tov,higher,raw,peft_lora_encoder,surgical_autorgn_encoder,COMP,COMP,1825,0.012055,0.006438,0.017808,0.012055,0.006438,0.017808,True,0.0002,encoder_temporal/encoder_temporal_per_variant.json::tov
POC-1B,tov,higher,raw,peft_lora_encoder,surgical_intervene_wiseft_f30_encoder,COMP,OURS,1825,-0.00274,-0.007671,0.002055,-0.00274,-0.007671,0.002055,False,0.2814,encoder_temporal/encoder_temporal_per_variant.json::tov
POC-1B,tov,higher,raw,peft_lora_encoder,surgical_intervene_wiseft_f50_encoder,COMP,OURS,1825,-0.000685,-0.006164,0.004795,-0.000685,-0.006164,0.004795,False,0.8172,encoder_temporal/encoder_temporal_per_variant.json::tov
POC-1B,tov,higher,raw,peft_lora_encoder,surgical_intervene_wiseft_f70_encoder,COMP,OURS,1825,0.003014,-0.002466,0.008767,0.003014,-0.002466,0.008767,False,0.302,encoder_temporal/encoder_temporal_per_variant.json::tov
POC-1B,tov,higher,raw,pretrain_encoder,surgery_raw_encoder,COMP,OURS,1825,0.010137,0.004795,0.015479,0.010137,0.004795,0.015479,True,0.0,encoder_temporal/encoder_temporal_per_variant.json::tov
POC-1B,tov,higher,raw,pretrain_encoder,surgical_3stage_DI_diheavy_encoder,COMP,OURS,1825,0.001781,-0.003151,0.006575,0.001781,-0.003151,0.006575,False,0.4808,encoder_temporal/encoder_temporal_per_variant.json::tov
POC-1B,tov,higher,raw,pretrain_encoder,surgical_3stage_DI_encoder,COMP,OURS,1825,0.003836,-0.001096,0.008904,0.003836,-0.001096,0.008904,False,0.1456,encoder_temporal/encoder_temporal_per_variant.json::tov
POC-1B,tov,higher,raw,pretrain_encoder,surgical_3stage_DI_intervene_encoder,COMP,OURS,1825,0.005068,0.0,0.010137,0.005068,0.0,0.010137,False,0.0542,encoder_temporal/encoder_temporal_per_variant.json::tov
POC-1B,tov,higher,raw,pretrain_encoder,surgical_autorgn_encoder,COMP,COMP,1825,0.016849,0.010959,0.022877,0.016849,0.010959,0.022877,True,0.0,encoder_temporal/encoder_temporal_per_variant.json::tov
POC-1B,tov,higher,raw,pretrain_encoder,surgical_intervene_wiseft_f30_encoder,COMP,OURS,1825,0.002055,-0.003151,0.007123,0.002055,-0.003151,0.007123,False,0.448,encoder_temporal/encoder_temporal_per_variant.json::tov
POC-1B,tov,higher,raw,pretrain_encoder,surgical_intervene_wiseft_f50_encoder,COMP,OURS,1825,0.00411,-0.001233,0.009315,0.00411,-0.001233,0.009315,False,0.1324,encoder_temporal/encoder_temporal_per_variant.json::tov
POC-1B,tov,higher,raw,pretrain_encoder,surgical_intervene_wiseft_f70_encoder,COMP,OURS,1825,0.007808,0.002329,0.013562,0.007808,0.002329,0.013562,True,0.0062,encoder_temporal/encoder_temporal_per_variant.json::tov
POC-1B,tov,higher,raw,surgery_raw_encoder,surgical_3stage_DI_diheavy_encoder,OURS,OURS,1825,-0.008356,-0.013014,-0.003973,-0.008356,-0.013014,-0.003973,True,0.0002,encoder_temporal/encoder_temporal_per_variant.json::tov
POC-1B,tov,higher,raw,surgery_raw_encoder,surgical_3stage_DI_encoder,OURS,OURS,1825,-0.006301,-0.010959,-0.001781,-0.006301,-0.010959,-0.001781,True,0.0054,encoder_temporal/encoder_temporal_per_variant.json::tov
POC-1B,tov,higher,raw,surgery_raw_encoder,surgical_3stage_DI_intervene_encoder,OURS,OURS,1825,-0.005068,-0.010137,-0.000137,-0.005068,-0.010137,-0.000137,True,0.0492,encoder_temporal/encoder_temporal_per_variant.json::tov
POC-1B,tov,higher,raw,surgery_raw_encoder,surgical_autorgn_encoder,OURS,COMP,1825,0.006712,0.000548,0.013014,0.006712,0.000548,0.013014,True,0.0364,encoder_temporal/encoder_temporal_per_variant.json::tov
POC-1B,tov,higher,raw,surgery_raw_encoder,surgical_intervene_wiseft_f30_encoder,OURS,OURS,1825,-0.008082,-0.013562,-0.003014,-0.008082,-0.013562,-0.003014,True,0.0018,encoder_temporal/encoder_temporal_per_variant.json::tov
POC-1B,tov,higher,raw,surgery_raw_encoder,surgical_intervene_wiseft_f50_encoder,OURS,OURS,1825,-0.006027,-0.011507,-0.000685,-0.006027,-0.011507,-0.000685,True,0.0282,encoder_temporal/encoder_temporal_per_variant.json::tov
POC-1B,tov,higher,raw,surgery_raw_encoder,surgical_intervene_wiseft_f70_encoder,OURS,OURS,1825,-0.002329,-0.008219,0.003314,-0.002329,-0.008219,0.003314,False,0.448,encoder_temporal/encoder_temporal_per_variant.json::tov
POC-1B,tov,higher,raw,surgical_3stage_DI_diheavy_encoder,surgical_3stage_DI_encoder,OURS,OURS,1825,0.002055,-0.002192,0.006301,0.002055,-0.002192,0.006301,False,0.3656,encoder_temporal/encoder_temporal_per_variant.json::tov
POC-1B,tov,higher,raw,surgical_3stage_DI_diheavy_encoder,surgical_3stage_DI_intervene_encoder,OURS,OURS,1825,0.003288,-0.000822,0.007671,0.003288,-0.000822,0.007671,False,0.138,encoder_temporal/encoder_temporal_per_variant.json::tov
POC-1B,tov,higher,raw,surgical_3stage_DI_diheavy_encoder,surgical_autorgn_encoder,OURS,COMP,1825,0.015068,0.009452,0.020959,0.015068,0.009452,0.020959,True,0.0,encoder_temporal/encoder_temporal_per_variant.json::tov
POC-1B,tov,higher,raw,surgical_3stage_DI_diheavy_encoder,surgical_intervene_wiseft_f30_encoder,OURS,OURS,1825,0.000274,-0.00411,0.004531,0.000274,-0.00411,0.004531,False,0.9188,encoder_temporal/encoder_temporal_per_variant.json::tov
POC-1B,tov,higher,raw,surgical_3stage_DI_diheavy_encoder,surgical_intervene_wiseft_f50_encoder,OURS,OURS,1825,0.002329,-0.002466,0.007397,0.002329,-0.002466,0.007397,False,0.367,encoder_temporal/encoder_temporal_per_variant.json::tov
POC-1B,tov,higher,raw,surgical_3stage_DI_diheavy_encoder,surgical_intervene_wiseft_f70_encoder,OURS,OURS,1825,0.006027,0.001096,0.011233,0.006027,0.001096,0.011233,True,0.0208,encoder_temporal/encoder_temporal_per_variant.json::tov
POC-1B,tov,higher,raw,surgical_3stage_DI_encoder,surgical_3stage_DI_intervene_encoder,OURS,OURS,1825,0.001233,-0.00411,0.006575,0.001233,-0.00411,0.006575,False,0.6686,encoder_temporal/encoder_temporal_per_variant.json::tov
POC-1B,tov,higher,raw,surgical_3stage_DI_encoder,surgical_autorgn_encoder,OURS,COMP,1825,0.013014,0.007397,0.018904,0.013014,0.007397,0.018904,True,0.0,encoder_temporal/encoder_temporal_per_variant.json::tov
POC-1B,tov,higher,raw,surgical_3stage_DI_encoder,surgical_intervene_wiseft_f30_encoder,OURS,OURS,1825,-0.001781,-0.006849,0.003288,-0.001781,-0.006849,0.003288,False,0.508,encoder_temporal/encoder_temporal_per_variant.json::tov
POC-1B,tov,higher,raw,surgical_3stage_DI_encoder,surgical_intervene_wiseft_f50_encoder,OURS,OURS,1825,0.000274,-0.004384,0.00514,0.000274,-0.004384,0.00514,False,0.9382,encoder_temporal/encoder_temporal_per_variant.json::tov
POC-1B,tov,higher,raw,surgical_3stage_DI_encoder,surgical_intervene_wiseft_f70_encoder,OURS,OURS,1825,0.003973,-0.001618,0.009589,0.003973,-0.001618,0.009589,False,0.1662,encoder_temporal/encoder_temporal_per_variant.json::tov
POC-1B,tov,higher,raw,surgical_3stage_DI_intervene_encoder,surgical_autorgn_encoder,OURS,COMP,1825,0.011781,0.005479,0.018082,0.011781,0.005479,0.018082,True,0.0008,encoder_temporal/encoder_temporal_per_variant.json::tov
POC-1B,tov,higher,raw,surgical_3stage_DI_intervene_encoder,surgical_intervene_wiseft_f30_encoder,OURS,OURS,1825,-0.003014,-0.008356,0.002055,-0.003014,-0.008356,0.002055,False,0.2708,encoder_temporal/encoder_temporal_per_variant.json::tov
POC-1B,tov,higher,raw,surgical_3stage_DI_intervene_encoder,surgical_intervene_wiseft_f50_encoder,OURS,OURS,1825,-0.000959,-0.006575,0.004521,-0.000959,-0.006575,0.004521,False,0.7554,encoder_temporal/encoder_temporal_per_variant.json::tov
POC-1B,tov,higher,raw,surgical_3stage_DI_intervene_encoder,surgical_intervene_wiseft_f70_encoder,OURS,OURS,1825,0.00274,-0.002877,0.008219,0.00274,-0.002877,0.008219,False,0.345,encoder_temporal/encoder_temporal_per_variant.json::tov
POC-1B,tov,higher,raw,surgical_autorgn_encoder,surgical_intervene_wiseft_f30_encoder,COMP,OURS,1825,-0.014795,-0.020274,-0.009315,-0.014795,-0.020274,-0.009315,True,0.0,encoder_temporal/encoder_temporal_per_variant.json::tov
POC-1B,tov,higher,raw,surgical_autorgn_encoder,surgical_intervene_wiseft_f50_encoder,COMP,OURS,1825,-0.01274,-0.018356,-0.007123,-0.01274,-0.018356,-0.007123,True,0.0002,encoder_temporal/encoder_temporal_per_variant.json::tov
POC-1B,tov,higher,raw,surgical_autorgn_encoder,surgical_intervene_wiseft_f70_encoder,COMP,OURS,1825,-0.009041,-0.015068,-0.002877,-0.009041,-0.015068,-0.002877,True,0.0054,encoder_temporal/encoder_temporal_per_variant.json::tov
POC-1B,tov,higher,raw,surgical_intervene_wiseft_f30_encoder,surgical_intervene_wiseft_f50_encoder,OURS,OURS,1825,0.002055,-0.002055,0.006164,0.002055,-0.002055,0.006164,False,0.3524,encoder_temporal/encoder_temporal_per_variant.json::tov
POC-1B,tov,higher,raw,surgical_intervene_wiseft_f30_encoder,surgical_intervene_wiseft_f70_encoder,OURS,OURS,1825,0.005753,0.001644,0.01,0.005753,0.001644,0.01,True,0.0072,encoder_temporal/encoder_temporal_per_variant.json::tov
POC-1B,tov,higher,raw,surgical_intervene_wiseft_f50_encoder,surgical_intervene_wiseft_f70_encoder,OURS,OURS,1825,0.003699,-0.000685,0.008082,0.003699,-0.000685,0.008082,False,0.0984,encoder_temporal/encoder_temporal_per_variant.json::tov
POC-1B,pace,higher,raw,frozen,full_ft_encoder,REF,COMP,1825,0.024292,0.012968,0.035799,0.024292,0.012968,0.035799,True,0.0,encoder_temporal/encoder_temporal_per_variant.json::pace
POC-1B,pace,higher,raw,frozen,lpft_encoder,REF,COMP,1825,0.008219,-0.000913,0.017169,0.008219,-0.000913,0.017169,False,0.0756,encoder_temporal/encoder_temporal_per_variant.json::pace
POC-1B,pace,higher,raw,frozen,peft_dora_encoder,REF,COMP,1825,0.006758,-0.003288,0.016621,0.006758,-0.003288,0.016621,False,0.1854,encoder_temporal/encoder_temporal_per_variant.json::pace
POC-1B,pace,higher,raw,frozen,peft_lora_encoder,REF,COMP,1825,0.003288,-0.00621,0.012785,0.003288,-0.00621,0.012785,False,0.4906,encoder_temporal/encoder_temporal_per_variant.json::pace
POC-1B,pace,higher,raw,frozen,pretrain_encoder,REF,COMP,1825,0.027215,0.016438,0.038356,0.027215,0.016438,0.038356,True,0.0,encoder_temporal/encoder_temporal_per_variant.json::pace
POC-1B,pace,higher,raw,frozen,surgery_raw_encoder,REF,OURS,1825,0.027032,0.016621,0.037808,0.027032,0.016621,0.037808,True,0.0,encoder_temporal/encoder_temporal_per_variant.json::pace
POC-1B,pace,higher,raw,frozen,surgical_3stage_DI_diheavy_encoder,REF,OURS,1825,0.017717,0.008219,0.027397,0.017717,0.008219,0.027397,True,0.0,encoder_temporal/encoder_temporal_per_variant.json::pace
POC-1B,pace,higher,raw,frozen,surgical_3stage_DI_encoder,REF,OURS,1825,0.006575,-0.00274,0.015708,0.006575,-0.00274,0.015708,False,0.1744,encoder_temporal/encoder_temporal_per_variant.json::pace
POC-1B,pace,higher,raw,frozen,surgical_3stage_DI_intervene_encoder,REF,OURS,1825,0.004749,-0.004566,0.014247,0.004749,-0.004566,0.014247,False,0.3376,encoder_temporal/encoder_temporal_per_variant.json::pace
POC-1B,pace,higher,raw,frozen,surgical_autorgn_encoder,REF,COMP,1825,0.009498,-0.000913,0.019726,0.009498,-0.000913,0.019726,False,0.0732,encoder_temporal/encoder_temporal_per_variant.json::pace
POC-1B,pace,higher,raw,frozen,surgical_intervene_wiseft_f30_encoder,REF,OURS,1825,-0.000183,-0.00895,0.008584,-0.000183,-0.00895,0.008584,False,0.9886,encoder_temporal/encoder_temporal_per_variant.json::pace
POC-1B,pace,higher,raw,frozen,surgical_intervene_wiseft_f50_encoder,REF,OURS,1825,-0.002192,-0.010228,0.005479,-0.002192,-0.010228,0.005479,False,0.6072,encoder_temporal/encoder_temporal_per_variant.json::pace
POC-1B,pace,higher,raw,frozen,surgical_intervene_wiseft_f70_encoder,REF,OURS,1825,0.004201,-0.004018,0.012237,0.004201,-0.004018,0.012237,False,0.3096,encoder_temporal/encoder_temporal_per_variant.json::pace
POC-1B,pace,higher,raw,full_ft_encoder,lpft_encoder,COMP,COMP,1825,-0.016073,-0.026301,-0.005662,-0.016073,-0.026301,-0.005662,True,0.002,encoder_temporal/encoder_temporal_per_variant.json::pace
POC-1B,pace,higher,raw,full_ft_encoder,peft_dora_encoder,COMP,COMP,1825,-0.017534,-0.026667,-0.008037,-0.017534,-0.026667,-0.008037,True,0.0002,encoder_temporal/encoder_temporal_per_variant.json::pace
POC-1B,pace,higher,raw,full_ft_encoder,peft_lora_encoder,COMP,COMP,1825,-0.021005,-0.03105,-0.011142,-0.021005,-0.03105,-0.011142,True,0.0,encoder_temporal/encoder_temporal_per_variant.json::pace
POC-1B,pace,higher,raw,full_ft_encoder,pretrain_encoder,COMP,COMP,1825,0.002922,-0.006758,0.012603,0.002922,-0.006758,0.012603,False,0.562,encoder_temporal/encoder_temporal_per_variant.json::pace
POC-1B,pace,higher,raw,full_ft_encoder,surgery_raw_encoder,COMP,OURS,1825,0.00274,-0.010411,0.01589,0.00274,-0.010411,0.01589,False,0.7004,encoder_temporal/encoder_temporal_per_variant.json::pace
POC-1B,pace,higher,raw,full_ft_encoder,surgical_3stage_DI_diheavy_encoder,COMP,OURS,1825,-0.006575,-0.016068,0.003105,-0.006575,-0.016068,0.003105,False,0.1792,encoder_temporal/encoder_temporal_per_variant.json::pace
POC-1B,pace,higher,raw,full_ft_encoder,surgical_3stage_DI_encoder,COMP,OURS,1825,-0.017717,-0.027397,-0.008394,-0.017717,-0.027397,-0.008394,True,0.0002,encoder_temporal/encoder_temporal_per_variant.json::pace
POC-1B,pace,higher,raw,full_ft_encoder,surgical_3stage_DI_intervene_encoder,COMP,OURS,1825,-0.019543,-0.029954,-0.009315,-0.019543,-0.029954,-0.009315,True,0.0,encoder_temporal/encoder_temporal_per_variant.json::pace
POC-1B,pace,higher,raw,full_ft_encoder,surgical_autorgn_encoder,COMP,COMP,1825,-0.014795,-0.026484,-0.003105,-0.014795,-0.026484,-0.003105,True,0.0086,encoder_temporal/encoder_temporal_per_variant.json::pace
POC-1B,pace,higher,raw,full_ft_encoder,surgical_intervene_wiseft_f30_encoder,COMP,OURS,1825,-0.024475,-0.034155,-0.014977,-0.024475,-0.034155,-0.014977,True,0.0,encoder_temporal/encoder_temporal_per_variant.json::pace
POC-1B,pace,higher,raw,full_ft_encoder,surgical_intervene_wiseft_f50_encoder,COMP,OURS,1825,-0.026484,-0.036895,-0.01589,-0.026484,-0.036895,-0.01589,True,0.0,encoder_temporal/encoder_temporal_per_variant.json::pace
POC-1B,pace,higher,raw,full_ft_encoder,surgical_intervene_wiseft_f70_encoder,COMP,OURS,1825,-0.020091,-0.031598,-0.008634,-0.020091,-0.031598,-0.008634,True,0.0008,encoder_temporal/encoder_temporal_per_variant.json::pace
POC-1B,pace,higher,raw,lpft_encoder,peft_dora_encoder,COMP,COMP,1825,-0.001461,-0.009863,0.007123,-0.001461,-0.009863,0.007123,False,0.715,encoder_temporal/encoder_temporal_per_variant.json::pace
POC-1B,pace,higher,raw,lpft_encoder,peft_lora_encoder,COMP,COMP,1825,-0.004932,-0.012899,0.002922,-0.004932,-0.012899,0.002922,False,0.2364,encoder_temporal/encoder_temporal_per_variant.json::pace
POC-1B,pace,higher,raw,lpft_encoder,pretrain_encoder,COMP,COMP,1825,0.018995,0.009132,0.028676,0.018995,0.009132,0.028676,True,0.0,encoder_temporal/encoder_temporal_per_variant.json::pace
POC-1B,pace,higher,raw,lpft_encoder,surgery_raw_encoder,COMP,OURS,1825,0.018813,0.007869,0.029589,0.018813,0.007869,0.029589,True,0.0002,encoder_temporal/encoder_temporal_per_variant.json::pace
POC-1B,pace,higher,raw,lpft_encoder,surgical_3stage_DI_diheavy_encoder,COMP,OURS,1825,0.009498,0.001279,0.0179,0.009498,0.001279,0.0179,True,0.0222,encoder_temporal/encoder_temporal_per_variant.json::pace
POC-1B,pace,higher,raw,lpft_encoder,surgical_3stage_DI_encoder,COMP,OURS,1825,-0.001644,-0.00968,0.00621,-0.001644,-0.00968,0.00621,False,0.685,encoder_temporal/encoder_temporal_per_variant.json::pace
POC-1B,pace,higher,raw,lpft_encoder,surgical_3stage_DI_intervene_encoder,COMP,OURS,1825,-0.00347,-0.010959,0.003836,-0.00347,-0.010959,0.003836,False,0.3592,encoder_temporal/encoder_temporal_per_variant.json::pace
POC-1B,pace,higher,raw,lpft_encoder,surgical_autorgn_encoder,COMP,COMP,1825,0.001279,-0.008219,0.010959,0.001279,-0.008219,0.010959,False,0.8128,encoder_temporal/encoder_temporal_per_variant.json::pace
POC-1B,pace,higher,raw,lpft_encoder,surgical_intervene_wiseft_f30_encoder,COMP,OURS,1825,-0.008402,-0.016438,-0.000548,-0.008402,-0.016438,-0.000548,True,0.0376,encoder_temporal/encoder_temporal_per_variant.json::pace
POC-1B,pace,higher,raw,lpft_encoder,surgical_intervene_wiseft_f50_encoder,COMP,OURS,1825,-0.010411,-0.018082,-0.002557,-0.010411,-0.018082,-0.002557,True,0.0118,encoder_temporal/encoder_temporal_per_variant.json::pace
POC-1B,pace,higher,raw,lpft_encoder,surgical_intervene_wiseft_f70_encoder,COMP,OURS,1825,-0.004018,-0.012785,0.005114,-0.004018,-0.012785,0.005114,False,0.3778,encoder_temporal/encoder_temporal_per_variant.json::pace
POC-1B,pace,higher,raw,peft_dora_encoder,peft_lora_encoder,COMP,COMP,1825,-0.00347,-0.012237,0.004932,-0.00347,-0.012237,0.004932,False,0.4444,encoder_temporal/encoder_temporal_per_variant.json::pace
POC-1B,pace,higher,raw,peft_dora_encoder,pretrain_encoder,COMP,COMP,1825,0.020457,0.010594,0.03032,0.020457,0.010594,0.03032,True,0.0,encoder_temporal/encoder_temporal_per_variant.json::pace
POC-1B,pace,higher,raw,peft_dora_encoder,surgery_raw_encoder,COMP,OURS,1825,0.020274,0.00968,0.030502,0.020274,0.00968,0.030502,True,0.0002,encoder_temporal/encoder_temporal_per_variant.json::pace
POC-1B,pace,higher,raw,peft_dora_encoder,surgical_3stage_DI_diheavy_encoder,COMP,OURS,1825,0.010959,0.003288,0.018813,0.010959,0.003288,0.018813,True,0.0066,encoder_temporal/encoder_temporal_per_variant.json::pace
POC-1B,pace,higher,raw,peft_dora_encoder,surgical_3stage_DI_encoder,COMP,OURS,1825,-0.000183,-0.008767,0.008402,-0.000183,-0.008767,0.008402,False,0.9808,encoder_temporal/encoder_temporal_per_variant.json::pace
POC-1B,pace,higher,raw,peft_dora_encoder,surgical_3stage_DI_intervene_encoder,COMP,OURS,1825,-0.002009,-0.010594,0.006575,-0.002009,-0.010594,0.006575,False,0.6512,encoder_temporal/encoder_temporal_per_variant.json::pace
POC-1B,pace,higher,raw,peft_dora_encoder,surgical_autorgn_encoder,COMP,COMP,1825,0.00274,-0.006575,0.012055,0.00274,-0.006575,0.012055,False,0.5452,encoder_temporal/encoder_temporal_per_variant.json::pace
POC-1B,pace,higher,raw,peft_dora_encoder,surgical_intervene_wiseft_f30_encoder,COMP,OURS,1825,-0.006941,-0.015525,0.002009,-0.006941,-0.015525,0.002009,False,0.1242,encoder_temporal/encoder_temporal_per_variant.json::pace
POC-1B,pace,higher,raw,peft_dora_encoder,surgical_intervene_wiseft_f50_encoder,COMP,OURS,1825,-0.00895,-0.017352,0.0,-0.00895,-0.017352,0.0,False,0.0494,encoder_temporal/encoder_temporal_per_variant.json::pace
POC-1B,pace,higher,raw,peft_dora_encoder,surgical_intervene_wiseft_f70_encoder,COMP,OURS,1825,-0.002557,-0.011872,0.00621,-0.002557,-0.011872,0.00621,False,0.593,encoder_temporal/encoder_temporal_per_variant.json::pace
POC-1B,pace,higher,raw,peft_lora_encoder,pretrain_encoder,COMP,COMP,1825,0.023927,0.014064,0.03379,0.023927,0.014064,0.03379,True,0.0,encoder_temporal/encoder_temporal_per_variant.json::pace
POC-1B,pace,higher,raw,peft_lora_encoder,surgery_raw_encoder,COMP,OURS,1825,0.023744,0.013699,0.033607,0.023744,0.013699,0.033607,True,0.0,encoder_temporal/encoder_temporal_per_variant.json::pace
POC-1B,pace,higher,raw,peft_lora_encoder,surgical_3stage_DI_diheavy_encoder,COMP,OURS,1825,0.014429,0.005114,0.023927,0.014429,0.005114,0.023927,True,0.002,encoder_temporal/encoder_temporal_per_variant.json::pace
POC-1B,pace,higher,raw,peft_lora_encoder,surgical_3stage_DI_encoder,COMP,OURS,1825,0.003288,-0.004018,0.010776,0.003288,-0.004018,0.010776,False,0.3882,encoder_temporal/encoder_temporal_per_variant.json::pace
POC-1B,pace,higher,raw,peft_lora_encoder,surgical_3stage_DI_intervene_encoder,COMP,OURS,1825,0.001461,-0.006027,0.009132,0.001461,-0.006027,0.009132,False,0.7376,encoder_temporal/encoder_temporal_per_variant.json::pace
POC-1B,pace,higher,raw,peft_lora_encoder,surgical_autorgn_encoder,COMP,COMP,1825,0.00621,-0.002374,0.014612,0.00621,-0.002374,0.014612,False,0.1636,encoder_temporal/encoder_temporal_per_variant.json::pace
POC-1B,pace,higher,raw,peft_lora_encoder,surgical_intervene_wiseft_f30_encoder,COMP,OURS,1825,-0.00347,-0.011507,0.004566,-0.00347,-0.011507,0.004566,False,0.3976,encoder_temporal/encoder_temporal_per_variant.json::pace
POC-1B,pace,higher,raw,peft_lora_encoder,surgical_intervene_wiseft_f50_encoder,COMP,OURS,1825,-0.005479,-0.013333,0.00274,-0.005479,-0.013333,0.00274,False,0.1772,encoder_temporal/encoder_temporal_per_variant.json::pace
POC-1B,pace,higher,raw,peft_lora_encoder,surgical_intervene_wiseft_f70_encoder,COMP,OURS,1825,0.000913,-0.008037,0.009863,0.000913,-0.008037,0.009863,False,0.8594,encoder_temporal/encoder_temporal_per_variant.json::pace
POC-1B,pace,higher,raw,pretrain_encoder,surgery_raw_encoder,COMP,OURS,1825,-0.000183,-0.012603,0.012603,-0.000183,-0.012603,0.012603,False,0.977,encoder_temporal/encoder_temporal_per_variant.json::pace
POC-1B,pace,higher,raw,pretrain_encoder,surgical_3stage_DI_diheavy_encoder,COMP,OURS,1825,-0.009498,-0.019361,0.000365,-0.009498,-0.019361,0.000365,False,0.0594,encoder_temporal/encoder_temporal_per_variant.json::pace
POC-1B,pace,higher,raw,pretrain_encoder,surgical_3stage_DI_encoder,COMP,OURS,1825,-0.020639,-0.029224,-0.011872,-0.020639,-0.029224,-0.011872,True,0.0,encoder_temporal/encoder_temporal_per_variant.json::pace
POC-1B,pace,higher,raw,pretrain_encoder,surgical_3stage_DI_intervene_encoder,COMP,OURS,1825,-0.022466,-0.031781,-0.012968,-0.022466,-0.031781,-0.012968,True,0.0,encoder_temporal/encoder_temporal_per_variant.json::pace
POC-1B,pace,higher,raw,pretrain_encoder,surgical_autorgn_encoder,COMP,COMP,1825,-0.017717,-0.028493,-0.006649,-0.017717,-0.028493,-0.006649,True,0.0024,encoder_temporal/encoder_temporal_per_variant.json::pace
POC-1B,pace,higher,raw,pretrain_encoder,surgical_intervene_wiseft_f30_encoder,COMP,OURS,1825,-0.027397,-0.03653,-0.01863,-0.027397,-0.03653,-0.01863,True,0.0,encoder_temporal/encoder_temporal_per_variant.json::pace
POC-1B,pace,higher,raw,pretrain_encoder,surgical_intervene_wiseft_f50_encoder,COMP,OURS,1825,-0.029406,-0.039087,-0.019543,-0.029406,-0.039087,-0.019543,True,0.0,encoder_temporal/encoder_temporal_per_variant.json::pace
POC-1B,pace,higher,raw,pretrain_encoder,surgical_intervene_wiseft_f70_encoder,COMP,OURS,1825,-0.023014,-0.033973,-0.011689,-0.023014,-0.033973,-0.011689,True,0.0,encoder_temporal/encoder_temporal_per_variant.json::pace
POC-1B,pace,higher,raw,surgery_raw_encoder,surgical_3stage_DI_diheavy_encoder,OURS,OURS,1825,-0.009315,-0.020274,0.001826,-0.009315,-0.020274,0.001826,False,0.0934,encoder_temporal/encoder_temporal_per_variant.json::pace
POC-1B,pace,higher,raw,surgery_raw_encoder,surgical_3stage_DI_encoder,OURS,OURS,1825,-0.020457,-0.031598,-0.009498,-0.020457,-0.031598,-0.009498,True,0.0,encoder_temporal/encoder_temporal_per_variant.json::pace
POC-1B,pace,higher,raw,surgery_raw_encoder,surgical_3stage_DI_intervene_encoder,OURS,OURS,1825,-0.022283,-0.033425,-0.011689,-0.022283,-0.033425,-0.011689,True,0.0,encoder_temporal/encoder_temporal_per_variant.json::pace
POC-1B,pace,higher,raw,surgery_raw_encoder,surgical_autorgn_encoder,OURS,COMP,1825,-0.017534,-0.026301,-0.00895,-0.017534,-0.026301,-0.00895,True,0.0,encoder_temporal/encoder_temporal_per_variant.json::pace
POC-1B,pace,higher,raw,surgery_raw_encoder,surgical_intervene_wiseft_f30_encoder,OURS,OURS,1825,-0.027215,-0.038904,-0.015479,-0.027215,-0.038904,-0.015479,True,0.0,encoder_temporal/encoder_temporal_per_variant.json::pace
POC-1B,pace,higher,raw,surgery_raw_encoder,surgical_intervene_wiseft_f50_encoder,OURS,OURS,1825,-0.029224,-0.04,-0.01863,-0.029224,-0.04,-0.01863,True,0.0,encoder_temporal/encoder_temporal_per_variant.json::pace
POC-1B,pace,higher,raw,surgery_raw_encoder,surgical_intervene_wiseft_f70_encoder,OURS,OURS,1825,-0.022831,-0.032114,-0.014247,-0.022831,-0.032114,-0.014247,True,0.0,encoder_temporal/encoder_temporal_per_variant.json::pace
POC-1B,pace,higher,raw,surgical_3stage_DI_diheavy_encoder,surgical_3stage_DI_encoder,OURS,OURS,1825,-0.011142,-0.020639,-0.002374,-0.011142,-0.020639,-0.002374,True,0.0162,encoder_temporal/encoder_temporal_per_variant.json::pace
POC-1B,pace,higher,raw,surgical_3stage_DI_diheavy_encoder,surgical_3stage_DI_intervene_encoder,OURS,OURS,1825,-0.012968,-0.02137,-0.004384,-0.012968,-0.02137,-0.004384,True,0.0012,encoder_temporal/encoder_temporal_per_variant.json::pace
POC-1B,pace,higher,raw,surgical_3stage_DI_diheavy_encoder,surgical_autorgn_encoder,OURS,COMP,1825,-0.008219,-0.018265,0.002009,-0.008219,-0.018265,0.002009,False,0.1176,encoder_temporal/encoder_temporal_per_variant.json::pace
POC-1B,pace,higher,raw,surgical_3stage_DI_diheavy_encoder,surgical_intervene_wiseft_f30_encoder,OURS,OURS,1825,-0.0179,-0.026667,-0.009498,-0.0179,-0.026667,-0.009498,True,0.0,encoder_temporal/encoder_temporal_per_variant.json::pace
POC-1B,pace,higher,raw,surgical_3stage_DI_diheavy_encoder,surgical_intervene_wiseft_f50_encoder,OURS,OURS,1825,-0.019909,-0.028858,-0.010959,-0.019909,-0.028858,-0.010959,True,0.0,encoder_temporal/encoder_temporal_per_variant.json::pace
POC-1B,pace,higher,raw,surgical_3stage_DI_diheavy_encoder,surgical_intervene_wiseft_f70_encoder,OURS,OURS,1825,-0.013516,-0.022831,-0.004018,-0.013516,-0.022831,-0.004018,True,0.0064,encoder_temporal/encoder_temporal_per_variant.json::pace
POC-1B,pace,higher,raw,surgical_3stage_DI_encoder,surgical_3stage_DI_intervene_encoder,OURS,OURS,1825,-0.001826,-0.008402,0.004566,-0.001826,-0.008402,0.004566,False,0.598,encoder_temporal/encoder_temporal_per_variant.json::pace
POC-1B,pace,higher,raw,surgical_3stage_DI_encoder,surgical_autorgn_encoder,OURS,COMP,1825,0.002922,-0.006575,0.01242,0.002922,-0.006575,0.01242,False,0.5442,encoder_temporal/encoder_temporal_per_variant.json::pace
POC-1B,pace,higher,raw,surgical_3stage_DI_encoder,surgical_intervene_wiseft_f30_encoder,OURS,OURS,1825,-0.006758,-0.014247,0.000731,-0.006758,-0.014247,0.000731,False,0.0862,encoder_temporal/encoder_temporal_per_variant.json::pace
POC-1B,pace,higher,raw,surgical_3stage_DI_encoder,surgical_intervene_wiseft_f50_encoder,OURS,OURS,1825,-0.008767,-0.016438,-0.000731,-0.008767,-0.016438,-0.000731,True,0.0304,encoder_temporal/encoder_temporal_per_variant.json::pace
POC-1B,pace,higher,raw,surgical_3stage_DI_encoder,surgical_intervene_wiseft_f70_encoder,OURS,OURS,1825,-0.002374,-0.011689,0.007123,-0.002374,-0.011689,0.007123,False,0.6254,encoder_temporal/encoder_temporal_per_variant.json::pace
POC-1B,pace,higher,raw,surgical_3stage_DI_intervene_encoder,surgical_autorgn_encoder,OURS,COMP,1825,0.004749,-0.004566,0.014064,0.004749,-0.004566,0.014064,False,0.3336,encoder_temporal/encoder_temporal_per_variant.json::pace
POC-1B,pace,higher,raw,surgical_3stage_DI_intervene_encoder,surgical_intervene_wiseft_f30_encoder,OURS,OURS,1825,-0.004932,-0.012765,0.00274,-0.004932,-0.012765,0.00274,False,0.2226,encoder_temporal/encoder_temporal_per_variant.json::pace
POC-1B,pace,higher,raw,surgical_3stage_DI_intervene_encoder,surgical_intervene_wiseft_f50_encoder,OURS,OURS,1825,-0.006941,-0.014612,0.000731,-0.006941,-0.014612,0.000731,False,0.0816,encoder_temporal/encoder_temporal_per_variant.json::pace
POC-1B,pace,higher,raw,surgical_3stage_DI_intervene_encoder,surgical_intervene_wiseft_f70_encoder,OURS,OURS,1825,-0.000548,-0.009863,0.008584,-0.000548,-0.009863,0.008584,False,0.9144,encoder_temporal/encoder_temporal_per_variant.json::pace
POC-1B,pace,higher,raw,surgical_autorgn_encoder,surgical_intervene_wiseft_f30_encoder,COMP,OURS,1825,-0.00968,-0.020274,0.000731,-0.00968,-0.020274,0.000731,False,0.076,encoder_temporal/encoder_temporal_per_variant.json::pace
POC-1B,pace,higher,raw,surgical_autorgn_encoder,surgical_intervene_wiseft_f50_encoder,COMP,OURS,1825,-0.011689,-0.021187,-0.001716,-0.011689,-0.021187,-0.001716,True,0.0208,encoder_temporal/encoder_temporal_per_variant.json::pace
POC-1B,pace,higher,raw,surgical_autorgn_encoder,surgical_intervene_wiseft_f70_encoder,COMP,OURS,1825,-0.005297,-0.014429,0.003653,-0.005297,-0.014429,0.003653,False,0.2616,encoder_temporal/encoder_temporal_per_variant.json::pace
POC-1B,pace,higher,raw,surgical_intervene_wiseft_f30_encoder,surgical_intervene_wiseft_f50_encoder,OURS,OURS,1825,-0.002009,-0.008402,0.004384,-0.002009,-0.008402,0.004384,False,0.5434,encoder_temporal/encoder_temporal_per_variant.json::pace
POC-1B,pace,higher,raw,surgical_intervene_wiseft_f30_encoder,surgical_intervene_wiseft_f70_encoder,OURS,OURS,1825,0.004384,-0.004566,0.013151,0.004384,-0.004566,0.013151,False,0.352,encoder_temporal/encoder_temporal_per_variant.json::pace
POC-1B,pace,higher,raw,surgical_intervene_wiseft_f50_encoder,surgical_intervene_wiseft_f70_encoder,OURS,OURS,1825,0.006393,-0.001279,0.013699,0.006393,-0.001279,0.013699,False,0.0994,encoder_temporal/encoder_temporal_per_variant.json::pace
FULL-1B,act,higher,pp,frozen,peft_lora_encoder,REF,COMP,23106,-8.435,-9.0106,-7.8638,-8.435,-9.0106,-7.8638,True,0.0,probe_action/probe_paired_delta.json
FULL-1B,act,higher,pp,frozen,surgical_3stage_DI_diheavy_encoder,REF,OURS,23106,-7.9287,-8.5129,-7.3704,-7.9287,-8.5129,-7.3704,True,0.0,probe_action/probe_paired_delta.json
FULL-1B,act,higher,pp,peft_lora_encoder,surgical_3stage_DI_diheavy_encoder,COMP,OURS,23106,0.5064,0.0866,0.9262,0.5064,0.0866,0.9262,True,0.0188,probe_action/probe_paired_delta.json
FULL-1B,mcos,higher,raw,frozen,peft_lora_encoder,REF,COMP,23106,-0.071329,-0.07189,-0.070755,-0.071329,-0.07189,-0.070755,True,0.0,probe_motion_cos/probe_motion_cos_paired.json
FULL-1B,mcos,higher,raw,frozen,surgical_3stage_DI_diheavy_encoder,REF,OURS,23106,-0.090896,-0.091615,-0.090162,-0.090896,-0.091615,-0.090162,True,0.0,probe_motion_cos/probe_motion_cos_paired.json
FULL-1B,mcos,higher,raw,peft_lora_encoder,surgical_3stage_DI_diheavy_encoder,COMP,OURS,23106,-0.019567,-0.019837,-0.0193,-0.019567,-0.019837,-0.0193,True,0.0,probe_motion_cos/probe_motion_cos_paired.json
FULL-1B,fut,lower,raw,frozen,peft_lora_encoder,REF,COMP,23106,0.051438,0.051125,0.051752,-0.051438,-0.051125,-0.051752,True,0.0,probe_future_mse/probe_future_mse_per_variant.json
FULL-1B,fut,lower,raw,frozen,surgical_3stage_DI_diheavy_encoder,REF,OURS,23106,0.067874,0.067637,0.068101,-0.067874,-0.067637,-0.068101,True,0.0,probe_future_mse/probe_future_mse_per_variant.json
FULL-1B,fut,lower,raw,peft_lora_encoder,surgical_3stage_DI_diheavy_encoder,COMP,OURS,23106,0.016436,0.016142,0.016738,-0.016436,-0.016142,-0.016738,True,0.0,probe_future_mse/probe_future_mse_per_variant.json
FULL-1B,rollout,lower,raw,frozen,peft_lora_encoder,REF,COMP,23106,0.00116,0.001123,0.001199,-0.00116,-0.001123,-0.001199,True,0.0,predictor_temporal/predictor_temporal_per_variant.json::rollout
FULL-1B,rollout,lower,raw,frozen,surgical_3stage_DI_diheavy_encoder,REF,OURS,23106,-0.000234,-0.000266,-0.000202,0.000234,0.000266,0.000202,True,0.0,predictor_temporal/predictor_temporal_per_variant.json::rollout
FULL-1B,rollout,lower,raw,peft_lora_encoder,surgical_3stage_DI_diheavy_encoder,COMP,OURS,23106,-0.001395,-0.001424,-0.001365,0.001395,0.001424,0.001365,True,0.0,predictor_temporal/predictor_temporal_per_variant.json::rollout
FULL-1B,causal,lower,raw,frozen,peft_lora_encoder,REF,COMP,23106,0.048513,0.048253,0.04877,-0.048513,-0.048253,-0.04877,True,0.0,predictor_temporal/predictor_temporal_per_variant.json::causal
FULL-1B,causal,lower,raw,frozen,surgical_3stage_DI_diheavy_encoder,REF,OURS,23106,0.058073,0.057915,0.058231,-0.058073,-0.057915,-0.058231,True,0.0,predictor_temporal/predictor_temporal_per_variant.json::causal
FULL-1B,causal,lower,raw,peft_lora_encoder,surgical_3stage_DI_diheavy_encoder,COMP,OURS,23106,0.00956,0.009349,0.009772,-0.00956,-0.009349,-0.009772,True,0.0,predictor_temporal/predictor_temporal_per_variant.json::causal
FULL-1B,tdist,lower,raw,frozen,peft_lora_encoder,REF,COMP,23106,-0.003303,-0.003359,-0.003247,0.003303,0.003359,0.003247,True,0.0,predictor_temporal/predictor_temporal_per_variant.json::tdist
FULL-1B,tdist,lower,raw,frozen,surgical_3stage_DI_diheavy_encoder,REF,OURS,23106,-0.002363,-0.002405,-0.002323,0.002363,0.002405,0.002323,True,0.0,predictor_temporal/predictor_temporal_per_variant.json::tdist
FULL-1B,tdist,lower,raw,peft_lora_encoder,surgical_3stage_DI_diheavy_encoder,COMP,OURS,23106,0.000941,0.000902,0.000979,-0.000941,-0.000902,-0.000979,True,0.0,predictor_temporal/predictor_temporal_per_variant.json::tdist
FULL-1B,teacher_free,lower,raw,frozen,peft_lora_encoder,REF,COMP,23106,0.008919,0.008793,0.009047,-0.008919,-0.008793,-0.009047,True,0.0,predictor_temporal/predictor_temporal_per_variant.json::teacher_free
FULL-1B,teacher_free,lower,raw,frozen,surgical_3stage_DI_diheavy_encoder,REF,OURS,23106,0.005795,0.005674,0.005916,-0.005795,-0.005674,-0.005916,True,0.0,predictor_temporal/predictor_temporal_per_variant.json::teacher_free
FULL-1B,teacher_free,lower,raw,peft_lora_encoder,surgical_3stage_DI_diheavy_encoder,COMP,OURS,23106,-0.003124,-0.003254,-0.002998,0.003124,0.003254,0.002998,True,0.0,predictor_temporal/predictor_temporal_per_variant.json::teacher_free
FULL-1B,maskratio,lower,raw,frozen,peft_lora_encoder,REF,COMP,23106,0.007633,0.007515,0.007752,-0.007633,-0.007515,-0.007752,True,0.0,predictor_temporal/predictor_temporal_per_variant.json::maskratio
FULL-1B,maskratio,lower,raw,frozen,surgical_3stage_DI_diheavy_encoder,REF,OURS,23106,0.017901,0.017799,0.018001,-0.017901,-0.017799,-0.018001,True,0.0,predictor_temporal/predictor_temporal_per_variant.json::maskratio
FULL-1B,maskratio,lower,raw,peft_lora_encoder,surgical_3stage_DI_diheavy_encoder,COMP,OURS,23106,0.010268,0.010186,0.010352,-0.010268,-0.010186,-0.010352,True,0.0,predictor_temporal/predictor_temporal_per_variant.json::maskratio
FULL-1B,order,signed,raw,frozen,peft_lora_encoder,REF,COMP,23106,0.00866,0.008476,0.008845,,,,,0.0,predictor_temporal/predictor_temporal_per_variant.json::order
FULL-1B,order,signed,raw,frozen,surgical_3stage_DI_diheavy_encoder,REF,OURS,23106,0.001622,0.00148,0.001759,,,,,0.0,predictor_temporal/predictor_temporal_per_variant.json::order
FULL-1B,order,signed,raw,peft_lora_encoder,surgical_3stage_DI_diheavy_encoder,COMP,OURS,23106,-0.007038,-0.007148,-0.006932,,,,,0.0,predictor_temporal/predictor_temporal_per_variant.json::order
FULL-1B,aot,higher,raw,frozen,peft_lora_encoder,REF,COMP,23106,0.028196,0.026335,0.030122,0.028196,0.026335,0.030122,True,0.0,encoder_temporal/encoder_temporal_per_variant.json::aot
FULL-1B,aot,higher,raw,frozen,surgical_3stage_DI_diheavy_encoder,REF,OURS,23106,0.019973,0.018199,0.021748,0.019973,0.018199,0.021748,True,0.0,encoder_temporal/encoder_temporal_per_variant.json::aot
FULL-1B,aot,higher,raw,peft_lora_encoder,surgical_3stage_DI_diheavy_encoder,COMP,OURS,23106,-0.008223,-0.009781,-0.006622,-0.008223,-0.009781,-0.006622,True,0.0,encoder_temporal/encoder_temporal_per_variant.json::aot
FULL-1B,tov,higher,raw,frozen,peft_lora_encoder,REF,COMP,23106,0.016576,0.014531,0.01873,0.016576,0.014531,0.01873,True,0.0,encoder_temporal/encoder_temporal_per_variant.json::tov
FULL-1B,tov,higher,raw,frozen,surgical_3stage_DI_diheavy_encoder,REF,OURS,23106,-0.002651,-0.004588,-0.000725,-0.002651,-0.004588,-0.000725,True,0.0102,encoder_temporal/encoder_temporal_per_variant.json::tov
FULL-1B,tov,higher,raw,peft_lora_encoder,surgical_3stage_DI_diheavy_encoder,COMP,OURS,23106,-0.019227,-0.020893,-0.017539,-0.019227,-0.020893,-0.017539,True,0.0,encoder_temporal/encoder_temporal_per_variant.json::tov
FULL-1B,pace,higher,raw,frozen,peft_lora_encoder,REF,COMP,23106,-0.039441,-0.043048,-0.035806,-0.039441,-0.043048,-0.035806,True,0.0,encoder_temporal/encoder_temporal_per_variant.json::pace
FULL-1B,pace,higher,raw,frozen,surgical_3stage_DI_diheavy_encoder,REF,OURS,23106,-0.039167,-0.042644,-0.035719,-0.039167,-0.042644,-0.035719,True,0.0,encoder_temporal/encoder_temporal_per_variant.json::pace
FULL-1B,pace,higher,raw,peft_lora_encoder,surgical_3stage_DI_diheavy_encoder,COMP,OURS,23106,0.000274,-0.002135,0.002727,0.000274,-0.002135,0.002727,False,0.828,encoder_temporal/encoder_temporal_per_variant.json::pace
