step,stage,loss_jepa,loss_masked,loss_context,loss_infonce,loss_tcc,uw_w_jepa,uw_w_infonce,uw_w_tcc,lr,grad_norm
0,stage0_head_only,0.414325,0.309717,0.209216,0.000000,0.000000,0.000000,0.000000,0.000000,3.69e-07,1.0330
1,stage0_head_only,0.414049,0.308503,0.211092,0.000000,0.000000,0.000000,0.000000,0.000000,5.54e-07,0.9995
2,stage0_head_only,0.406230,0.301480,0.209500,0.000000,0.000000,0.000000,0.000000,0.000000,7.38e-07,0.9487
3,stage0_head_only,0.405021,0.300933,0.208176,0.000000,0.000000,0.000000,0.000000,0.000000,9.23e-07,1.0844
4,stage0_head_only,0.396299,0.293498,0.205602,0.000000,0.000000,0.000000,0.000000,0.000000,1.11e-06,1.0462
5,stage0_head_only,0.409303,0.304007,0.210590,0.000000,0.000000,0.000000,0.000000,0.000000,1.29e-06,1.1337
6,stage0_head_only,0.414944,0.308371,0.213147,0.000000,0.000000,0.000000,0.000000,0.000000,1.48e-06,1.0858
7,stage0_head_only,0.400571,0.296114,0.208913,0.000000,0.000000,0.000000,0.000000,0.000000,1.66e-06,1.0543
8,stage0_head_only,0.408957,0.303985,0.209944,0.000000,0.000000,0.000000,0.000000,0.000000,1.85e-06,0.9176
9,stage0_head_only,0.404305,0.300049,0.208513,0.000000,0.000000,0.000000,0.000000,0.000000,2.03e-06,1.1321
10,stage0_head_only,0.405554,0.301805,0.207497,0.000000,0.000000,0.000000,0.000000,0.000000,2.21e-06,1.1460
11,stage0_head_only,0.418015,0.311161,0.213708,0.000000,0.000000,0.000000,0.000000,0.000000,2.40e-06,0.9758
12,stage0_head_only,0.418044,0.312212,0.211664,0.000000,0.000000,0.000000,0.000000,0.000000,2.58e-06,0.9296
13,stage0_head_only,0.410678,0.305302,0.210752,0.000000,0.000000,0.000000,0.000000,0.000000,2.77e-06,1.0223
14,stage0_head_only,0.407594,0.303080,0.209029,0.000000,0.000000,0.000000,0.000000,0.000000,2.95e-06,0.8687
15,stage0_head_only,0.418028,0.309874,0.216307,0.000000,0.000000,0.000000,0.000000,0.000000,3.14e-06,0.8178
16,stage0_head_only,0.419978,0.312434,0.215088,0.000000,0.000000,0.000000,0.000000,0.000000,3.32e-06,0.9279
17,stage0_head_only,0.410869,0.305080,0.211577,0.000000,0.000000,0.000000,0.000000,0.000000,3.51e-06,0.8184
18,stage0_head_only,0.397703,0.294585,0.206235,0.000000,0.000000,0.000000,0.000000,0.000000,3.69e-06,0.7224
19,stage0_head_only,0.402775,0.298011,0.209529,0.000000,0.000000,0.000000,0.000000,0.000000,3.87e-06,0.9695
20,stage0_head_only,0.402717,0.297743,0.209949,0.000000,0.000000,0.000000,0.000000,0.000000,4.06e-06,0.9525
21,stage0_head_only,0.417756,0.312796,0.209921,0.000000,0.000000,0.000000,0.000000,0.000000,4.24e-06,0.8231
22,stage0_head_only,0.400597,0.296959,0.207276,0.000000,0.000000,0.000000,0.000000,0.000000,4.43e-06,0.7432
23,stage0_head_only,0.399822,0.296795,0.206055,0.000000,0.000000,0.000000,0.000000,0.000000,4.61e-06,0.8768
24,stage0_head_only,0.405689,0.301275,0.208827,0.000000,0.000000,0.000000,0.000000,0.000000,4.80e-06,0.7808
25,stage0_head_only,0.401001,0.297771,0.206461,0.000000,0.000000,0.000000,0.000000,0.000000,4.98e-06,0.9098
26,stage0_head_only,0.406436,0.302181,0.208509,0.000000,0.000000,0.000000,0.000000,0.000000,5.17e-06,0.8212
27,stage0_head_only,0.405102,0.301181,0.207840,0.000000,0.000000,0.000000,0.000000,0.000000,5.35e-06,0.7462
28,stage0_head_only,0.418056,0.312420,0.211272,0.000000,0.000000,0.000000,0.000000,0.000000,5.54e-06,0.8012
29,stage0_head_only,0.411943,0.307202,0.209482,0.000000,0.000000,0.000000,0.000000,0.000000,5.72e-06,0.8131
30,stage0_head_only,0.402500,0.298891,0.207219,0.000000,0.000000,0.000000,0.000000,0.000000,5.90e-06,0.7265
31,stage0_head_only,0.394318,0.291919,0.204799,0.000000,0.000000,0.000000,0.000000,0.000000,6.09e-06,0.7733
32,stage0_head_only,0.397505,0.294930,0.205148,0.000000,0.000000,0.000000,0.000000,0.000000,6.27e-06,0.6902
33,stage0_head_only,0.403311,0.300173,0.206276,0.000000,0.000000,0.000000,0.000000,0.000000,6.46e-06,0.7309
34,stage0_head_only,0.397413,0.292791,0.209243,0.000000,0.000000,0.000000,0.000000,0.000000,6.64e-06,0.7369
35,stage0_head_only,0.402872,0.299383,0.206978,0.000000,0.000000,0.000000,0.000000,0.000000,6.83e-06,0.7352
36,stage0_head_only,0.405357,0.302230,0.206255,0.000000,0.000000,0.000000,0.000000,0.000000,7.01e-06,0.8464
37,stage0_head_only,0.398320,0.296084,0.204472,0.000000,0.000000,0.000000,0.000000,0.000000,7.20e-06,0.7616
38,stage0_head_only,0.402731,0.299405,0.206653,0.000000,0.000000,0.000000,0.000000,0.000000,7.38e-06,0.7560
39,stage0_head_only,0.407166,0.303284,0.207763,0.000000,0.000000,0.000000,0.000000,0.000000,7.56e-06,0.5848
40,stage0_head_only,0.401846,0.298750,0.206193,0.000000,0.000000,0.000000,0.000000,0.000000,7.75e-06,0.7044
41,stage0_head_only,0.401546,0.298658,0.205776,0.000000,0.000000,0.000000,0.000000,0.000000,7.93e-06,0.7942
42,stage0_head_only,0.398109,0.297246,0.201727,0.000000,0.000000,0.000000,0.000000,0.000000,8.12e-06,0.8066
43,stage0_head_only,0.405388,0.300327,0.210124,0.000000,0.000000,0.000000,0.000000,0.000000,8.30e-06,0.7432
44,stage0_head_only,0.399577,0.296443,0.206267,0.000000,0.000000,0.000000,0.000000,0.000000,8.49e-06,0.6176
45,stage0_head_only,0.402466,0.299090,0.206751,0.000000,0.000000,0.000000,0.000000,0.000000,8.67e-06,0.6474
46,stage0_head_only,0.392753,0.292025,0.201457,0.000000,0.000000,0.000000,0.000000,0.000000,8.86e-06,0.6027
47,stage0_head_only,0.399889,0.298494,0.202790,0.000000,0.000000,0.000000,0.000000,0.000000,9.04e-06,0.6884
48,stage0_head_only,0.391127,0.289549,0.203156,0.000000,0.000000,0.000000,0.000000,0.000000,9.23e-06,0.5812
49,stage0_head_only,0.398769,0.297332,0.202874,0.000000,0.000000,0.000000,0.000000,0.000000,9.41e-06,0.6884
50,stage0_head_only,0.395328,0.294941,0.200774,0.000000,0.000000,0.000000,0.000000,0.000000,9.59e-06,0.6183
51,stage0_head_only,0.397734,0.295706,0.204057,0.000000,0.000000,0.000000,0.000000,0.000000,9.78e-06,0.6816
52,stage0_head_only,0.407280,0.303236,0.208088,0.000000,0.000000,0.000000,0.000000,0.000000,9.96e-06,0.6298
53,stage0_head_only,0.396480,0.295355,0.202251,0.000000,0.000000,0.000000,0.000000,0.000000,1.01e-05,0.7551
54,stage0_head_only,0.401488,0.298130,0.206715,0.000000,0.000000,0.000000,0.000000,0.000000,1.03e-05,0.6364
55,stage0_head_only,0.409515,0.305700,0.207630,0.000000,0.000000,0.000000,0.000000,0.000000,1.05e-05,0.5879
56,stage0_head_only,0.397535,0.296378,0.202314,0.000000,0.000000,0.000000,0.000000,0.000000,1.07e-05,0.6197
57,stage0_head_only,0.408487,0.305643,0.205687,0.000000,0.000000,0.000000,0.000000,0.000000,1.09e-05,0.6897
58,stage0_head_only,0.395257,0.293403,0.203708,0.000000,0.000000,0.000000,0.000000,0.000000,1.11e-05,0.8820
59,stage0_head_only,0.404883,0.301476,0.206814,0.000000,0.000000,0.000000,0.000000,0.000000,1.13e-05,0.5911
60,stage0_head_only,0.409768,0.306073,0.207390,0.000000,0.000000,0.000000,0.000000,0.000000,1.14e-05,0.7395
61,stage0_head_only,0.394763,0.293805,0.201916,0.000000,0.000000,0.000000,0.000000,0.000000,1.16e-05,0.6179
62,stage0_head_only,0.393574,0.293471,0.200206,0.000000,0.000000,0.000000,0.000000,0.000000,1.18e-05,0.5188
63,stage0_head_only,0.401690,0.297937,0.207507,0.000000,0.000000,0.000000,0.000000,0.000000,1.20e-05,0.5989
64,stage0_head_only,0.391281,0.291165,0.200231,0.000000,0.000000,0.000000,0.000000,0.000000,1.22e-05,0.5843
65,stage0_head_only,0.412652,0.309512,0.206279,0.000000,0.000000,0.000000,0.000000,0.000000,1.24e-05,0.5338
66,stage0_head_only,0.389844,0.289294,0.201101,0.000000,0.000000,0.000000,0.000000,0.000000,1.25e-05,0.7701
67,stage0_head_only,0.400340,0.298950,0.202782,0.000000,0.000000,0.000000,0.000000,0.000000,1.27e-05,0.6658
68,stage0_head_only,0.395411,0.294157,0.202509,0.000000,0.000000,0.000000,0.000000,0.000000,1.29e-05,0.5558
69,stage0_head_only,0.408153,0.304929,0.206449,0.000000,0.000000,0.000000,0.000000,0.000000,1.31e-05,0.5600
70,stage0_head_only,0.392538,0.292859,0.199357,0.000000,0.000000,0.000000,0.000000,0.000000,1.33e-05,0.7564
71,stage0_head_only,0.411625,0.308553,0.206143,0.000000,0.000000,0.000000,0.000000,0.000000,1.35e-05,0.6281
72,stage0_head_only,0.386210,0.287477,0.197467,0.000000,0.000000,0.000000,0.000000,0.000000,1.37e-05,0.6611
73,stage0_head_only,0.398151,0.296701,0.202899,0.000000,0.000000,0.000000,0.000000,0.000000,1.38e-05,0.8758
74,stage0_head_only,0.405747,0.303519,0.204454,0.000000,0.000000,0.000000,0.000000,0.000000,1.40e-05,0.7414
75,stage0_head_only,0.393239,0.292294,0.201890,0.000000,0.000000,0.000000,0.000000,0.000000,1.42e-05,0.6301
76,stage0_head_only,0.392865,0.292573,0.200584,0.000000,0.000000,0.000000,0.000000,0.000000,1.44e-05,0.5684
77,stage0_head_only,0.398818,0.298781,0.200075,0.000000,0.000000,0.000000,0.000000,0.000000,1.46e-05,0.6364
78,stage0_head_only,0.391482,0.292073,0.198819,0.000000,0.000000,0.000000,0.000000,0.000000,1.48e-05,0.5420
79,stage0_head_only,0.421097,0.314534,0.213125,0.000000,0.000000,0.000000,0.000000,0.000000,1.49e-05,0.5577
80,stage0_head_only,0.402475,0.301542,0.201867,0.000000,0.000000,0.000000,0.000000,0.000000,1.51e-05,0.7424
81,stage0_head_only,0.394265,0.295104,0.198321,0.000000,0.000000,0.000000,0.000000,0.000000,1.53e-05,0.7865
82,stage0_head_only,0.391028,0.292233,0.197590,0.000000,0.000000,0.000000,0.000000,0.000000,1.55e-05,0.5628
83,stage0_head_only,0.396138,0.293845,0.204585,0.000000,0.000000,0.000000,0.000000,0.000000,1.57e-05,0.6749
84,stage0_head_only,0.404771,0.302311,0.204920,0.000000,0.000000,0.000000,0.000000,0.000000,1.59e-05,0.5570
85,stage0_head_only,0.395106,0.295231,0.199752,0.000000,0.000000,0.000000,0.000000,0.000000,1.61e-05,0.6255
86,stage0_head_only,0.404904,0.301507,0.206794,0.000000,0.000000,0.000000,0.000000,0.000000,1.62e-05,0.7429
87,stage0_head_only,0.394543,0.294839,0.199408,0.000000,0.000000,0.000000,0.000000,0.000000,1.64e-05,0.5995
88,stage0_head_only,0.407320,0.305427,0.203786,0.000000,0.000000,0.000000,0.000000,0.000000,1.66e-05,0.5838
89,stage0_head_only,0.395644,0.295238,0.200813,0.000000,0.000000,0.000000,0.000000,0.000000,1.68e-05,0.6705
90,stage0_head_only,0.399383,0.299484,0.199798,0.000000,0.000000,0.000000,0.000000,0.000000,1.70e-05,0.7106
91,stage0_head_only,0.394507,0.294235,0.200543,0.000000,0.000000,0.000000,0.000000,0.000000,1.72e-05,0.6883
92,stage0_head_only,0.407742,0.305011,0.205463,0.000000,0.000000,0.000000,0.000000,0.000000,1.73e-05,0.6802
93,stage0_head_only,0.387396,0.288995,0.196803,0.000000,0.000000,0.000000,0.000000,0.000000,1.75e-05,0.7539
94,stage0_head_only,0.388719,0.288859,0.199721,0.000000,0.000000,0.000000,0.000000,0.000000,1.77e-05,0.5736
95,stage0_head_only,0.399713,0.298064,0.203297,0.000000,0.000000,0.000000,0.000000,0.000000,1.79e-05,0.6226
96,stage0_head_only,0.398958,0.297993,0.201930,0.000000,0.000000,0.000000,0.000000,0.000000,1.81e-05,0.7921
97,stage0_head_only,0.389340,0.290274,0.198132,0.000000,0.000000,0.000000,0.000000,0.000000,1.83e-05,0.6697
98,stage0_head_only,0.387453,0.289297,0.196313,0.000000,0.000000,0.000000,0.000000,0.000000,1.85e-05,0.7754
99,stage0_head_only,0.390125,0.290015,0.200220,0.000000,0.000000,0.000000,0.000000,0.000000,1.86e-05,0.6361
100,stage0_head_only,0.390364,0.291498,0.197731,0.000000,0.000000,0.000000,0.000000,0.000000,1.88e-05,0.5671
101,stage0_head_only,0.403638,0.301334,0.204609,0.000000,0.000000,0.000000,0.000000,0.000000,1.90e-05,0.5171
102,stage0_head_only,0.408422,0.306656,0.203531,0.000000,0.000000,0.000000,0.000000,0.000000,1.92e-05,0.7612
103,stage0_head_only,0.396434,0.295816,0.201235,0.000000,0.000000,0.000000,0.000000,0.000000,1.94e-05,0.6892
104,stage0_head_only,0.391832,0.291927,0.199811,0.000000,0.000000,0.000000,0.000000,0.000000,1.96e-05,0.5966
105,stage0_head_only,0.386420,0.288193,0.196454,0.000000,0.000000,0.000000,0.000000,0.000000,1.97e-05,0.5331
106,stage0_head_only,0.383562,0.284918,0.197288,0.000000,0.000000,0.000000,0.000000,0.000000,1.99e-05,0.6539
107,stage0_head_only,0.394756,0.296051,0.197410,0.000000,0.000000,0.000000,0.000000,0.000000,2.01e-05,0.6877
108,stage0_head_only,0.404638,0.302949,0.203378,0.000000,0.000000,0.000000,0.000000,0.000000,2.03e-05,0.7934
109,stage0_head_only,0.397738,0.296567,0.202342,0.000000,0.000000,0.000000,0.000000,0.000000,2.05e-05,0.7790
110,stage0_head_only,0.405727,0.304666,0.202122,0.000000,0.000000,0.000000,0.000000,0.000000,2.07e-05,0.7407
111,stage0_head_only,0.385110,0.287646,0.194927,0.000000,0.000000,0.000000,0.000000,0.000000,2.08e-05,1.0438
112,stage0_head_only,0.409456,0.307064,0.204784,0.000000,0.000000,0.000000,0.000000,0.000000,2.10e-05,0.6005
113,stage0_head_only,0.400821,0.300760,0.200122,0.000000,0.000000,0.000000,0.000000,0.000000,2.12e-05,0.6314
114,stage0_head_only,0.387497,0.290379,0.194236,0.000000,0.000000,0.000000,0.000000,0.000000,2.14e-05,0.8829
115,stage0_head_only,0.404758,0.303235,0.203045,0.000000,0.000000,0.000000,0.000000,0.000000,2.16e-05,0.6787
116,stage0_head_only,0.389393,0.291175,0.196436,0.000000,0.000000,0.000000,0.000000,0.000000,2.18e-05,0.9055
117,stage0_head_only,0.387511,0.289355,0.196313,0.000000,0.000000,0.000000,0.000000,0.000000,2.20e-05,0.7185
118,stage0_head_only,0.394017,0.294332,0.199370,0.000000,0.000000,0.000000,0.000000,0.000000,2.21e-05,0.5869
119,stage0_head_only,0.394281,0.295095,0.198372,0.000000,0.000000,0.000000,0.000000,0.000000,2.23e-05,0.8398
120,stage0_head_only,0.388534,0.290009,0.197049,0.000000,0.000000,0.000000,0.000000,0.000000,2.25e-05,0.6750
121,stage0_head_only,0.404609,0.301364,0.206489,0.000000,0.000000,0.000000,0.000000,0.000000,2.27e-05,0.6063
122,stage0_head_only,0.404984,0.302967,0.204035,0.000000,0.000000,0.000000,0.000000,0.000000,2.29e-05,0.5762
123,stage0_head_only,0.407335,0.306307,0.202056,0.000000,0.000000,0.000000,0.000000,0.000000,2.31e-05,0.6962
124,stage0_head_only,0.397240,0.297202,0.200075,0.000000,0.000000,0.000000,0.000000,0.000000,2.32e-05,0.5792
125,stage0_head_only,0.404618,0.302768,0.203700,0.000000,0.000000,0.000000,0.000000,0.000000,2.34e-05,0.7000
126,stage0_head_only,0.379037,0.282354,0.193366,0.000000,0.000000,0.000000,0.000000,0.000000,2.36e-05,0.7372
127,stage0_head_only,0.404090,0.303757,0.200666,0.000000,0.000000,0.000000,0.000000,0.000000,2.38e-05,0.6188
128,stage0_head_only,0.397376,0.297154,0.200443,0.000000,0.000000,0.000000,0.000000,0.000000,2.40e-05,0.9680
129,stage0_head_only,0.379860,0.283396,0.192928,0.000000,0.000000,0.000000,0.000000,0.000000,2.42e-05,0.6998
130,stage0_head_only,0.386446,0.286774,0.199343,0.000000,0.000000,0.000000,0.000000,0.000000,2.44e-05,0.6932
131,stage0_head_only,0.404497,0.303630,0.201734,0.000000,0.000000,0.000000,0.000000,0.000000,2.45e-05,0.5392
132,stage0_head_only,0.388792,0.289724,0.198135,0.000000,0.000000,0.000000,0.000000,0.000000,2.47e-05,0.7755
133,stage0_head_only,0.388011,0.290348,0.195326,0.000000,0.000000,0.000000,0.000000,0.000000,2.49e-05,0.7053
134,stage0_head_only,0.402598,0.301010,0.203176,0.000000,0.000000,0.000000,0.000000,0.000000,2.51e-05,0.6929
135,stage0_head_only,0.401486,0.300732,0.201509,0.000000,0.000000,0.000000,0.000000,0.000000,2.53e-05,0.7002
136,stage0_head_only,0.383397,0.285378,0.196037,0.000000,0.000000,0.000000,0.000000,0.000000,2.55e-05,0.8042
137,stage0_head_only,0.394525,0.295311,0.198427,0.000000,0.000000,0.000000,0.000000,0.000000,2.56e-05,0.7508
138,stage0_head_only,0.394143,0.294881,0.198523,0.000000,0.000000,0.000000,0.000000,0.000000,2.58e-05,0.6267
139,stage0_head_only,0.391777,0.293840,0.195875,0.000000,0.000000,0.000000,0.000000,0.000000,2.60e-05,0.7715
140,stage0_head_only,0.388821,0.290173,0.197297,0.000000,0.000000,0.000000,0.000000,0.000000,2.62e-05,0.7345
141,stage0_head_only,0.385294,0.287774,0.195040,0.000000,0.000000,0.000000,0.000000,0.000000,2.64e-05,0.6121
142,stage0_head_only,0.383178,0.286457,0.193443,0.000000,0.000000,0.000000,0.000000,0.000000,2.66e-05,0.5927
143,stage0_head_only,0.398584,0.297996,0.201176,0.000000,0.000000,0.000000,0.000000,0.000000,2.68e-05,0.6956
144,stage0_head_only,0.393549,0.294900,0.197298,0.000000,0.000000,0.000000,0.000000,0.000000,2.69e-05,0.6603
145,stage0_head_only,0.390660,0.292160,0.196999,0.000000,0.000000,0.000000,0.000000,0.000000,2.71e-05,0.7090
146,stage0_head_only,0.385418,0.288410,0.194015,0.000000,0.000000,0.000000,0.000000,0.000000,2.73e-05,0.6099
147,stage0_head_only,0.396338,0.297013,0.198650,0.000000,0.000000,0.000000,0.000000,0.000000,2.75e-05,0.7287
148,stage0_head_only,0.398582,0.298288,0.200587,0.000000,0.000000,0.000000,0.000000,0.000000,2.77e-05,0.5710
149,stage0_head_only,0.402663,0.302438,0.200450,0.000000,0.000000,0.000000,0.000000,0.000000,2.79e-05,0.6885
150,stage0_head_only,0.386182,0.288928,0.194507,0.000000,0.000000,0.000000,0.000000,0.000000,2.80e-05,0.7018
151,stage0_head_only,0.395616,0.296695,0.197842,0.000000,0.000000,0.000000,0.000000,0.000000,2.82e-05,0.6898
152,stage0_head_only,0.389979,0.292625,0.194709,0.000000,0.000000,0.000000,0.000000,0.000000,2.84e-05,0.6861
153,stage0_head_only,0.390300,0.291821,0.196957,0.000000,0.000000,0.000000,0.000000,0.000000,2.86e-05,0.6601
154,stage0_head_only,0.390339,0.293459,0.193760,0.000000,0.000000,0.000000,0.000000,0.000000,2.88e-05,0.8467
155,stage0_head_only,0.403555,0.301575,0.203960,0.000000,0.000000,0.000000,0.000000,0.000000,2.90e-05,0.6234
156,stage0_head_only,0.392939,0.294110,0.197658,0.000000,0.000000,0.000000,0.000000,0.000000,2.92e-05,0.6090
157,stage0_head_only,0.403908,0.303815,0.200187,0.000000,0.000000,0.000000,0.000000,0.000000,2.93e-05,0.5785
158,stage0_head_only,0.409505,0.306834,0.205342,0.000000,0.000000,0.000000,0.000000,0.000000,2.95e-05,0.5758
159,stage0_head_only,0.382334,0.285975,0.192719,0.000000,0.000000,0.000000,0.000000,0.000000,2.97e-05,0.5270
160,stage0_head_only,0.405159,0.303945,0.202428,0.000000,0.000000,0.000000,0.000000,0.000000,2.99e-05,0.7659
161,stage0_head_only,0.396026,0.296758,0.198537,0.000000,0.000000,0.000000,0.000000,0.000000,3.01e-05,0.6367
162,stage0_head_only,0.393164,0.295171,0.195986,0.000000,0.000000,0.000000,0.000000,0.000000,3.03e-05,0.6000
163,stage0_head_only,0.387264,0.290206,0.194116,0.000000,0.000000,0.000000,0.000000,0.000000,3.04e-05,0.5583
164,stage0_head_only,0.398791,0.299115,0.199352,0.000000,0.000000,0.000000,0.000000,0.000000,3.06e-05,0.4887
165,stage0_head_only,0.381129,0.284267,0.193724,0.000000,0.000000,0.000000,0.000000,0.000000,3.08e-05,0.6583
166,stage0_head_only,0.401464,0.302136,0.198658,0.000000,0.000000,0.000000,0.000000,0.000000,3.10e-05,0.8223
167,stage0_head_only,0.392930,0.294622,0.196615,0.000000,0.000000,0.000000,0.000000,0.000000,3.12e-05,0.4732
168,stage0_head_only,0.400120,0.301814,0.196613,0.000000,0.000000,0.000000,0.000000,0.000000,3.14e-05,0.6099
169,stage0_head_only,0.390025,0.291870,0.196310,0.000000,0.000000,0.000000,0.000000,0.000000,3.15e-05,0.6740
170,stage0_head_only,0.384899,0.289095,0.191609,0.000000,0.000000,0.000000,0.000000,0.000000,3.17e-05,0.5463
171,stage0_head_only,0.387891,0.290539,0.194704,0.000000,0.000000,0.000000,0.000000,0.000000,3.19e-05,0.7037
172,stage0_head_only,0.409391,0.308667,0.201447,0.000000,0.000000,0.000000,0.000000,0.000000,3.21e-05,0.4434
173,stage0_head_only,0.385027,0.287825,0.194403,0.000000,0.000000,0.000000,0.000000,0.000000,3.23e-05,0.6227
174,stage0_head_only,0.388322,0.291115,0.194414,0.000000,0.000000,0.000000,0.000000,0.000000,3.25e-05,0.5825
175,stage0_head_only,0.396871,0.297711,0.198320,0.000000,0.000000,0.000000,0.000000,0.000000,3.27e-05,0.5220
176,stage0_head_only,0.403927,0.302936,0.201981,0.000000,0.000000,0.000000,0.000000,0.000000,3.28e-05,0.5080
177,stage0_head_only,0.387591,0.290133,0.194916,0.000000,0.000000,0.000000,0.000000,0.000000,3.30e-05,0.5293
178,stage0_head_only,0.397157,0.297695,0.198923,0.000000,0.000000,0.000000,0.000000,0.000000,3.32e-05,0.5986
179,stage0_head_only,0.393834,0.295205,0.197258,0.000000,0.000000,0.000000,0.000000,0.000000,3.34e-05,0.7158
180,stage0_head_only,0.392920,0.294442,0.196956,0.000000,0.000000,0.000000,0.000000,0.000000,3.36e-05,0.6144
181,stage0_head_only,0.394587,0.295946,0.197282,0.000000,0.000000,0.000000,0.000000,0.000000,3.38e-05,0.5379
182,stage0_head_only,0.396957,0.298063,0.197789,0.000000,0.000000,0.000000,0.000000,0.000000,3.39e-05,0.5311
183,stage0_head_only,0.404702,0.305101,0.199203,0.000000,0.000000,0.000000,0.000000,0.000000,3.41e-05,0.6143
184,stage0_head_only,0.381191,0.284839,0.192703,0.000000,0.000000,0.000000,0.000000,0.000000,3.43e-05,0.6483
185,stage0_head_only,0.391585,0.293170,0.196832,0.000000,0.000000,0.000000,0.000000,0.000000,3.45e-05,0.5969
186,stage0_head_only,0.394084,0.295216,0.197737,0.000000,0.000000,0.000000,0.000000,0.000000,3.47e-05,0.5803
187,stage0_head_only,0.397453,0.299095,0.196716,0.000000,0.000000,0.000000,0.000000,0.000000,3.49e-05,0.4899
188,stage0_head_only,0.393681,0.296093,0.195177,0.000000,0.000000,0.000000,0.000000,0.000000,3.51e-05,0.7007
189,stage0_head_only,0.396374,0.295811,0.201126,0.000000,0.000000,0.000000,0.000000,0.000000,3.52e-05,0.5139
190,stage0_head_only,0.394278,0.295954,0.196648,0.000000,0.000000,0.000000,0.000000,0.000000,3.54e-05,0.5208
191,stage0_head_only,0.393242,0.294922,0.196641,0.000000,0.000000,0.000000,0.000000,0.000000,3.56e-05,0.4973
192,stage0_head_only,0.398464,0.298866,0.199196,0.000000,0.000000,0.000000,0.000000,0.000000,3.58e-05,0.5870
193,stage0_head_only,0.402887,0.303074,0.199626,0.000000,0.000000,0.000000,0.000000,0.000000,3.60e-05,0.7198
194,stage0_head_only,0.403081,0.302770,0.200623,0.000000,0.000000,0.000000,0.000000,0.000000,3.62e-05,0.4790
195,stage0_head_only,0.393724,0.296059,0.195329,0.000000,0.000000,0.000000,0.000000,0.000000,3.63e-05,0.5668
196,stage0_head_only,0.391310,0.292829,0.196962,0.000000,0.000000,0.000000,0.000000,0.000000,3.65e-05,0.5710
197,stage0_head_only,0.401123,0.301253,0.199739,0.000000,0.000000,0.000000,0.000000,0.000000,3.67e-05,0.5496
198,stage0_head_only,0.381720,0.285173,0.193093,0.000000,0.000000,0.000000,0.000000,0.000000,3.69e-05,0.5484
199,stage0_head_only,0.386735,0.289777,0.193917,0.000000,0.000000,0.000000,0.000000,0.000000,3.71e-05,0.6555
200,stage0_head_only,0.402480,0.302081,0.200798,0.000000,0.000000,0.000000,0.000000,0.000000,3.73e-05,0.4374
201,stage0_head_only,0.386772,0.290327,0.192891,0.000000,0.000000,0.000000,0.000000,0.000000,3.75e-05,0.6071
202,stage0_head_only,0.377758,0.282371,0.190773,0.000000,0.000000,0.000000,0.000000,0.000000,3.76e-05,0.6567
203,stage0_head_only,0.387694,0.290627,0.194134,0.000000,0.000000,0.000000,0.000000,0.000000,3.78e-05,0.4501
204,stage0_head_only,0.389953,0.292927,0.194053,0.000000,0.000000,0.000000,0.000000,0.000000,3.80e-05,0.6255
205,stage0_head_only,0.393894,0.296722,0.194344,0.000000,0.000000,0.000000,0.000000,0.000000,3.82e-05,0.7214
206,stage0_head_only,0.383962,0.287252,0.193419,0.000000,0.000000,0.000000,0.000000,0.000000,3.84e-05,0.6063
207,stage0_head_only,0.398823,0.300289,0.197069,0.000000,0.000000,0.000000,0.000000,0.000000,3.86e-05,0.5534
208,stage0_head_only,0.398321,0.297841,0.200959,0.000000,0.000000,0.000000,0.000000,0.000000,3.87e-05,0.8062
209,stage0_head_only,0.395309,0.297577,0.195463,0.000000,0.000000,0.000000,0.000000,0.000000,3.89e-05,0.6498
210,stage0_head_only,0.384756,0.288669,0.192173,0.000000,0.000000,0.000000,0.000000,0.000000,3.91e-05,0.4836
211,stage0_head_only,0.387689,0.290327,0.194723,0.000000,0.000000,0.000000,0.000000,0.000000,3.93e-05,0.5698
212,stage0_head_only,0.392815,0.295199,0.195231,0.000000,0.000000,0.000000,0.000000,0.000000,3.95e-05,0.5793
213,stage0_head_only,0.397025,0.298138,0.197775,0.000000,0.000000,0.000000,0.000000,0.000000,3.97e-05,0.7024
214,stage0_head_only,0.401180,0.301842,0.198677,0.000000,0.000000,0.000000,0.000000,0.000000,3.99e-05,1.5547
215,stage0_head_only,0.391591,0.294398,0.194386,0.000000,0.000000,0.000000,0.000000,0.000000,4.00e-05,0.6602
216,stage0_head_only,0.381581,0.285968,0.191225,0.000000,0.000000,0.000000,0.000000,0.000000,4.02e-05,0.5887
217,stage0_head_only,0.390391,0.292998,0.194785,0.000000,0.000000,0.000000,0.000000,0.000000,4.04e-05,0.4176
218,stage0_head_only,0.383614,0.288026,0.191176,0.000000,0.000000,0.000000,0.000000,0.000000,4.06e-05,0.6695
219,stage0_head_only,0.407303,0.305943,0.202721,0.000000,0.000000,0.000000,0.000000,0.000000,4.08e-05,0.6346
220,stage0_head_only,0.385707,0.289195,0.193025,0.000000,0.000000,0.000000,0.000000,0.000000,4.10e-05,0.5424
221,stage0_head_only,0.391046,0.293035,0.196021,0.000000,0.000000,0.000000,0.000000,0.000000,4.11e-05,0.5238
222,stage0_head_only,0.390213,0.292472,0.195482,0.000000,0.000000,0.000000,0.000000,0.000000,4.13e-05,0.6472
223,stage0_head_only,0.393663,0.295664,0.195998,0.000000,0.000000,0.000000,0.000000,0.000000,4.15e-05,0.5737
224,stage0_head_only,0.396327,0.297975,0.196703,0.000000,0.000000,0.000000,0.000000,0.000000,4.17e-05,0.4746
225,stage0_head_only,0.400771,0.300844,0.199855,0.000000,0.000000,0.000000,0.000000,0.000000,4.19e-05,0.5131
226,stage0_head_only,0.389157,0.292359,0.193597,0.000000,0.000000,0.000000,0.000000,0.000000,4.21e-05,0.5791
227,stage0_head_only,0.389334,0.291954,0.194761,0.000000,0.000000,0.000000,0.000000,0.000000,4.23e-05,0.5729
228,stage0_head_only,0.388047,0.291007,0.194080,0.000000,0.000000,0.000000,0.000000,0.000000,4.24e-05,0.6014
229,stage0_head_only,0.385892,0.289365,0.193054,0.000000,0.000000,0.000000,0.000000,0.000000,4.26e-05,0.4646
230,stage0_head_only,0.392494,0.294452,0.196084,0.000000,0.000000,0.000000,0.000000,0.000000,4.28e-05,0.6054
231,stage0_head_only,0.400775,0.300822,0.199905,0.000000,0.000000,0.000000,0.000000,0.000000,4.30e-05,0.6402
232,stage0_head_only,0.379883,0.284974,0.189819,0.000000,0.000000,0.000000,0.000000,0.000000,4.32e-05,0.6403
233,stage0_head_only,0.392209,0.295829,0.192760,0.000000,0.000000,0.000000,0.000000,0.000000,4.34e-05,0.6242
234,stage0_head_only,0.396276,0.297977,0.196599,0.000000,0.000000,0.000000,0.000000,0.000000,4.35e-05,0.6136
235,stage0_head_only,0.400080,0.300663,0.198835,0.000000,0.000000,0.000000,0.000000,0.000000,4.37e-05,0.5865
236,stage0_head_only,0.404538,0.304758,0.199559,0.000000,0.000000,0.000000,0.000000,0.000000,4.39e-05,0.5412
237,stage0_head_only,0.385407,0.289633,0.191548,0.000000,0.000000,0.000000,0.000000,0.000000,4.41e-05,0.4220
238,stage0_head_only,0.389728,0.291857,0.195743,0.000000,0.000000,0.000000,0.000000,0.000000,4.43e-05,0.4730
239,stage0_head_only,0.388419,0.292625,0.191588,0.000000,0.000000,0.000000,0.000000,0.000000,4.45e-05,0.4384
240,stage0_head_only,0.388192,0.291588,0.193208,0.000000,0.000000,0.000000,0.000000,0.000000,4.46e-05,0.5714
241,stage0_head_only,0.403293,0.302134,0.202318,0.000000,0.000000,0.000000,0.000000,0.000000,4.48e-05,0.4874
242,stage0_head_only,0.375827,0.282135,0.187383,0.000000,0.000000,0.000000,0.000000,0.000000,4.50e-05,0.4792
243,stage0_head_only,0.382105,0.287247,0.189716,0.000000,0.000000,0.000000,0.000000,0.000000,4.52e-05,0.6081
244,stage0_head_only,0.393649,0.296756,0.193785,0.000000,0.000000,0.000000,0.000000,0.000000,4.54e-05,0.6366
245,stage0_head_only,0.392700,0.294747,0.195907,0.000000,0.000000,0.000000,0.000000,0.000000,4.56e-05,0.5054
246,stage0_head_only,0.381924,0.286918,0.190013,0.000000,0.000000,0.000000,0.000000,0.000000,4.58e-05,0.3809
247,stage0_head_only,0.394467,0.297154,0.194627,0.000000,0.000000,0.000000,0.000000,0.000000,4.59e-05,0.4824
248,stage0_head_only,0.400515,0.301163,0.198705,0.000000,0.000000,0.000000,0.000000,0.000000,4.61e-05,0.4089
249,stage0_head_only,0.387277,0.290580,0.193394,0.000000,0.000000,0.000000,0.000000,0.000000,4.63e-05,0.5069
250,stage0_head_only,0.399240,0.299313,0.199854,0.000000,0.000000,0.000000,0.000000,0.000000,4.65e-05,0.6012
251,stage0_head_only,0.393633,0.295646,0.195974,0.000000,0.000000,0.000000,0.000000,0.000000,4.67e-05,0.5860
252,stage0_head_only,0.388798,0.291375,0.194845,0.000000,0.000000,0.000000,0.000000,0.000000,4.69e-05,0.4733
253,stage0_head_only,0.403017,0.302931,0.200172,0.000000,0.000000,0.000000,0.000000,0.000000,4.70e-05,0.5634
254,stage0_head_only,0.401451,0.301621,0.199659,0.000000,0.000000,0.000000,0.000000,0.000000,4.72e-05,0.5475
255,stage0_head_only,0.396255,0.298143,0.196224,0.000000,0.000000,0.000000,0.000000,0.000000,4.74e-05,0.3885
256,stage0_head_only,0.393079,0.295109,0.195940,0.000000,0.000000,0.000000,0.000000,0.000000,4.76e-05,0.4941
257,stage0_head_only,0.393647,0.296616,0.194062,0.000000,0.000000,0.000000,0.000000,0.000000,4.78e-05,0.4375
258,stage0_head_only,0.386496,0.290414,0.192164,0.000000,0.000000,0.000000,0.000000,0.000000,4.80e-05,0.6763
259,stage0_head_only,0.398545,0.300806,0.195480,0.000000,0.000000,0.000000,0.000000,0.000000,4.82e-05,0.5896
260,stage0_head_only,0.396330,0.298422,0.195818,0.000000,0.000000,0.000000,0.000000,0.000000,4.83e-05,0.4678
261,stage0_head_only,0.396270,0.298410,0.195721,0.000000,0.000000,0.000000,0.000000,0.000000,4.85e-05,0.4937
262,stage0_head_only,0.386814,0.291177,0.191274,0.000000,0.000000,0.000000,0.000000,0.000000,4.87e-05,0.4867
263,stage0_head_only,0.388216,0.289629,0.197174,0.000000,0.000000,0.000000,0.000000,0.000000,4.89e-05,0.5603
264,stage0_head_only,0.401318,0.301250,0.200136,0.000000,0.000000,0.000000,0.000000,0.000000,4.91e-05,0.4921
265,stage0_head_only,0.381648,0.286667,0.189962,0.000000,0.000000,0.000000,0.000000,0.000000,4.93e-05,0.4239
266,stage0_head_only,0.386159,0.288988,0.194343,0.000000,0.000000,0.000000,0.000000,0.000000,4.94e-05,0.4525
267,stage0_head_only,0.388453,0.292479,0.191947,0.000000,0.000000,0.000000,0.000000,0.000000,4.96e-05,0.5619
268,stage0_head_only,0.395737,0.297715,0.196044,0.000000,0.000000,0.000000,0.000000,0.000000,4.98e-05,0.5416
269,stage0_head_only,0.386698,0.290829,0.191739,0.000000,0.000000,0.000000,0.000000,0.000000,5.00e-05,0.5450
270,stage0_head_only,0.397254,0.299248,0.196012,0.000000,0.000000,0.000000,0.000000,0.000000,5.00e-05,0.4265
271,stage1_layout,0.401008,0.301663,0.198688,0.000000,0.000000,0.000000,0.000000,0.000000,5.00e-05,0.4394
272,stage1_layout,0.397724,0.300500,0.194447,0.000000,0.000000,0.000000,0.000000,0.000000,5.00e-05,0.5908
273,stage1_layout,0.404964,0.304197,0.201535,0.000000,0.000000,0.000000,0.000000,0.000000,5.00e-05,0.7277
274,stage1_layout,0.407297,0.307239,0.200116,0.000000,0.000000,0.000000,0.000000,0.000000,5.00e-05,0.4556
275,stage1_layout,0.408814,0.307756,0.202117,0.000000,0.000000,0.000000,0.000000,0.000000,5.00e-05,0.5503
276,stage1_layout,0.409829,0.308641,0.202376,0.000000,0.000000,0.000000,0.000000,0.000000,5.00e-05,0.4644
277,stage1_layout,0.401258,0.303314,0.195888,0.000000,0.000000,0.000000,0.000000,0.000000,5.00e-05,0.8660
278,stage1_layout,0.417923,0.315034,0.205778,0.000000,0.000000,0.000000,0.000000,0.000000,5.00e-05,0.6079
279,stage1_layout,0.410273,0.309705,0.201136,0.000000,0.000000,0.000000,0.000000,0.000000,5.00e-05,0.5309
280,stage1_layout,0.407799,0.308036,0.199527,0.000000,0.000000,0.000000,0.000000,0.000000,5.00e-05,0.4400
281,stage1_layout,0.397516,0.298881,0.197270,0.000000,0.000000,0.000000,0.000000,0.000000,5.00e-05,0.6584
282,stage1_layout,0.397101,0.298510,0.197182,0.000000,0.000000,0.000000,0.000000,0.000000,5.00e-05,0.4634
283,stage1_layout,0.407850,0.307960,0.199782,0.000000,0.000000,0.000000,0.000000,0.000000,5.00e-05,0.4724
284,stage1_layout,0.400298,0.301903,0.196790,0.000000,0.000000,0.000000,0.000000,0.000000,5.00e-05,0.6909
285,stage1_layout,0.405995,0.306913,0.198162,0.000000,0.000000,0.000000,0.000000,0.000000,5.00e-05,0.5389
286,stage1_layout,0.404359,0.304756,0.199205,0.000000,0.000000,0.000000,0.000000,0.000000,5.00e-05,0.5132
287,stage1_layout,0.405708,0.306903,0.197610,0.000000,0.000000,0.000000,0.000000,0.000000,5.00e-05,0.6145
288,stage1_layout,0.397764,0.299515,0.196497,0.000000,0.000000,0.000000,0.000000,0.000000,5.00e-05,0.4809
289,stage1_layout,0.402584,0.304397,0.196375,0.000000,0.000000,0.000000,0.000000,0.000000,5.00e-05,0.8084
290,stage1_layout,0.395270,0.296460,0.197621,0.000000,0.000000,0.000000,0.000000,0.000000,5.00e-05,0.4601
291,stage1_layout,0.405833,0.305800,0.200065,0.000000,0.000000,0.000000,0.000000,0.000000,5.00e-05,0.6216
292,stage1_layout,0.398425,0.299326,0.198198,0.000000,0.000000,0.000000,0.000000,0.000000,5.00e-05,0.4294
293,stage1_layout,0.415394,0.313425,0.203938,0.000000,0.000000,0.000000,0.000000,0.000000,5.00e-05,0.5171
294,stage1_layout,0.392815,0.295222,0.195186,0.000000,0.000000,0.000000,0.000000,0.000000,5.00e-05,0.5598
295,stage1_layout,0.407989,0.307779,0.200420,0.000000,0.000000,0.000000,0.000000,0.000000,5.00e-05,0.4484
296,stage1_layout,0.403186,0.303264,0.199843,0.000000,0.000000,0.000000,0.000000,0.000000,5.00e-05,0.3983
297,stage1_layout,0.404575,0.305692,0.197767,0.000000,0.000000,0.000000,0.000000,0.000000,5.00e-05,0.5535
298,stage1_layout,0.400844,0.301878,0.197931,0.000000,0.000000,0.000000,0.000000,0.000000,5.00e-05,0.4748
299,stage1_layout,0.397551,0.299964,0.195174,0.000000,0.000000,0.000000,0.000000,0.000000,5.00e-05,0.4791
300,stage1_layout,0.401678,0.302885,0.197586,0.000000,0.000000,0.000000,0.000000,0.000000,5.00e-05,0.4573
301,stage1_layout,0.403385,0.303428,0.199914,0.000000,0.000000,0.000000,0.000000,0.000000,5.00e-05,0.4426
302,stage1_layout,0.397272,0.299850,0.194843,0.000000,0.000000,0.000000,0.000000,0.000000,5.00e-05,0.4826
303,stage1_layout,0.401151,0.302830,0.196642,0.000000,0.000000,0.000000,0.000000,0.000000,5.00e-05,0.4619
304,stage1_layout,0.406811,0.307040,0.199541,0.000000,0.000000,0.000000,0.000000,0.000000,5.00e-05,0.5322
305,stage1_layout,0.401071,0.304411,0.193320,0.000000,0.000000,0.000000,0.000000,0.000000,5.00e-05,0.7264
306,stage1_layout,0.408318,0.307569,0.201498,0.000000,0.000000,0.000000,0.000000,0.000000,5.00e-05,0.5139
307,stage1_layout,0.405720,0.305818,0.199804,0.000000,0.000000,0.000000,0.000000,0.000000,5.00e-05,0.4039
308,stage1_layout,0.393596,0.296610,0.193973,0.000000,0.000000,0.000000,0.000000,0.000000,5.00e-05,0.4714
309,stage1_layout,0.398336,0.300623,0.195425,0.000000,0.000000,0.000000,0.000000,0.000000,5.00e-05,0.4331
310,stage1_layout,0.399738,0.301315,0.196846,0.000000,0.000000,0.000000,0.000000,0.000000,5.00e-05,0.3608
311,stage1_layout,0.424713,0.320666,0.208093,0.000000,0.000000,0.000000,0.000000,0.000000,5.00e-05,0.3794
312,stage1_layout,0.399253,0.300967,0.196571,0.000000,0.000000,0.000000,0.000000,0.000000,5.00e-05,0.5411
313,stage1_layout,0.406373,0.307314,0.198119,0.000000,0.000000,0.000000,0.000000,0.000000,5.00e-05,0.4614
314,stage1_layout,0.408391,0.308017,0.200748,0.000000,0.000000,0.000000,0.000000,0.000000,5.00e-05,0.5699
315,stage1_layout,0.400069,0.300530,0.199078,0.000000,0.000000,0.000000,0.000000,0.000000,5.00e-05,0.4585
316,stage1_layout,0.397573,0.300023,0.195102,0.000000,0.000000,0.000000,0.000000,0.000000,5.00e-05,0.3452
317,stage1_layout,0.401706,0.303385,0.196642,0.000000,0.000000,0.000000,0.000000,0.000000,5.00e-05,0.3566
318,stage1_layout,0.408835,0.309214,0.199241,0.000000,0.000000,0.000000,0.000000,0.000000,5.00e-05,0.3861
319,stage1_layout,0.416442,0.313493,0.205898,0.000000,0.000000,0.000000,0.000000,0.000000,5.00e-05,0.5563
320,stage1_layout,0.396185,0.298676,0.195017,0.000000,0.000000,0.000000,0.000000,0.000000,5.00e-05,0.3407
321,stage1_layout,0.399785,0.301174,0.197222,0.000000,0.000000,0.000000,0.000000,0.000000,5.00e-05,0.4373
322,stage1_layout,0.412226,0.310727,0.202999,0.000000,0.000000,0.000000,0.000000,0.000000,5.00e-05,0.3983
323,stage1_layout,0.411789,0.310105,0.203368,0.000000,0.000000,0.000000,0.000000,0.000000,5.00e-05,0.6488
324,stage1_layout,0.412595,0.311812,0.201566,0.000000,0.000000,0.000000,0.000000,0.000000,5.00e-05,0.4197
325,stage1_layout,0.405169,0.305123,0.200091,0.000000,0.000000,0.000000,0.000000,0.000000,5.00e-05,0.3183
326,stage1_layout,0.398445,0.300044,0.196803,0.000000,0.000000,0.000000,0.000000,0.000000,5.00e-05,0.5011
327,stage1_layout,0.399875,0.302421,0.194909,0.000000,0.000000,0.000000,0.000000,0.000000,5.00e-05,0.4327
328,stage1_layout,0.398259,0.300016,0.196486,0.000000,0.000000,0.000000,0.000000,0.000000,5.00e-05,0.4370
329,stage1_layout,0.412413,0.311365,0.202096,0.000000,0.000000,0.000000,0.000000,0.000000,5.00e-05,0.4901
330,stage1_layout,0.407297,0.307350,0.199894,0.000000,0.000000,0.000000,0.000000,0.000000,5.00e-05,0.5815
331,stage1_layout,0.402617,0.302860,0.199514,0.000000,0.000000,0.000000,0.000000,0.000000,5.00e-05,0.5118
332,stage1_layout,0.405538,0.305656,0.199764,0.000000,0.000000,0.000000,0.000000,0.000000,5.00e-05,0.4526
333,stage1_layout,0.398232,0.300118,0.196228,0.000000,0.000000,0.000000,0.000000,0.000000,5.00e-05,0.4291
334,stage1_layout,0.404732,0.305020,0.199423,0.000000,0.000000,0.000000,0.000000,0.000000,5.00e-05,0.3666
335,stage1_layout,0.402410,0.304348,0.196124,0.000000,0.000000,0.000000,0.000000,0.000000,5.00e-05,0.6959
336,stage1_layout,0.401139,0.301631,0.199017,0.000000,0.000000,0.000000,0.000000,0.000000,5.00e-05,0.5419
337,stage1_layout,0.400999,0.302084,0.197831,0.000000,0.000000,0.000000,0.000000,0.000000,5.00e-05,0.4566
338,stage1_layout,0.410007,0.308787,0.202441,0.000000,0.000000,0.000000,0.000000,0.000000,5.00e-05,0.6042
339,stage1_layout,0.394696,0.297125,0.195141,0.000000,0.000000,0.000000,0.000000,0.000000,5.00e-05,0.4744
340,stage1_layout,0.405426,0.306880,0.197092,0.000000,0.000000,0.000000,0.000000,0.000000,5.00e-05,0.5698
341,stage1_layout,0.398430,0.300202,0.196457,0.000000,0.000000,0.000000,0.000000,0.000000,5.00e-05,0.4105
342,stage1_layout,0.399156,0.301633,0.195046,0.000000,0.000000,0.000000,0.000000,0.000000,5.00e-05,0.5222
343,stage1_layout,0.408409,0.308000,0.200817,0.000000,0.000000,0.000000,0.000000,0.000000,5.00e-05,0.6156
344,stage1_layout,0.390851,0.293874,0.193955,0.000000,0.000000,0.000000,0.000000,0.000000,5.00e-05,0.4193
345,stage1_layout,0.399925,0.301169,0.197511,0.000000,0.000000,0.000000,0.000000,0.000000,5.00e-05,0.4130
346,stage1_layout,0.407824,0.308579,0.198490,0.000000,0.000000,0.000000,0.000000,0.000000,5.00e-05,0.5833
347,stage1_layout,0.390510,0.292901,0.195219,0.000000,0.000000,0.000000,0.000000,0.000000,5.00e-05,0.3350
348,stage1_layout,0.399952,0.301965,0.195975,0.000000,0.000000,0.000000,0.000000,0.000000,5.00e-05,0.4285
349,stage1_layout,0.407187,0.307533,0.199309,0.000000,0.000000,0.000000,0.000000,0.000000,5.00e-05,0.6875
350,stage1_layout,0.407109,0.307643,0.198931,0.000000,0.000000,0.000000,0.000000,0.000000,5.00e-05,0.4987
351,stage1_layout,0.408282,0.307626,0.201311,0.000000,0.000000,0.000000,0.000000,0.000000,5.00e-05,0.3610
352,stage1_layout,0.400760,0.302784,0.195952,0.000000,0.000000,0.000000,0.000000,0.000000,5.00e-05,0.5748
353,stage1_layout,0.408125,0.309181,0.197887,0.000000,0.000000,0.000000,0.000000,0.000000,5.00e-05,0.3407
354,stage1_layout,0.409002,0.308071,0.201862,0.000000,0.000000,0.000000,0.000000,0.000000,5.00e-05,0.3287
355,stage1_layout,0.410344,0.310727,0.199234,0.000000,0.000000,0.000000,0.000000,0.000000,5.00e-05,0.4869
356,stage1_layout,0.401041,0.302703,0.196677,0.000000,0.000000,0.000000,0.000000,0.000000,5.00e-05,0.8382
357,stage1_layout,0.411823,0.310018,0.203609,0.000000,0.000000,0.000000,0.000000,0.000000,5.00e-05,0.5023
358,stage1_layout,0.406959,0.308025,0.197868,0.000000,0.000000,0.000000,0.000000,0.000000,5.00e-05,0.5027
359,stage1_layout,0.406144,0.307795,0.196697,0.000000,0.000000,0.000000,0.000000,0.000000,5.00e-05,0.4350
360,stage1_layout,0.399230,0.302368,0.193723,0.000000,0.000000,0.000000,0.000000,0.000000,5.00e-05,0.3703
361,stage1_layout,0.394641,0.296586,0.196111,0.000000,0.000000,0.000000,0.000000,0.000000,5.00e-05,0.5156
362,stage1_layout,0.404393,0.304511,0.199764,0.000000,0.000000,0.000000,0.000000,0.000000,5.00e-05,0.5571
363,stage1_layout,0.400640,0.301841,0.197600,0.000000,0.000000,0.000000,0.000000,0.000000,5.00e-05,0.5502
364,stage1_layout,0.416258,0.314043,0.204430,0.000000,0.000000,0.000000,0.000000,0.000000,5.00e-05,0.5062
365,stage1_layout,0.403988,0.304575,0.198827,0.000000,0.000000,0.000000,0.000000,0.000000,5.00e-05,0.4413
366,stage1_layout,0.409010,0.307807,0.202406,0.000000,0.000000,0.000000,0.000000,0.000000,5.00e-05,0.4721
367,stage1_layout,0.395864,0.298462,0.194804,0.000000,0.000000,0.000000,0.000000,0.000000,5.00e-05,0.4858
368,stage1_layout,0.404009,0.304495,0.199029,0.000000,0.000000,0.000000,0.000000,0.000000,5.00e-05,0.4799
369,stage1_layout,0.405935,0.306193,0.199483,0.000000,0.000000,0.000000,0.000000,0.000000,5.00e-05,0.7169
370,stage1_layout,0.402825,0.303492,0.198666,0.000000,0.000000,0.000000,0.000000,0.000000,5.00e-05,0.3629
371,stage1_layout,0.415910,0.313778,0.204263,0.000000,0.000000,0.000000,0.000000,0.000000,5.00e-05,0.4355
372,stage1_layout,0.410183,0.309219,0.201928,0.000000,0.000000,0.000000,0.000000,0.000000,5.00e-05,0.3586
373,stage1_layout,0.400113,0.301292,0.197644,0.000000,0.000000,0.000000,0.000000,0.000000,5.00e-05,0.3760
374,stage1_layout,0.409750,0.309405,0.200691,0.000000,0.000000,0.000000,0.000000,0.000000,5.00e-05,0.3246
375,stage1_layout,0.401620,0.303451,0.196338,0.000000,0.000000,0.000000,0.000000,0.000000,5.00e-05,0.3991
376,stage1_layout,0.411744,0.312107,0.199273,0.000000,0.000000,0.000000,0.000000,0.000000,5.00e-05,0.5064
377,stage1_layout,0.398686,0.300020,0.197332,0.000000,0.000000,0.000000,0.000000,0.000000,5.00e-05,0.3713
378,stage1_layout,0.403384,0.305124,0.196520,0.000000,0.000000,0.000000,0.000000,0.000000,5.00e-05,0.3540
379,stage1_layout,0.400758,0.303088,0.195341,0.000000,0.000000,0.000000,0.000000,0.000000,5.00e-05,0.5453
380,stage1_layout,0.408692,0.308426,0.200532,0.000000,0.000000,0.000000,0.000000,0.000000,5.00e-05,0.5092
381,stage1_layout,0.394023,0.297221,0.193603,0.000000,0.000000,0.000000,0.000000,0.000000,5.00e-05,0.4797
382,stage1_layout,0.398581,0.300150,0.196861,0.000000,0.000000,0.000000,0.000000,0.000000,5.00e-05,0.5358
383,stage1_layout,0.407600,0.308316,0.198567,0.000000,0.000000,0.000000,0.000000,0.000000,5.00e-05,0.4997
384,stage1_layout,0.397972,0.299825,0.196294,0.000000,0.000000,0.000000,0.000000,0.000000,5.00e-05,0.5436
385,stage1_layout,0.399386,0.300557,0.197659,0.000000,0.000000,0.000000,0.000000,0.000000,5.00e-05,0.5572
386,stage1_layout,0.405185,0.306942,0.196487,0.000000,0.000000,0.000000,0.000000,0.000000,5.00e-05,0.8026
387,stage1_layout,0.401582,0.303546,0.196072,0.000000,0.000000,0.000000,0.000000,0.000000,5.00e-05,0.6607
388,stage1_layout,0.411124,0.310698,0.200853,0.000000,0.000000,0.000000,0.000000,0.000000,5.00e-05,0.4351
389,stage1_layout,0.397932,0.301283,0.193299,0.000000,0.000000,0.000000,0.000000,0.000000,5.00e-05,0.3481
390,stage1_layout,0.402753,0.303548,0.198409,0.000000,0.000000,0.000000,0.000000,0.000000,5.00e-05,0.6604
391,stage1_layout,0.393286,0.296050,0.194472,0.000000,0.000000,0.000000,0.000000,0.000000,5.00e-05,0.6411
392,stage1_layout,0.400908,0.303966,0.193885,0.000000,0.000000,0.000000,0.000000,0.000000,5.00e-05,0.9879
393,stage1_layout,0.408531,0.307758,0.201545,0.000000,0.000000,0.000000,0.000000,0.000000,5.00e-05,0.3795
394,stage1_layout,0.396080,0.298654,0.194853,0.000000,0.000000,0.000000,0.000000,0.000000,5.00e-05,0.4443
395,stage1_layout,0.399417,0.299102,0.200630,0.000000,0.000000,0.000000,0.000000,0.000000,5.00e-05,0.4215
396,stage1_layout,0.394555,0.297413,0.194284,0.000000,0.000000,0.000000,0.000000,0.000000,5.00e-05,0.4895
397,stage1_layout,0.393467,0.296321,0.194291,0.000000,0.000000,0.000000,0.000000,0.000000,5.00e-05,0.4438
398,stage1_layout,0.399516,0.300846,0.197340,0.000000,0.000000,0.000000,0.000000,0.000000,5.00e-05,0.3441
399,stage1_layout,0.404941,0.306437,0.197007,0.000000,0.000000,0.000000,0.000000,0.000000,5.00e-05,0.4761
400,stage1_layout,0.404645,0.304838,0.199613,0.000000,0.000000,0.000000,0.000000,0.000000,5.00e-05,0.3560
401,stage1_layout,0.409561,0.310524,0.198074,0.000000,0.000000,0.000000,0.000000,0.000000,5.00e-05,0.4363
402,stage1_layout,0.399027,0.301965,0.194123,0.000000,0.000000,0.000000,0.000000,0.000000,5.00e-05,0.4089
403,stage1_layout,0.400236,0.302678,0.195116,0.000000,0.000000,0.000000,0.000000,0.000000,5.00e-05,0.4361
404,stage1_layout,0.401050,0.302504,0.197091,0.000000,0.000000,0.000000,0.000000,0.000000,5.00e-05,0.4528
405,stage1_layout,0.402273,0.302350,0.199847,0.000000,0.000000,0.000000,0.000000,0.000000,5.00e-05,0.3764
406,stage1_layout,0.390538,0.295453,0.190171,0.000000,0.000000,0.000000,0.000000,0.000000,5.00e-05,0.4920
407,stage1_layout,0.406103,0.306464,0.199277,0.000000,0.000000,0.000000,0.000000,0.000000,5.00e-05,0.5566
408,stage1_layout,0.416739,0.315116,0.203247,0.000000,0.000000,0.000000,0.000000,0.000000,5.00e-05,0.5211
409,stage1_layout,0.399053,0.302641,0.192822,0.000000,0.000000,0.000000,0.000000,0.000000,5.00e-05,0.5667
410,stage1_layout,0.393235,0.297530,0.191410,0.000000,0.000000,0.000000,0.000000,0.000000,5.00e-05,0.3168
411,stage1_layout,0.404641,0.305967,0.197348,0.000000,0.000000,0.000000,0.000000,0.000000,5.00e-05,0.4226
412,stage1_layout,0.408066,0.309463,0.197206,0.000000,0.000000,0.000000,0.000000,0.000000,5.00e-05,0.4283
413,stage1_layout,0.397393,0.299924,0.194938,0.000000,0.000000,0.000000,0.000000,0.000000,5.00e-05,0.5067
414,stage1_layout,0.401537,0.303098,0.196879,0.000000,0.000000,0.000000,0.000000,0.000000,5.00e-05,0.5658
415,stage1_layout,0.389678,0.293187,0.192981,0.000000,0.000000,0.000000,0.000000,0.000000,5.00e-05,0.4695
416,stage1_layout,0.406357,0.307109,0.198496,0.000000,0.000000,0.000000,0.000000,0.000000,5.00e-05,0.5773
417,stage1_layout,0.395898,0.298409,0.194978,0.000000,0.000000,0.000000,0.000000,0.000000,5.00e-05,0.3337
418,stage1_layout,0.401150,0.302402,0.197497,0.000000,0.000000,0.000000,0.000000,0.000000,5.00e-05,0.5927
419,stage1_layout,0.406052,0.305535,0.201033,0.000000,0.000000,0.000000,0.000000,0.000000,5.00e-05,0.2954
420,stage1_layout,0.392243,0.296720,0.191047,0.000000,0.000000,0.000000,0.000000,0.000000,5.00e-05,0.4946
421,stage1_layout,0.414465,0.312379,0.204173,0.000000,0.000000,0.000000,0.000000,0.000000,5.00e-05,0.4673
422,stage1_layout,0.402559,0.305066,0.194986,0.000000,0.000000,0.000000,0.000000,0.000000,5.00e-05,0.3321
423,stage1_layout,0.394027,0.297733,0.192587,0.000000,0.000000,0.000000,0.000000,0.000000,5.00e-05,0.5255
424,stage1_layout,0.404461,0.305301,0.198320,0.000000,0.000000,0.000000,0.000000,0.000000,5.00e-05,0.5154
425,stage1_layout,0.407780,0.307402,0.200756,0.000000,0.000000,0.000000,0.000000,0.000000,5.00e-05,0.3995
426,stage1_layout,0.405231,0.305327,0.199809,0.000000,0.000000,0.000000,0.000000,0.000000,5.00e-05,0.3525
427,stage1_layout,0.388554,0.293080,0.190947,0.000000,0.000000,0.000000,0.000000,0.000000,5.00e-05,0.4820
428,stage1_layout,0.398157,0.300715,0.194884,0.000000,0.000000,0.000000,0.000000,0.000000,5.00e-05,0.3559
429,stage1_layout,0.407329,0.308711,0.197237,0.000000,0.000000,0.000000,0.000000,0.000000,5.00e-05,0.5784
430,stage1_layout,0.392220,0.295861,0.192718,0.000000,0.000000,0.000000,0.000000,0.000000,5.00e-05,0.5131
431,stage1_layout,0.405675,0.305699,0.199951,0.000000,0.000000,0.000000,0.000000,0.000000,5.00e-05,0.3639
432,stage1_layout,0.409860,0.310180,0.199361,0.000000,0.000000,0.000000,0.000000,0.000000,5.00e-05,0.3366
433,stage1_layout,0.399030,0.302218,0.193625,0.000000,0.000000,0.000000,0.000000,0.000000,5.00e-05,0.4431
434,stage1_layout,0.401476,0.303148,0.196656,0.000000,0.000000,0.000000,0.000000,0.000000,5.00e-05,0.3811
435,stage1_layout,0.393270,0.297040,0.192459,0.000000,0.000000,0.000000,0.000000,0.000000,5.00e-05,0.4476
436,stage1_layout,0.402215,0.303457,0.197517,0.000000,0.000000,0.000000,0.000000,0.000000,5.00e-05,0.4081
437,stage1_layout,0.409031,0.309046,0.199970,0.000000,0.000000,0.000000,0.000000,0.000000,5.00e-05,0.6051
438,stage1_layout,0.406174,0.306634,0.199080,0.000000,0.000000,0.000000,0.000000,0.000000,5.00e-05,0.4370
439,stage1_layout,0.402936,0.303188,0.199495,0.000000,0.000000,0.000000,0.000000,0.000000,5.00e-05,0.3499
440,stage1_layout,0.408368,0.308052,0.200632,0.000000,0.000000,0.000000,0.000000,0.000000,5.00e-05,0.6905
441,stage1_layout,0.394074,0.296413,0.195323,0.000000,0.000000,0.000000,0.000000,0.000000,5.00e-05,0.4906
442,stage1_layout,0.398885,0.301272,0.195227,0.000000,0.000000,0.000000,0.000000,0.000000,5.00e-05,0.5433
443,stage1_layout,0.415648,0.314867,0.201561,0.000000,0.000000,0.000000,0.000000,0.000000,5.00e-05,0.5983
444,stage1_layout,0.405736,0.306985,0.197502,0.000000,0.000000,0.000000,0.000000,0.000000,5.00e-05,0.4692
445,stage1_layout,0.400097,0.302272,0.195651,0.000000,0.000000,0.000000,0.000000,0.000000,5.00e-05,0.3888
446,stage1_layout,0.400455,0.303403,0.194104,0.000000,0.000000,0.000000,0.000000,0.000000,5.00e-05,0.4890
447,stage1_layout,0.399264,0.302220,0.194089,0.000000,0.000000,0.000000,0.000000,0.000000,5.00e-05,0.2956
448,stage1_layout,0.407702,0.308954,0.197495,0.000000,0.000000,0.000000,0.000000,0.000000,5.00e-05,0.3076
449,stage1_layout,0.393787,0.297539,0.192495,0.000000,0.000000,0.000000,0.000000,0.000000,5.00e-05,0.5840
450,stage1_layout,0.398799,0.301863,0.193871,0.000000,0.000000,0.000000,0.000000,0.000000,5.00e-05,0.3232
451,stage1_layout,0.403052,0.303934,0.198236,0.000000,0.000000,0.000000,0.000000,0.000000,5.00e-05,0.4194
452,stage1_layout,0.403203,0.304252,0.197902,0.000000,0.000000,0.000000,0.000000,0.000000,5.00e-05,0.4370
453,stage1_layout,0.392254,0.295261,0.193986,0.000000,0.000000,0.000000,0.000000,0.000000,5.00e-05,0.3846
454,stage1_layout,0.400958,0.302956,0.196003,0.000000,0.000000,0.000000,0.000000,0.000000,5.00e-05,0.3059
455,stage1_layout,0.402253,0.303796,0.196914,0.000000,0.000000,0.000000,0.000000,0.000000,5.00e-05,0.4771
456,stage1_layout,0.399462,0.302302,0.194320,0.000000,0.000000,0.000000,0.000000,0.000000,5.00e-05,0.3296
457,stage1_layout,0.396626,0.298876,0.195499,0.000000,0.000000,0.000000,0.000000,0.000000,5.00e-05,0.3634
458,stage1_layout,0.399993,0.301687,0.196612,0.000000,0.000000,0.000000,0.000000,0.000000,5.00e-05,0.3904
459,stage1_layout,0.408835,0.309790,0.198091,0.000000,0.000000,0.000000,0.000000,0.000000,5.00e-05,0.4753
460,stage1_layout,0.401209,0.303021,0.196376,0.000000,0.000000,0.000000,0.000000,0.000000,5.00e-05,0.5065
461,stage1_layout,0.402276,0.304072,0.196408,0.000000,0.000000,0.000000,0.000000,0.000000,5.00e-05,0.3421
462,stage1_layout,0.407877,0.308683,0.198388,0.000000,0.000000,0.000000,0.000000,0.000000,5.00e-05,0.4532
463,stage1_layout,0.392277,0.296434,0.191686,0.000000,0.000000,0.000000,0.000000,0.000000,5.00e-05,0.3244
464,stage1_layout,0.400696,0.301666,0.198060,0.000000,0.000000,0.000000,0.000000,0.000000,5.00e-05,0.5461
465,stage1_layout,0.408883,0.309725,0.198317,0.000000,0.000000,0.000000,0.000000,0.000000,5.00e-05,0.4788
466,stage1_layout,0.393397,0.297309,0.192177,0.000000,0.000000,0.000000,0.000000,0.000000,5.00e-05,0.4036
467,stage1_layout,0.410402,0.310400,0.200005,0.000000,0.000000,0.000000,0.000000,0.000000,5.00e-05,0.5766
468,stage1_layout,0.405342,0.306875,0.196934,0.000000,0.000000,0.000000,0.000000,0.000000,5.00e-05,0.8229
469,stage1_layout,0.396551,0.298732,0.195638,0.000000,0.000000,0.000000,0.000000,0.000000,5.00e-05,0.3838
470,stage1_layout,0.398622,0.300908,0.195427,0.000000,0.000000,0.000000,0.000000,0.000000,5.00e-05,0.2751
471,stage1_layout,0.402175,0.304538,0.195274,0.000000,0.000000,0.000000,0.000000,0.000000,5.00e-05,0.4732
472,stage1_layout,0.391888,0.294854,0.194068,0.000000,0.000000,0.000000,0.000000,0.000000,5.00e-05,0.3086
473,stage1_layout,0.389173,0.293389,0.191567,0.000000,0.000000,0.000000,0.000000,0.000000,5.00e-05,0.4049
474,stage1_layout,0.402831,0.304982,0.195699,0.000000,0.000000,0.000000,0.000000,0.000000,5.00e-05,0.3826
475,stage1_layout,0.394568,0.297928,0.193279,0.000000,0.000000,0.000000,0.000000,0.000000,5.00e-05,0.4798
476,stage1_layout,0.405197,0.306055,0.198283,0.000000,0.000000,0.000000,0.000000,0.000000,5.00e-05,0.3345
477,stage1_layout,0.408422,0.310282,0.196280,0.000000,0.000000,0.000000,0.000000,0.000000,5.00e-05,0.3122
478,stage1_layout,0.399826,0.302713,0.194227,0.000000,0.000000,0.000000,0.000000,0.000000,5.00e-05,0.3953
479,stage1_layout,0.401878,0.303405,0.196945,0.000000,0.000000,0.000000,0.000000,0.000000,5.00e-05,0.4850
480,stage1_layout,0.392648,0.295970,0.193357,0.000000,0.000000,0.000000,0.000000,0.000000,5.00e-05,0.3794
481,stage1_layout,0.395863,0.299443,0.192841,0.000000,0.000000,0.000000,0.000000,0.000000,5.00e-05,0.3742
482,stage1_layout,0.398557,0.301660,0.193794,0.000000,0.000000,0.000000,0.000000,0.000000,5.00e-05,0.3607
483,stage1_layout,0.409659,0.309507,0.200304,0.000000,0.000000,0.000000,0.000000,0.000000,5.00e-05,0.4071
484,stage1_layout,0.395996,0.298765,0.194463,0.000000,0.000000,0.000000,0.000000,0.000000,5.00e-05,0.4517
485,stage1_layout,0.398575,0.301473,0.194203,0.000000,0.000000,0.000000,0.000000,0.000000,5.00e-05,0.3899
486,stage1_layout,0.395275,0.298794,0.192962,0.000000,0.000000,0.000000,0.000000,0.000000,5.00e-05,0.3314
487,stage1_layout,0.402596,0.304088,0.197016,0.000000,0.000000,0.000000,0.000000,0.000000,5.00e-05,0.4158
488,stage1_layout,0.398097,0.300918,0.194357,0.000000,0.000000,0.000000,0.000000,0.000000,5.00e-05,0.6979
489,stage1_layout,0.404554,0.306543,0.196021,0.000000,0.000000,0.000000,0.000000,0.000000,5.00e-05,0.3603
490,stage1_layout,0.398532,0.301607,0.193851,0.000000,0.000000,0.000000,0.000000,0.000000,5.00e-05,0.3906
491,stage1_layout,0.393444,0.297018,0.192853,0.000000,0.000000,0.000000,0.000000,0.000000,5.00e-05,0.3986
492,stage1_layout,0.413676,0.312964,0.201423,0.000000,0.000000,0.000000,0.000000,0.000000,5.00e-05,0.3733
493,stage1_layout,0.405333,0.308047,0.194571,0.000000,0.000000,0.000000,0.000000,0.000000,5.00e-05,0.3046
494,stage1_layout,0.401444,0.303943,0.195003,0.000000,0.000000,0.000000,0.000000,0.000000,5.00e-05,0.3758
495,stage1_layout,0.391769,0.296349,0.190840,0.000000,0.000000,0.000000,0.000000,0.000000,5.00e-05,0.4809
496,stage1_layout,0.390921,0.296327,0.189187,0.000000,0.000000,0.000000,0.000000,0.000000,5.00e-05,0.5210
497,stage1_layout,0.406838,0.309143,0.195390,0.000000,0.000000,0.000000,0.000000,0.000000,5.00e-05,0.3521
498,stage1_layout,0.406787,0.307035,0.199504,0.000000,0.000000,0.000000,0.000000,0.000000,5.00e-05,0.7099
499,stage1_layout,0.394441,0.297800,0.193282,0.000000,0.000000,0.000000,0.000000,0.000000,5.00e-05,0.3688
500,stage1_layout,0.401001,0.302653,0.196694,0.000000,0.000000,0.000000,0.000000,0.000000,5.00e-05,0.3859
501,stage1_layout,0.393199,0.296517,0.193363,0.000000,0.000000,0.000000,0.000000,0.000000,5.00e-05,0.5342
502,stage1_layout,0.397714,0.301173,0.193082,0.000000,0.000000,0.000000,0.000000,0.000000,5.00e-05,0.3821
503,stage1_layout,0.416034,0.314492,0.203085,0.000000,0.000000,0.000000,0.000000,0.000000,5.00e-05,0.3836
504,stage1_layout,0.396658,0.299018,0.195281,0.000000,0.000000,0.000000,0.000000,0.000000,5.00e-05,0.4608
505,stage1_layout,0.399854,0.302287,0.195135,0.000000,0.000000,0.000000,0.000000,0.000000,5.00e-05,0.3423
506,stage1_layout,0.400974,0.302112,0.197725,0.000000,0.000000,0.000000,0.000000,0.000000,5.00e-05,0.3839
507,stage1_layout,0.405538,0.306840,0.197396,0.000000,0.000000,0.000000,0.000000,0.000000,5.00e-05,0.4497
508,stage1_layout,0.394324,0.297682,0.193282,0.000000,0.000000,0.000000,0.000000,0.000000,5.00e-05,0.4725
509,stage1_layout,0.393191,0.295603,0.195176,0.000000,0.000000,0.000000,0.000000,0.000000,5.00e-05,0.3486
510,stage1_layout,0.402330,0.304262,0.196134,0.000000,0.000000,0.000000,0.000000,0.000000,5.00e-05,0.6205
511,stage1_layout,0.395544,0.299516,0.192058,0.000000,0.000000,0.000000,0.000000,0.000000,5.00e-05,0.7160
512,stage1_layout,0.394368,0.297727,0.193283,0.000000,0.000000,0.000000,0.000000,0.000000,5.00e-05,0.4460
513,stage1_layout,0.397911,0.301239,0.193344,0.000000,0.000000,0.000000,0.000000,0.000000,5.00e-05,0.3259
514,stage1_layout,0.406382,0.307342,0.198080,0.000000,0.000000,0.000000,0.000000,0.000000,5.00e-05,0.3528
515,stage1_layout,0.398744,0.300221,0.197046,0.000000,0.000000,0.000000,0.000000,0.000000,5.00e-05,0.5759
516,stage1_layout,0.401038,0.301671,0.198734,0.000000,0.000000,0.000000,0.000000,0.000000,5.00e-05,0.3616
517,stage1_layout,0.400898,0.301740,0.198317,0.000000,0.000000,0.000000,0.000000,0.000000,5.00e-05,0.6103
518,stage1_layout,0.394216,0.297178,0.194075,0.000000,0.000000,0.000000,0.000000,0.000000,5.00e-05,0.3583
519,stage1_layout,0.399986,0.302363,0.195246,0.000000,0.000000,0.000000,0.000000,0.000000,5.00e-05,0.4144
520,stage1_layout,0.400259,0.302801,0.194916,0.000000,0.000000,0.000000,0.000000,0.000000,5.00e-05,0.5070
521,stage1_layout,0.397025,0.300182,0.193685,0.000000,0.000000,0.000000,0.000000,0.000000,5.00e-05,0.4363
522,stage1_layout,0.394342,0.297758,0.193167,0.000000,0.000000,0.000000,0.000000,0.000000,5.00e-05,0.6346
523,stage1_layout,0.397327,0.300443,0.193768,0.000000,0.000000,0.000000,0.000000,0.000000,5.00e-05,0.6003
524,stage1_layout,0.392417,0.296367,0.192099,0.000000,0.000000,0.000000,0.000000,0.000000,5.00e-05,0.4027
525,stage1_layout,0.404566,0.306015,0.197102,0.000000,0.000000,0.000000,0.000000,0.000000,5.00e-05,0.4210
526,stage1_layout,0.400060,0.303480,0.193159,0.000000,0.000000,0.000000,0.000000,0.000000,5.00e-05,0.5525
527,stage1_layout,0.407050,0.306716,0.200668,0.000000,0.000000,0.000000,0.000000,0.000000,5.00e-05,0.3785
528,stage1_layout,0.395503,0.298925,0.193157,0.000000,0.000000,0.000000,0.000000,0.000000,5.00e-05,0.4116
529,stage1_layout,0.407865,0.307129,0.201473,0.000000,0.000000,0.000000,0.000000,0.000000,5.00e-05,0.4472
530,stage1_layout,0.410718,0.309034,0.203369,0.000000,0.000000,0.000000,0.000000,0.000000,5.00e-05,0.5269
531,stage1_layout,0.398480,0.300439,0.196083,0.000000,0.000000,0.000000,0.000000,0.000000,5.00e-05,0.3205
532,stage1_layout,0.403591,0.305988,0.195206,0.000000,0.000000,0.000000,0.000000,0.000000,5.00e-05,0.4544
533,stage1_layout,0.395889,0.299123,0.193531,0.000000,0.000000,0.000000,0.000000,0.000000,5.00e-05,0.5430
534,stage1_layout,0.405147,0.305060,0.200174,0.000000,0.000000,0.000000,0.000000,0.000000,5.00e-05,0.4862
535,stage1_layout,0.396191,0.299639,0.193104,0.000000,0.000000,0.000000,0.000000,0.000000,5.00e-05,0.3205
536,stage1_layout,0.406433,0.306536,0.199793,0.000000,0.000000,0.000000,0.000000,0.000000,5.00e-05,0.3761
537,stage1_layout,0.399601,0.302028,0.195146,0.000000,0.000000,0.000000,0.000000,0.000000,5.00e-05,0.7395
538,stage1_layout,0.409385,0.309891,0.198990,0.000000,0.000000,0.000000,0.000000,0.000000,5.00e-05,0.3824
539,stage1_layout,0.392247,0.296074,0.192347,0.000000,0.000000,0.000000,0.000000,0.000000,5.00e-05,0.3197
540,stage1_layout,0.409518,0.309489,0.200059,0.000000,0.000000,0.000000,0.000000,0.000000,5.00e-05,0.4884
541,stage1_layout,0.403096,0.304639,0.196914,0.000000,0.000000,0.000000,0.000000,0.000000,5.00e-05,0.3694
542,stage1_layout,0.407224,0.308973,0.196502,0.000000,0.000000,0.000000,0.000000,0.000000,5.00e-05,0.4604
543,stage1_layout,0.407604,0.308725,0.197758,0.000000,0.000000,0.000000,0.000000,0.000000,5.00e-05,0.6247
544,stage1_layout,0.402427,0.304588,0.195678,0.000000,0.000000,0.000000,0.000000,0.000000,5.00e-05,0.6049
545,stage1_layout,0.414829,0.313282,0.203094,0.000000,0.000000,0.000000,0.000000,0.000000,5.00e-05,0.5186
546,stage1_layout,0.403711,0.305747,0.195928,0.000000,0.000000,0.000000,0.000000,0.000000,5.00e-05,0.4446
547,stage1_layout,0.411972,0.311370,0.201204,0.000000,0.000000,0.000000,0.000000,0.000000,5.00e-05,0.2869
548,stage1_layout,0.396647,0.299866,0.193563,0.000000,0.000000,0.000000,0.000000,0.000000,5.00e-05,0.3650
549,stage1_layout,0.394349,0.298518,0.191663,0.000000,0.000000,0.000000,0.000000,0.000000,5.00e-05,0.3881
550,stage1_layout,0.395684,0.298513,0.194343,0.000000,0.000000,0.000000,0.000000,0.000000,5.00e-05,0.4446
551,stage1_layout,0.398233,0.300761,0.194943,0.000000,0.000000,0.000000,0.000000,0.000000,5.00e-05,0.3949
552,stage1_layout,0.411414,0.310593,0.201641,0.000000,0.000000,0.000000,0.000000,0.000000,5.00e-05,0.5844
553,stage1_layout,0.405300,0.306385,0.197830,0.000000,0.000000,0.000000,0.000000,0.000000,5.00e-05,0.5948
554,stage1_layout,0.405567,0.306595,0.197944,0.000000,0.000000,0.000000,0.000000,0.000000,5.00e-05,0.4796
555,stage1_layout,0.396382,0.300211,0.192344,0.000000,0.000000,0.000000,0.000000,0.000000,5.00e-05,0.4145
556,stage1_layout,0.399828,0.302285,0.195087,0.000000,0.000000,0.000000,0.000000,0.000000,5.00e-05,0.3895
557,stage1_layout,0.403986,0.305171,0.197629,0.000000,0.000000,0.000000,0.000000,0.000000,5.00e-05,0.5859
558,stage1_layout,0.402154,0.303759,0.196790,0.000000,0.000000,0.000000,0.000000,0.000000,5.00e-05,0.4056
559,stage1_layout,0.397982,0.302134,0.191696,0.000000,0.000000,0.000000,0.000000,0.000000,5.00e-05,0.4427
560,stage1_layout,0.401940,0.304248,0.195383,0.000000,0.000000,0.000000,0.000000,0.000000,5.00e-05,0.3570
561,stage1_layout,0.398854,0.302216,0.193276,0.000000,0.000000,0.000000,0.000000,0.000000,5.00e-05,0.2980
562,stage1_layout,0.403293,0.305306,0.195974,0.000000,0.000000,0.000000,0.000000,0.000000,5.00e-05,0.3387
563,stage1_layout,0.407707,0.308612,0.198190,0.000000,0.000000,0.000000,0.000000,0.000000,5.00e-05,0.3543
564,stage1_layout,0.396786,0.299360,0.194850,0.000000,0.000000,0.000000,0.000000,0.000000,5.00e-05,0.4631
565,stage1_layout,0.408382,0.307772,0.201219,0.000000,0.000000,0.000000,0.000000,0.000000,5.00e-05,0.5726
566,stage1_layout,0.389213,0.292970,0.192486,0.000000,0.000000,0.000000,0.000000,0.000000,5.00e-05,0.4114
567,stage1_layout,0.401740,0.304031,0.195418,0.000000,0.000000,0.000000,0.000000,0.000000,5.00e-05,0.5651
568,stage1_layout,0.403397,0.305708,0.195377,0.000000,0.000000,0.000000,0.000000,0.000000,5.00e-05,0.4568
569,stage1_layout,0.399476,0.301144,0.196665,0.000000,0.000000,0.000000,0.000000,0.000000,5.00e-05,0.3778
570,stage1_layout,0.398070,0.301404,0.193332,0.000000,0.000000,0.000000,0.000000,0.000000,5.00e-05,0.5588
571,stage1_layout,0.391167,0.295889,0.190557,0.000000,0.000000,0.000000,0.000000,0.000000,5.00e-05,0.4305
572,stage1_layout,0.403376,0.305774,0.195204,0.000000,0.000000,0.000000,0.000000,0.000000,5.00e-05,0.4900
573,stage1_layout,0.397419,0.299894,0.195051,0.000000,0.000000,0.000000,0.000000,0.000000,5.00e-05,0.5307
574,stage1_layout,0.401989,0.303199,0.197580,0.000000,0.000000,0.000000,0.000000,0.000000,5.00e-05,0.3559
575,stage1_layout,0.403482,0.305236,0.196490,0.000000,0.000000,0.000000,0.000000,0.000000,5.00e-05,0.3665
576,stage1_layout,0.398773,0.301788,0.193970,0.000000,0.000000,0.000000,0.000000,0.000000,5.00e-05,0.4672
577,stage1_layout,0.393301,0.297040,0.192521,0.000000,0.000000,0.000000,0.000000,0.000000,5.00e-05,0.3243
578,stage1_layout,0.393239,0.295865,0.194748,0.000000,0.000000,0.000000,0.000000,0.000000,5.00e-05,0.4069
579,stage1_layout,0.410039,0.311361,0.197357,0.000000,0.000000,0.000000,0.000000,0.000000,5.00e-05,0.3821
580,stage1_layout,0.414628,0.313218,0.202820,0.000000,0.000000,0.000000,0.000000,0.000000,5.00e-05,0.4448
581,stage1_layout,0.401782,0.302290,0.198986,0.000000,0.000000,0.000000,0.000000,0.000000,5.00e-05,0.3373
582,stage1_layout,0.399826,0.301612,0.196428,0.000000,0.000000,0.000000,0.000000,0.000000,5.00e-05,0.5083
583,stage1_layout,0.401288,0.302787,0.197003,0.000000,0.000000,0.000000,0.000000,0.000000,5.00e-05,0.4031
584,stage1_layout,0.399392,0.301761,0.195261,0.000000,0.000000,0.000000,0.000000,0.000000,5.00e-05,0.4811
585,stage1_layout,0.397662,0.300307,0.194712,0.000000,0.000000,0.000000,0.000000,0.000000,5.00e-05,0.5020
586,stage1_layout,0.406204,0.306403,0.199602,0.000000,0.000000,0.000000,0.000000,0.000000,5.00e-05,0.2698
587,stage1_layout,0.399054,0.301492,0.195124,0.000000,0.000000,0.000000,0.000000,0.000000,5.00e-05,0.4233
588,stage1_layout,0.402581,0.305356,0.194450,0.000000,0.000000,0.000000,0.000000,0.000000,5.00e-05,0.4688
589,stage1_layout,0.394000,0.297099,0.193801,0.000000,0.000000,0.000000,0.000000,0.000000,5.00e-05,0.4142
590,stage1_layout,0.402949,0.304657,0.196584,0.000000,0.000000,0.000000,0.000000,0.000000,5.00e-05,0.3869
591,stage1_layout,0.406247,0.305951,0.200592,0.000000,0.000000,0.000000,0.000000,0.000000,5.00e-05,0.3154
592,stage1_layout,0.394060,0.297788,0.192545,0.000000,0.000000,0.000000,0.000000,0.000000,5.00e-05,0.3564
593,stage1_layout,0.400411,0.302816,0.195191,0.000000,0.000000,0.000000,0.000000,0.000000,5.00e-05,0.4569
594,stage1_layout,0.396818,0.299265,0.195105,0.000000,0.000000,0.000000,0.000000,0.000000,5.00e-05,0.3695
595,stage1_layout,0.401756,0.303097,0.197319,0.000000,0.000000,0.000000,0.000000,0.000000,5.00e-05,0.3674
596,stage1_layout,0.405406,0.305924,0.198964,0.000000,0.000000,0.000000,0.000000,0.000000,5.00e-05,0.4176
597,stage1_layout,0.393128,0.297694,0.190869,0.000000,0.000000,0.000000,0.000000,0.000000,5.00e-05,0.3552
598,stage1_layout,0.396153,0.298452,0.195402,0.000000,0.000000,0.000000,0.000000,0.000000,5.00e-05,0.3396
599,stage1_layout,0.391072,0.295725,0.190695,0.000000,0.000000,0.000000,0.000000,0.000000,5.00e-05,0.3665
600,stage1_layout,0.410629,0.310336,0.200585,0.000000,0.000000,0.000000,0.000000,0.000000,5.00e-05,0.4661
601,stage1_layout,0.400949,0.303139,0.195620,0.000000,0.000000,0.000000,0.000000,0.000000,5.00e-05,0.3029
602,stage1_layout,0.405973,0.306198,0.199550,0.000000,0.000000,0.000000,0.000000,0.000000,5.00e-05,0.3855
603,stage1_layout,0.398534,0.301064,0.194940,0.000000,0.000000,0.000000,0.000000,0.000000,5.00e-05,0.4835
604,stage1_layout,0.388328,0.293363,0.189930,0.000000,0.000000,0.000000,0.000000,0.000000,5.00e-05,0.4922
605,stage1_layout,0.396817,0.299238,0.195157,0.000000,0.000000,0.000000,0.000000,0.000000,5.00e-05,0.5133
606,stage1_layout,0.387137,0.291815,0.190644,0.000000,0.000000,0.000000,0.000000,0.000000,5.00e-05,0.3316
607,stage1_layout,0.406985,0.306566,0.200837,0.000000,0.000000,0.000000,0.000000,0.000000,5.00e-05,0.3815
608,stage1_layout,0.391628,0.296322,0.190612,0.000000,0.000000,0.000000,0.000000,0.000000,5.00e-05,0.4005
609,stage1_layout,0.402565,0.303810,0.197509,0.000000,0.000000,0.000000,0.000000,0.000000,5.00e-05,0.6056
610,stage1_layout,0.404027,0.306482,0.195091,0.000000,0.000000,0.000000,0.000000,0.000000,5.00e-05,0.5981
611,stage1_layout,0.408781,0.309319,0.198924,0.000000,0.000000,0.000000,0.000000,0.000000,5.00e-05,0.4473
612,stage1_layout,0.400249,0.303044,0.194410,0.000000,0.000000,0.000000,0.000000,0.000000,5.00e-05,0.3417
613,stage1_layout,0.399147,0.301403,0.195488,0.000000,0.000000,0.000000,0.000000,0.000000,5.00e-05,0.3525
614,stage1_layout,0.406542,0.306229,0.200627,0.000000,0.000000,0.000000,0.000000,0.000000,5.00e-05,0.5223
615,stage1_layout,0.405416,0.306587,0.197658,0.000000,0.000000,0.000000,0.000000,0.000000,5.00e-05,0.4854
616,stage1_layout,0.405194,0.306692,0.197003,0.000000,0.000000,0.000000,0.000000,0.000000,5.00e-05,0.4016
617,stage1_layout,0.386800,0.291997,0.189605,0.000000,0.000000,0.000000,0.000000,0.000000,5.00e-05,0.3362
618,stage1_layout,0.400300,0.301650,0.197300,0.000000,0.000000,0.000000,0.000000,0.000000,5.00e-05,0.4286
619,stage1_layout,0.400716,0.302924,0.195584,0.000000,0.000000,0.000000,0.000000,0.000000,5.00e-05,0.5480
620,stage1_layout,0.406569,0.308299,0.196540,0.000000,0.000000,0.000000,0.000000,0.000000,5.00e-05,0.6985
621,stage1_layout,0.396776,0.300652,0.192248,0.000000,0.000000,0.000000,0.000000,0.000000,5.00e-05,0.5658
622,stage1_layout,0.414891,0.314115,0.201553,0.000000,0.000000,0.000000,0.000000,0.000000,5.00e-05,0.6212
623,stage1_layout,0.413412,0.312579,0.201666,0.000000,0.000000,0.000000,0.000000,0.000000,5.00e-05,0.4410
624,stage1_layout,0.408330,0.307671,0.201319,0.000000,0.000000,0.000000,0.000000,0.000000,5.00e-05,0.2882
625,stage1_layout,0.404524,0.306567,0.195914,0.000000,0.000000,0.000000,0.000000,0.000000,5.00e-05,0.5405
626,stage1_layout,0.413845,0.312636,0.202417,0.000000,0.000000,0.000000,0.000000,0.000000,5.00e-05,0.5588
627,stage1_layout,0.393913,0.297074,0.193678,0.000000,0.000000,0.000000,0.000000,0.000000,5.00e-05,0.7821
628,stage1_layout,0.394675,0.297785,0.193781,0.000000,0.000000,0.000000,0.000000,0.000000,5.00e-05,0.7011
629,stage1_layout,0.404106,0.306016,0.196181,0.000000,0.000000,0.000000,0.000000,0.000000,5.00e-05,0.3452
630,stage1_layout,0.402515,0.302534,0.199960,0.000000,0.000000,0.000000,0.000000,0.000000,5.00e-05,0.3722
631,stage1_layout,0.392204,0.296162,0.192083,0.000000,0.000000,0.000000,0.000000,0.000000,5.00e-05,0.3647
632,stage1_layout,0.403094,0.305505,0.195178,0.000000,0.000000,0.000000,0.000000,0.000000,5.00e-05,0.3769
633,stage1_layout,0.406817,0.308391,0.196853,0.000000,0.000000,0.000000,0.000000,0.000000,5.00e-05,0.7565
634,stage1_layout,0.397000,0.300663,0.192673,0.000000,0.000000,0.000000,0.000000,0.000000,5.00e-05,0.5434
635,stage1_layout,0.403099,0.305843,0.194512,0.000000,0.000000,0.000000,0.000000,0.000000,5.00e-05,0.7516
636,stage1_layout,0.400037,0.302305,0.195463,0.000000,0.000000,0.000000,0.000000,0.000000,5.00e-05,0.5105
637,stage1_layout,0.406134,0.306364,0.199540,0.000000,0.000000,0.000000,0.000000,0.000000,5.00e-05,0.3499
638,stage1_layout,0.391765,0.295864,0.191803,0.000000,0.000000,0.000000,0.000000,0.000000,5.00e-05,0.2854
639,stage1_layout,0.395127,0.298821,0.192613,0.000000,0.000000,0.000000,0.000000,0.000000,5.00e-05,0.6030
640,stage1_layout,0.402172,0.304491,0.195361,0.000000,0.000000,0.000000,0.000000,0.000000,5.00e-05,0.5732
641,stage1_layout,0.399415,0.300300,0.198230,0.000000,0.000000,0.000000,0.000000,0.000000,5.00e-05,0.5024
642,stage1_layout,0.396086,0.299013,0.194147,0.000000,0.000000,0.000000,0.000000,0.000000,5.00e-05,0.3426
643,stage1_layout,0.411856,0.310832,0.202048,0.000000,0.000000,0.000000,0.000000,0.000000,5.00e-05,0.5786
644,stage1_layout,0.397716,0.300138,0.195155,0.000000,0.000000,0.000000,0.000000,0.000000,5.00e-05,0.3355
645,stage1_layout,0.402542,0.304036,0.197011,0.000000,0.000000,0.000000,0.000000,0.000000,5.00e-05,0.3003
646,stage1_layout,0.406954,0.307178,0.199552,0.000000,0.000000,0.000000,0.000000,0.000000,5.00e-05,0.6536
647,stage1_layout,0.415651,0.315184,0.200934,0.000000,0.000000,0.000000,0.000000,0.000000,5.00e-05,0.3626
648,stage1_layout,0.397379,0.300963,0.192833,0.000000,0.000000,0.000000,0.000000,0.000000,5.00e-05,0.3229
649,stage1_layout,0.404671,0.306342,0.196657,0.000000,0.000000,0.000000,0.000000,0.000000,5.00e-05,0.3121
650,stage1_layout,0.399316,0.301940,0.194752,0.000000,0.000000,0.000000,0.000000,0.000000,5.00e-05,0.4481
651,stage1_layout,0.397207,0.300611,0.193191,0.000000,0.000000,0.000000,0.000000,0.000000,5.00e-05,0.3518
652,stage1_layout,0.401881,0.303358,0.197045,0.000000,0.000000,0.000000,0.000000,0.000000,5.00e-05,0.4295
653,stage1_layout,0.396953,0.299747,0.194412,0.000000,0.000000,0.000000,0.000000,0.000000,5.00e-05,0.3028
654,stage1_layout,0.400294,0.302387,0.195813,0.000000,0.000000,0.000000,0.000000,0.000000,5.00e-05,0.5559
655,stage1_layout,0.404540,0.306466,0.196149,0.000000,0.000000,0.000000,0.000000,0.000000,5.00e-05,0.3872
656,stage1_layout,0.405820,0.306343,0.198953,0.000000,0.000000,0.000000,0.000000,0.000000,5.00e-05,0.3358
657,stage1_layout,0.402849,0.304841,0.196015,0.000000,0.000000,0.000000,0.000000,0.000000,5.00e-05,0.5181
658,stage1_layout,0.403198,0.303475,0.199447,0.000000,0.000000,0.000000,0.000000,0.000000,5.00e-05,0.5041
659,stage1_layout,0.407697,0.308535,0.198323,0.000000,0.000000,0.000000,0.000000,0.000000,5.00e-05,0.3909
660,stage1_layout,0.396488,0.300079,0.192818,0.000000,0.000000,0.000000,0.000000,0.000000,5.00e-05,0.4652
661,stage1_layout,0.401338,0.304219,0.194238,0.000000,0.000000,0.000000,0.000000,0.000000,5.00e-05,0.2782
662,stage1_layout,0.401538,0.303969,0.195138,0.000000,0.000000,0.000000,0.000000,0.000000,5.00e-05,0.4079
663,stage1_layout,0.400913,0.302817,0.196192,0.000000,0.000000,0.000000,0.000000,0.000000,5.00e-05,0.4933
664,stage1_layout,0.403807,0.306198,0.195218,0.000000,0.000000,0.000000,0.000000,0.000000,5.00e-05,0.5111
665,stage1_layout,0.398791,0.300976,0.195629,0.000000,0.000000,0.000000,0.000000,0.000000,5.00e-05,0.7537
666,stage1_layout,0.405974,0.307574,0.196800,0.000000,0.000000,0.000000,0.000000,0.000000,5.00e-05,0.4607
667,stage1_layout,0.403308,0.305251,0.196114,0.000000,0.000000,0.000000,0.000000,0.000000,5.00e-05,0.3313
668,stage1_layout,0.391247,0.295381,0.191732,0.000000,0.000000,0.000000,0.000000,0.000000,5.00e-05,0.4530
669,stage1_layout,0.396763,0.299160,0.195208,0.000000,0.000000,0.000000,0.000000,0.000000,5.00e-05,0.5146
670,stage1_layout,0.401856,0.304527,0.194657,0.000000,0.000000,0.000000,0.000000,0.000000,5.00e-05,0.4993
671,stage1_layout,0.395149,0.299256,0.191786,0.000000,0.000000,0.000000,0.000000,0.000000,5.00e-05,0.3942
672,stage1_layout,0.396631,0.298197,0.196867,0.000000,0.000000,0.000000,0.000000,0.000000,5.00e-05,0.3259
673,stage1_layout,0.400987,0.303634,0.194704,0.000000,0.000000,0.000000,0.000000,0.000000,5.00e-05,0.4074
674,stage1_layout,0.402816,0.303180,0.199271,0.000000,0.000000,0.000000,0.000000,0.000000,5.00e-05,0.4221
675,stage1_layout,0.397759,0.300606,0.194306,0.000000,0.000000,0.000000,0.000000,0.000000,5.00e-05,0.3882
676,stage1_layout,0.404778,0.306569,0.196419,0.000000,0.000000,0.000000,0.000000,0.000000,5.00e-05,0.3966
677,stage1_layout,0.401738,0.303562,0.196354,0.000000,0.000000,0.000000,0.000000,0.000000,5.00e-05,0.5616
678,stage1_layout,0.405028,0.307262,0.195532,0.000000,0.000000,0.000000,0.000000,0.000000,5.00e-05,0.3406
679,stage1_layout,0.395609,0.298354,0.194511,0.000000,0.000000,0.000000,0.000000,0.000000,5.00e-05,0.3757
680,stage1_layout,0.396232,0.299797,0.192871,0.000000,0.000000,0.000000,0.000000,0.000000,5.00e-05,0.5539
681,stage1_layout,0.393178,0.296842,0.192674,0.000000,0.000000,0.000000,0.000000,0.000000,5.00e-05,0.4105
682,stage1_layout,0.402612,0.303963,0.197299,0.000000,0.000000,0.000000,0.000000,0.000000,5.00e-05,0.3860
683,stage1_layout,0.394200,0.297796,0.192808,0.000000,0.000000,0.000000,0.000000,0.000000,5.00e-05,0.2985
684,stage1_layout,0.401257,0.303390,0.195734,0.000000,0.000000,0.000000,0.000000,0.000000,5.00e-05,0.4839
685,stage1_layout,0.400575,0.303259,0.194631,0.000000,0.000000,0.000000,0.000000,0.000000,5.00e-05,0.4062
686,stage1_layout,0.403419,0.305217,0.196404,0.000000,0.000000,0.000000,0.000000,0.000000,5.00e-05,0.3235
687,stage1_layout,0.400587,0.303293,0.194588,0.000000,0.000000,0.000000,0.000000,0.000000,5.00e-05,0.5504
688,stage1_layout,0.399668,0.302665,0.194006,0.000000,0.000000,0.000000,0.000000,0.000000,5.00e-05,0.3284
689,stage1_layout,0.405759,0.306926,0.197666,0.000000,0.000000,0.000000,0.000000,0.000000,5.00e-05,0.7568
690,stage1_layout,0.401594,0.303219,0.196751,0.000000,0.000000,0.000000,0.000000,0.000000,5.00e-05,0.5655
691,stage1_layout,0.404794,0.306410,0.196768,0.000000,0.000000,0.000000,0.000000,0.000000,5.00e-05,0.3969
692,stage1_layout,0.399833,0.303801,0.192064,0.000000,0.000000,0.000000,0.000000,0.000000,5.00e-05,0.4020
693,stage1_layout,0.391224,0.295848,0.190751,0.000000,0.000000,0.000000,0.000000,0.000000,5.00e-05,0.4617
694,stage1_layout,0.401453,0.304592,0.193721,0.000000,0.000000,0.000000,0.000000,0.000000,5.00e-05,0.4745
695,stage1_layout,0.407333,0.310267,0.194132,0.000000,0.000000,0.000000,0.000000,0.000000,5.00e-05,0.3503
696,stage1_layout,0.395816,0.299600,0.192432,0.000000,0.000000,0.000000,0.000000,0.000000,5.00e-05,0.3579
697,stage1_layout,0.405174,0.305436,0.199477,0.000000,0.000000,0.000000,0.000000,0.000000,5.00e-05,0.3240
698,stage1_layout,0.394662,0.298832,0.191660,0.000000,0.000000,0.000000,0.000000,0.000000,5.00e-05,0.4000
699,stage1_layout,0.388883,0.293964,0.189837,0.000000,0.000000,0.000000,0.000000,0.000000,5.00e-05,0.3613
700,stage1_layout,0.402055,0.304648,0.194814,0.000000,0.000000,0.000000,0.000000,0.000000,5.00e-05,0.3598
701,stage1_layout,0.391154,0.294767,0.192774,0.000000,0.000000,0.000000,0.000000,0.000000,5.00e-05,0.4079
702,stage1_layout,0.398197,0.300081,0.196231,0.000000,0.000000,0.000000,0.000000,0.000000,5.00e-05,0.3014
703,stage1_layout,0.409276,0.309936,0.198679,0.000000,0.000000,0.000000,0.000000,0.000000,5.00e-05,0.4992
704,stage1_layout,0.409446,0.309150,0.200593,0.000000,0.000000,0.000000,0.000000,0.000000,5.00e-05,0.3603
705,stage1_layout,0.396787,0.299770,0.194034,0.000000,0.000000,0.000000,0.000000,0.000000,5.00e-05,0.4035
706,stage1_layout,0.393504,0.297422,0.192163,0.000000,0.000000,0.000000,0.000000,0.000000,5.00e-05,0.3211
707,stage1_layout,0.399707,0.302316,0.194781,0.000000,0.000000,0.000000,0.000000,0.000000,5.00e-05,0.4605
708,stage1_layout,0.408794,0.308495,0.200599,0.000000,0.000000,0.000000,0.000000,0.000000,5.00e-05,0.3786
709,stage1_layout,0.410623,0.310392,0.200461,0.000000,0.000000,0.000000,0.000000,0.000000,5.00e-05,0.4569
710,stage1_layout,0.404118,0.305815,0.196605,0.000000,0.000000,0.000000,0.000000,0.000000,5.00e-05,0.4036
711,stage1_layout,0.396271,0.298452,0.195639,0.000000,0.000000,0.000000,0.000000,0.000000,5.00e-05,0.3322
712,stage1_layout,0.391040,0.294335,0.193410,0.000000,0.000000,0.000000,0.000000,0.000000,5.00e-05,0.2947
713,stage1_layout,0.402663,0.304349,0.196630,0.000000,0.000000,0.000000,0.000000,0.000000,5.00e-05,0.3814
714,stage1_layout,0.395702,0.299667,0.192070,0.000000,0.000000,0.000000,0.000000,0.000000,5.00e-05,0.3911
715,stage1_layout,0.391147,0.296058,0.190178,0.000000,0.000000,0.000000,0.000000,0.000000,5.00e-05,0.3388
716,stage1_layout,0.393245,0.297545,0.191400,0.000000,0.000000,0.000000,0.000000,0.000000,5.00e-05,0.3655
717,stage1_layout,0.412132,0.311151,0.201961,0.000000,0.000000,0.000000,0.000000,0.000000,5.00e-05,0.4612
718,stage1_layout,0.393407,0.297731,0.191351,0.000000,0.000000,0.000000,0.000000,0.000000,5.00e-05,0.4593
719,stage1_layout,0.391089,0.296284,0.189610,0.000000,0.000000,0.000000,0.000000,0.000000,5.00e-05,0.2703
720,stage1_layout,0.396279,0.299645,0.193268,0.000000,0.000000,0.000000,0.000000,0.000000,5.00e-05,0.3720
721,stage1_layout,0.393120,0.296429,0.193383,0.000000,0.000000,0.000000,0.000000,0.000000,5.00e-05,0.3119
722,stage1_layout,0.397511,0.299560,0.195903,0.000000,0.000000,0.000000,0.000000,0.000000,5.00e-05,0.3889
723,stage1_layout,0.396012,0.299992,0.192041,0.000000,0.000000,0.000000,0.000000,0.000000,5.00e-05,0.2769
724,stage1_layout,0.396337,0.300251,0.192171,0.000000,0.000000,0.000000,0.000000,0.000000,5.00e-05,0.3975
725,stage1_layout,0.403531,0.305297,0.196469,0.000000,0.000000,0.000000,0.000000,0.000000,5.00e-05,0.3240
726,stage1_layout,0.403747,0.304604,0.198286,0.000000,0.000000,0.000000,0.000000,0.000000,5.00e-05,0.4974
727,stage1_layout,0.395746,0.298809,0.193874,0.000000,0.000000,0.000000,0.000000,0.000000,5.00e-05,0.4323
728,stage1_layout,0.402464,0.303896,0.197134,0.000000,0.000000,0.000000,0.000000,0.000000,5.00e-05,0.3246
729,stage1_layout,0.409224,0.309748,0.198952,0.000000,0.000000,0.000000,0.000000,0.000000,5.00e-05,0.3871
730,stage1_layout,0.404861,0.306456,0.196812,0.000000,0.000000,0.000000,0.000000,0.000000,5.00e-05,0.4354
731,stage1_layout,0.402387,0.305988,0.192798,0.000000,0.000000,0.000000,0.000000,0.000000,5.00e-05,0.3359
732,stage1_layout,0.390502,0.295693,0.189619,0.000000,0.000000,0.000000,0.000000,0.000000,5.00e-05,0.3991
733,stage1_layout,0.390722,0.296663,0.188116,0.000000,0.000000,0.000000,0.000000,0.000000,5.00e-05,0.3308
734,stage1_layout,0.392353,0.295903,0.192900,0.000000,0.000000,0.000000,0.000000,0.000000,5.00e-05,0.4564
735,stage1_layout,0.399990,0.300174,0.199631,0.000000,0.000000,0.000000,0.000000,0.000000,5.00e-05,0.4556
736,stage1_layout,0.398667,0.302075,0.193183,0.000000,0.000000,0.000000,0.000000,0.000000,5.00e-05,0.3663
737,stage1_layout,0.386319,0.290972,0.190694,0.000000,0.000000,0.000000,0.000000,0.000000,5.00e-05,0.4076
738,stage1_layout,0.384172,0.288933,0.190478,0.000000,0.000000,0.000000,0.000000,0.000000,5.00e-05,0.3174
739,stage1_layout,0.398198,0.301194,0.194009,0.000000,0.000000,0.000000,0.000000,0.000000,5.00e-05,0.3465
740,stage1_layout,0.387971,0.292340,0.191263,0.000000,0.000000,0.000000,0.000000,0.000000,5.00e-05,0.4563
741,stage1_layout,0.397419,0.300692,0.193454,0.000000,0.000000,0.000000,0.000000,0.000000,5.00e-05,0.5274
742,stage1_layout,0.392923,0.296228,0.193390,0.000000,0.000000,0.000000,0.000000,0.000000,5.00e-05,0.3711
743,stage1_layout,0.398609,0.302532,0.192152,0.000000,0.000000,0.000000,0.000000,0.000000,5.00e-05,0.3164
744,stage1_layout,0.395775,0.298792,0.193966,0.000000,0.000000,0.000000,0.000000,0.000000,5.00e-05,0.5378
745,stage1_layout,0.404584,0.306368,0.196431,0.000000,0.000000,0.000000,0.000000,0.000000,5.00e-05,0.4830
746,stage1_layout,0.395303,0.297964,0.194678,0.000000,0.000000,0.000000,0.000000,0.000000,5.00e-05,0.3897
747,stage1_layout,0.396624,0.300354,0.192540,0.000000,0.000000,0.000000,0.000000,0.000000,5.00e-05,0.4606
748,stage1_layout,0.398887,0.302022,0.193730,0.000000,0.000000,0.000000,0.000000,0.000000,5.00e-05,0.4719
749,stage1_layout,0.406309,0.307133,0.198352,0.000000,0.000000,0.000000,0.000000,0.000000,5.00e-05,0.4355
750,stage1_layout,0.394805,0.298525,0.192560,0.000000,0.000000,0.000000,0.000000,0.000000,5.00e-05,0.6033
751,stage1_layout,0.390984,0.294999,0.191971,0.000000,0.000000,0.000000,0.000000,0.000000,5.00e-05,0.8092
752,stage1_layout,0.394070,0.297857,0.192427,0.000000,0.000000,0.000000,0.000000,0.000000,5.00e-05,0.3623
753,stage1_layout,0.400807,0.302944,0.195727,0.000000,0.000000,0.000000,0.000000,0.000000,5.00e-05,0.4493
754,stage1_layout,0.392904,0.298088,0.189633,0.000000,0.000000,0.000000,0.000000,0.000000,5.00e-05,0.5839
755,stage1_layout,0.413940,0.313553,0.200775,0.000000,0.000000,0.000000,0.000000,0.000000,5.00e-05,0.4591
756,stage1_layout,0.392310,0.296672,0.191275,0.000000,0.000000,0.000000,0.000000,0.000000,5.00e-05,0.5974
757,stage1_layout,0.392548,0.295901,0.193294,0.000000,0.000000,0.000000,0.000000,0.000000,5.00e-05,0.7102
758,stage1_layout,0.401927,0.304973,0.193908,0.000000,0.000000,0.000000,0.000000,0.000000,5.00e-05,0.6033
759,stage1_layout,0.405618,0.306455,0.198325,0.000000,0.000000,0.000000,0.000000,0.000000,5.00e-05,0.3374
760,stage1_layout,0.399676,0.303196,0.192961,0.000000,0.000000,0.000000,0.000000,0.000000,5.00e-05,0.4016
761,stage1_layout,0.394672,0.298792,0.191760,0.000000,0.000000,0.000000,0.000000,0.000000,5.00e-05,0.6561
762,stage1_layout,0.391734,0.296318,0.190832,0.000000,0.000000,0.000000,0.000000,0.000000,5.00e-05,0.5158
763,stage1_layout,0.391947,0.295769,0.192356,0.000000,0.000000,0.000000,0.000000,0.000000,5.00e-05,0.3333
764,stage1_layout,0.406256,0.307335,0.197843,0.000000,0.000000,0.000000,0.000000,0.000000,5.00e-05,0.3182
765,stage1_layout,0.407724,0.309440,0.196569,0.000000,0.000000,0.000000,0.000000,0.000000,5.00e-05,0.4868
766,stage1_layout,0.398553,0.300953,0.195200,0.000000,0.000000,0.000000,0.000000,0.000000,5.00e-05,0.3356
767,stage1_layout,0.396874,0.300623,0.192502,0.000000,0.000000,0.000000,0.000000,0.000000,5.00e-05,0.3682
768,stage1_layout,0.394290,0.298920,0.190739,0.000000,0.000000,0.000000,0.000000,0.000000,5.00e-05,0.3098
769,stage1_layout,0.402283,0.303226,0.198113,0.000000,0.000000,0.000000,0.000000,0.000000,5.00e-05,0.9014
770,stage1_layout,0.400052,0.303411,0.193281,0.000000,0.000000,0.000000,0.000000,0.000000,5.00e-05,0.4087
771,stage1_layout,0.393091,0.297879,0.190424,0.000000,0.000000,0.000000,0.000000,0.000000,5.00e-05,0.3718
772,stage1_layout,0.397012,0.300265,0.193495,0.000000,0.000000,0.000000,0.000000,0.000000,5.00e-05,0.5086
773,stage1_layout,0.398601,0.301889,0.193424,0.000000,0.000000,0.000000,0.000000,0.000000,5.00e-05,0.3027
774,stage1_layout,0.395935,0.299380,0.193111,0.000000,0.000000,0.000000,0.000000,0.000000,5.00e-05,0.4950
775,stage1_layout,0.404470,0.306955,0.195030,0.000000,0.000000,0.000000,0.000000,0.000000,5.00e-05,0.4415
776,stage1_layout,0.391228,0.296116,0.190224,0.000000,0.000000,0.000000,0.000000,0.000000,5.00e-05,0.2965
777,stage1_layout,0.402791,0.305182,0.195219,0.000000,0.000000,0.000000,0.000000,0.000000,5.00e-05,0.3072
778,stage1_layout,0.400376,0.303710,0.193331,0.000000,0.000000,0.000000,0.000000,0.000000,5.00e-05,0.4254
779,stage1_layout,0.394124,0.298454,0.191340,0.000000,0.000000,0.000000,0.000000,0.000000,5.00e-05,0.3180
780,stage1_layout,0.409767,0.311345,0.196846,0.000000,0.000000,0.000000,0.000000,0.000000,5.00e-05,0.3089
781,stage1_layout,0.387396,0.293550,0.187693,0.000000,0.000000,0.000000,0.000000,0.000000,5.00e-05,0.4988
782,stage1_layout,0.401795,0.305434,0.192723,0.000000,0.000000,0.000000,0.000000,0.000000,5.00e-05,0.3089
783,stage1_layout,0.385324,0.291180,0.188288,0.000000,0.000000,0.000000,0.000000,0.000000,5.00e-05,0.3898
784,stage1_layout,0.396342,0.299596,0.193492,0.000000,0.000000,0.000000,0.000000,0.000000,5.00e-05,0.2857
785,stage1_layout,0.406051,0.307967,0.196169,0.000000,0.000000,0.000000,0.000000,0.000000,5.00e-05,0.3243
786,stage1_layout,0.403299,0.304696,0.197206,0.000000,0.000000,0.000000,0.000000,0.000000,5.00e-05,0.3850
787,stage1_layout,0.391992,0.297141,0.189701,0.000000,0.000000,0.000000,0.000000,0.000000,5.00e-05,0.3575
788,stage1_layout,0.400052,0.302759,0.194586,0.000000,0.000000,0.000000,0.000000,0.000000,5.00e-05,0.4358
789,stage1_layout,0.396538,0.300845,0.191386,0.000000,0.000000,0.000000,0.000000,0.000000,5.00e-05,0.5296
790,stage1_layout,0.399897,0.302376,0.195042,0.000000,0.000000,0.000000,0.000000,0.000000,5.00e-05,0.3967
791,stage1_layout,0.394147,0.296855,0.194583,0.000000,0.000000,0.000000,0.000000,0.000000,5.00e-05,0.3619
792,stage1_layout,0.391400,0.295500,0.191800,0.000000,0.000000,0.000000,0.000000,0.000000,5.00e-05,0.4695
793,stage1_layout,0.394743,0.297726,0.194035,0.000000,0.000000,0.000000,0.000000,0.000000,5.00e-05,0.3842
794,stage1_layout,0.399482,0.302834,0.193295,0.000000,0.000000,0.000000,0.000000,0.000000,5.00e-05,0.3300
795,stage1_layout,0.409072,0.309313,0.199519,0.000000,0.000000,0.000000,0.000000,0.000000,5.00e-05,0.4995
796,stage1_layout,0.395726,0.297781,0.195889,0.000000,0.000000,0.000000,0.000000,0.000000,5.00e-05,0.4702
797,stage1_layout,0.410241,0.311150,0.198182,0.000000,0.000000,0.000000,0.000000,0.000000,5.00e-05,0.2678
798,stage1_layout,0.405901,0.308471,0.194858,0.000000,0.000000,0.000000,0.000000,0.000000,5.00e-05,0.3981
799,stage1_layout,0.401659,0.305379,0.192560,0.000000,0.000000,0.000000,0.000000,0.000000,5.00e-05,0.4117
800,stage1_layout,0.397779,0.302126,0.191308,0.000000,0.000000,0.000000,0.000000,0.000000,5.00e-05,0.2898
801,stage1_layout,0.393327,0.296573,0.193509,0.000000,0.000000,0.000000,0.000000,0.000000,5.00e-05,0.3410
802,stage1_layout,0.402469,0.303569,0.197800,0.000000,0.000000,0.000000,0.000000,0.000000,5.00e-05,0.3421
803,stage1_layout,0.399421,0.302250,0.194342,0.000000,0.000000,0.000000,0.000000,0.000000,5.00e-05,0.5472
804,stage1_layout,0.395774,0.299657,0.192235,0.000000,0.000000,0.000000,0.000000,0.000000,5.00e-05,0.5769
805,stage1_layout,0.410360,0.311270,0.198180,0.000000,0.000000,0.000000,0.000000,0.000000,5.00e-05,0.4513
806,stage1_layout,0.393792,0.298169,0.191247,0.000000,0.000000,0.000000,0.000000,0.000000,5.00e-05,0.3202
807,stage1_layout,0.392618,0.297028,0.191178,0.000000,0.000000,0.000000,0.000000,0.000000,5.00e-05,0.4144
808,stage1_layout,0.392476,0.297536,0.189879,0.000000,0.000000,0.000000,0.000000,0.000000,5.00e-05,0.5339
809,stage1_layout,0.394248,0.297983,0.192530,0.000000,0.000000,0.000000,0.000000,0.000000,5.00e-05,0.5083
810,stage1_layout,0.401882,0.304214,0.195336,0.000000,0.000000,0.000000,0.000000,0.000000,5.00e-05,0.4206
811,stage1_layout,0.401786,0.305188,0.193196,0.000000,0.000000,0.000000,0.000000,0.000000,5.00e-05,0.5634
812,stage1_layout,0.393478,0.297660,0.191636,0.000000,0.000000,0.000000,0.000000,0.000000,5.00e-05,0.3284
813,stage1_layout,0.393283,0.296532,0.193502,0.000000,0.000000,0.000000,0.000000,0.000000,5.00e-05,0.4164
814,stage1_layout,0.403402,0.304984,0.196836,0.000000,0.000000,0.000000,0.000000,0.000000,5.00e-05,0.3010
815,stage1_layout,0.394280,0.298700,0.191161,0.000000,0.000000,0.000000,0.000000,0.000000,5.00e-05,0.3824
816,stage1_layout,0.388565,0.293219,0.190692,0.000000,0.000000,0.000000,0.000000,0.000000,5.00e-05,0.5069
817,stage1_layout,0.399477,0.303115,0.192725,0.000000,0.000000,0.000000,0.000000,0.000000,5.00e-05,0.3233
818,stage1_layout,0.401342,0.304730,0.193223,0.000000,0.000000,0.000000,0.000000,0.000000,5.00e-05,0.3376
819,stage1_layout,0.389796,0.294593,0.190406,0.000000,0.000000,0.000000,0.000000,0.000000,5.00e-05,0.3322
820,stage1_layout,0.394518,0.298033,0.192971,0.000000,0.000000,0.000000,0.000000,0.000000,5.00e-05,0.6601
821,stage1_layout,0.405765,0.306148,0.199233,0.000000,0.000000,0.000000,0.000000,0.000000,5.00e-05,0.4181
822,stage1_layout,0.410777,0.310586,0.200384,0.000000,0.000000,0.000000,0.000000,0.000000,5.00e-05,0.3457
823,stage1_layout,0.396325,0.298936,0.194779,0.000000,0.000000,0.000000,0.000000,0.000000,5.00e-05,0.3363
824,stage1_layout,0.394176,0.297544,0.193265,0.000000,0.000000,0.000000,0.000000,0.000000,5.00e-05,0.4319
825,stage1_layout,0.396174,0.299095,0.194157,0.000000,0.000000,0.000000,0.000000,0.000000,5.00e-05,0.3390
826,stage1_layout,0.401625,0.303162,0.196926,0.000000,0.000000,0.000000,0.000000,0.000000,5.00e-05,0.3231
827,stage1_layout,0.402742,0.305391,0.194701,0.000000,0.000000,0.000000,0.000000,0.000000,5.00e-05,0.3595
828,stage1_layout,0.402422,0.304962,0.194921,0.000000,0.000000,0.000000,0.000000,0.000000,5.00e-05,0.3135
829,stage1_layout,0.407484,0.308512,0.197944,0.000000,0.000000,0.000000,0.000000,0.000000,5.00e-05,0.3908
830,stage1_layout,0.400997,0.304295,0.193403,0.000000,0.000000,0.000000,0.000000,0.000000,5.00e-05,0.5841
831,stage1_layout,0.399267,0.301957,0.194618,0.000000,0.000000,0.000000,0.000000,0.000000,5.00e-05,0.3677
832,stage1_layout,0.396176,0.300241,0.191870,0.000000,0.000000,0.000000,0.000000,0.000000,5.00e-05,0.4005
833,stage1_layout,0.396168,0.299132,0.194073,0.000000,0.000000,0.000000,0.000000,0.000000,5.00e-05,0.5735
834,stage1_layout,0.397124,0.300999,0.192250,0.000000,0.000000,0.000000,0.000000,0.000000,5.00e-05,0.6378
835,stage1_layout,0.392729,0.297161,0.191135,0.000000,0.000000,0.000000,0.000000,0.000000,5.00e-05,0.4282
836,stage1_layout,0.402256,0.304281,0.195950,0.000000,0.000000,0.000000,0.000000,0.000000,5.00e-05,0.5541
837,stage1_layout,0.403265,0.305405,0.195719,0.000000,0.000000,0.000000,0.000000,0.000000,5.00e-05,0.5147
838,stage1_layout,0.385883,0.291170,0.189424,0.000000,0.000000,0.000000,0.000000,0.000000,5.00e-05,0.4020
839,stage1_layout,0.392348,0.296240,0.192215,0.000000,0.000000,0.000000,0.000000,0.000000,5.00e-05,0.4227
840,stage1_layout,0.401697,0.303469,0.196455,0.000000,0.000000,0.000000,0.000000,0.000000,5.00e-05,0.3413
841,stage1_layout,0.402395,0.304608,0.195575,0.000000,0.000000,0.000000,0.000000,0.000000,5.00e-05,0.2774
842,stage1_layout,0.396934,0.298900,0.196068,0.000000,0.000000,0.000000,0.000000,0.000000,5.00e-05,0.3764
843,stage1_layout,0.395709,0.299755,0.191908,0.000000,0.000000,0.000000,0.000000,0.000000,5.00e-05,0.3667
844,stage1_layout,0.400828,0.303290,0.195075,0.000000,0.000000,0.000000,0.000000,0.000000,5.00e-05,0.3933
845,stage1_layout,0.395431,0.297695,0.195471,0.000000,0.000000,0.000000,0.000000,0.000000,5.00e-05,0.3761
846,stage1_layout,0.409733,0.309525,0.200416,0.000000,0.000000,0.000000,0.000000,0.000000,5.00e-05,0.3902
847,stage1_layout,0.399489,0.303362,0.192253,0.000000,0.000000,0.000000,0.000000,0.000000,5.00e-05,0.3514
848,stage1_layout,0.395666,0.299340,0.192651,0.000000,0.000000,0.000000,0.000000,0.000000,5.00e-05,0.5295
849,stage1_layout,0.387749,0.293419,0.188659,0.000000,0.000000,0.000000,0.000000,0.000000,5.00e-05,0.3077
850,stage1_layout,0.390536,0.294674,0.191724,0.000000,0.000000,0.000000,0.000000,0.000000,5.00e-05,0.3351
851,stage1_layout,0.392839,0.296610,0.192457,0.000000,0.000000,0.000000,0.000000,0.000000,5.00e-05,0.6426
852,stage1_layout,0.407184,0.307571,0.199227,0.000000,0.000000,0.000000,0.000000,0.000000,5.00e-05,0.3744
853,stage1_layout,0.388425,0.293894,0.189062,0.000000,0.000000,0.000000,0.000000,0.000000,5.00e-05,0.3683
854,stage1_layout,0.401771,0.305094,0.193354,0.000000,0.000000,0.000000,0.000000,0.000000,5.00e-05,0.4082
855,stage1_layout,0.399671,0.302685,0.193972,0.000000,0.000000,0.000000,0.000000,0.000000,5.00e-05,0.5325
856,stage1_layout,0.396284,0.298984,0.194600,0.000000,0.000000,0.000000,0.000000,0.000000,5.00e-05,0.3325
857,stage1_layout,0.396406,0.300210,0.192393,0.000000,0.000000,0.000000,0.000000,0.000000,5.00e-05,0.3982
858,stage1_layout,0.403847,0.305291,0.197112,0.000000,0.000000,0.000000,0.000000,0.000000,5.00e-05,0.3410
859,stage1_layout,0.390268,0.295108,0.190318,0.000000,0.000000,0.000000,0.000000,0.000000,5.00e-05,0.6442
860,stage1_layout,0.393405,0.296850,0.193110,0.000000,0.000000,0.000000,0.000000,0.000000,5.00e-05,0.8597
861,stage1_layout,0.396999,0.300099,0.193799,0.000000,0.000000,0.000000,0.000000,0.000000,5.00e-05,0.3698
862,stage1_layout,0.403548,0.305404,0.196289,0.000000,0.000000,0.000000,0.000000,0.000000,5.00e-05,0.3924
863,stage1_layout,0.394587,0.297547,0.194080,0.000000,0.000000,0.000000,0.000000,0.000000,5.00e-05,0.4740
864,stage1_layout,0.392378,0.296868,0.191021,0.000000,0.000000,0.000000,0.000000,0.000000,5.00e-05,0.3641
865,stage1_layout,0.393138,0.296791,0.192696,0.000000,0.000000,0.000000,0.000000,0.000000,5.00e-05,0.5435
866,stage1_layout,0.396966,0.299717,0.194497,0.000000,0.000000,0.000000,0.000000,0.000000,5.00e-05,0.2693
867,stage1_layout,0.389762,0.295119,0.189287,0.000000,0.000000,0.000000,0.000000,0.000000,5.00e-05,0.6168
868,stage1_layout,0.402501,0.304921,0.195160,0.000000,0.000000,0.000000,0.000000,0.000000,5.00e-05,0.3941
869,stage1_layout,0.390321,0.294273,0.192096,0.000000,0.000000,0.000000,0.000000,0.000000,5.00e-05,0.3373
870,stage1_layout,0.395422,0.299530,0.191784,0.000000,0.000000,0.000000,0.000000,0.000000,5.00e-05,0.3864
871,stage1_layout,0.396916,0.300114,0.193604,0.000000,0.000000,0.000000,0.000000,0.000000,5.00e-05,0.4090
872,stage1_layout,0.409115,0.310078,0.198073,0.000000,0.000000,0.000000,0.000000,0.000000,5.00e-05,0.5667
873,stage1_layout,0.390045,0.295646,0.188797,0.000000,0.000000,0.000000,0.000000,0.000000,5.00e-05,0.4505
874,stage1_layout,0.386428,0.292896,0.187065,0.000000,0.000000,0.000000,0.000000,0.000000,5.00e-05,0.3803
875,stage1_layout,0.394748,0.298028,0.193439,0.000000,0.000000,0.000000,0.000000,0.000000,5.00e-05,0.4489
876,stage1_layout,0.395278,0.299271,0.192015,0.000000,0.000000,0.000000,0.000000,0.000000,5.00e-05,0.3412
877,stage1_layout,0.396766,0.300992,0.191548,0.000000,0.000000,0.000000,0.000000,0.000000,5.00e-05,0.4271
878,stage1_layout,0.411520,0.312109,0.198822,0.000000,0.000000,0.000000,0.000000,0.000000,5.00e-05,0.3894
879,stage1_layout,0.407129,0.308618,0.197023,0.000000,0.000000,0.000000,0.000000,0.000000,5.00e-05,0.4500
880,stage1_layout,0.402027,0.304544,0.194966,0.000000,0.000000,0.000000,0.000000,0.000000,5.00e-05,0.4889
881,stage1_layout,0.400781,0.304497,0.192569,0.000000,0.000000,0.000000,0.000000,0.000000,5.00e-05,0.3633
882,stage1_layout,0.401920,0.303758,0.196323,0.000000,0.000000,0.000000,0.000000,0.000000,5.00e-05,0.4915
883,stage1_layout,0.394149,0.297102,0.194094,0.000000,0.000000,0.000000,0.000000,0.000000,5.00e-05,0.2734
884,stage1_layout,0.405871,0.307494,0.196755,0.000000,0.000000,0.000000,0.000000,0.000000,5.00e-05,0.4305
885,stage1_layout,0.416163,0.315862,0.200603,0.000000,0.000000,0.000000,0.000000,0.000000,5.00e-05,0.3907
886,stage1_layout,0.392015,0.296310,0.191410,0.000000,0.000000,0.000000,0.000000,0.000000,5.00e-05,0.3545
887,stage1_layout,0.403920,0.306009,0.195821,0.000000,0.000000,0.000000,0.000000,0.000000,5.00e-05,0.4917
888,stage1_layout,0.406009,0.305386,0.201245,0.000000,0.000000,0.000000,0.000000,0.000000,5.00e-05,0.4048
889,stage1_layout,0.401265,0.304500,0.193531,0.000000,0.000000,0.000000,0.000000,0.000000,5.00e-05,0.6175
890,stage1_layout,0.410542,0.311181,0.198722,0.000000,0.000000,0.000000,0.000000,0.000000,5.00e-05,0.4926
891,stage1_layout,0.405132,0.306775,0.196714,0.000000,0.000000,0.000000,0.000000,0.000000,5.00e-05,0.2911
892,stage1_layout,0.416199,0.315372,0.201656,0.000000,0.000000,0.000000,0.000000,0.000000,5.00e-05,0.3605
893,stage1_layout,0.399388,0.302655,0.193466,0.000000,0.000000,0.000000,0.000000,0.000000,5.00e-05,0.2899
894,stage1_layout,0.397769,0.301809,0.191921,0.000000,0.000000,0.000000,0.000000,0.000000,5.00e-05,0.2845
895,stage1_layout,0.397824,0.301800,0.192049,0.000000,0.000000,0.000000,0.000000,0.000000,5.00e-05,0.4057
896,stage1_layout,0.405182,0.307484,0.195396,0.000000,0.000000,0.000000,0.000000,0.000000,5.00e-05,0.3489
897,stage1_layout,0.398692,0.300460,0.196465,0.000000,0.000000,0.000000,0.000000,0.000000,5.00e-05,0.3907
898,stage1_layout,0.408480,0.308977,0.199006,0.000000,0.000000,0.000000,0.000000,0.000000,5.00e-05,0.3521
899,stage1_layout,0.399279,0.302798,0.192961,0.000000,0.000000,0.000000,0.000000,0.000000,5.00e-05,0.5591
900,stage1_layout,0.394005,0.297923,0.192164,0.000000,0.000000,0.000000,0.000000,0.000000,5.00e-05,0.3633
901,stage1_layout,0.401410,0.303312,0.196196,0.000000,0.000000,0.000000,0.000000,0.000000,5.00e-05,0.2951
902,stage1_layout,0.409553,0.311512,0.196083,0.000000,0.000000,0.000000,0.000000,0.000000,5.00e-05,0.3081
903,stage1_layout,0.390438,0.294402,0.192072,0.000000,0.000000,0.000000,0.000000,0.000000,5.00e-05,0.3702
904,stage1_layout,0.402149,0.303489,0.197321,0.000000,0.000000,0.000000,0.000000,0.000000,5.00e-05,0.3645
905,stage1_layout,0.395227,0.298924,0.192605,0.000000,0.000000,0.000000,0.000000,0.000000,5.00e-05,0.2858
906,stage1_layout,0.403892,0.305519,0.196746,0.000000,0.000000,0.000000,0.000000,0.000000,5.00e-05,0.3608
907,stage1_layout,0.397359,0.301885,0.190948,0.000000,0.000000,0.000000,0.000000,0.000000,5.00e-05,0.4960
908,stage1_layout,0.411084,0.311810,0.198548,0.000000,0.000000,0.000000,0.000000,0.000000,5.00e-05,0.4022
909,stage1_layout,0.397882,0.300107,0.195551,0.000000,0.000000,0.000000,0.000000,0.000000,5.00e-05,0.3937
910,stage1_layout,0.398612,0.301875,0.193475,0.000000,0.000000,0.000000,0.000000,0.000000,5.00e-05,0.4631
911,stage1_layout,0.403929,0.306854,0.194151,0.000000,0.000000,0.000000,0.000000,0.000000,5.00e-05,0.3614
912,stage1_layout,0.395961,0.299912,0.192098,0.000000,0.000000,0.000000,0.000000,0.000000,5.00e-05,0.4007
913,stage1_layout,0.400193,0.303759,0.192869,0.000000,0.000000,0.000000,0.000000,0.000000,5.00e-05,0.3104
914,stage1_layout,0.399349,0.302662,0.193373,0.000000,0.000000,0.000000,0.000000,0.000000,5.00e-05,0.3407
915,stage1_layout,0.409276,0.310730,0.197092,0.000000,0.000000,0.000000,0.000000,0.000000,5.00e-05,0.3989
916,stage1_layout,0.398466,0.302520,0.191892,0.000000,0.000000,0.000000,0.000000,0.000000,5.00e-05,0.4614
917,stage1_layout,0.398704,0.301521,0.194366,0.000000,0.000000,0.000000,0.000000,0.000000,5.00e-05,0.6097
918,stage1_layout,0.397151,0.301350,0.191602,0.000000,0.000000,0.000000,0.000000,0.000000,5.00e-05,0.3142
919,stage1_layout,0.394947,0.297972,0.193950,0.000000,0.000000,0.000000,0.000000,0.000000,5.00e-05,0.4528
920,stage1_layout,0.403871,0.306375,0.194993,0.000000,0.000000,0.000000,0.000000,0.000000,5.00e-05,0.4897
921,stage1_layout,0.394047,0.298924,0.190247,0.000000,0.000000,0.000000,0.000000,0.000000,5.00e-05,0.3009
922,stage1_layout,0.401875,0.305176,0.193397,0.000000,0.000000,0.000000,0.000000,0.000000,5.00e-05,0.4809
923,stage1_layout,0.400583,0.303155,0.194855,0.000000,0.000000,0.000000,0.000000,0.000000,5.00e-05,0.3993
924,stage1_layout,0.396595,0.300568,0.192054,0.000000,0.000000,0.000000,0.000000,0.000000,5.00e-05,0.3707
925,stage1_layout,0.386334,0.292232,0.188204,0.000000,0.000000,0.000000,0.000000,0.000000,5.00e-05,0.4157
926,stage1_layout,0.407347,0.307759,0.199177,0.000000,0.000000,0.000000,0.000000,0.000000,5.00e-05,0.4416
927,stage1_layout,0.399101,0.302259,0.193685,0.000000,0.000000,0.000000,0.000000,0.000000,5.00e-05,0.3216
928,stage1_layout,0.397862,0.302802,0.190119,0.000000,0.000000,0.000000,0.000000,0.000000,5.00e-05,0.4314
929,stage1_layout,0.392843,0.297375,0.190935,0.000000,0.000000,0.000000,0.000000,0.000000,5.00e-05,0.3169
930,stage1_layout,0.403457,0.306135,0.194643,0.000000,0.000000,0.000000,0.000000,0.000000,5.00e-05,0.3579
931,stage1_layout,0.400154,0.301592,0.197123,0.000000,0.000000,0.000000,0.000000,0.000000,5.00e-05,0.5044
932,stage1_layout,0.401580,0.303798,0.195563,0.000000,0.000000,0.000000,0.000000,0.000000,5.00e-05,0.3203
933,stage1_layout,0.389106,0.294156,0.189900,0.000000,0.000000,0.000000,0.000000,0.000000,5.00e-05,0.4081
934,stage1_layout,0.411560,0.311889,0.199341,0.000000,0.000000,0.000000,0.000000,0.000000,5.00e-05,0.2748
935,stage1_layout,0.399716,0.302839,0.193754,0.000000,0.000000,0.000000,0.000000,0.000000,5.00e-05,0.3585
936,stage1_layout,0.386933,0.292612,0.188643,0.000000,0.000000,0.000000,0.000000,0.000000,5.00e-05,0.3585
937,stage1_layout,0.400173,0.303823,0.192700,0.000000,0.000000,0.000000,0.000000,0.000000,5.00e-05,0.5834
938,stage1_layout,0.392166,0.296765,0.190803,0.000000,0.000000,0.000000,0.000000,0.000000,5.00e-05,1.0274
939,stage1_layout,0.395691,0.301101,0.189179,0.000000,0.000000,0.000000,0.000000,0.000000,5.00e-05,0.3046
940,stage1_layout,0.399031,0.301644,0.194773,0.000000,0.000000,0.000000,0.000000,0.000000,5.00e-05,0.3820
941,stage1_layout,0.393561,0.299029,0.189065,0.000000,0.000000,0.000000,0.000000,0.000000,5.00e-05,0.8372
942,stage1_layout,0.395146,0.299287,0.191717,0.000000,0.000000,0.000000,0.000000,0.000000,5.00e-05,0.3292
943,stage1_layout,0.393442,0.296908,0.193067,0.000000,0.000000,0.000000,0.000000,0.000000,5.00e-05,0.3625
944,stage1_layout,0.404418,0.307311,0.194215,0.000000,0.000000,0.000000,0.000000,0.000000,5.00e-05,0.3262
945,stage1_layout,0.403404,0.306533,0.193742,0.000000,0.000000,0.000000,0.000000,0.000000,5.00e-05,0.3363
946,stage1_layout,0.392529,0.297656,0.189746,0.000000,0.000000,0.000000,0.000000,0.000000,5.00e-05,0.4431
947,stage1_layout,0.396231,0.298912,0.194638,0.000000,0.000000,0.000000,0.000000,0.000000,5.00e-05,0.5010
948,stage1_layout,0.407787,0.309215,0.197145,0.000000,0.000000,0.000000,0.000000,0.000000,5.00e-05,0.3140
949,stage1_layout,0.392539,0.296818,0.191442,0.000000,0.000000,0.000000,0.000000,0.000000,5.00e-05,0.3390
950,stage1_layout,0.389199,0.294810,0.188777,0.000000,0.000000,0.000000,0.000000,0.000000,5.00e-05,0.3840
951,stage1_layout,0.398650,0.301074,0.195152,0.000000,0.000000,0.000000,0.000000,0.000000,5.00e-05,0.4637
952,stage1_layout,0.396435,0.300285,0.192301,0.000000,0.000000,0.000000,0.000000,0.000000,5.00e-05,0.3327
953,stage1_layout,0.396784,0.300348,0.192872,0.000000,0.000000,0.000000,0.000000,0.000000,5.00e-05,0.5010
954,stage1_layout,0.407214,0.308817,0.196794,0.000000,0.000000,0.000000,0.000000,0.000000,5.00e-05,0.3247
955,stage1_layout,0.402981,0.305021,0.195921,0.000000,0.000000,0.000000,0.000000,0.000000,5.00e-05,0.4280
956,stage1_layout,0.394053,0.298699,0.190707,0.000000,0.000000,0.000000,0.000000,0.000000,5.00e-05,0.5423
957,stage1_layout,0.395751,0.299407,0.192688,0.000000,0.000000,0.000000,0.000000,0.000000,5.00e-05,0.3476
958,stage1_layout,0.397290,0.300415,0.193750,0.000000,0.000000,0.000000,0.000000,0.000000,5.00e-05,0.3869
959,stage1_layout,0.396391,0.299858,0.193065,0.000000,0.000000,0.000000,0.000000,0.000000,5.00e-05,0.5080
960,stage1_layout,0.394411,0.297740,0.193341,0.000000,0.000000,0.000000,0.000000,0.000000,5.00e-05,0.4008
961,stage1_layout,0.397279,0.300547,0.193464,0.000000,0.000000,0.000000,0.000000,0.000000,5.00e-05,0.3369
962,stage1_layout,0.414030,0.313082,0.201896,0.000000,0.000000,0.000000,0.000000,0.000000,5.00e-05,0.6366
963,stage1_layout,0.393885,0.297906,0.191958,0.000000,0.000000,0.000000,0.000000,0.000000,5.00e-05,0.6566
964,stage1_layout,0.392269,0.297639,0.189260,0.000000,0.000000,0.000000,0.000000,0.000000,5.00e-05,0.4132
965,stage1_layout,0.394146,0.298831,0.190629,0.000000,0.000000,0.000000,0.000000,0.000000,5.00e-05,0.3437
966,stage1_layout,0.392333,0.296972,0.190720,0.000000,0.000000,0.000000,0.000000,0.000000,5.00e-05,0.4028
967,stage1_layout,0.391981,0.295994,0.191973,0.000000,0.000000,0.000000,0.000000,0.000000,5.00e-05,0.3832
968,stage1_layout,0.393170,0.297590,0.191160,0.000000,0.000000,0.000000,0.000000,0.000000,5.00e-05,0.6045
969,stage1_layout,0.397064,0.300668,0.192791,0.000000,0.000000,0.000000,0.000000,0.000000,5.00e-05,0.3828
970,stage1_layout,0.395450,0.299049,0.192802,0.000000,0.000000,0.000000,0.000000,0.000000,5.00e-05,0.5629
971,stage1_layout,0.393375,0.297686,0.191378,0.000000,0.000000,0.000000,0.000000,0.000000,5.00e-05,0.3591
972,stage1_layout,0.399445,0.302345,0.194200,0.000000,0.000000,0.000000,0.000000,0.000000,5.00e-05,0.3875
973,stage1_layout,0.399750,0.303133,0.193236,0.000000,0.000000,0.000000,0.000000,0.000000,5.00e-05,0.4058
974,stage1_layout,0.396037,0.299353,0.193368,0.000000,0.000000,0.000000,0.000000,0.000000,5.00e-05,0.4570
975,stage1_layout,0.394423,0.298979,0.190889,0.000000,0.000000,0.000000,0.000000,0.000000,5.00e-05,0.4375
976,stage1_layout,0.405338,0.307763,0.195149,0.000000,0.000000,0.000000,0.000000,0.000000,5.00e-05,0.7870
977,stage1_layout,0.403944,0.306285,0.195318,0.000000,0.000000,0.000000,0.000000,0.000000,5.00e-05,0.3655
978,stage1_layout,0.406586,0.307501,0.198170,0.000000,0.000000,0.000000,0.000000,0.000000,5.00e-05,0.3403
979,stage1_layout,0.389049,0.293906,0.190286,0.000000,0.000000,0.000000,0.000000,0.000000,5.00e-05,0.4530
980,stage1_layout,0.398008,0.300294,0.195428,0.000000,0.000000,0.000000,0.000000,0.000000,5.00e-05,0.4763
981,stage1_layout,0.397304,0.300135,0.194339,0.000000,0.000000,0.000000,0.000000,0.000000,5.00e-05,0.4189
982,stage1_layout,0.389314,0.293726,0.191177,0.000000,0.000000,0.000000,0.000000,0.000000,5.00e-05,0.4506
983,stage1_layout,0.394812,0.299508,0.190607,0.000000,0.000000,0.000000,0.000000,0.000000,5.00e-05,0.4132
984,stage1_layout,0.389541,0.294541,0.189999,0.000000,0.000000,0.000000,0.000000,0.000000,5.00e-05,0.4400
985,stage1_layout,0.391060,0.296039,0.190042,0.000000,0.000000,0.000000,0.000000,0.000000,5.00e-05,0.3909
986,stage1_layout,0.398852,0.302036,0.193631,0.000000,0.000000,0.000000,0.000000,0.000000,5.00e-05,0.2964
987,stage1_layout,0.404532,0.305787,0.197490,0.000000,0.000000,0.000000,0.000000,0.000000,5.00e-05,0.4288
988,stage1_layout,0.396531,0.300991,0.191080,0.000000,0.000000,0.000000,0.000000,0.000000,5.00e-05,0.4920
989,stage1_layout,0.394924,0.299271,0.191306,0.000000,0.000000,0.000000,0.000000,0.000000,5.00e-05,0.5547
990,stage1_layout,0.397437,0.300680,0.193514,0.000000,0.000000,0.000000,0.000000,0.000000,5.00e-05,0.7131
991,stage1_layout,0.407668,0.308268,0.198800,0.000000,0.000000,0.000000,0.000000,0.000000,5.00e-05,0.4545
992,stage1_layout,0.393144,0.296907,0.192475,0.000000,0.000000,0.000000,0.000000,0.000000,5.00e-05,0.5442
993,stage1_layout,0.401086,0.303887,0.194398,0.000000,0.000000,0.000000,0.000000,0.000000,5.00e-05,0.4058
994,stage1_layout,0.397457,0.301537,0.191838,0.000000,0.000000,0.000000,0.000000,0.000000,5.00e-05,0.3445
995,stage1_layout,0.397303,0.301303,0.192000,0.000000,0.000000,0.000000,0.000000,0.000000,5.00e-05,0.4311
996,stage1_layout,0.395575,0.298699,0.193753,0.000000,0.000000,0.000000,0.000000,0.000000,5.00e-05,0.4085
997,stage1_layout,0.403735,0.304531,0.198409,0.000000,0.000000,0.000000,0.000000,0.000000,5.00e-05,0.3865
998,stage1_layout,0.406626,0.308649,0.195955,0.000000,0.000000,0.000000,0.000000,0.000000,5.00e-05,0.4593
999,stage1_layout,0.394091,0.299391,0.189400,0.000000,0.000000,0.000000,0.000000,0.000000,5.00e-05,0.5910
1000,stage1_layout,0.395967,0.299472,0.192988,0.000000,0.000000,0.000000,0.000000,0.000000,5.00e-05,0.7179
1001,stage1_layout,0.396666,0.301057,0.191218,0.000000,0.000000,0.000000,0.000000,0.000000,5.00e-05,0.3383
1002,stage1_layout,0.391564,0.296164,0.190802,0.000000,0.000000,0.000000,0.000000,0.000000,5.00e-05,0.3823
1003,stage1_layout,0.383206,0.288208,0.189997,0.000000,0.000000,0.000000,0.000000,0.000000,5.00e-05,0.4823
1004,stage1_layout,0.402200,0.305611,0.193178,0.000000,0.000000,0.000000,0.000000,0.000000,5.00e-05,0.4120
1005,stage1_layout,0.391141,0.295518,0.191246,0.000000,0.000000,0.000000,0.000000,0.000000,5.00e-05,0.4776
1006,stage1_layout,0.392540,0.297167,0.190746,0.000000,0.000000,0.000000,0.000000,0.000000,5.00e-05,0.9190
1007,stage1_layout,0.398063,0.300615,0.194895,0.000000,0.000000,0.000000,0.000000,0.000000,5.00e-05,0.3695
1008,stage1_layout,0.398985,0.301633,0.194704,0.000000,0.000000,0.000000,0.000000,0.000000,5.00e-05,0.3424
1009,stage1_layout,0.407788,0.309279,0.197019,0.000000,0.000000,0.000000,0.000000,0.000000,5.00e-05,0.3550
1010,stage1_layout,0.413414,0.313885,0.199057,0.000000,0.000000,0.000000,0.000000,0.000000,5.00e-05,0.3259
1011,stage1_layout,0.401836,0.304951,0.193770,0.000000,0.000000,0.000000,0.000000,0.000000,5.00e-05,0.6169
1012,stage1_layout,0.387923,0.292939,0.189966,0.000000,0.000000,0.000000,0.000000,0.000000,5.00e-05,0.4370
1013,stage1_layout,0.395835,0.299616,0.192437,0.000000,0.000000,0.000000,0.000000,0.000000,5.00e-05,0.3584
1014,stage1_layout,0.395152,0.299729,0.190846,0.000000,0.000000,0.000000,0.000000,0.000000,5.00e-05,0.6575
1015,stage1_layout,0.389337,0.294187,0.190299,0.000000,0.000000,0.000000,0.000000,0.000000,5.00e-05,0.3782
1016,stage1_layout,0.384722,0.291424,0.186595,0.000000,0.000000,0.000000,0.000000,0.000000,5.00e-05,0.4428
1017,stage1_layout,0.405203,0.307001,0.196404,0.000000,0.000000,0.000000,0.000000,0.000000,5.00e-05,0.3299
1018,stage1_layout,0.396237,0.300012,0.192450,0.000000,0.000000,0.000000,0.000000,0.000000,5.00e-05,0.7129
1019,stage1_layout,0.405688,0.307804,0.195768,0.000000,0.000000,0.000000,0.000000,0.000000,5.00e-05,0.4809
1020,stage1_layout,0.408119,0.310016,0.196206,0.000000,0.000000,0.000000,0.000000,0.000000,5.00e-05,0.4013
1021,stage1_layout,0.389939,0.295783,0.188313,0.000000,0.000000,0.000000,0.000000,0.000000,5.00e-05,0.3334
1022,stage1_layout,0.387608,0.293672,0.187870,0.000000,0.000000,0.000000,0.000000,0.000000,5.00e-05,0.4663
1023,stage1_layout,0.394142,0.297972,0.192341,0.000000,0.000000,0.000000,0.000000,0.000000,5.00e-05,0.3443
1024,stage1_layout,0.400234,0.302984,0.194500,0.000000,0.000000,0.000000,0.000000,0.000000,5.00e-05,0.3398
1025,stage1_layout,0.393246,0.298230,0.190032,0.000000,0.000000,0.000000,0.000000,0.000000,5.00e-05,0.4885
1026,stage1_layout,0.386264,0.291733,0.189062,0.000000,0.000000,0.000000,0.000000,0.000000,5.00e-05,0.5724
1027,stage1_layout,0.395942,0.299569,0.192746,0.000000,0.000000,0.000000,0.000000,0.000000,5.00e-05,0.4803
1028,stage1_layout,0.399762,0.302912,0.193701,0.000000,0.000000,0.000000,0.000000,0.000000,5.00e-05,0.3332
1029,stage1_layout,0.390427,0.295746,0.189363,0.000000,0.000000,0.000000,0.000000,0.000000,5.00e-05,0.5257
1030,stage1_layout,0.398284,0.300727,0.195115,0.000000,0.000000,0.000000,0.000000,0.000000,5.00e-05,0.4179
1031,stage1_layout,0.392305,0.296970,0.190670,0.000000,0.000000,0.000000,0.000000,0.000000,5.00e-05,0.3995
1032,stage1_layout,0.397790,0.299597,0.196387,0.000000,0.000000,0.000000,0.000000,0.000000,5.00e-05,0.4160
1033,stage1_layout,0.392649,0.298932,0.187433,0.000000,0.000000,0.000000,0.000000,0.000000,5.00e-05,0.2863
1034,stage1_layout,0.394553,0.298762,0.191581,0.000000,0.000000,0.000000,0.000000,0.000000,5.00e-05,0.5475
1035,stage1_layout,0.408743,0.310251,0.196983,0.000000,0.000000,0.000000,0.000000,0.000000,5.00e-05,0.5630
1036,stage1_layout,0.396871,0.300904,0.191935,0.000000,0.000000,0.000000,0.000000,0.000000,5.00e-05,0.4152
1037,stage1_layout,0.401731,0.303482,0.196499,0.000000,0.000000,0.000000,0.000000,0.000000,5.00e-05,0.5048
1038,stage1_layout,0.401906,0.304084,0.195644,0.000000,0.000000,0.000000,0.000000,0.000000,5.00e-05,0.3031
1039,stage1_layout,0.390220,0.295273,0.189895,0.000000,0.000000,0.000000,0.000000,0.000000,5.00e-05,0.5480
1040,stage1_layout,0.392825,0.298622,0.188406,0.000000,0.000000,0.000000,0.000000,0.000000,5.00e-05,0.3459
1041,stage1_layout,0.410948,0.311090,0.199715,0.000000,0.000000,0.000000,0.000000,0.000000,5.00e-05,0.4215
1042,stage1_layout,0.390170,0.295323,0.189696,0.000000,0.000000,0.000000,0.000000,0.000000,5.00e-05,0.3197
1043,stage1_layout,0.389502,0.294221,0.190562,0.000000,0.000000,0.000000,0.000000,0.000000,5.00e-05,0.3899
1044,stage1_layout,0.406772,0.308316,0.196911,0.000000,0.000000,0.000000,0.000000,0.000000,5.00e-05,0.2882
1045,stage1_layout,0.396787,0.301700,0.190174,0.000000,0.000000,0.000000,0.000000,0.000000,5.00e-05,0.7812
1046,stage1_layout,0.397943,0.301430,0.193025,0.000000,0.000000,0.000000,0.000000,0.000000,5.00e-05,0.6180
1047,stage1_layout,0.390382,0.295866,0.189030,0.000000,0.000000,0.000000,0.000000,0.000000,5.00e-05,0.2804
1048,stage1_layout,0.398041,0.301951,0.192180,0.000000,0.000000,0.000000,0.000000,0.000000,5.00e-05,0.3650
1049,stage1_layout,0.405353,0.306812,0.197082,0.000000,0.000000,0.000000,0.000000,0.000000,5.00e-05,0.3218
1050,stage1_layout,0.403899,0.306556,0.194686,0.000000,0.000000,0.000000,0.000000,0.000000,5.00e-05,0.5597
1051,stage1_layout,0.403251,0.305964,0.194575,0.000000,0.000000,0.000000,0.000000,0.000000,5.00e-05,0.3928
1052,stage1_layout,0.394697,0.299025,0.191342,0.000000,0.000000,0.000000,0.000000,0.000000,5.00e-05,0.3336
1053,stage1_layout,0.396040,0.298878,0.194323,0.000000,0.000000,0.000000,0.000000,0.000000,5.00e-05,0.3573
1054,stage1_layout,0.391412,0.297476,0.187872,0.000000,0.000000,0.000000,0.000000,0.000000,5.00e-05,0.3721
1055,stage1_layout,0.387751,0.293009,0.189483,0.000000,0.000000,0.000000,0.000000,0.000000,5.00e-05,0.3948
1056,stage1_layout,0.397536,0.301348,0.192376,0.000000,0.000000,0.000000,0.000000,0.000000,5.00e-05,0.4364
1057,stage1_layout,0.407625,0.309856,0.195537,0.000000,0.000000,0.000000,0.000000,0.000000,5.00e-05,0.3078
1058,stage1_layout,0.398475,0.301431,0.194087,0.000000,0.000000,0.000000,0.000000,0.000000,5.00e-05,0.4700
1059,stage1_layout,0.391111,0.296665,0.188891,0.000000,0.000000,0.000000,0.000000,0.000000,5.00e-05,0.3184
1060,stage1_layout,0.393220,0.297289,0.191860,0.000000,0.000000,0.000000,0.000000,0.000000,5.00e-05,0.5677
1061,stage1_layout,0.394692,0.299012,0.191361,0.000000,0.000000,0.000000,0.000000,0.000000,5.00e-05,0.4597
1062,stage1_layout,0.412060,0.312654,0.198811,0.000000,0.000000,0.000000,0.000000,0.000000,5.00e-05,0.4918
1063,stage1_layout,0.388061,0.294182,0.187757,0.000000,0.000000,0.000000,0.000000,0.000000,5.00e-05,0.4569
1064,stage1_layout,0.396770,0.300677,0.192185,0.000000,0.000000,0.000000,0.000000,0.000000,5.00e-05,0.3510
1065,stage1_layout,0.394730,0.299183,0.191095,0.000000,0.000000,0.000000,0.000000,0.000000,5.00e-05,0.3176
1066,stage1_layout,0.390838,0.296508,0.188661,0.000000,0.000000,0.000000,0.000000,0.000000,5.00e-05,0.4189
1067,stage1_layout,0.398117,0.302325,0.191583,0.000000,0.000000,0.000000,0.000000,0.000000,5.00e-05,0.2989
1068,stage1_layout,0.394009,0.298725,0.190568,0.000000,0.000000,0.000000,0.000000,0.000000,5.00e-05,0.3165
1069,stage1_layout,0.398688,0.301738,0.193901,0.000000,0.000000,0.000000,0.000000,0.000000,5.00e-05,0.4545
1070,stage1_layout,0.392921,0.297823,0.190196,0.000000,0.000000,0.000000,0.000000,0.000000,5.00e-05,0.4315
1071,stage1_layout,0.393106,0.296640,0.192932,0.000000,0.000000,0.000000,0.000000,0.000000,5.00e-05,0.4497
1072,stage1_layout,0.396447,0.301496,0.189902,0.000000,0.000000,0.000000,0.000000,0.000000,5.00e-05,0.3107
1073,stage1_layout,0.390275,0.295322,0.189906,0.000000,0.000000,0.000000,0.000000,0.000000,5.00e-05,0.3494
1074,stage1_layout,0.398863,0.302607,0.192513,0.000000,0.000000,0.000000,0.000000,0.000000,5.00e-05,0.3533
1075,stage1_layout,0.400154,0.303504,0.193299,0.000000,0.000000,0.000000,0.000000,0.000000,5.00e-05,0.3284
1076,stage1_layout,0.387939,0.293637,0.188604,0.000000,0.000000,0.000000,0.000000,0.000000,5.00e-05,0.3277
1077,stage1_layout,0.409863,0.310578,0.198569,0.000000,0.000000,0.000000,0.000000,0.000000,5.00e-05,0.5392
1078,stage1_layout,0.386979,0.291769,0.190420,0.000000,0.000000,0.000000,0.000000,0.000000,5.00e-05,0.3215
1079,stage1_layout,0.410355,0.311844,0.197022,0.000000,0.000000,0.000000,0.000000,0.000000,5.00e-05,0.2923
1080,stage1_layout,0.402353,0.305070,0.194566,0.000000,0.000000,0.000000,0.000000,0.000000,5.00e-05,0.4520
1081,stage1_layout,0.385038,0.290730,0.188616,0.000000,0.000000,0.000000,0.000000,0.000000,5.00e-05,0.3218
1082,stage1_layout,0.391382,0.296705,0.189354,0.000000,0.000000,0.000000,0.000000,0.000000,5.00e-05,0.3451
1083,stage1_layout,0.394239,0.297579,0.193320,0.000000,0.000000,0.000000,0.000000,0.000000,5.00e-05,0.4380
1084,stage2_agent,0.379843,0.285600,0.188486,0.000000,0.000000,0.000000,0.000000,0.000000,5.00e-05,1.1228
1085,stage2_agent,0.383286,0.288108,0.190355,0.000000,0.000000,0.000000,0.000000,0.000000,5.00e-05,1.0221
1086,stage2_agent,0.376303,0.281432,0.189743,0.000000,0.000000,0.000000,0.000000,0.000000,5.00e-05,0.8132
1087,stage2_agent,0.378302,0.282605,0.191394,0.000000,0.000000,0.000000,0.000000,0.000000,5.00e-05,0.5866
1088,stage2_agent,0.385837,0.287745,0.196184,0.000000,0.000000,0.000000,0.000000,0.000000,5.00e-05,0.5207
1089,stage2_agent,0.384020,0.284794,0.198451,0.000000,0.000000,0.000000,0.000000,0.000000,5.00e-05,0.6146
1090,stage2_agent,0.379486,0.280927,0.197119,0.000000,0.000000,0.000000,0.000000,0.000000,5.00e-05,0.6335
1091,stage2_agent,0.382330,0.284935,0.194789,0.000000,0.000000,0.000000,0.000000,0.000000,5.00e-05,0.4557
1092,stage2_agent,0.385047,0.288387,0.193319,0.000000,0.000000,0.000000,0.000000,0.000000,5.00e-05,0.4331
1093,stage2_agent,0.390286,0.291655,0.197261,0.000000,0.000000,0.000000,0.000000,0.000000,5.00e-05,0.4906
1094,stage2_agent,0.377253,0.280882,0.192742,0.000000,0.000000,0.000000,0.000000,0.000000,5.00e-05,0.4828
1095,stage2_agent,0.386704,0.288342,0.196724,0.000000,0.000000,0.000000,0.000000,0.000000,5.00e-05,0.5113
1096,stage2_agent,0.377186,0.281994,0.190384,0.000000,0.000000,0.000000,0.000000,0.000000,5.00e-05,0.3587
1097,stage2_agent,0.392920,0.295527,0.194786,0.000000,0.000000,0.000000,0.000000,0.000000,5.00e-05,0.4704
1098,stage2_agent,0.375714,0.280968,0.189492,0.000000,0.000000,0.000000,0.000000,0.000000,5.00e-05,0.4043
1099,stage2_agent,0.394101,0.296210,0.195782,0.000000,0.000000,0.000000,0.000000,0.000000,5.00e-05,0.3698
1100,stage2_agent,0.396354,0.296724,0.199261,0.000000,0.000000,0.000000,0.000000,0.000000,5.00e-05,0.5081
1101,stage2_agent,0.384697,0.289650,0.190093,0.000000,0.000000,0.000000,0.000000,0.000000,5.00e-05,0.4824
1102,stage2_agent,0.379715,0.285380,0.188670,0.000000,0.000000,0.000000,0.000000,0.000000,5.00e-05,0.4106
1103,stage2_agent,0.386459,0.290250,0.192419,0.000000,0.000000,0.000000,0.000000,0.000000,5.00e-05,0.4255
1104,stage2_agent,0.374989,0.279570,0.190837,0.000000,0.000000,0.000000,0.000000,0.000000,5.00e-05,0.4290
1105,stage2_agent,0.382507,0.287407,0.190201,0.000000,0.000000,0.000000,0.000000,0.000000,5.00e-05,0.3985
1106,stage2_agent,0.373481,0.280867,0.185227,0.000000,0.000000,0.000000,0.000000,0.000000,5.00e-05,0.3531
1107,stage2_agent,0.380984,0.287407,0.187154,0.000000,0.000000,0.000000,0.000000,0.000000,5.00e-05,0.4349
1108,stage2_agent,0.384486,0.289205,0.190562,0.000000,0.000000,0.000000,0.000000,0.000000,5.00e-05,0.3639
1109,stage2_agent,0.401381,0.302139,0.198483,0.000000,0.000000,0.000000,0.000000,0.000000,5.00e-05,0.3408
1110,stage2_agent,0.386886,0.291232,0.191307,0.000000,0.000000,0.000000,0.000000,0.000000,5.00e-05,0.3797
1111,stage2_agent,0.389053,0.293632,0.190842,0.000000,0.000000,0.000000,0.000000,0.000000,5.00e-05,0.5261
1112,stage2_agent,0.385259,0.290121,0.190277,0.000000,0.000000,0.000000,0.000000,0.000000,5.00e-05,0.4021
1113,stage2_agent,0.388421,0.291936,0.192970,0.000000,0.000000,0.000000,0.000000,0.000000,5.00e-05,0.6603
1114,stage2_agent,0.394726,0.297022,0.195408,0.000000,0.000000,0.000000,0.000000,0.000000,5.00e-05,0.4082
1115,stage2_agent,0.389172,0.292368,0.193607,0.000000,0.000000,0.000000,0.000000,0.000000,5.00e-05,0.4708
1116,stage2_agent,0.394132,0.296257,0.195750,0.000000,0.000000,0.000000,0.000000,0.000000,5.00e-05,0.4249
1117,stage2_agent,0.376667,0.283412,0.186509,0.000000,0.000000,0.000000,0.000000,0.000000,5.00e-05,0.3133
1118,stage2_agent,0.382597,0.287873,0.189447,0.000000,0.000000,0.000000,0.000000,0.000000,5.00e-05,0.5625
1119,stage2_agent,0.398909,0.301158,0.195501,0.000000,0.000000,0.000000,0.000000,0.000000,5.00e-05,0.3192
1120,stage2_agent,0.381958,0.287174,0.189567,0.000000,0.000000,0.000000,0.000000,0.000000,5.00e-05,0.4458
1121,stage2_agent,0.393114,0.295648,0.194931,0.000000,0.000000,0.000000,0.000000,0.000000,5.00e-05,0.4417
1122,stage2_agent,0.382786,0.286837,0.191897,0.000000,0.000000,0.000000,0.000000,0.000000,5.00e-05,0.3804
1123,stage2_agent,0.386501,0.291680,0.189643,0.000000,0.000000,0.000000,0.000000,0.000000,5.00e-05,0.7088
1124,stage2_agent,0.386129,0.291830,0.188598,0.000000,0.000000,0.000000,0.000000,0.000000,5.00e-05,0.4931
1125,stage2_agent,0.379463,0.284928,0.189069,0.000000,0.000000,0.000000,0.000000,0.000000,5.00e-05,0.3390
1126,stage2_agent,0.372093,0.277944,0.188299,0.000000,0.000000,0.000000,0.000000,0.000000,5.00e-05,0.4949
1127,stage2_agent,0.381108,0.285711,0.190793,0.000000,0.000000,0.000000,0.000000,0.000000,5.00e-05,0.4372
1128,stage2_agent,0.380840,0.286003,0.189673,0.000000,0.000000,0.000000,0.000000,0.000000,5.00e-05,0.5757
1129,stage2_agent,0.383039,0.287849,0.190381,0.000000,0.000000,0.000000,0.000000,0.000000,5.00e-05,0.3457
1130,stage2_agent,0.395129,0.296919,0.196419,0.000000,0.000000,0.000000,0.000000,0.000000,5.00e-05,0.3872
1131,stage2_agent,0.392470,0.295512,0.193917,0.000000,0.000000,0.000000,0.000000,0.000000,5.00e-05,0.4095
1132,stage2_agent,0.408016,0.308166,0.199701,0.000000,0.000000,0.000000,0.000000,0.000000,5.00e-05,0.3937
1133,stage2_agent,0.382458,0.286919,0.191077,0.000000,0.000000,0.000000,0.000000,0.000000,5.00e-05,0.4461
1134,stage2_agent,0.389130,0.291536,0.195188,0.000000,0.000000,0.000000,0.000000,0.000000,5.00e-05,0.3843
1135,stage2_agent,0.376565,0.283199,0.186732,0.000000,0.000000,0.000000,0.000000,0.000000,5.00e-05,0.4098
1136,stage2_agent,0.382483,0.288149,0.188667,0.000000,0.000000,0.000000,0.000000,0.000000,5.00e-05,0.7437
1137,stage2_agent,0.383523,0.288742,0.189561,0.000000,0.000000,0.000000,0.000000,0.000000,5.00e-05,0.4851
1138,stage2_agent,0.381567,0.287254,0.188626,0.000000,0.000000,0.000000,0.000000,0.000000,5.00e-05,0.6389
1139,stage2_agent,0.386638,0.290150,0.192977,0.000000,0.000000,0.000000,0.000000,0.000000,5.00e-05,0.4959
1140,stage2_agent,0.381904,0.288568,0.186671,0.000000,0.000000,0.000000,0.000000,0.000000,5.00e-05,0.6577
1141,stage2_agent,0.386028,0.290003,0.192049,0.000000,0.000000,0.000000,0.000000,0.000000,5.00e-05,0.7440
1142,stage2_agent,0.386490,0.290400,0.192180,0.000000,0.000000,0.000000,0.000000,0.000000,5.00e-05,0.4065
1143,stage2_agent,0.374781,0.281355,0.186853,0.000000,0.000000,0.000000,0.000000,0.000000,5.00e-05,0.3493
1144,stage2_agent,0.395597,0.298333,0.194529,0.000000,0.000000,0.000000,0.000000,0.000000,5.00e-05,0.4614
1145,stage2_agent,0.370875,0.278675,0.184400,0.000000,0.000000,0.000000,0.000000,0.000000,5.00e-05,0.4700
1146,stage2_agent,0.374747,0.282053,0.185389,0.000000,0.000000,0.000000,0.000000,0.000000,5.00e-05,0.5521
1147,stage2_agent,0.400602,0.302268,0.196667,0.000000,0.000000,0.000000,0.000000,0.000000,5.00e-05,0.4244
1148,stage2_agent,0.377292,0.283274,0.188038,0.000000,0.000000,0.000000,0.000000,0.000000,5.00e-05,0.5920
1149,stage2_agent,0.391724,0.294977,0.193493,0.000000,0.000000,0.000000,0.000000,0.000000,5.00e-05,0.2992
1150,stage2_agent,0.389526,0.295156,0.188738,0.000000,0.000000,0.000000,0.000000,0.000000,5.00e-05,0.4442
1151,stage2_agent,0.379591,0.284977,0.189229,0.000000,0.000000,0.000000,0.000000,0.000000,5.00e-05,0.3777
1152,stage2_agent,0.380088,0.285672,0.188832,0.000000,0.000000,0.000000,0.000000,0.000000,5.00e-05,0.4497
1153,stage2_agent,0.401276,0.301799,0.198953,0.000000,0.000000,0.000000,0.000000,0.000000,5.00e-05,0.6441
1154,stage2_agent,0.378984,0.286197,0.185575,0.000000,0.000000,0.000000,0.000000,0.000000,5.00e-05,0.3945
1155,stage2_agent,0.395287,0.297826,0.194922,0.000000,0.000000,0.000000,0.000000,0.000000,5.00e-05,0.3924
1156,stage2_agent,0.386142,0.290472,0.191338,0.000000,0.000000,0.000000,0.000000,0.000000,5.00e-05,0.5372
1157,stage2_agent,0.380260,0.286220,0.188080,0.000000,0.000000,0.000000,0.000000,0.000000,5.00e-05,0.3763
1158,stage2_agent,0.387794,0.292351,0.190886,0.000000,0.000000,0.000000,0.000000,0.000000,5.00e-05,0.5191
1159,stage2_agent,0.374581,0.281818,0.185525,0.000000,0.000000,0.000000,0.000000,0.000000,5.00e-05,0.5047
1160,stage2_agent,0.373592,0.280368,0.186448,0.000000,0.000000,0.000000,0.000000,0.000000,5.00e-05,0.3689
1161,stage2_agent,0.379912,0.285646,0.188532,0.000000,0.000000,0.000000,0.000000,0.000000,5.00e-05,0.4687
1162,stage2_agent,0.379839,0.285981,0.187717,0.000000,0.000000,0.000000,0.000000,0.000000,5.00e-05,0.3177
1163,stage2_agent,0.375108,0.281792,0.186633,0.000000,0.000000,0.000000,0.000000,0.000000,5.00e-05,0.4879
1164,stage2_agent,0.385628,0.290577,0.190102,0.000000,0.000000,0.000000,0.000000,0.000000,5.00e-05,0.4169
1165,stage2_agent,0.378800,0.285091,0.187417,0.000000,0.000000,0.000000,0.000000,0.000000,5.00e-05,0.5464
1166,stage2_agent,0.387490,0.291893,0.191194,0.000000,0.000000,0.000000,0.000000,0.000000,5.00e-05,0.4845
1167,stage2_agent,0.369922,0.276244,0.187356,0.000000,0.000000,0.000000,0.000000,0.000000,5.00e-05,0.4520
1168,stage2_agent,0.390014,0.295346,0.189336,0.000000,0.000000,0.000000,0.000000,0.000000,5.00e-05,0.3306
1169,stage2_agent,0.389520,0.290866,0.197308,0.000000,0.000000,0.000000,0.000000,0.000000,5.00e-05,0.4698
1170,stage2_agent,0.374158,0.281382,0.185552,0.000000,0.000000,0.000000,0.000000,0.000000,5.00e-05,0.9638
1171,stage2_agent,0.388666,0.294516,0.188299,0.000000,0.000000,0.000000,0.000000,0.000000,5.00e-05,0.4936
1172,stage2_agent,0.388483,0.292873,0.191220,0.000000,0.000000,0.000000,0.000000,0.000000,5.00e-05,0.7054
1173,stage2_agent,0.389283,0.292992,0.192582,0.000000,0.000000,0.000000,0.000000,0.000000,5.00e-05,0.3292
1174,stage2_agent,0.376437,0.284410,0.184054,0.000000,0.000000,0.000000,0.000000,0.000000,5.00e-05,0.3704
1175,stage2_agent,0.386054,0.290713,0.190682,0.000000,0.000000,0.000000,0.000000,0.000000,5.00e-05,0.4925
1176,stage2_agent,0.375760,0.281375,0.188768,0.000000,0.000000,0.000000,0.000000,0.000000,5.00e-05,0.4704
1177,stage2_agent,0.378498,0.284446,0.188104,0.000000,0.000000,0.000000,0.000000,0.000000,5.00e-05,0.2976
1178,stage2_agent,0.377781,0.285430,0.184703,0.000000,0.000000,0.000000,0.000000,0.000000,5.00e-05,0.9184
1179,stage2_agent,0.394947,0.298412,0.193070,0.000000,0.000000,0.000000,0.000000,0.000000,5.00e-05,0.4694
1180,stage2_agent,0.382566,0.287473,0.190185,0.000000,0.000000,0.000000,0.000000,0.000000,5.00e-05,0.3979
1181,stage2_agent,0.379697,0.286153,0.187089,0.000000,0.000000,0.000000,0.000000,0.000000,5.00e-05,0.3811
1182,stage2_agent,0.390310,0.293579,0.193462,0.000000,0.000000,0.000000,0.000000,0.000000,5.00e-05,0.5099
1183,stage2_agent,0.376236,0.284301,0.183870,0.000000,0.000000,0.000000,0.000000,0.000000,5.00e-05,0.3496
1184,stage2_agent,0.394893,0.296967,0.195852,0.000000,0.000000,0.000000,0.000000,0.000000,5.00e-05,0.3869
1185,stage2_agent,0.383600,0.288915,0.189370,0.000000,0.000000,0.000000,0.000000,0.000000,5.00e-05,0.5270
1186,stage2_agent,0.376130,0.281887,0.188486,0.000000,0.000000,0.000000,0.000000,0.000000,5.00e-05,0.3771
1187,stage2_agent,0.383425,0.290086,0.186678,0.000000,0.000000,0.000000,0.000000,0.000000,5.00e-05,0.4905
1188,stage2_agent,0.383754,0.288881,0.189746,0.000000,0.000000,0.000000,0.000000,0.000000,5.00e-05,0.3536
1189,stage2_agent,0.377748,0.285343,0.184810,0.000000,0.000000,0.000000,0.000000,0.000000,5.00e-05,0.3545
1190,stage2_agent,0.387278,0.290261,0.194034,0.000000,0.000000,0.000000,0.000000,0.000000,5.00e-05,0.7463
1191,stage2_agent,0.374463,0.282124,0.184677,0.000000,0.000000,0.000000,0.000000,0.000000,5.00e-05,0.3410
1192,stage2_agent,0.370131,0.278457,0.183348,0.000000,0.000000,0.000000,0.000000,0.000000,5.00e-05,0.3596
1193,stage2_agent,0.388237,0.293166,0.190140,0.000000,0.000000,0.000000,0.000000,0.000000,5.00e-05,0.5988
1194,stage2_agent,0.380525,0.285806,0.189438,0.000000,0.000000,0.000000,0.000000,0.000000,5.00e-05,0.7179
1195,stage2_agent,0.397746,0.299506,0.196480,0.000000,0.000000,0.000000,0.000000,0.000000,5.00e-05,0.5406
1196,stage2_agent,0.377228,0.284343,0.185769,0.000000,0.000000,0.000000,0.000000,0.000000,5.00e-05,0.6943
1197,stage2_agent,0.387549,0.291398,0.192301,0.000000,0.000000,0.000000,0.000000,0.000000,5.00e-05,0.3539
1198,stage2_agent,0.373085,0.280972,0.184227,0.000000,0.000000,0.000000,0.000000,0.000000,5.00e-05,0.4305
1199,stage2_agent,0.374571,0.281975,0.185193,0.000000,0.000000,0.000000,0.000000,0.000000,5.00e-05,0.3974
1200,stage2_agent,0.380302,0.286615,0.187374,0.000000,0.000000,0.000000,0.000000,0.000000,5.00e-05,0.5249
1201,stage2_agent,0.393997,0.296691,0.194612,0.000000,0.000000,0.000000,0.000000,0.000000,5.00e-05,0.4411
1202,stage2_agent,0.386152,0.291483,0.189337,0.000000,0.000000,0.000000,0.000000,0.000000,5.00e-05,0.3898
1203,stage2_agent,0.388298,0.292394,0.191809,0.000000,0.000000,0.000000,0.000000,0.000000,5.00e-05,0.4846
1204,stage2_agent,0.377472,0.282833,0.189279,0.000000,0.000000,0.000000,0.000000,0.000000,5.00e-05,0.4957
1205,stage2_agent,0.373432,0.280794,0.185277,0.000000,0.000000,0.000000,0.000000,0.000000,5.00e-05,0.4202
1206,stage2_agent,0.378230,0.283917,0.188627,0.000000,0.000000,0.000000,0.000000,0.000000,5.00e-05,0.3667
1207,stage2_agent,0.381854,0.288411,0.186886,0.000000,0.000000,0.000000,0.000000,0.000000,5.00e-05,0.4877
1208,stage2_agent,0.375951,0.283649,0.184603,0.000000,0.000000,0.000000,0.000000,0.000000,5.00e-05,0.3144
1209,stage2_agent,0.396272,0.299330,0.193883,0.000000,0.000000,0.000000,0.000000,0.000000,5.00e-05,0.3004
1210,stage2_agent,0.387370,0.291897,0.190947,0.000000,0.000000,0.000000,0.000000,0.000000,5.00e-05,0.7891
1211,stage2_agent,0.380183,0.288174,0.184017,0.000000,0.000000,0.000000,0.000000,0.000000,5.00e-05,0.6538
1212,stage2_agent,0.387334,0.292655,0.189357,0.000000,0.000000,0.000000,0.000000,0.000000,5.00e-05,0.3729
1213,stage2_agent,0.367153,0.276309,0.181688,0.000000,0.000000,0.000000,0.000000,0.000000,5.00e-05,0.4341
1214,stage2_agent,0.389524,0.293099,0.192851,0.000000,0.000000,0.000000,0.000000,0.000000,5.00e-05,0.5232
1215,stage2_agent,0.381458,0.288632,0.185653,0.000000,0.000000,0.000000,0.000000,0.000000,5.00e-05,0.6212
1216,stage2_agent,0.378272,0.284733,0.187078,0.000000,0.000000,0.000000,0.000000,0.000000,5.00e-05,0.3899
1217,stage2_agent,0.371537,0.279857,0.183361,0.000000,0.000000,0.000000,0.000000,0.000000,5.00e-05,0.6211
1218,stage2_agent,0.388248,0.292654,0.191187,0.000000,0.000000,0.000000,0.000000,0.000000,5.00e-05,0.4609
1219,stage2_agent,0.378146,0.285052,0.186188,0.000000,0.000000,0.000000,0.000000,0.000000,5.00e-05,0.3270
1220,stage2_agent,0.378681,0.285013,0.187338,0.000000,0.000000,0.000000,0.000000,0.000000,5.00e-05,0.7183
1221,stage2_agent,0.372148,0.280406,0.183482,0.000000,0.000000,0.000000,0.000000,0.000000,5.00e-05,0.5113
1222,stage2_agent,0.404094,0.305726,0.196737,0.000000,0.000000,0.000000,0.000000,0.000000,5.00e-05,0.3358
1223,stage2_agent,0.370233,0.277814,0.184837,0.000000,0.000000,0.000000,0.000000,0.000000,5.00e-05,0.3403
1224,stage2_agent,0.389791,0.293358,0.192866,0.000000,0.000000,0.000000,0.000000,0.000000,5.00e-05,0.5743
1225,stage2_agent,0.383137,0.288743,0.188789,0.000000,0.000000,0.000000,0.000000,0.000000,5.00e-05,0.5549
1226,stage2_agent,0.387017,0.291959,0.190115,0.000000,0.000000,0.000000,0.000000,0.000000,5.00e-05,0.3836
1227,stage2_agent,0.377593,0.285179,0.184828,0.000000,0.000000,0.000000,0.000000,0.000000,5.00e-05,0.3125
1228,stage2_agent,0.380203,0.285576,0.189254,0.000000,0.000000,0.000000,0.000000,0.000000,5.00e-05,0.4486
1229,stage2_agent,0.384836,0.288169,0.193335,0.000000,0.000000,0.000000,0.000000,0.000000,5.00e-05,0.4223
1230,stage2_agent,0.378280,0.285438,0.185685,0.000000,0.000000,0.000000,0.000000,0.000000,5.00e-05,0.5458
1231,stage2_agent,0.381493,0.287527,0.187932,0.000000,0.000000,0.000000,0.000000,0.000000,5.00e-05,0.7044
1232,stage2_agent,0.374498,0.281532,0.185932,0.000000,0.000000,0.000000,0.000000,0.000000,5.00e-05,0.6052
1233,stage2_agent,0.382717,0.289705,0.186024,0.000000,0.000000,0.000000,0.000000,0.000000,5.00e-05,0.4908
1234,stage2_agent,0.384467,0.289890,0.189154,0.000000,0.000000,0.000000,0.000000,0.000000,5.00e-05,0.4380
1235,stage2_agent,0.383403,0.288396,0.190014,0.000000,0.000000,0.000000,0.000000,0.000000,5.00e-05,0.4773
1236,stage2_agent,0.393368,0.296759,0.193219,0.000000,0.000000,0.000000,0.000000,0.000000,5.00e-05,0.3115
1237,stage2_agent,0.380538,0.285698,0.189679,0.000000,0.000000,0.000000,0.000000,0.000000,5.00e-05,0.5302
1238,stage2_agent,0.388882,0.292637,0.192491,0.000000,0.000000,0.000000,0.000000,0.000000,5.00e-05,0.7916
1239,stage2_agent,0.372110,0.280138,0.183945,0.000000,0.000000,0.000000,0.000000,0.000000,5.00e-05,0.3306
1240,stage2_agent,0.375197,0.280901,0.188592,0.000000,0.000000,0.000000,0.000000,0.000000,5.00e-05,0.3461
1241,stage2_agent,0.383091,0.289720,0.186741,0.000000,0.000000,0.000000,0.000000,0.000000,5.00e-05,0.3811
1242,stage2_agent,0.384831,0.288101,0.193461,0.000000,0.000000,0.000000,0.000000,0.000000,5.00e-05,0.4793
1243,stage2_agent,0.382336,0.287409,0.189855,0.000000,0.000000,0.000000,0.000000,0.000000,5.00e-05,0.7943
1244,stage2_agent,0.368075,0.276175,0.183799,0.000000,0.000000,0.000000,0.000000,0.000000,5.00e-05,0.4416
1245,stage2_agent,0.372518,0.280507,0.184022,0.000000,0.000000,0.000000,0.000000,0.000000,5.00e-05,0.7093
1246,stage2_agent,0.376880,0.283670,0.186420,0.000000,0.000000,0.000000,0.000000,0.000000,5.00e-05,0.7392
1247,stage2_agent,0.377598,0.284476,0.186245,0.000000,0.000000,0.000000,0.000000,0.000000,5.00e-05,0.4897
1248,stage2_agent,0.378174,0.284773,0.186802,0.000000,0.000000,0.000000,0.000000,0.000000,5.00e-05,0.3180
1249,stage2_agent,0.384842,0.290708,0.188269,0.000000,0.000000,0.000000,0.000000,0.000000,5.00e-05,0.4068
1250,stage2_agent,0.374062,0.281124,0.185876,0.000000,0.000000,0.000000,0.000000,0.000000,5.00e-05,0.5408
1251,stage2_agent,0.371121,0.277088,0.188067,0.000000,0.000000,0.000000,0.000000,0.000000,5.00e-05,0.4642
1252,stage2_agent,0.363717,0.272151,0.183132,0.000000,0.000000,0.000000,0.000000,0.000000,5.00e-05,0.4741
1253,stage2_agent,0.393508,0.297607,0.191801,0.000000,0.000000,0.000000,0.000000,0.000000,5.00e-05,0.3080
1254,stage2_agent,0.383959,0.290067,0.187783,0.000000,0.000000,0.000000,0.000000,0.000000,5.00e-05,0.5096
1255,stage2_agent,0.367802,0.276073,0.183457,0.000000,0.000000,0.000000,0.000000,0.000000,5.00e-05,0.4905
1256,stage2_agent,0.387011,0.290964,0.192096,0.000000,0.000000,0.000000,0.000000,0.000000,5.00e-05,0.3528
1257,stage2_agent,0.375737,0.283467,0.184540,0.000000,0.000000,0.000000,0.000000,0.000000,5.00e-05,0.9173
1258,stage2_agent,0.379993,0.287473,0.185042,0.000000,0.000000,0.000000,0.000000,0.000000,5.00e-05,1.1640
1259,stage2_agent,0.371757,0.278408,0.186698,0.000000,0.000000,0.000000,0.000000,0.000000,5.00e-05,0.5065
1260,stage2_agent,0.376174,0.283126,0.186096,0.000000,0.000000,0.000000,0.000000,0.000000,5.00e-05,0.3896
1261,stage2_agent,0.395962,0.299795,0.192333,0.000000,0.000000,0.000000,0.000000,0.000000,5.00e-05,0.7613
1262,stage2_agent,0.377095,0.283661,0.186867,0.000000,0.000000,0.000000,0.000000,0.000000,5.00e-05,1.1383
1263,stage2_agent,0.379690,0.285937,0.187506,0.000000,0.000000,0.000000,0.000000,0.000000,5.00e-05,0.5383
1264,stage2_agent,0.379243,0.286572,0.185342,0.000000,0.000000,0.000000,0.000000,0.000000,5.00e-05,0.6575
1265,stage2_agent,0.383192,0.289247,0.187889,0.000000,0.000000,0.000000,0.000000,0.000000,5.00e-05,0.4074
1266,stage2_agent,0.378686,0.285173,0.187026,0.000000,0.000000,0.000000,0.000000,0.000000,5.00e-05,0.7997
1267,stage2_agent,0.377256,0.284196,0.186120,0.000000,0.000000,0.000000,0.000000,0.000000,5.00e-05,0.8963
1268,stage2_agent,0.376289,0.283959,0.184660,0.000000,0.000000,0.000000,0.000000,0.000000,5.00e-05,1.0661
1269,stage2_agent,0.389882,0.293594,0.192577,0.000000,0.000000,0.000000,0.000000,0.000000,5.00e-05,0.4860
1270,stage2_agent,0.388135,0.292611,0.191048,0.000000,0.000000,0.000000,0.000000,0.000000,5.00e-05,0.6449
1271,stage2_agent,0.385941,0.291755,0.188373,0.000000,0.000000,0.000000,0.000000,0.000000,5.00e-05,1.4213
1272,stage2_agent,0.384187,0.289136,0.190103,0.000000,0.000000,0.000000,0.000000,0.000000,5.00e-05,0.6888
1273,stage2_agent,0.373033,0.280662,0.184743,0.000000,0.000000,0.000000,0.000000,0.000000,5.00e-05,0.4543
1274,stage2_agent,0.369382,0.277424,0.183916,0.000000,0.000000,0.000000,0.000000,0.000000,5.00e-05,0.8928
1275,stage2_agent,0.381570,0.288765,0.185609,0.000000,0.000000,0.000000,0.000000,0.000000,5.00e-05,0.9052
1276,stage2_agent,0.379729,0.286200,0.187058,0.000000,0.000000,0.000000,0.000000,0.000000,5.00e-05,0.4938
1277,stage2_agent,0.377363,0.283488,0.187751,0.000000,0.000000,0.000000,0.000000,0.000000,5.00e-05,0.3451
1278,stage2_agent,0.387428,0.292385,0.190086,0.000000,0.000000,0.000000,0.000000,0.000000,5.00e-05,0.5089
1279,stage2_agent,0.395208,0.298348,0.193720,0.000000,0.000000,0.000000,0.000000,0.000000,5.00e-05,0.8090
1280,stage2_agent,0.379916,0.286911,0.186009,0.000000,0.000000,0.000000,0.000000,0.000000,5.00e-05,0.6276
1281,stage2_agent,0.369915,0.279122,0.181586,0.000000,0.000000,0.000000,0.000000,0.000000,5.00e-05,1.0899
1282,stage2_agent,0.380258,0.287299,0.185918,0.000000,0.000000,0.000000,0.000000,0.000000,5.00e-05,1.1230
1283,stage2_agent,0.375487,0.282235,0.186504,0.000000,0.000000,0.000000,0.000000,0.000000,5.00e-05,0.9159
1284,stage2_agent,0.369630,0.279092,0.181076,0.000000,0.000000,0.000000,0.000000,0.000000,5.00e-05,0.5914
1285,stage2_agent,0.370739,0.278333,0.184812,0.000000,0.000000,0.000000,0.000000,0.000000,5.00e-05,0.4230
1286,stage2_agent,0.380218,0.285991,0.188454,0.000000,0.000000,0.000000,0.000000,0.000000,5.00e-05,0.7734
1287,stage2_agent,0.372441,0.280225,0.184434,0.000000,0.000000,0.000000,0.000000,0.000000,5.00e-05,0.3716
1288,stage2_agent,0.386612,0.291864,0.189495,0.000000,0.000000,0.000000,0.000000,0.000000,5.00e-05,0.8371
1289,stage2_agent,0.383937,0.289968,0.187938,0.000000,0.000000,0.000000,0.000000,0.000000,5.00e-05,0.6822
1290,stage2_agent,0.380173,0.286708,0.186929,0.000000,0.000000,0.000000,0.000000,0.000000,5.00e-05,0.4160
1291,stage2_agent,0.384653,0.290807,0.187691,0.000000,0.000000,0.000000,0.000000,0.000000,5.00e-05,0.6463
1292,stage2_agent,0.370527,0.278706,0.183642,0.000000,0.000000,0.000000,0.000000,0.000000,5.00e-05,0.4787
1293,stage2_agent,0.387133,0.292318,0.189630,0.000000,0.000000,0.000000,0.000000,0.000000,5.00e-05,0.3392
1294,stage2_agent,0.379238,0.284741,0.188994,0.000000,0.000000,0.000000,0.000000,0.000000,5.00e-05,0.7335
1295,stage2_agent,0.386586,0.291690,0.189793,0.000000,0.000000,0.000000,0.000000,0.000000,5.00e-05,0.7822
1296,stage2_agent,0.395661,0.299139,0.193045,0.000000,0.000000,0.000000,0.000000,0.000000,5.00e-05,0.8097
1297,stage2_agent,0.376128,0.283127,0.186001,0.000000,0.000000,0.000000,0.000000,0.000000,5.00e-05,0.4593
1298,stage2_agent,0.380481,0.286504,0.187956,0.000000,0.000000,0.000000,0.000000,0.000000,5.00e-05,0.8780
1299,stage2_agent,0.378245,0.285714,0.185062,0.000000,0.000000,0.000000,0.000000,0.000000,5.00e-05,0.4777
1300,stage2_agent,0.386443,0.292360,0.188166,0.000000,0.000000,0.000000,0.000000,0.000000,5.00e-05,0.5147
1301,stage2_agent,0.392873,0.296159,0.193428,0.000000,0.000000,0.000000,0.000000,0.000000,5.00e-05,0.5106
1302,stage2_agent,0.378295,0.284864,0.186863,0.000000,0.000000,0.000000,0.000000,0.000000,5.00e-05,1.1278
1303,stage2_agent,0.377440,0.283064,0.188752,0.000000,0.000000,0.000000,0.000000,0.000000,5.00e-05,0.4345
1304,stage2_agent,0.385557,0.291309,0.188497,0.000000,0.000000,0.000000,0.000000,0.000000,5.00e-05,0.5567
1305,stage2_agent,0.369042,0.277575,0.182933,0.000000,0.000000,0.000000,0.000000,0.000000,5.00e-05,0.6571
1306,stage2_agent,0.368147,0.277082,0.182129,0.000000,0.000000,0.000000,0.000000,0.000000,5.00e-05,0.6505
1307,stage2_agent,0.380251,0.284570,0.191364,0.000000,0.000000,0.000000,0.000000,0.000000,5.00e-05,0.4246
1308,stage2_agent,0.386889,0.291014,0.191750,0.000000,0.000000,0.000000,0.000000,0.000000,5.00e-05,0.4086
1309,stage2_agent,0.377730,0.283875,0.187710,0.000000,0.000000,0.000000,0.000000,0.000000,5.00e-05,0.5546
1310,stage2_agent,0.378612,0.285865,0.185494,0.000000,0.000000,0.000000,0.000000,0.000000,5.00e-05,0.5585
1311,stage2_agent,0.389162,0.293678,0.190969,0.000000,0.000000,0.000000,0.000000,0.000000,5.00e-05,0.5310
1312,stage2_agent,0.381500,0.285949,0.191101,0.000000,0.000000,0.000000,0.000000,0.000000,5.00e-05,0.3371
1313,stage2_agent,0.388169,0.293661,0.189016,0.000000,0.000000,0.000000,0.000000,0.000000,5.00e-05,0.9038
1314,stage2_agent,0.391815,0.295337,0.192956,0.000000,0.000000,0.000000,0.000000,0.000000,5.00e-05,0.7073
1315,stage2_agent,0.384357,0.290541,0.187632,0.000000,0.000000,0.000000,0.000000,0.000000,5.00e-05,0.5736
1316,stage2_agent,0.375089,0.282630,0.184918,0.000000,0.000000,0.000000,0.000000,0.000000,5.00e-05,0.5894
1317,stage2_agent,0.368379,0.277505,0.181747,0.000000,0.000000,0.000000,0.000000,0.000000,5.00e-05,0.4491
1318,stage2_agent,0.378649,0.284826,0.187646,0.000000,0.000000,0.000000,0.000000,0.000000,5.00e-05,0.5491
1319,stage2_agent,0.387709,0.293671,0.188075,0.000000,0.000000,0.000000,0.000000,0.000000,5.00e-05,0.3927
1320,stage2_agent,0.369099,0.277632,0.182934,0.000000,0.000000,0.000000,0.000000,0.000000,5.00e-05,0.3774
1321,stage2_agent,0.374602,0.282559,0.184085,0.000000,0.000000,0.000000,0.000000,0.000000,5.00e-05,0.4641
1322,stage2_agent,0.362617,0.272429,0.180375,0.000000,0.000000,0.000000,0.000000,0.000000,5.00e-05,0.7240
1323,stage2_agent,0.371027,0.279668,0.182718,0.000000,0.000000,0.000000,0.000000,0.000000,5.00e-05,1.2243
1324,stage2_agent,0.391210,0.295203,0.192013,0.000000,0.000000,0.000000,0.000000,0.000000,5.00e-05,0.4622
1325,stage2_agent,0.370618,0.278965,0.183304,0.000000,0.000000,0.000000,0.000000,0.000000,5.00e-05,1.9159
1326,stage2_agent,0.386851,0.290385,0.192933,0.000000,0.000000,0.000000,0.000000,0.000000,5.00e-05,0.4366
1327,stage2_agent,0.369342,0.277086,0.184513,0.000000,0.000000,0.000000,0.000000,0.000000,5.00e-05,2.0272
1328,stage2_agent,0.375371,0.283428,0.183885,0.000000,0.000000,0.000000,0.000000,0.000000,5.00e-05,0.5672
1329,stage2_agent,0.381453,0.287862,0.187182,0.000000,0.000000,0.000000,0.000000,0.000000,5.00e-05,0.4636
1330,stage2_agent,0.376373,0.283517,0.185714,0.000000,0.000000,0.000000,0.000000,0.000000,5.00e-05,0.4065
1331,stage2_agent,0.387752,0.291711,0.192083,0.000000,0.000000,0.000000,0.000000,0.000000,5.00e-05,0.9714
1332,stage2_agent,0.375043,0.282209,0.185669,0.000000,0.000000,0.000000,0.000000,0.000000,5.00e-05,0.5895
1333,stage2_agent,0.388750,0.293659,0.190182,0.000000,0.000000,0.000000,0.000000,0.000000,5.00e-05,0.4725
1334,stage2_agent,0.368096,0.277167,0.181858,0.000000,0.000000,0.000000,0.000000,0.000000,5.00e-05,0.3589
1335,stage2_agent,0.383517,0.288648,0.189738,0.000000,0.000000,0.000000,0.000000,0.000000,5.00e-05,0.4304
1336,stage2_agent,0.378833,0.285614,0.186439,0.000000,0.000000,0.000000,0.000000,0.000000,5.00e-05,0.5008
1337,stage2_agent,0.372659,0.279924,0.185469,0.000000,0.000000,0.000000,0.000000,0.000000,5.00e-05,0.6914
1338,stage2_agent,0.375596,0.281714,0.187764,0.000000,0.000000,0.000000,0.000000,0.000000,5.00e-05,0.8435
1339,stage2_agent,0.374301,0.282423,0.183754,0.000000,0.000000,0.000000,0.000000,0.000000,5.00e-05,0.4418
1340,stage2_agent,0.376902,0.284083,0.185638,0.000000,0.000000,0.000000,0.000000,0.000000,5.00e-05,1.3225
1341,stage2_agent,0.362353,0.271095,0.182516,0.000000,0.000000,0.000000,0.000000,0.000000,5.00e-05,0.3172
1342,stage2_agent,0.399684,0.300352,0.198664,0.000000,0.000000,0.000000,0.000000,0.000000,5.00e-05,0.6619
1343,stage2_agent,0.380201,0.286057,0.188288,0.000000,0.000000,0.000000,0.000000,0.000000,5.00e-05,0.4755
1344,stage2_agent,0.380342,0.285802,0.189080,0.000000,0.000000,0.000000,0.000000,0.000000,5.00e-05,0.9775
1345,stage2_agent,0.375548,0.282786,0.185524,0.000000,0.000000,0.000000,0.000000,0.000000,5.00e-05,0.5859
1346,stage2_agent,0.380130,0.285565,0.189129,0.000000,0.000000,0.000000,0.000000,0.000000,5.00e-05,0.4283
1347,stage2_agent,0.400807,0.303826,0.193963,0.000000,0.000000,0.000000,0.000000,0.000000,5.00e-05,0.3948
1348,stage2_agent,0.379418,0.286606,0.185622,0.000000,0.000000,0.000000,0.000000,0.000000,5.00e-05,0.5703
1349,stage2_agent,0.380679,0.287511,0.186336,0.000000,0.000000,0.000000,0.000000,0.000000,5.00e-05,0.3438
1350,stage2_agent,0.376723,0.283635,0.186176,0.000000,0.000000,0.000000,0.000000,0.000000,5.00e-05,1.0399
1351,stage2_agent,0.375162,0.282981,0.184363,0.000000,0.000000,0.000000,0.000000,0.000000,5.00e-05,0.4697
1352,stage2_agent,0.373961,0.281928,0.184066,0.000000,0.000000,0.000000,0.000000,0.000000,5.00e-05,0.3447
1353,stage2_agent,0.381376,0.288571,0.185608,0.000000,0.000000,0.000000,0.000000,0.000000,5.00e-05,0.4276
1354,stage2_agent,0.369309,0.278566,0.181485,0.000000,0.000000,0.000000,0.000000,0.000000,5.00e-05,1.3481
1355,stage2_agent,0.386398,0.290448,0.191900,0.000000,0.000000,0.000000,0.000000,0.000000,5.00e-05,0.3986
1356,stage2_agent,0.382790,0.288311,0.188959,0.000000,0.000000,0.000000,0.000000,0.000000,5.00e-05,1.2737
1357,stage2_agent,0.393267,0.295786,0.194961,0.000000,0.000000,0.000000,0.000000,0.000000,5.00e-05,0.5664
1358,stage2_agent,0.373222,0.281819,0.182807,0.000000,0.000000,0.000000,0.000000,0.000000,5.00e-05,0.9866
1359,stage2_agent,0.365016,0.273556,0.182921,0.000000,0.000000,0.000000,0.000000,0.000000,5.00e-05,0.6949
1360,stage2_agent,0.379100,0.285119,0.187962,0.000000,0.000000,0.000000,0.000000,0.000000,5.00e-05,1.1803
1361,stage2_agent,0.378831,0.285584,0.186494,0.000000,0.000000,0.000000,0.000000,0.000000,5.00e-05,0.4666
1362,stage2_agent,0.379381,0.287083,0.184596,0.000000,0.000000,0.000000,0.000000,0.000000,5.00e-05,0.3240
1363,stage2_agent,0.369718,0.277408,0.184618,0.000000,0.000000,0.000000,0.000000,0.000000,5.00e-05,0.7740
1364,stage2_agent,0.371619,0.279185,0.184870,0.000000,0.000000,0.000000,0.000000,0.000000,5.00e-05,0.6405
1365,stage2_agent,0.372744,0.280773,0.183942,0.000000,0.000000,0.000000,0.000000,0.000000,5.00e-05,0.3640
1366,stage2_agent,0.389037,0.292692,0.192689,0.000000,0.000000,0.000000,0.000000,0.000000,5.00e-05,0.4088
1367,stage2_agent,0.379361,0.286298,0.186126,0.000000,0.000000,0.000000,0.000000,0.000000,5.00e-05,0.5200
1368,stage2_agent,0.371714,0.279912,0.183603,0.000000,0.000000,0.000000,0.000000,0.000000,5.00e-05,0.8314
1369,stage2_agent,0.377342,0.283656,0.187372,0.000000,0.000000,0.000000,0.000000,0.000000,5.00e-05,0.7733
1370,stage2_agent,0.374531,0.280742,0.187576,0.000000,0.000000,0.000000,0.000000,0.000000,5.00e-05,0.3599
1371,stage2_agent,0.382763,0.288715,0.188096,0.000000,0.000000,0.000000,0.000000,0.000000,5.00e-05,0.7763
1372,stage2_agent,0.391446,0.295467,0.191957,0.000000,0.000000,0.000000,0.000000,0.000000,5.00e-05,0.6911
1373,stage2_agent,0.394861,0.299764,0.190192,0.000000,0.000000,0.000000,0.000000,0.000000,5.00e-05,0.8719
1374,stage2_agent,0.376315,0.283149,0.186331,0.000000,0.000000,0.000000,0.000000,0.000000,5.00e-05,0.8933
1375,stage2_agent,0.394480,0.298142,0.192677,0.000000,0.000000,0.000000,0.000000,0.000000,5.00e-05,0.5774
1376,stage2_agent,0.377087,0.284284,0.185605,0.000000,0.000000,0.000000,0.000000,0.000000,5.00e-05,0.5599
1377,stage2_agent,0.386548,0.290677,0.191741,0.000000,0.000000,0.000000,0.000000,0.000000,5.00e-05,0.5166
1378,stage2_agent,0.381005,0.286908,0.188195,0.000000,0.000000,0.000000,0.000000,0.000000,5.00e-05,0.5101
1379,stage2_agent,0.381413,0.288490,0.185846,0.000000,0.000000,0.000000,0.000000,0.000000,5.00e-05,0.3577
1380,stage2_agent,0.394439,0.297647,0.193584,0.000000,0.000000,0.000000,0.000000,0.000000,5.00e-05,0.5276
1381,stage2_agent,0.362487,0.271194,0.182585,0.000000,0.000000,0.000000,0.000000,0.000000,5.00e-05,0.6626
1382,stage2_agent,0.388729,0.292667,0.192123,0.000000,0.000000,0.000000,0.000000,0.000000,5.00e-05,0.5843
1383,stage2_agent,0.388582,0.292291,0.192582,0.000000,0.000000,0.000000,0.000000,0.000000,5.00e-05,0.5005
1384,stage2_agent,0.393929,0.298068,0.191723,0.000000,0.000000,0.000000,0.000000,0.000000,5.00e-05,0.5222
1385,stage2_agent,0.375317,0.282360,0.185914,0.000000,0.000000,0.000000,0.000000,0.000000,5.00e-05,0.3472
1386,stage2_agent,0.394774,0.297505,0.194538,0.000000,0.000000,0.000000,0.000000,0.000000,5.00e-05,0.3316
1387,stage2_agent,0.371162,0.279090,0.184144,0.000000,0.000000,0.000000,0.000000,0.000000,5.00e-05,0.5619
1388,stage2_agent,0.380269,0.286670,0.187197,0.000000,0.000000,0.000000,0.000000,0.000000,5.00e-05,0.3450
1389,stage2_agent,0.392580,0.295624,0.193912,0.000000,0.000000,0.000000,0.000000,0.000000,5.00e-05,1.0919
1390,stage2_agent,0.371179,0.279266,0.183826,0.000000,0.000000,0.000000,0.000000,0.000000,5.00e-05,0.7410
1391,stage2_agent,0.381372,0.288365,0.186014,0.000000,0.000000,0.000000,0.000000,0.000000,5.00e-05,0.5739
1392,stage2_agent,0.369109,0.278799,0.180620,0.000000,0.000000,0.000000,0.000000,0.000000,5.00e-05,0.7661
1393,stage2_agent,0.374251,0.281782,0.184938,0.000000,0.000000,0.000000,0.000000,0.000000,5.00e-05,1.2250
1394,stage2_agent,0.390799,0.296462,0.188674,0.000000,0.000000,0.000000,0.000000,0.000000,5.00e-05,0.6186
1395,stage2_agent,0.385651,0.289255,0.192792,0.000000,0.000000,0.000000,0.000000,0.000000,5.00e-05,0.3816
1396,stage2_agent,0.374856,0.281588,0.186536,0.000000,0.000000,0.000000,0.000000,0.000000,5.00e-05,0.9988
1397,stage2_agent,0.379480,0.286522,0.185917,0.000000,0.000000,0.000000,0.000000,0.000000,5.00e-05,2.1851
1398,stage2_agent,0.374988,0.282964,0.184048,0.000000,0.000000,0.000000,0.000000,0.000000,5.00e-05,0.3714
1399,stage2_agent,0.364374,0.273881,0.180986,0.000000,0.000000,0.000000,0.000000,0.000000,5.00e-05,0.7109
1400,stage2_agent,0.372485,0.280065,0.184840,0.000000,0.000000,0.000000,0.000000,0.000000,5.00e-05,0.4781
1401,stage2_agent,0.376776,0.283860,0.185831,0.000000,0.000000,0.000000,0.000000,0.000000,5.00e-05,1.0529
1402,stage2_agent,0.389711,0.294152,0.191118,0.000000,0.000000,0.000000,0.000000,0.000000,5.00e-05,0.9728
1403,stage2_agent,0.383420,0.289069,0.188701,0.000000,0.000000,0.000000,0.000000,0.000000,5.00e-05,1.0826
1404,stage2_agent,0.384175,0.290309,0.187732,0.000000,0.000000,0.000000,0.000000,0.000000,5.00e-05,0.6971
1405,stage2_agent,0.385156,0.290004,0.190305,0.000000,0.000000,0.000000,0.000000,0.000000,5.00e-05,0.6430
1406,stage2_agent,0.382279,0.288774,0.187011,0.000000,0.000000,0.000000,0.000000,0.000000,5.00e-05,0.7677
1407,stage2_agent,0.376945,0.285075,0.183739,0.000000,0.000000,0.000000,0.000000,0.000000,5.00e-05,0.6121
1408,stage2_agent,0.378655,0.285816,0.185677,0.000000,0.000000,0.000000,0.000000,0.000000,5.00e-05,0.5243
1409,stage2_agent,0.384798,0.290832,0.187934,0.000000,0.000000,0.000000,0.000000,0.000000,5.00e-05,1.0161
1410,stage2_agent,0.374179,0.282243,0.183872,0.000000,0.000000,0.000000,0.000000,0.000000,5.00e-05,0.6983
1411,stage2_agent,0.376304,0.283465,0.185677,0.000000,0.000000,0.000000,0.000000,0.000000,5.00e-05,0.3699
1412,stage2_agent,0.373142,0.281776,0.182731,0.000000,0.000000,0.000000,0.000000,0.000000,5.00e-05,0.5044
1413,stage2_agent,0.386492,0.291520,0.189944,0.000000,0.000000,0.000000,0.000000,0.000000,5.00e-05,0.3109
1414,stage2_agent,0.379870,0.286541,0.186659,0.000000,0.000000,0.000000,0.000000,0.000000,5.00e-05,0.7783
1415,stage2_agent,0.383253,0.289842,0.186820,0.000000,0.000000,0.000000,0.000000,0.000000,5.00e-05,0.6690
1416,stage2_agent,0.378349,0.284675,0.187347,0.000000,0.000000,0.000000,0.000000,0.000000,5.00e-05,1.1567
1417,stage2_agent,0.374047,0.281496,0.185102,0.000000,0.000000,0.000000,0.000000,0.000000,5.00e-05,0.6543
1418,stage2_agent,0.366290,0.275008,0.182565,0.000000,0.000000,0.000000,0.000000,0.000000,5.00e-05,0.8501
1419,stage2_agent,0.376135,0.283465,0.185342,0.000000,0.000000,0.000000,0.000000,0.000000,5.00e-05,0.3528
1420,stage2_agent,0.379161,0.285522,0.187277,0.000000,0.000000,0.000000,0.000000,0.000000,5.00e-05,0.5063
1421,stage2_agent,0.383348,0.288278,0.190140,0.000000,0.000000,0.000000,0.000000,0.000000,5.00e-05,0.3234
1422,stage2_agent,0.381119,0.286029,0.190181,0.000000,0.000000,0.000000,0.000000,0.000000,5.00e-05,0.7345
1423,stage2_agent,0.375829,0.283358,0.184944,0.000000,0.000000,0.000000,0.000000,0.000000,5.00e-05,0.5177
1424,stage2_agent,0.391874,0.296813,0.190122,0.000000,0.000000,0.000000,0.000000,0.000000,5.00e-05,0.3533
1425,stage2_agent,0.391291,0.295716,0.191148,0.000000,0.000000,0.000000,0.000000,0.000000,5.00e-05,0.9375
1426,stage2_agent,0.384989,0.290387,0.189205,0.000000,0.000000,0.000000,0.000000,0.000000,5.00e-05,0.3840
1427,stage2_agent,0.372761,0.280132,0.185259,0.000000,0.000000,0.000000,0.000000,0.000000,5.00e-05,0.4718
1428,stage2_agent,0.379018,0.285498,0.187042,0.000000,0.000000,0.000000,0.000000,0.000000,5.00e-05,0.5583
1429,stage2_agent,0.376491,0.283963,0.185056,0.000000,0.000000,0.000000,0.000000,0.000000,5.00e-05,0.4070
1430,stage2_agent,0.374249,0.282387,0.183724,0.000000,0.000000,0.000000,0.000000,0.000000,5.00e-05,0.6838
1431,stage2_agent,0.372252,0.281062,0.182380,0.000000,0.000000,0.000000,0.000000,0.000000,5.00e-05,0.3521
1432,stage2_agent,0.378437,0.285150,0.186574,0.000000,0.000000,0.000000,0.000000,0.000000,5.00e-05,0.9424
1433,stage2_agent,0.380260,0.287105,0.186310,0.000000,0.000000,0.000000,0.000000,0.000000,5.00e-05,0.8909
1434,stage2_agent,0.368327,0.276800,0.183054,0.000000,0.000000,0.000000,0.000000,0.000000,5.00e-05,0.4524
1435,stage2_agent,0.389080,0.292906,0.192347,0.000000,0.000000,0.000000,0.000000,0.000000,5.00e-05,0.4331
1436,stage2_agent,0.373829,0.283379,0.180900,0.000000,0.000000,0.000000,0.000000,0.000000,5.00e-05,0.4468
1437,stage2_agent,0.391200,0.295398,0.191605,0.000000,0.000000,0.000000,0.000000,0.000000,5.00e-05,0.7238
1438,stage2_agent,0.390367,0.295896,0.188943,0.000000,0.000000,0.000000,0.000000,0.000000,5.00e-05,0.3991
1439,stage2_agent,0.365499,0.274357,0.182286,0.000000,0.000000,0.000000,0.000000,0.000000,5.00e-05,0.6165
1440,stage2_agent,0.382164,0.288178,0.187972,0.000000,0.000000,0.000000,0.000000,0.000000,5.00e-05,0.4582
1441,stage2_agent,0.380139,0.287644,0.184990,0.000000,0.000000,0.000000,0.000000,0.000000,5.00e-05,0.4019
1442,stage2_agent,0.379344,0.286511,0.185665,0.000000,0.000000,0.000000,0.000000,0.000000,5.00e-05,0.9688
1443,stage2_agent,0.388410,0.291723,0.193375,0.000000,0.000000,0.000000,0.000000,0.000000,5.00e-05,0.5757
1444,stage2_agent,0.377615,0.285614,0.184003,0.000000,0.000000,0.000000,0.000000,0.000000,5.00e-05,0.8207
1445,stage2_agent,0.385279,0.290629,0.189300,0.000000,0.000000,0.000000,0.000000,0.000000,5.00e-05,1.0529
1446,stage2_agent,0.384618,0.289411,0.190414,0.000000,0.000000,0.000000,0.000000,0.000000,5.00e-05,0.7577
1447,stage2_agent,0.377789,0.284425,0.186729,0.000000,0.000000,0.000000,0.000000,0.000000,5.00e-05,0.9981
1448,stage2_agent,0.383536,0.289067,0.188938,0.000000,0.000000,0.000000,0.000000,0.000000,5.00e-05,0.7908
1449,stage2_agent,0.380871,0.287744,0.186254,0.000000,0.000000,0.000000,0.000000,0.000000,5.00e-05,0.6309
1450,stage2_agent,0.386339,0.291932,0.188815,0.000000,0.000000,0.000000,0.000000,0.000000,5.00e-05,0.7585
1451,stage2_agent,0.388051,0.292854,0.190393,0.000000,0.000000,0.000000,0.000000,0.000000,5.00e-05,0.9530
1452,stage2_agent,0.372575,0.280275,0.184599,0.000000,0.000000,0.000000,0.000000,0.000000,5.00e-05,0.4372
1453,stage2_agent,0.382581,0.288626,0.187910,0.000000,0.000000,0.000000,0.000000,0.000000,5.00e-05,0.4466
1454,stage2_agent,0.386508,0.290713,0.191589,0.000000,0.000000,0.000000,0.000000,0.000000,5.00e-05,0.4109
1455,stage2_agent,0.359974,0.270476,0.178995,0.000000,0.000000,0.000000,0.000000,0.000000,5.00e-05,1.3252
1456,stage2_agent,0.368104,0.276814,0.182578,0.000000,0.000000,0.000000,0.000000,0.000000,5.00e-05,1.0540
1457,stage2_agent,0.369843,0.278506,0.182673,0.000000,0.000000,0.000000,0.000000,0.000000,5.00e-05,0.8532
1458,stage2_agent,0.368901,0.276669,0.184464,0.000000,0.000000,0.000000,0.000000,0.000000,5.00e-05,1.2209
1459,stage2_agent,0.385225,0.290873,0.188705,0.000000,0.000000,0.000000,0.000000,0.000000,5.00e-05,0.6091
1460,stage2_agent,0.373812,0.281932,0.183760,0.000000,0.000000,0.000000,0.000000,0.000000,5.00e-05,1.9748
1461,stage2_agent,0.383118,0.288440,0.189356,0.000000,0.000000,0.000000,0.000000,0.000000,5.00e-05,0.6419
1462,stage2_agent,0.370555,0.279716,0.181678,0.000000,0.000000,0.000000,0.000000,0.000000,5.00e-05,0.6078
1463,stage2_agent,0.376761,0.283562,0.186398,0.000000,0.000000,0.000000,0.000000,0.000000,5.00e-05,0.4677
1464,stage2_agent,0.356482,0.266509,0.179945,0.000000,0.000000,0.000000,0.000000,0.000000,5.00e-05,1.1817
1465,stage2_agent,0.367526,0.276348,0.182355,0.000000,0.000000,0.000000,0.000000,0.000000,5.00e-05,0.5614
1466,stage2_agent,0.389626,0.295603,0.188047,0.000000,0.000000,0.000000,0.000000,0.000000,5.00e-05,0.3954
1467,stage2_agent,0.381599,0.287422,0.188354,0.000000,0.000000,0.000000,0.000000,0.000000,5.00e-05,1.0214
1468,stage2_agent,0.369729,0.278168,0.183122,0.000000,0.000000,0.000000,0.000000,0.000000,5.00e-05,0.5778
1469,stage2_agent,0.376564,0.282960,0.187210,0.000000,0.000000,0.000000,0.000000,0.000000,5.00e-05,0.6102
1470,stage2_agent,0.383310,0.289214,0.188192,0.000000,0.000000,0.000000,0.000000,0.000000,5.00e-05,0.4547
1471,stage2_agent,0.378121,0.284571,0.187101,0.000000,0.000000,0.000000,0.000000,0.000000,5.00e-05,0.6376
1472,stage2_agent,0.396297,0.299875,0.192843,0.000000,0.000000,0.000000,0.000000,0.000000,5.00e-05,0.5815
1473,stage2_agent,0.375129,0.283361,0.183536,0.000000,0.000000,0.000000,0.000000,0.000000,5.00e-05,0.9033
1474,stage2_agent,0.373489,0.281540,0.183899,0.000000,0.000000,0.000000,0.000000,0.000000,5.00e-05,0.3229
1475,stage2_agent,0.369943,0.279368,0.181150,0.000000,0.000000,0.000000,0.000000,0.000000,5.00e-05,0.4709
1476,stage2_agent,0.383384,0.289835,0.187098,0.000000,0.000000,0.000000,0.000000,0.000000,5.00e-05,0.9678
1477,stage2_agent,0.374256,0.281802,0.184909,0.000000,0.000000,0.000000,0.000000,0.000000,5.00e-05,0.8531
1478,stage2_agent,0.395174,0.297755,0.194837,0.000000,0.000000,0.000000,0.000000,0.000000,5.00e-05,0.7354
1479,stage2_agent,0.384400,0.289762,0.189276,0.000000,0.000000,0.000000,0.000000,0.000000,5.00e-05,1.1774
1480,stage2_agent,0.377085,0.284204,0.185761,0.000000,0.000000,0.000000,0.000000,0.000000,5.00e-05,0.3926
1481,stage2_agent,0.378988,0.286374,0.185228,0.000000,0.000000,0.000000,0.000000,0.000000,5.00e-05,0.6705
1482,stage2_agent,0.393812,0.297629,0.192367,0.000000,0.000000,0.000000,0.000000,0.000000,5.00e-05,0.4131
1483,stage2_agent,0.377431,0.284254,0.186356,0.000000,0.000000,0.000000,0.000000,0.000000,5.00e-05,0.5541
1484,stage2_agent,0.390189,0.294604,0.191169,0.000000,0.000000,0.000000,0.000000,0.000000,5.00e-05,0.6910
1485,stage2_agent,0.378210,0.285056,0.186307,0.000000,0.000000,0.000000,0.000000,0.000000,5.00e-05,0.4434
1486,stage2_agent,0.377554,0.284671,0.185767,0.000000,0.000000,0.000000,0.000000,0.000000,5.00e-05,0.6784
1487,stage2_agent,0.378523,0.285634,0.185777,0.000000,0.000000,0.000000,0.000000,0.000000,5.00e-05,0.7714
1488,stage2_agent,0.377600,0.285089,0.185022,0.000000,0.000000,0.000000,0.000000,0.000000,5.00e-05,0.6037
1489,stage2_agent,0.375734,0.282084,0.187299,0.000000,0.000000,0.000000,0.000000,0.000000,5.00e-05,0.7157
1490,stage2_agent,0.381400,0.287215,0.188371,0.000000,0.000000,0.000000,0.000000,0.000000,5.00e-05,1.9504
1491,stage2_agent,0.379413,0.286061,0.186703,0.000000,0.000000,0.000000,0.000000,0.000000,5.00e-05,0.6306
1492,stage2_agent,0.378548,0.285490,0.186116,0.000000,0.000000,0.000000,0.000000,0.000000,5.00e-05,0.5970
1493,stage2_agent,0.381580,0.287253,0.188654,0.000000,0.000000,0.000000,0.000000,0.000000,5.00e-05,0.5173
1494,stage2_agent,0.380307,0.287021,0.186572,0.000000,0.000000,0.000000,0.000000,0.000000,5.00e-05,0.7058
1495,stage2_agent,0.377070,0.284688,0.184764,0.000000,0.000000,0.000000,0.000000,0.000000,5.00e-05,0.7094
1496,stage2_agent,0.373420,0.282075,0.182690,0.000000,0.000000,0.000000,0.000000,0.000000,5.00e-05,0.4894
1497,stage2_agent,0.385077,0.291208,0.187738,0.000000,0.000000,0.000000,0.000000,0.000000,5.00e-05,0.4776
1498,stage2_agent,0.385410,0.290070,0.190680,0.000000,0.000000,0.000000,0.000000,0.000000,5.00e-05,1.0296
1499,stage2_agent,0.385116,0.289102,0.192028,0.000000,0.000000,0.000000,0.000000,0.000000,5.00e-05,1.0975
1500,stage2_agent,0.396090,0.298648,0.194885,0.000000,0.000000,0.000000,0.000000,0.000000,5.00e-05,0.3349
1501,stage2_agent,0.375028,0.282013,0.186030,0.000000,0.000000,0.000000,0.000000,0.000000,5.00e-05,0.3232
1502,stage2_agent,0.367178,0.276397,0.181561,0.000000,0.000000,0.000000,0.000000,0.000000,5.00e-05,0.9206
1503,stage2_agent,0.360400,0.270917,0.178966,0.000000,0.000000,0.000000,0.000000,0.000000,5.00e-05,0.8477
1504,stage2_agent,0.365669,0.274959,0.181420,0.000000,0.000000,0.000000,0.000000,0.000000,5.00e-05,0.6625
1505,stage2_agent,0.378171,0.285547,0.185248,0.000000,0.000000,0.000000,0.000000,0.000000,5.00e-05,1.3228
1506,stage2_agent,0.374482,0.281765,0.185434,0.000000,0.000000,0.000000,0.000000,0.000000,5.00e-05,0.8054
1507,stage2_agent,0.384184,0.290150,0.188069,0.000000,0.000000,0.000000,0.000000,0.000000,5.00e-05,0.4722
1508,stage2_agent,0.369960,0.278161,0.183597,0.000000,0.000000,0.000000,0.000000,0.000000,5.00e-05,0.3326
1509,stage2_agent,0.391991,0.296542,0.190898,0.000000,0.000000,0.000000,0.000000,0.000000,5.00e-05,0.4160
1510,stage2_agent,0.389383,0.292289,0.194188,0.000000,0.000000,0.000000,0.000000,0.000000,5.00e-05,1.3046
1511,stage2_agent,0.374042,0.282681,0.182723,0.000000,0.000000,0.000000,0.000000,0.000000,5.00e-05,0.9785
1512,stage2_agent,0.390816,0.296192,0.189248,0.000000,0.000000,0.000000,0.000000,0.000000,5.00e-05,0.4854
1513,stage2_agent,0.370468,0.279734,0.181467,0.000000,0.000000,0.000000,0.000000,0.000000,5.00e-05,0.4297
1514,stage2_agent,0.386039,0.291397,0.189284,0.000000,0.000000,0.000000,0.000000,0.000000,5.00e-05,0.8178
1515,stage2_agent,0.395732,0.299894,0.191676,0.000000,0.000000,0.000000,0.000000,0.000000,5.00e-05,0.6588
1516,stage2_agent,0.392593,0.295685,0.193816,0.000000,0.000000,0.000000,0.000000,0.000000,5.00e-05,0.4315
1517,stage2_agent,0.379179,0.286929,0.184500,0.000000,0.000000,0.000000,0.000000,0.000000,5.00e-05,0.3506
1518,stage2_agent,0.376271,0.282991,0.186561,0.000000,0.000000,0.000000,0.000000,0.000000,5.00e-05,0.4241
1519,stage2_agent,0.377449,0.283295,0.188309,0.000000,0.000000,0.000000,0.000000,0.000000,5.00e-05,0.8238
1520,stage2_agent,0.369292,0.278354,0.181875,0.000000,0.000000,0.000000,0.000000,0.000000,5.00e-05,0.3998
1521,stage2_agent,0.380249,0.285582,0.189333,0.000000,0.000000,0.000000,0.000000,0.000000,5.00e-05,0.4691
1522,stage2_agent,0.382026,0.287743,0.188565,0.000000,0.000000,0.000000,0.000000,0.000000,5.00e-05,0.4723
1523,stage2_agent,0.379093,0.285902,0.186382,0.000000,0.000000,0.000000,0.000000,0.000000,5.00e-05,0.5102
1524,stage2_agent,0.374921,0.282549,0.184744,0.000000,0.000000,0.000000,0.000000,0.000000,5.00e-05,0.4590
1525,stage2_agent,0.382954,0.288774,0.188360,0.000000,0.000000,0.000000,0.000000,0.000000,5.00e-05,0.5273
1526,stage2_agent,0.377941,0.284283,0.187316,0.000000,0.000000,0.000000,0.000000,0.000000,5.00e-05,0.4867
1527,stage2_agent,0.365678,0.274612,0.182132,0.000000,0.000000,0.000000,0.000000,0.000000,5.00e-05,0.8879
1528,stage2_agent,0.373906,0.281813,0.184186,0.000000,0.000000,0.000000,0.000000,0.000000,5.00e-05,0.6935
1529,stage2_agent,0.388377,0.291988,0.192777,0.000000,0.000000,0.000000,0.000000,0.000000,5.00e-05,0.5874
1530,stage2_agent,0.359992,0.269294,0.181397,0.000000,0.000000,0.000000,0.000000,0.000000,5.00e-05,1.0971
1531,stage2_agent,0.377577,0.284619,0.185917,0.000000,0.000000,0.000000,0.000000,0.000000,5.00e-05,1.2287
1532,stage2_agent,0.376939,0.285099,0.183680,0.000000,0.000000,0.000000,0.000000,0.000000,5.00e-05,0.5592
1533,stage2_agent,0.374502,0.281816,0.185372,0.000000,0.000000,0.000000,0.000000,0.000000,5.00e-05,0.7433
1534,stage2_agent,0.382792,0.288284,0.189016,0.000000,0.000000,0.000000,0.000000,0.000000,5.00e-05,0.4178
1535,stage2_agent,0.382682,0.290075,0.185214,0.000000,0.000000,0.000000,0.000000,0.000000,5.00e-05,0.7944
1536,stage2_agent,0.369297,0.278419,0.181757,0.000000,0.000000,0.000000,0.000000,0.000000,5.00e-05,1.3618
1537,stage2_agent,0.384107,0.289438,0.189339,0.000000,0.000000,0.000000,0.000000,0.000000,5.00e-05,0.5718
1538,stage2_agent,0.369815,0.277460,0.184712,0.000000,0.000000,0.000000,0.000000,0.000000,5.00e-05,1.2293
1539,stage2_agent,0.386740,0.292446,0.188588,0.000000,0.000000,0.000000,0.000000,0.000000,5.00e-05,0.4840
1540,stage2_agent,0.356738,0.267136,0.179204,0.000000,0.000000,0.000000,0.000000,0.000000,5.00e-05,1.1181
1541,stage2_agent,0.384072,0.288805,0.190534,0.000000,0.000000,0.000000,0.000000,0.000000,5.00e-05,0.3482
1542,stage2_agent,0.366312,0.275527,0.181569,0.000000,0.000000,0.000000,0.000000,0.000000,5.00e-05,0.6058
1543,stage2_agent,0.378239,0.284472,0.187534,0.000000,0.000000,0.000000,0.000000,0.000000,5.00e-05,0.5047
1544,stage2_agent,0.370827,0.279979,0.181695,0.000000,0.000000,0.000000,0.000000,0.000000,5.00e-05,0.7058
1545,stage2_agent,0.381880,0.288247,0.187266,0.000000,0.000000,0.000000,0.000000,0.000000,5.00e-05,0.4014
1546,stage2_agent,0.376377,0.284481,0.183791,0.000000,0.000000,0.000000,0.000000,0.000000,5.00e-05,0.6357
1547,stage2_agent,0.372448,0.280932,0.183033,0.000000,0.000000,0.000000,0.000000,0.000000,5.00e-05,0.3134
1548,stage2_agent,0.373952,0.282814,0.182275,0.000000,0.000000,0.000000,0.000000,0.000000,5.00e-05,0.7362
1549,stage2_agent,0.387460,0.292407,0.190107,0.000000,0.000000,0.000000,0.000000,0.000000,5.00e-05,0.6232
1550,stage2_agent,0.390770,0.295455,0.190632,0.000000,0.000000,0.000000,0.000000,0.000000,5.00e-05,0.3998
1551,stage2_agent,0.377720,0.283647,0.188145,0.000000,0.000000,0.000000,0.000000,0.000000,5.00e-05,0.7318
1552,stage2_agent,0.388106,0.292469,0.191274,0.000000,0.000000,0.000000,0.000000,0.000000,5.00e-05,0.7150
1553,stage2_agent,0.382192,0.289065,0.186253,0.000000,0.000000,0.000000,0.000000,0.000000,5.00e-05,0.3830
1554,stage2_agent,0.366451,0.274665,0.183571,0.000000,0.000000,0.000000,0.000000,0.000000,5.00e-05,0.9746
1555,stage2_agent,0.388418,0.293458,0.189918,0.000000,0.000000,0.000000,0.000000,0.000000,5.00e-05,0.4584
1556,stage2_agent,0.383729,0.289311,0.188835,0.000000,0.000000,0.000000,0.000000,0.000000,5.00e-05,0.3981
1557,stage2_agent,0.380972,0.287194,0.187556,0.000000,0.000000,0.000000,0.000000,0.000000,5.00e-05,0.7863
1558,stage2_agent,0.382190,0.288420,0.187542,0.000000,0.000000,0.000000,0.000000,0.000000,5.00e-05,0.5576
1559,stage2_agent,0.365821,0.275513,0.180616,0.000000,0.000000,0.000000,0.000000,0.000000,5.00e-05,0.5795
1560,stage2_agent,0.372671,0.281220,0.182901,0.000000,0.000000,0.000000,0.000000,0.000000,5.00e-05,0.4151
1561,stage2_agent,0.374021,0.281925,0.184191,0.000000,0.000000,0.000000,0.000000,0.000000,5.00e-05,0.4800
1562,stage2_agent,0.384079,0.290238,0.187684,0.000000,0.000000,0.000000,0.000000,0.000000,5.00e-05,0.5898
1563,stage2_agent,0.361353,0.272364,0.177979,0.000000,0.000000,0.000000,0.000000,0.000000,5.00e-05,0.5499
1564,stage2_agent,0.387701,0.293148,0.189106,0.000000,0.000000,0.000000,0.000000,0.000000,5.00e-05,0.4782
1565,stage2_agent,0.378917,0.286304,0.185226,0.000000,0.000000,0.000000,0.000000,0.000000,5.00e-05,0.5202
1566,stage2_agent,0.376144,0.284108,0.184072,0.000000,0.000000,0.000000,0.000000,0.000000,5.00e-05,0.4485
1567,stage2_agent,0.375829,0.283330,0.184998,0.000000,0.000000,0.000000,0.000000,0.000000,5.00e-05,0.4303
1568,stage2_agent,0.375483,0.283897,0.183173,0.000000,0.000000,0.000000,0.000000,0.000000,5.00e-05,0.5897
1569,stage2_agent,0.389738,0.295167,0.189141,0.000000,0.000000,0.000000,0.000000,0.000000,5.00e-05,0.7703
1570,stage2_agent,0.385103,0.290776,0.188652,0.000000,0.000000,0.000000,0.000000,0.000000,5.00e-05,0.4098
1571,stage2_agent,0.379917,0.286389,0.187057,0.000000,0.000000,0.000000,0.000000,0.000000,5.00e-05,1.1549
1572,stage2_agent,0.370303,0.279741,0.181124,0.000000,0.000000,0.000000,0.000000,0.000000,5.00e-05,0.7681
1573,stage2_agent,0.387344,0.293376,0.187937,0.000000,0.000000,0.000000,0.000000,0.000000,5.00e-05,0.4666
1574,stage2_agent,0.382781,0.289456,0.186650,0.000000,0.000000,0.000000,0.000000,0.000000,5.00e-05,0.3795
1575,stage2_agent,0.368442,0.277277,0.182328,0.000000,0.000000,0.000000,0.000000,0.000000,5.00e-05,1.0993
1576,stage2_agent,0.385291,0.290900,0.188783,0.000000,0.000000,0.000000,0.000000,0.000000,5.00e-05,0.7104
1577,stage2_agent,0.383524,0.289081,0.188885,0.000000,0.000000,0.000000,0.000000,0.000000,5.00e-05,0.6032
1578,stage2_agent,0.391379,0.296312,0.190135,0.000000,0.000000,0.000000,0.000000,0.000000,5.00e-05,0.4869
1579,stage2_agent,0.386739,0.292088,0.189301,0.000000,0.000000,0.000000,0.000000,0.000000,5.00e-05,0.5138
1580,stage2_agent,0.375355,0.282975,0.184759,0.000000,0.000000,0.000000,0.000000,0.000000,5.00e-05,0.8057
1581,stage2_agent,0.373005,0.280148,0.185714,0.000000,0.000000,0.000000,0.000000,0.000000,5.00e-05,0.7726
1582,stage2_agent,0.387310,0.291225,0.192170,0.000000,0.000000,0.000000,0.000000,0.000000,5.00e-05,0.4728
1583,stage2_agent,0.376189,0.283668,0.185043,0.000000,0.000000,0.000000,0.000000,0.000000,5.00e-05,0.7582
1584,stage2_agent,0.378749,0.285532,0.186435,0.000000,0.000000,0.000000,0.000000,0.000000,5.00e-05,0.7772
1585,stage2_agent,0.370580,0.278557,0.184045,0.000000,0.000000,0.000000,0.000000,0.000000,5.00e-05,0.3624
1586,stage2_agent,0.389621,0.293988,0.191266,0.000000,0.000000,0.000000,0.000000,0.000000,5.00e-05,0.7651
1587,stage2_agent,0.375266,0.282917,0.184697,0.000000,0.000000,0.000000,0.000000,0.000000,5.00e-05,0.4224
1588,stage2_agent,0.376115,0.285063,0.182103,0.000000,0.000000,0.000000,0.000000,0.000000,5.00e-05,0.6334
1589,stage2_agent,0.368669,0.278622,0.180094,0.000000,0.000000,0.000000,0.000000,0.000000,5.00e-05,1.0785
1590,stage2_agent,0.382250,0.286976,0.190548,0.000000,0.000000,0.000000,0.000000,0.000000,5.00e-05,0.5623
1591,stage2_agent,0.391664,0.294978,0.193371,0.000000,0.000000,0.000000,0.000000,0.000000,5.00e-05,0.3377
1592,stage2_agent,0.376232,0.283167,0.186130,0.000000,0.000000,0.000000,0.000000,0.000000,5.00e-05,0.3868
1593,stage2_agent,0.375035,0.282826,0.184419,0.000000,0.000000,0.000000,0.000000,0.000000,5.00e-05,0.4222
1594,stage2_agent,0.375957,0.284619,0.182676,0.000000,0.000000,0.000000,0.000000,0.000000,5.00e-05,1.0098
1595,stage2_agent,0.391027,0.295411,0.191232,0.000000,0.000000,0.000000,0.000000,0.000000,5.00e-05,0.3722
1596,stage2_agent,0.371122,0.279460,0.183325,0.000000,0.000000,0.000000,0.000000,0.000000,5.00e-05,1.0972
1597,stage2_agent,0.390418,0.294550,0.191737,0.000000,0.000000,0.000000,0.000000,0.000000,5.00e-05,0.4119
1598,stage2_agent,0.379247,0.285827,0.186839,0.000000,0.000000,0.000000,0.000000,0.000000,5.00e-05,0.6469
1599,stage2_agent,0.378620,0.285590,0.186059,0.000000,0.000000,0.000000,0.000000,0.000000,5.00e-05,0.3135
1600,stage2_agent,0.376989,0.284543,0.184892,0.000000,0.000000,0.000000,0.000000,0.000000,5.00e-05,0.5206
1601,stage2_agent,0.376741,0.283771,0.185939,0.000000,0.000000,0.000000,0.000000,0.000000,5.00e-05,1.0109
1602,stage2_agent,0.377309,0.284377,0.185864,0.000000,0.000000,0.000000,0.000000,0.000000,5.00e-05,0.5766
1603,stage2_agent,0.377010,0.285555,0.182910,0.000000,0.000000,0.000000,0.000000,0.000000,5.00e-05,0.7227
1604,stage2_agent,0.370041,0.278444,0.183194,0.000000,0.000000,0.000000,0.000000,0.000000,5.00e-05,0.3359
1605,stage2_agent,0.372601,0.281279,0.182645,0.000000,0.000000,0.000000,0.000000,0.000000,5.00e-05,0.4393
1606,stage2_agent,0.377346,0.284707,0.185276,0.000000,0.000000,0.000000,0.000000,0.000000,5.00e-05,0.4340
1607,stage2_agent,0.379383,0.286757,0.185252,0.000000,0.000000,0.000000,0.000000,0.000000,5.00e-05,0.6700
1608,stage2_agent,0.375644,0.283875,0.183539,0.000000,0.000000,0.000000,0.000000,0.000000,5.00e-05,0.5292
1609,stage2_agent,0.374880,0.283325,0.183110,0.000000,0.000000,0.000000,0.000000,0.000000,5.00e-05,0.3670
1610,stage2_agent,0.368881,0.278254,0.181254,0.000000,0.000000,0.000000,0.000000,0.000000,5.00e-05,0.3981
1611,stage2_agent,0.380387,0.287503,0.185768,0.000000,0.000000,0.000000,0.000000,0.000000,5.00e-05,0.5216
1612,stage2_agent,0.370945,0.279152,0.183587,0.000000,0.000000,0.000000,0.000000,0.000000,5.00e-05,0.7435
1613,stage2_agent,0.363248,0.273688,0.179119,0.000000,0.000000,0.000000,0.000000,0.000000,5.00e-05,0.4685
1614,stage2_agent,0.388424,0.293818,0.189212,0.000000,0.000000,0.000000,0.000000,0.000000,5.00e-05,0.3337
1615,stage2_agent,0.375395,0.283516,0.183759,0.000000,0.000000,0.000000,0.000000,0.000000,5.00e-05,0.3628
1616,stage2_agent,0.389221,0.294437,0.189568,0.000000,0.000000,0.000000,0.000000,0.000000,5.00e-05,0.4268
1617,stage2_agent,0.386989,0.291148,0.191680,0.000000,0.000000,0.000000,0.000000,0.000000,5.00e-05,0.7264
1618,stage2_agent,0.384970,0.291635,0.186670,0.000000,0.000000,0.000000,0.000000,0.000000,5.00e-05,0.8947
1619,stage2_agent,0.379407,0.286316,0.186183,0.000000,0.000000,0.000000,0.000000,0.000000,5.00e-05,0.6775
1620,stage2_agent,0.376310,0.283866,0.184888,0.000000,0.000000,0.000000,0.000000,0.000000,5.00e-05,0.8665
1621,stage2_agent,0.371952,0.281054,0.181797,0.000000,0.000000,0.000000,0.000000,0.000000,5.00e-05,0.7252
1622,stage2_agent,0.362179,0.272872,0.178614,0.000000,0.000000,0.000000,0.000000,0.000000,5.00e-05,1.3002
1623,stage2_agent,0.375957,0.284065,0.183783,0.000000,0.000000,0.000000,0.000000,0.000000,5.00e-05,1.5499
1624,stage2_agent,0.383310,0.290235,0.186151,0.000000,0.000000,0.000000,0.000000,0.000000,5.00e-05,1.0032
1625,stage2_agent,0.378202,0.285849,0.184706,0.000000,0.000000,0.000000,0.000000,0.000000,5.00e-05,0.4717
1626,stage2_agent,0.378075,0.284237,0.187675,0.000000,0.000000,0.000000,0.000000,0.000000,5.00e-05,0.6552
1627,stage2_agent,0.373539,0.281154,0.184772,0.000000,0.000000,0.000000,0.000000,0.000000,5.00e-05,1.1982
1628,stage2_agent,0.378414,0.285765,0.185298,0.000000,0.000000,0.000000,0.000000,0.000000,5.00e-05,0.4790
1629,stage2_agent,0.379404,0.285085,0.188637,0.000000,0.000000,0.000000,0.000000,0.000000,5.00e-05,0.4841
1630,stage2_agent,0.373750,0.281227,0.185046,0.000000,0.000000,0.000000,0.000000,0.000000,5.00e-05,0.3797
1631,stage2_agent,0.379405,0.286468,0.185873,0.000000,0.000000,0.000000,0.000000,0.000000,5.00e-05,0.3277
1632,stage2_agent,0.380272,0.286806,0.186932,0.000000,0.000000,0.000000,0.000000,0.000000,5.00e-05,0.3915
1633,stage2_agent,0.374281,0.281832,0.184899,0.000000,0.000000,0.000000,0.000000,0.000000,5.00e-05,0.4547
1634,stage2_agent,0.381566,0.287681,0.187769,0.000000,0.000000,0.000000,0.000000,0.000000,5.00e-05,0.4643
1635,stage2_agent,0.372100,0.280011,0.184179,0.000000,0.000000,0.000000,0.000000,0.000000,5.00e-05,0.5037
1636,stage2_agent,0.393974,0.297699,0.192550,0.000000,0.000000,0.000000,0.000000,0.000000,5.00e-05,0.4189
1637,stage2_agent,0.391084,0.295330,0.191508,0.000000,0.000000,0.000000,0.000000,0.000000,5.00e-05,0.7091
1638,stage2_agent,0.371518,0.280017,0.183001,0.000000,0.000000,0.000000,0.000000,0.000000,5.00e-05,0.3513
1639,stage2_agent,0.361161,0.271604,0.179115,0.000000,0.000000,0.000000,0.000000,0.000000,5.00e-05,1.1965
1640,stage2_agent,0.386656,0.292317,0.188678,0.000000,0.000000,0.000000,0.000000,0.000000,5.00e-05,0.5592
1641,stage2_agent,0.356182,0.266731,0.178903,0.000000,0.000000,0.000000,0.000000,0.000000,5.00e-05,2.2593
1642,stage2_agent,0.367603,0.277190,0.180825,0.000000,0.000000,0.000000,0.000000,0.000000,5.00e-05,0.9926
1643,stage2_agent,0.384357,0.292089,0.184535,0.000000,0.000000,0.000000,0.000000,0.000000,5.00e-05,0.4862
1644,stage2_agent,0.384646,0.290272,0.188748,0.000000,0.000000,0.000000,0.000000,0.000000,5.00e-05,0.4453
1645,stage2_agent,0.381350,0.288494,0.185712,0.000000,0.000000,0.000000,0.000000,0.000000,5.00e-05,0.3961
1646,stage2_agent,0.365363,0.275339,0.180047,0.000000,0.000000,0.000000,0.000000,0.000000,5.00e-05,0.4687
1647,stage2_agent,0.390836,0.294926,0.191820,0.000000,0.000000,0.000000,0.000000,0.000000,5.00e-05,0.2955
1648,stage2_agent,0.379565,0.286430,0.186271,0.000000,0.000000,0.000000,0.000000,0.000000,5.00e-05,0.3956
1649,stage2_agent,0.367338,0.276754,0.181168,0.000000,0.000000,0.000000,0.000000,0.000000,5.00e-05,0.4812
1650,stage2_agent,0.373415,0.281663,0.183504,0.000000,0.000000,0.000000,0.000000,0.000000,5.00e-05,0.4353
1651,stage2_agent,0.386678,0.292622,0.188112,0.000000,0.000000,0.000000,0.000000,0.000000,5.00e-05,0.5598
1652,stage2_agent,0.383777,0.289828,0.187898,0.000000,0.000000,0.000000,0.000000,0.000000,5.00e-05,0.4587
1653,stage2_agent,0.365326,0.275239,0.180174,0.000000,0.000000,0.000000,0.000000,0.000000,5.00e-05,0.5553
1654,stage2_agent,0.387457,0.293319,0.188276,0.000000,0.000000,0.000000,0.000000,0.000000,5.00e-05,1.7333
1655,stage2_agent,0.385632,0.290712,0.189839,0.000000,0.000000,0.000000,0.000000,0.000000,5.00e-05,0.8786
1656,stage2_agent,0.376071,0.284469,0.183204,0.000000,0.000000,0.000000,0.000000,0.000000,5.00e-05,0.4811
1657,stage2_agent,0.372566,0.279991,0.185150,0.000000,0.000000,0.000000,0.000000,0.000000,5.00e-05,1.1894
1658,stage2_agent,0.398585,0.300710,0.195751,0.000000,0.000000,0.000000,0.000000,0.000000,5.00e-05,0.6639
1659,stage2_agent,0.391841,0.295896,0.191889,0.000000,0.000000,0.000000,0.000000,0.000000,5.00e-05,0.7534
1660,stage2_agent,0.379566,0.286914,0.185304,0.000000,0.000000,0.000000,0.000000,0.000000,5.00e-05,0.3757
1661,stage2_agent,0.383905,0.290063,0.187684,0.000000,0.000000,0.000000,0.000000,0.000000,5.00e-05,0.4834
1662,stage2_agent,0.387822,0.293442,0.188759,0.000000,0.000000,0.000000,0.000000,0.000000,5.00e-05,1.4376
1663,stage2_agent,0.388178,0.292259,0.191839,0.000000,0.000000,0.000000,0.000000,0.000000,5.00e-05,1.2554
1664,stage2_agent,0.382865,0.289246,0.187238,0.000000,0.000000,0.000000,0.000000,0.000000,5.00e-05,0.5002
1665,stage2_agent,0.373816,0.280950,0.185733,0.000000,0.000000,0.000000,0.000000,0.000000,5.00e-05,0.5122
1666,stage2_agent,0.376959,0.283945,0.186029,0.000000,0.000000,0.000000,0.000000,0.000000,5.00e-05,0.5420
1667,stage2_agent,0.389805,0.294449,0.190712,0.000000,0.000000,0.000000,0.000000,0.000000,5.00e-05,0.6165
1668,stage2_agent,0.376283,0.284056,0.184454,0.000000,0.000000,0.000000,0.000000,0.000000,5.00e-05,0.9566
1669,stage2_agent,0.390708,0.295516,0.190384,0.000000,0.000000,0.000000,0.000000,0.000000,5.00e-05,0.5760
1670,stage2_agent,0.375030,0.284046,0.181968,0.000000,0.000000,0.000000,0.000000,0.000000,5.00e-05,0.5816
1671,stage2_agent,0.372846,0.281060,0.183572,0.000000,0.000000,0.000000,0.000000,0.000000,5.00e-05,0.4649
1672,stage2_agent,0.381186,0.286426,0.189520,0.000000,0.000000,0.000000,0.000000,0.000000,5.00e-05,0.4597
1673,stage2_agent,0.380824,0.286721,0.188206,0.000000,0.000000,0.000000,0.000000,0.000000,5.00e-05,0.3885
1674,stage2_agent,0.376453,0.283434,0.186038,0.000000,0.000000,0.000000,0.000000,0.000000,5.00e-05,0.8007
1675,stage2_agent,0.363285,0.273228,0.180115,0.000000,0.000000,0.000000,0.000000,0.000000,5.00e-05,0.7817
1676,stage2_agent,0.386665,0.293040,0.187251,0.000000,0.000000,0.000000,0.000000,0.000000,5.00e-05,0.4195
1677,stage2_agent,0.356217,0.268373,0.175688,0.000000,0.000000,0.000000,0.000000,0.000000,5.00e-05,1.0244
1678,stage2_agent,0.382563,0.288713,0.187702,0.000000,0.000000,0.000000,0.000000,0.000000,5.00e-05,0.7813
1679,stage2_agent,0.379331,0.285769,0.187123,0.000000,0.000000,0.000000,0.000000,0.000000,5.00e-05,0.8690
1680,stage2_agent,0.380855,0.287610,0.186488,0.000000,0.000000,0.000000,0.000000,0.000000,5.00e-05,1.1316
1681,stage2_agent,0.392422,0.297128,0.190589,0.000000,0.000000,0.000000,0.000000,0.000000,5.00e-05,0.5047
1682,stage2_agent,0.375525,0.283873,0.183305,0.000000,0.000000,0.000000,0.000000,0.000000,5.00e-05,1.1983
1683,stage2_agent,0.391794,0.296623,0.190343,0.000000,0.000000,0.000000,0.000000,0.000000,5.00e-05,0.4047
1684,stage2_agent,0.379778,0.286969,0.185618,0.000000,0.000000,0.000000,0.000000,0.000000,5.00e-05,0.6944
1685,stage2_agent,0.376575,0.284386,0.184378,0.000000,0.000000,0.000000,0.000000,0.000000,5.00e-05,0.4349
1686,stage2_agent,0.379347,0.287330,0.184034,0.000000,0.000000,0.000000,0.000000,0.000000,5.00e-05,0.3938
1687,stage2_agent,0.383737,0.290318,0.186839,0.000000,0.000000,0.000000,0.000000,0.000000,5.00e-05,0.3255
1688,stage2_agent,0.377311,0.285350,0.183922,0.000000,0.000000,0.000000,0.000000,0.000000,5.00e-05,0.4546
1689,stage2_agent,0.379673,0.287967,0.183413,0.000000,0.000000,0.000000,0.000000,0.000000,5.00e-05,0.4284
1690,stage2_agent,0.378481,0.284841,0.187281,0.000000,0.000000,0.000000,0.000000,0.000000,5.00e-05,1.6272
1691,stage2_agent,0.375833,0.284914,0.181840,0.000000,0.000000,0.000000,0.000000,0.000000,5.00e-05,0.3984
1692,stage2_agent,0.362883,0.272037,0.181693,0.000000,0.000000,0.000000,0.000000,0.000000,5.00e-05,0.4560
1693,stage2_agent,0.371050,0.279445,0.183211,0.000000,0.000000,0.000000,0.000000,0.000000,5.00e-05,0.7097
1694,stage2_agent,0.380122,0.287136,0.185973,0.000000,0.000000,0.000000,0.000000,0.000000,5.00e-05,0.5955
1695,stage2_agent,0.378244,0.284652,0.187184,0.000000,0.000000,0.000000,0.000000,0.000000,5.00e-05,0.5535
1696,stage2_agent,0.382326,0.289119,0.186414,0.000000,0.000000,0.000000,0.000000,0.000000,5.00e-05,0.4921
1697,stage2_agent,0.372277,0.281351,0.181852,0.000000,0.000000,0.000000,0.000000,0.000000,5.00e-05,0.4015
1698,stage2_agent,0.377353,0.284862,0.184981,0.000000,0.000000,0.000000,0.000000,0.000000,5.00e-05,0.5394
1699,stage2_agent,0.368295,0.277622,0.181346,0.000000,0.000000,0.000000,0.000000,0.000000,5.00e-05,0.4411
1700,stage2_agent,0.392327,0.297018,0.190618,0.000000,0.000000,0.000000,0.000000,0.000000,5.00e-05,0.5509
1701,stage2_agent,0.368074,0.277506,0.181136,0.000000,0.000000,0.000000,0.000000,0.000000,5.00e-05,0.9970
1702,stage2_agent,0.376780,0.284389,0.184782,0.000000,0.000000,0.000000,0.000000,0.000000,5.00e-05,1.1796
1703,stage2_agent,0.368196,0.277816,0.180760,0.000000,0.000000,0.000000,0.000000,0.000000,5.00e-05,0.3499
1704,stage2_agent,0.377255,0.284765,0.184979,0.000000,0.000000,0.000000,0.000000,0.000000,5.00e-05,0.3010
1705,stage2_agent,0.375400,0.281749,0.187304,0.000000,0.000000,0.000000,0.000000,0.000000,5.00e-05,1.4501
1706,stage2_agent,0.364718,0.274088,0.181261,0.000000,0.000000,0.000000,0.000000,0.000000,5.00e-05,4.0179
1707,stage2_agent,0.384631,0.289161,0.190940,0.000000,0.000000,0.000000,0.000000,0.000000,5.00e-05,1.3540
1708,stage2_agent,0.370518,0.277581,0.185873,0.000000,0.000000,0.000000,0.000000,0.000000,5.00e-05,1.0615
1709,stage2_agent,0.371483,0.280747,0.181472,0.000000,0.000000,0.000000,0.000000,0.000000,5.00e-05,0.3842
1710,stage2_agent,0.378061,0.285068,0.185986,0.000000,0.000000,0.000000,0.000000,0.000000,5.00e-05,1.0276
1711,stage2_agent,0.379229,0.286892,0.184675,0.000000,0.000000,0.000000,0.000000,0.000000,5.00e-05,1.0411
1712,stage2_agent,0.381587,0.287497,0.188180,0.000000,0.000000,0.000000,0.000000,0.000000,5.00e-05,0.4428
1713,stage2_agent,0.375931,0.282830,0.186203,0.000000,0.000000,0.000000,0.000000,0.000000,5.00e-05,0.7088
1714,stage2_agent,0.372129,0.280836,0.182586,0.000000,0.000000,0.000000,0.000000,0.000000,5.00e-05,0.5540
1715,stage2_agent,0.387323,0.293170,0.188306,0.000000,0.000000,0.000000,0.000000,0.000000,5.00e-05,0.3314
1716,stage2_agent,0.386122,0.290788,0.190669,0.000000,0.000000,0.000000,0.000000,0.000000,5.00e-05,1.0031
1717,stage2_agent,0.371154,0.280289,0.181730,0.000000,0.000000,0.000000,0.000000,0.000000,5.00e-05,1.1879
1718,stage2_agent,0.374657,0.282508,0.184297,0.000000,0.000000,0.000000,0.000000,0.000000,5.00e-05,0.4982
1719,stage2_agent,0.398760,0.301561,0.194398,0.000000,0.000000,0.000000,0.000000,0.000000,5.00e-05,0.5758
1720,stage2_agent,0.383987,0.289277,0.189420,0.000000,0.000000,0.000000,0.000000,0.000000,5.00e-05,0.8302
1721,stage2_agent,0.371044,0.280240,0.181609,0.000000,0.000000,0.000000,0.000000,0.000000,5.00e-05,0.3217
1722,stage2_agent,0.382085,0.289124,0.185922,0.000000,0.000000,0.000000,0.000000,0.000000,5.00e-05,0.3811
1723,stage2_agent,0.371623,0.280488,0.182270,0.000000,0.000000,0.000000,0.000000,0.000000,5.00e-05,0.5163
1724,stage2_agent,0.387307,0.293384,0.187846,0.000000,0.000000,0.000000,0.000000,0.000000,5.00e-05,0.7476
1725,stage2_agent,0.385198,0.290611,0.189175,0.000000,0.000000,0.000000,0.000000,0.000000,5.00e-05,0.4922
1726,stage2_agent,0.385241,0.290049,0.190384,0.000000,0.000000,0.000000,0.000000,0.000000,5.00e-05,0.4885
1727,stage2_agent,0.372492,0.280762,0.183461,0.000000,0.000000,0.000000,0.000000,0.000000,5.00e-05,0.5441
1728,stage2_agent,0.374311,0.282276,0.184071,0.000000,0.000000,0.000000,0.000000,0.000000,5.00e-05,0.3851
1729,stage2_agent,0.375095,0.283613,0.182964,0.000000,0.000000,0.000000,0.000000,0.000000,5.00e-05,0.3525
1730,stage2_agent,0.381852,0.288426,0.186853,0.000000,0.000000,0.000000,0.000000,0.000000,5.00e-05,1.3017
1731,stage2_agent,0.395318,0.297764,0.195108,0.000000,0.000000,0.000000,0.000000,0.000000,5.00e-05,0.4040
1732,stage2_agent,0.374847,0.281920,0.185853,0.000000,0.000000,0.000000,0.000000,0.000000,5.00e-05,0.3956
1733,stage2_agent,0.374106,0.281064,0.186085,0.000000,0.000000,0.000000,0.000000,0.000000,5.00e-05,0.6611
1734,stage2_agent,0.386932,0.292535,0.188795,0.000000,0.000000,0.000000,0.000000,0.000000,5.00e-05,0.4771
1735,stage2_agent,0.376479,0.283971,0.185017,0.000000,0.000000,0.000000,0.000000,0.000000,5.00e-05,0.3975
1736,stage2_agent,0.380495,0.286858,0.187274,0.000000,0.000000,0.000000,0.000000,0.000000,5.00e-05,0.8330
1737,stage2_agent,0.355906,0.265786,0.180240,0.000000,0.000000,0.000000,0.000000,0.000000,5.00e-05,1.8774
1738,stage2_agent,0.368329,0.276951,0.182755,0.000000,0.000000,0.000000,0.000000,0.000000,5.00e-05,0.5543
1739,stage2_agent,0.387515,0.293834,0.187364,0.000000,0.000000,0.000000,0.000000,0.000000,5.00e-05,0.6448
1740,stage2_agent,0.381452,0.284848,0.193208,0.000000,0.000000,0.000000,0.000000,0.000000,5.00e-05,0.3599
1741,stage2_agent,0.391871,0.295537,0.192669,0.000000,0.000000,0.000000,0.000000,0.000000,5.00e-05,0.6575
1742,stage2_agent,0.371479,0.279041,0.184876,0.000000,0.000000,0.000000,0.000000,0.000000,5.00e-05,1.5414
1743,stage2_agent,0.384503,0.290214,0.188578,0.000000,0.000000,0.000000,0.000000,0.000000,5.00e-05,0.5747
1744,stage2_agent,0.379919,0.286730,0.186378,0.000000,0.000000,0.000000,0.000000,0.000000,5.00e-05,0.4009
1745,stage2_agent,0.374017,0.280446,0.187141,0.000000,0.000000,0.000000,0.000000,0.000000,5.00e-05,0.3957
1746,stage2_agent,0.382399,0.288363,0.188071,0.000000,0.000000,0.000000,0.000000,0.000000,5.00e-05,0.5455
1747,stage2_agent,0.376940,0.284050,0.185781,0.000000,0.000000,0.000000,0.000000,0.000000,5.00e-05,0.6468
1748,stage2_agent,0.378801,0.286144,0.185315,0.000000,0.000000,0.000000,0.000000,0.000000,5.00e-05,0.4048
1749,stage2_agent,0.386934,0.292754,0.188358,0.000000,0.000000,0.000000,0.000000,0.000000,5.00e-05,0.6157
1750,stage2_agent,0.384315,0.290950,0.186729,0.000000,0.000000,0.000000,0.000000,0.000000,5.00e-05,0.3592
1751,stage2_agent,0.384154,0.290504,0.187302,0.000000,0.000000,0.000000,0.000000,0.000000,5.00e-05,0.4838
1752,stage2_agent,0.393995,0.297477,0.193036,0.000000,0.000000,0.000000,0.000000,0.000000,5.00e-05,0.5143
1753,stage2_agent,0.391442,0.295916,0.191052,0.000000,0.000000,0.000000,0.000000,0.000000,5.00e-05,0.4721
1754,stage2_agent,0.371578,0.278498,0.186159,0.000000,0.000000,0.000000,0.000000,0.000000,5.00e-05,0.4680
1755,stage2_agent,0.375930,0.283059,0.185742,0.000000,0.000000,0.000000,0.000000,0.000000,5.00e-05,0.5561
1756,stage2_agent,0.378652,0.286573,0.184158,0.000000,0.000000,0.000000,0.000000,0.000000,5.00e-05,0.4705
1757,stage2_agent,0.375796,0.283634,0.184326,0.000000,0.000000,0.000000,0.000000,0.000000,5.00e-05,0.6285
1758,stage2_agent,0.375292,0.283475,0.183634,0.000000,0.000000,0.000000,0.000000,0.000000,5.00e-05,0.3961
1759,stage2_agent,0.379560,0.286081,0.186958,0.000000,0.000000,0.000000,0.000000,0.000000,5.00e-05,0.9932
1760,stage2_agent,0.363736,0.273278,0.180915,0.000000,0.000000,0.000000,0.000000,0.000000,5.00e-05,0.6651
1761,stage2_agent,0.376977,0.285378,0.183197,0.000000,0.000000,0.000000,0.000000,0.000000,5.00e-05,0.3842
1762,stage3_interaction,0.405014,0.303943,0.202143,0.000000,0.000000,0.000000,0.000000,0.000000,5.00e-05,0.6056
1763,stage3_interaction,0.412135,0.306728,0.210816,0.000000,0.000000,0.000000,0.000000,0.000000,5.00e-05,0.7335
1764,stage3_interaction,0.399313,0.299391,0.199845,0.000000,0.000000,0.000000,0.000000,0.000000,5.00e-05,0.6101
1765,stage3_interaction,0.391795,0.293646,0.196298,0.000000,0.000000,0.000000,0.000000,0.000000,5.00e-05,0.4678
1766,stage3_interaction,0.399666,0.298803,0.201726,0.000000,0.000000,0.000000,0.000000,0.000000,5.00e-05,0.4235
1767,stage3_interaction,0.384682,0.286399,0.196566,0.000000,0.000000,0.000000,0.000000,0.000000,5.00e-05,0.4425
1768,stage3_interaction,0.410035,0.306114,0.207843,0.000000,0.000000,0.000000,0.000000,0.000000,5.00e-05,0.3824
1769,stage3_interaction,0.391937,0.293849,0.196177,0.000000,0.000000,0.000000,0.000000,0.000000,5.00e-05,0.4112
1770,stage3_interaction,0.402826,0.302315,0.201021,0.000000,0.000000,0.000000,0.000000,0.000000,5.00e-05,0.3830
1771,stage3_interaction,0.397938,0.299606,0.196664,0.000000,0.000000,0.000000,0.000000,0.000000,5.00e-05,0.5812
1772,stage3_interaction,0.390603,0.292289,0.196629,0.000000,0.000000,0.000000,0.000000,0.000000,5.00e-05,0.8591
1773,stage3_interaction,0.403303,0.302163,0.202281,0.000000,0.000000,0.000000,0.000000,0.000000,5.00e-05,0.5134
1774,stage3_interaction,0.394715,0.294225,0.200981,0.000000,0.000000,0.000000,0.000000,0.000000,5.00e-05,0.3093
1775,stage3_interaction,0.391739,0.293247,0.196983,0.000000,0.000000,0.000000,0.000000,0.000000,5.00e-05,0.3453
1776,stage3_interaction,0.404227,0.301181,0.206092,0.000000,0.000000,0.000000,0.000000,0.000000,5.00e-05,0.4619
1777,stage3_interaction,0.399055,0.299352,0.199406,0.000000,0.000000,0.000000,0.000000,0.000000,5.00e-05,0.4002
1778,stage3_interaction,0.398025,0.297287,0.201475,0.000000,0.000000,0.000000,0.000000,0.000000,5.00e-05,1.5479
1779,stage3_interaction,0.396753,0.296573,0.200362,0.000000,0.000000,0.000000,0.000000,0.000000,5.00e-05,0.3882
1780,stage3_interaction,0.404849,0.303539,0.202620,0.000000,0.000000,0.000000,0.000000,0.000000,5.00e-05,0.4848
1781,stage3_interaction,0.397876,0.298027,0.199697,0.000000,0.000000,0.000000,0.000000,0.000000,5.00e-05,0.3302
1782,stage3_interaction,0.395072,0.294628,0.200887,0.000000,0.000000,0.000000,0.000000,0.000000,5.00e-05,0.3265
1783,stage3_interaction,0.396588,0.297240,0.198696,0.000000,0.000000,0.000000,0.000000,0.000000,5.00e-05,0.3984
1784,stage3_interaction,0.402714,0.300816,0.203794,0.000000,0.000000,0.000000,0.000000,0.000000,5.00e-05,0.5807
1785,stage3_interaction,0.409201,0.308066,0.202270,0.000000,0.000000,0.000000,0.000000,0.000000,5.00e-05,0.4390
1786,stage3_interaction,0.386257,0.288548,0.195418,0.000000,0.000000,0.000000,0.000000,0.000000,5.00e-05,0.4257
1787,stage3_interaction,0.388662,0.291689,0.193945,0.000000,0.000000,0.000000,0.000000,0.000000,5.00e-05,0.6165
1788,stage3_interaction,0.390578,0.292513,0.196129,0.000000,0.000000,0.000000,0.000000,0.000000,5.00e-05,0.4391
1789,stage3_interaction,0.377861,0.282570,0.190582,0.000000,0.000000,0.000000,0.000000,0.000000,5.00e-05,0.3705
1790,stage3_interaction,0.381453,0.285105,0.192696,0.000000,0.000000,0.000000,0.000000,0.000000,5.00e-05,0.5095
1791,stage3_interaction,0.386443,0.288658,0.195569,0.000000,0.000000,0.000000,0.000000,0.000000,5.00e-05,0.4238
1792,stage3_interaction,0.402119,0.300376,0.203488,0.000000,0.000000,0.000000,0.000000,0.000000,5.00e-05,0.3695
1793,stage3_interaction,0.395614,0.296391,0.198447,0.000000,0.000000,0.000000,0.000000,0.000000,5.00e-05,0.4390
1794,stage3_interaction,0.382453,0.285539,0.193827,0.000000,0.000000,0.000000,0.000000,0.000000,5.00e-05,0.4640
1795,stage3_interaction,0.397399,0.298308,0.198181,0.000000,0.000000,0.000000,0.000000,0.000000,5.00e-05,0.5906
1796,stage3_interaction,0.394364,0.296527,0.195673,0.000000,0.000000,0.000000,0.000000,0.000000,5.00e-05,0.4665
1797,stage3_interaction,0.393332,0.294289,0.198085,0.000000,0.000000,0.000000,0.000000,0.000000,5.00e-05,0.3504
1798,stage3_interaction,0.387487,0.289023,0.196926,0.000000,0.000000,0.000000,0.000000,0.000000,5.00e-05,0.3963
1799,stage3_interaction,0.391397,0.292901,0.196993,0.000000,0.000000,0.000000,0.000000,0.000000,5.00e-05,0.3496
1800,stage3_interaction,0.402480,0.300808,0.203345,0.000000,0.000000,0.000000,0.000000,0.000000,5.00e-05,0.3290
1801,stage3_interaction,0.394777,0.296727,0.196100,0.000000,0.000000,0.000000,0.000000,0.000000,5.00e-05,0.3955
1802,stage3_interaction,0.380991,0.283931,0.194121,0.000000,0.000000,0.000000,0.000000,0.000000,5.00e-05,0.4128
1803,stage3_interaction,0.394551,0.294475,0.200153,0.000000,0.000000,0.000000,0.000000,0.000000,5.00e-05,0.3503
1804,stage3_interaction,0.386893,0.289787,0.194211,0.000000,0.000000,0.000000,0.000000,0.000000,5.00e-05,0.3779
1805,stage3_interaction,0.383088,0.285235,0.195707,0.000000,0.000000,0.000000,0.000000,0.000000,5.00e-05,0.4268
1806,stage3_interaction,0.392479,0.295134,0.194689,0.000000,0.000000,0.000000,0.000000,0.000000,5.00e-05,0.5310
1807,stage3_interaction,0.376385,0.281742,0.189286,0.000000,0.000000,0.000000,0.000000,0.000000,5.00e-05,0.6039
1808,stage3_interaction,0.394723,0.295448,0.198549,0.000000,0.000000,0.000000,0.000000,0.000000,5.00e-05,0.3466
1809,stage3_interaction,0.378770,0.284101,0.189338,0.000000,0.000000,0.000000,0.000000,0.000000,5.00e-05,0.4514
1810,stage3_interaction,0.393249,0.295411,0.195677,0.000000,0.000000,0.000000,0.000000,0.000000,5.00e-05,0.4696
1811,stage3_interaction,0.382814,0.287255,0.191117,0.000000,0.000000,0.000000,0.000000,0.000000,5.00e-05,0.4582
1812,stage3_interaction,0.382203,0.285549,0.193309,0.000000,0.000000,0.000000,0.000000,0.000000,5.00e-05,0.4336
1813,stage3_interaction,0.394050,0.297236,0.193627,0.000000,0.000000,0.000000,0.000000,0.000000,5.00e-05,0.4172
1814,stage3_interaction,0.389791,0.292623,0.194336,0.000000,0.000000,0.000000,0.000000,0.000000,5.00e-05,0.5308
1815,stage3_interaction,0.384921,0.288728,0.192386,0.000000,0.000000,0.000000,0.000000,0.000000,5.00e-05,0.4053
1816,stage3_interaction,0.394222,0.294494,0.199457,0.000000,0.000000,0.000000,0.000000,0.000000,5.00e-05,0.3131
1817,stage3_interaction,0.404303,0.303189,0.202227,0.000000,0.000000,0.000000,0.000000,0.000000,5.00e-05,0.3647
1818,stage3_interaction,0.392972,0.293813,0.198318,0.000000,0.000000,0.000000,0.000000,0.000000,5.00e-05,0.3815
1819,stage3_interaction,0.378870,0.280654,0.196431,0.000000,0.000000,0.000000,0.000000,0.000000,5.00e-05,0.4064
1820,stage3_interaction,0.405124,0.304205,0.201837,0.000000,0.000000,0.000000,0.000000,0.000000,5.00e-05,0.3549
1821,stage3_interaction,0.385455,0.290427,0.190057,0.000000,0.000000,0.000000,0.000000,0.000000,5.00e-05,0.3589
1822,stage3_interaction,0.388534,0.289906,0.197257,0.000000,0.000000,0.000000,0.000000,0.000000,5.00e-05,0.6271
1823,stage3_interaction,0.389032,0.290500,0.197065,0.000000,0.000000,0.000000,0.000000,0.000000,5.00e-05,0.4407
1824,stage3_interaction,0.389215,0.291073,0.196284,0.000000,0.000000,0.000000,0.000000,0.000000,5.00e-05,0.4223
1825,stage3_interaction,0.383566,0.287452,0.192229,0.000000,0.000000,0.000000,0.000000,0.000000,5.00e-05,0.3640
1826,stage3_interaction,0.393517,0.294774,0.197487,0.000000,0.000000,0.000000,0.000000,0.000000,5.00e-05,0.3385
1827,stage3_interaction,0.397281,0.297826,0.198909,0.000000,0.000000,0.000000,0.000000,0.000000,5.00e-05,0.3914
1828,stage3_interaction,0.382554,0.285624,0.193859,0.000000,0.000000,0.000000,0.000000,0.000000,5.00e-05,0.3428
1829,stage3_interaction,0.381503,0.284534,0.193938,0.000000,0.000000,0.000000,0.000000,0.000000,5.00e-05,0.6034
1830,stage3_interaction,0.401851,0.300478,0.202744,0.000000,0.000000,0.000000,0.000000,0.000000,5.00e-05,0.3572
1831,stage3_interaction,0.386532,0.287741,0.197583,0.000000,0.000000,0.000000,0.000000,0.000000,5.00e-05,0.6103
1832,stage3_interaction,0.390536,0.291840,0.197393,0.000000,0.000000,0.000000,0.000000,0.000000,5.00e-05,0.3756
1833,stage3_interaction,0.385641,0.289717,0.191848,0.000000,0.000000,0.000000,0.000000,0.000000,5.00e-05,0.3282
1834,stage3_interaction,0.383962,0.287503,0.192917,0.000000,0.000000,0.000000,0.000000,0.000000,5.00e-05,0.3575
1835,stage3_interaction,0.398931,0.298702,0.200458,0.000000,0.000000,0.000000,0.000000,0.000000,5.00e-05,0.4303
1836,stage3_interaction,0.375668,0.281805,0.187726,0.000000,0.000000,0.000000,0.000000,0.000000,5.00e-05,0.4730
1837,stage3_interaction,0.386398,0.290508,0.191782,0.000000,0.000000,0.000000,0.000000,0.000000,5.00e-05,0.3067
1838,stage3_interaction,0.389631,0.292717,0.193828,0.000000,0.000000,0.000000,0.000000,0.000000,5.00e-05,0.3642
1839,stage3_interaction,0.386671,0.290034,0.193275,0.000000,0.000000,0.000000,0.000000,0.000000,5.00e-05,0.8710
1840,stage3_interaction,0.394563,0.294568,0.199990,0.000000,0.000000,0.000000,0.000000,0.000000,5.00e-05,0.3882
1841,stage3_interaction,0.376781,0.281608,0.190345,0.000000,0.000000,0.000000,0.000000,0.000000,5.00e-05,0.3637
1842,stage3_interaction,0.379919,0.284315,0.191208,0.000000,0.000000,0.000000,0.000000,0.000000,5.00e-05,0.4217
1843,stage3_interaction,0.393525,0.295733,0.195583,0.000000,0.000000,0.000000,0.000000,0.000000,5.00e-05,0.4255
1844,stage3_interaction,0.388849,0.291028,0.195642,0.000000,0.000000,0.000000,0.000000,0.000000,5.00e-05,0.6534
1845,stage3_interaction,0.393375,0.294004,0.198741,0.000000,0.000000,0.000000,0.000000,0.000000,5.00e-05,0.3258
1846,stage3_interaction,0.381404,0.286306,0.190195,0.000000,0.000000,0.000000,0.000000,0.000000,5.00e-05,0.3546
1847,stage3_interaction,0.383630,0.286618,0.194025,0.000000,0.000000,0.000000,0.000000,0.000000,5.00e-05,0.3408
1848,stage3_interaction,0.376965,0.282600,0.188731,0.000000,0.000000,0.000000,0.000000,0.000000,5.00e-05,0.3754
1849,stage3_interaction,0.404126,0.303711,0.200831,0.000000,0.000000,0.000000,0.000000,0.000000,5.00e-05,0.3544
1850,stage3_interaction,0.383924,0.288588,0.190672,0.000000,0.000000,0.000000,0.000000,0.000000,5.00e-05,0.5598
1851,stage3_interaction,0.395309,0.295764,0.199091,0.000000,0.000000,0.000000,0.000000,0.000000,5.00e-05,0.3691
1852,stage3_interaction,0.387064,0.289899,0.194332,0.000000,0.000000,0.000000,0.000000,0.000000,5.00e-05,0.3945
1853,stage3_interaction,0.408427,0.306191,0.204472,0.000000,0.000000,0.000000,0.000000,0.000000,5.00e-05,0.4944
1854,stage3_interaction,0.399113,0.299198,0.199831,0.000000,0.000000,0.000000,0.000000,0.000000,5.00e-05,0.6894
1855,stage3_interaction,0.384127,0.288509,0.191236,0.000000,0.000000,0.000000,0.000000,0.000000,5.00e-05,0.5707
1856,stage3_interaction,0.391048,0.293667,0.194761,0.000000,0.000000,0.000000,0.000000,0.000000,5.00e-05,0.3487
1857,stage3_interaction,0.385570,0.289162,0.192816,0.000000,0.000000,0.000000,0.000000,0.000000,5.00e-05,0.4181
1858,stage3_interaction,0.384404,0.288044,0.192721,0.000000,0.000000,0.000000,0.000000,0.000000,5.00e-05,0.5391
1859,stage3_interaction,0.386220,0.288912,0.194617,0.000000,0.000000,0.000000,0.000000,0.000000,5.00e-05,0.4208
1860,stage3_interaction,0.380092,0.284868,0.190448,0.000000,0.000000,0.000000,0.000000,0.000000,5.00e-05,0.4549
1861,stage3_interaction,0.401120,0.302225,0.197790,0.000000,0.000000,0.000000,0.000000,0.000000,5.00e-05,0.3464
1862,stage3_interaction,0.383396,0.287916,0.190961,0.000000,0.000000,0.000000,0.000000,0.000000,5.00e-05,0.3052
1863,stage3_interaction,0.376124,0.281887,0.188474,0.000000,0.000000,0.000000,0.000000,0.000000,5.00e-05,0.3644
1864,stage3_interaction,0.375705,0.282236,0.186938,0.000000,0.000000,0.000000,0.000000,0.000000,5.00e-05,0.3839
1865,stage3_interaction,0.379456,0.285227,0.188457,0.000000,0.000000,0.000000,0.000000,0.000000,5.00e-05,0.3804
1866,stage3_interaction,0.386841,0.289512,0.194657,0.000000,0.000000,0.000000,0.000000,0.000000,5.00e-05,0.4774
1867,stage3_interaction,0.401759,0.302075,0.199368,0.000000,0.000000,0.000000,0.000000,0.000000,5.00e-05,0.3467
1868,stage3_interaction,0.380700,0.285623,0.190154,0.000000,0.000000,0.000000,0.000000,0.000000,5.00e-05,0.5180
1869,stage3_interaction,0.393486,0.294116,0.198741,0.000000,0.000000,0.000000,0.000000,0.000000,5.00e-05,0.3604
1870,stage3_interaction,0.395048,0.295409,0.199279,0.000000,0.000000,0.000000,0.000000,0.000000,5.00e-05,0.5385
1871,stage3_interaction,0.400452,0.301829,0.197247,0.000000,0.000000,0.000000,0.000000,0.000000,5.00e-05,0.5692
1872,stage3_interaction,0.381044,0.283899,0.194290,0.000000,0.000000,0.000000,0.000000,0.000000,5.00e-05,0.4055
1873,stage3_interaction,0.393556,0.294005,0.199103,0.000000,0.000000,0.000000,0.000000,0.000000,5.00e-05,0.4311
1874,stage3_interaction,0.376417,0.282117,0.188601,0.000000,0.000000,0.000000,0.000000,0.000000,5.00e-05,0.5423
1875,stage3_interaction,0.375472,0.280528,0.189888,0.000000,0.000000,0.000000,0.000000,0.000000,5.00e-05,0.4601
1876,stage3_interaction,0.385832,0.287717,0.196231,0.000000,0.000000,0.000000,0.000000,0.000000,5.00e-05,0.4007
1877,stage3_interaction,0.383935,0.287594,0.192681,0.000000,0.000000,0.000000,0.000000,0.000000,5.00e-05,0.4141
1878,stage3_interaction,0.386117,0.288469,0.195297,0.000000,0.000000,0.000000,0.000000,0.000000,5.00e-05,0.4419
1879,stage3_interaction,0.393136,0.295905,0.194463,0.000000,0.000000,0.000000,0.000000,0.000000,5.00e-05,0.3833
1880,stage3_interaction,0.388488,0.291442,0.194092,0.000000,0.000000,0.000000,0.000000,0.000000,5.00e-05,0.3554
1881,stage3_interaction,0.377560,0.282160,0.190801,0.000000,0.000000,0.000000,0.000000,0.000000,5.00e-05,0.3226
1882,stage3_interaction,0.388482,0.290969,0.195027,0.000000,0.000000,0.000000,0.000000,0.000000,5.00e-05,0.4969
1883,stage3_interaction,0.374252,0.279223,0.190058,0.000000,0.000000,0.000000,0.000000,0.000000,5.00e-05,0.4046
1884,stage3_interaction,0.383839,0.287499,0.192681,0.000000,0.000000,0.000000,0.000000,0.000000,5.00e-05,0.3931
1885,stage3_interaction,0.393272,0.293996,0.198552,0.000000,0.000000,0.000000,0.000000,0.000000,5.00e-05,0.5739
1886,stage3_interaction,0.389084,0.290322,0.197524,0.000000,0.000000,0.000000,0.000000,0.000000,5.00e-05,0.3964
1887,stage3_interaction,0.391005,0.292709,0.196592,0.000000,0.000000,0.000000,0.000000,0.000000,5.00e-05,0.4029
1888,stage3_interaction,0.375993,0.282435,0.187115,0.000000,0.000000,0.000000,0.000000,0.000000,5.00e-05,0.6450
1889,stage3_interaction,0.376806,0.282521,0.188568,0.000000,0.000000,0.000000,0.000000,0.000000,5.00e-05,0.4295
1890,stage3_interaction,0.378809,0.284417,0.188785,0.000000,0.000000,0.000000,0.000000,0.000000,5.00e-05,0.4195
1891,stage3_interaction,0.392594,0.294229,0.196730,0.000000,0.000000,0.000000,0.000000,0.000000,5.00e-05,0.3624
1892,stage3_interaction,0.383645,0.286905,0.193481,0.000000,0.000000,0.000000,0.000000,0.000000,5.00e-05,0.3579
1893,stage3_interaction,0.401863,0.302801,0.198123,0.000000,0.000000,0.000000,0.000000,0.000000,5.00e-05,0.3454
1894,stage3_interaction,0.380836,0.285846,0.189980,0.000000,0.000000,0.000000,0.000000,0.000000,5.00e-05,0.6057
1895,stage3_interaction,0.388064,0.291372,0.193384,0.000000,0.000000,0.000000,0.000000,0.000000,5.00e-05,0.3808
1896,stage3_interaction,0.398228,0.298123,0.200211,0.000000,0.000000,0.000000,0.000000,0.000000,5.00e-05,0.8965
1897,stage3_interaction,0.390813,0.294003,0.193618,0.000000,0.000000,0.000000,0.000000,0.000000,5.00e-05,0.3872
1898,stage3_interaction,0.385797,0.288859,0.193875,0.000000,0.000000,0.000000,0.000000,0.000000,5.00e-05,0.6856
1899,stage3_interaction,0.386054,0.288892,0.194323,0.000000,0.000000,0.000000,0.000000,0.000000,5.00e-05,0.5994
1900,stage3_interaction,0.388900,0.292715,0.192368,0.000000,0.000000,0.000000,0.000000,0.000000,5.00e-05,0.6653
1901,stage3_interaction,0.384385,0.288421,0.191926,0.000000,0.000000,0.000000,0.000000,0.000000,5.00e-05,0.5064
1902,stage3_interaction,0.394465,0.296204,0.196522,0.000000,0.000000,0.000000,0.000000,0.000000,5.00e-05,0.4126
1903,stage3_interaction,0.391376,0.293385,0.195983,0.000000,0.000000,0.000000,0.000000,0.000000,5.00e-05,0.4074
1904,stage3_interaction,0.389135,0.291222,0.195828,0.000000,0.000000,0.000000,0.000000,0.000000,5.00e-05,0.4020
1905,stage3_interaction,0.377673,0.282397,0.190551,0.000000,0.000000,0.000000,0.000000,0.000000,5.00e-05,0.6859
1906,stage3_interaction,0.380544,0.284703,0.191681,0.000000,0.000000,0.000000,0.000000,0.000000,5.00e-05,0.4056
1907,stage3_interaction,0.388827,0.290815,0.196025,0.000000,0.000000,0.000000,0.000000,0.000000,5.00e-05,0.3732
1908,stage3_interaction,0.390409,0.291009,0.198800,0.000000,0.000000,0.000000,0.000000,0.000000,5.00e-05,0.6885
1909,stage3_interaction,0.386601,0.290403,0.192396,0.000000,0.000000,0.000000,0.000000,0.000000,5.00e-05,0.7438
1910,stage3_interaction,0.388456,0.290703,0.195507,0.000000,0.000000,0.000000,0.000000,0.000000,5.00e-05,0.6251
1911,stage3_interaction,0.386563,0.289123,0.194878,0.000000,0.000000,0.000000,0.000000,0.000000,5.00e-05,0.5199
1912,stage3_interaction,0.382962,0.284730,0.196463,0.000000,0.000000,0.000000,0.000000,0.000000,5.00e-05,0.7681
1913,stage3_interaction,0.377461,0.283495,0.187932,0.000000,0.000000,0.000000,0.000000,0.000000,5.00e-05,0.3438
1914,stage3_interaction,0.391098,0.292734,0.196729,0.000000,0.000000,0.000000,0.000000,0.000000,5.00e-05,0.3598
1915,stage3_interaction,0.390067,0.291678,0.196779,0.000000,0.000000,0.000000,0.000000,0.000000,5.00e-05,0.5647
1916,stage3_interaction,0.395654,0.297499,0.196309,0.000000,0.000000,0.000000,0.000000,0.000000,5.00e-05,0.3465
1917,stage3_interaction,0.388299,0.289380,0.197839,0.000000,0.000000,0.000000,0.000000,0.000000,5.00e-05,0.3242
1918,stage3_interaction,0.389001,0.291778,0.194446,0.000000,0.000000,0.000000,0.000000,0.000000,5.00e-05,0.3720
1919,stage3_interaction,0.383059,0.284978,0.196160,0.000000,0.000000,0.000000,0.000000,0.000000,5.00e-05,0.6325
1920,stage3_interaction,0.388871,0.291869,0.194004,0.000000,0.000000,0.000000,0.000000,0.000000,5.00e-05,0.3324
1921,stage3_interaction,0.400932,0.301572,0.198721,0.000000,0.000000,0.000000,0.000000,0.000000,5.00e-05,0.3259
1922,stage3_interaction,0.379969,0.284332,0.191274,0.000000,0.000000,0.000000,0.000000,0.000000,5.00e-05,0.2975
1923,stage3_interaction,0.394799,0.297740,0.194119,0.000000,0.000000,0.000000,0.000000,0.000000,5.00e-05,0.3750
1924,stage3_interaction,0.383974,0.288221,0.191507,0.000000,0.000000,0.000000,0.000000,0.000000,5.00e-05,0.3425
1925,stage3_interaction,0.396308,0.298355,0.195906,0.000000,0.000000,0.000000,0.000000,0.000000,5.00e-05,0.4072
1926,stage3_interaction,0.388997,0.291366,0.195263,0.000000,0.000000,0.000000,0.000000,0.000000,5.00e-05,0.4497
1927,stage3_interaction,0.374029,0.281221,0.185615,0.000000,0.000000,0.000000,0.000000,0.000000,5.00e-05,0.8781
1928,stage3_interaction,0.382737,0.287956,0.189561,0.000000,0.000000,0.000000,0.000000,0.000000,5.00e-05,0.3567
1929,stage3_interaction,0.388586,0.290499,0.196174,0.000000,0.000000,0.000000,0.000000,0.000000,5.00e-05,0.4103
1930,stage3_interaction,0.388322,0.292071,0.192501,0.000000,0.000000,0.000000,0.000000,0.000000,5.00e-05,0.3507
1931,stage3_interaction,0.395024,0.295809,0.198431,0.000000,0.000000,0.000000,0.000000,0.000000,5.00e-05,0.3856
1932,stage3_interaction,0.390204,0.293499,0.193410,0.000000,0.000000,0.000000,0.000000,0.000000,5.00e-05,0.4961
1933,stage3_interaction,0.378194,0.284431,0.187527,0.000000,0.000000,0.000000,0.000000,0.000000,5.00e-05,0.4349
1934,stage3_interaction,0.386893,0.290825,0.192136,0.000000,0.000000,0.000000,0.000000,0.000000,5.00e-05,0.2879
1935,stage3_interaction,0.383516,0.287890,0.191252,0.000000,0.000000,0.000000,0.000000,0.000000,5.00e-05,0.4556
1936,stage3_interaction,0.389206,0.292482,0.193448,0.000000,0.000000,0.000000,0.000000,0.000000,5.00e-05,0.3474
1937,stage3_interaction,0.373491,0.280516,0.185950,0.000000,0.000000,0.000000,0.000000,0.000000,5.00e-05,0.3689
1938,stage3_interaction,0.393802,0.295319,0.196965,0.000000,0.000000,0.000000,0.000000,0.000000,5.00e-05,0.3353
1939,stage3_interaction,0.388379,0.292290,0.192178,0.000000,0.000000,0.000000,0.000000,0.000000,5.00e-05,0.3516
1940,stage3_interaction,0.392394,0.294537,0.195713,0.000000,0.000000,0.000000,0.000000,0.000000,5.00e-05,0.3711
1941,stage3_interaction,0.386275,0.289164,0.194221,0.000000,0.000000,0.000000,0.000000,0.000000,5.00e-05,0.3277
1942,stage3_interaction,0.396717,0.297809,0.197818,0.000000,0.000000,0.000000,0.000000,0.000000,5.00e-05,0.4136
1943,stage3_interaction,0.378841,0.284535,0.188611,0.000000,0.000000,0.000000,0.000000,0.000000,5.00e-05,0.7674
1944,stage3_interaction,0.383885,0.286997,0.193774,0.000000,0.000000,0.000000,0.000000,0.000000,5.00e-05,0.2557
1945,stage3_interaction,0.379159,0.285916,0.186487,0.000000,0.000000,0.000000,0.000000,0.000000,5.00e-05,0.3839
1946,stage3_interaction,0.391022,0.293484,0.195076,0.000000,0.000000,0.000000,0.000000,0.000000,5.00e-05,0.3385
1947,stage3_interaction,0.383196,0.284916,0.196561,0.000000,0.000000,0.000000,0.000000,0.000000,5.00e-05,0.4168
1948,stage3_interaction,0.388997,0.291311,0.195373,0.000000,0.000000,0.000000,0.000000,0.000000,5.00e-05,0.5339
1949,stage3_interaction,0.383885,0.288740,0.190291,0.000000,0.000000,0.000000,0.000000,0.000000,5.00e-05,0.4201
1950,stage3_interaction,0.382628,0.287439,0.190378,0.000000,0.000000,0.000000,0.000000,0.000000,5.00e-05,0.3584
1951,stage3_interaction,0.393302,0.296254,0.194096,0.000000,0.000000,0.000000,0.000000,0.000000,5.00e-05,0.4102
1952,stage3_interaction,0.391861,0.294775,0.194172,0.000000,0.000000,0.000000,0.000000,0.000000,5.00e-05,0.4090
1953,stage3_interaction,0.402940,0.303369,0.199142,0.000000,0.000000,0.000000,0.000000,0.000000,5.00e-05,0.3163
1954,stage3_interaction,0.385970,0.289532,0.192874,0.000000,0.000000,0.000000,0.000000,0.000000,5.00e-05,0.4105
1955,stage3_interaction,0.385258,0.290349,0.189820,0.000000,0.000000,0.000000,0.000000,0.000000,5.00e-05,0.3158
1956,stage3_interaction,0.386070,0.287641,0.196857,0.000000,0.000000,0.000000,0.000000,0.000000,5.00e-05,0.6596
1957,stage3_interaction,0.389633,0.292695,0.193877,0.000000,0.000000,0.000000,0.000000,0.000000,5.00e-05,0.3485
1958,stage3_interaction,0.388716,0.292293,0.192847,0.000000,0.000000,0.000000,0.000000,0.000000,5.00e-05,0.4100
1959,stage3_interaction,0.378319,0.284252,0.188134,0.000000,0.000000,0.000000,0.000000,0.000000,5.00e-05,0.6617
1960,stage3_interaction,0.381505,0.286076,0.190859,0.000000,0.000000,0.000000,0.000000,0.000000,5.00e-05,0.3181
1961,stage3_interaction,0.381331,0.286743,0.189176,0.000000,0.000000,0.000000,0.000000,0.000000,5.00e-05,0.3178
1962,stage3_interaction,0.384144,0.287807,0.192673,0.000000,0.000000,0.000000,0.000000,0.000000,5.00e-05,0.3246
1963,stage3_interaction,0.386144,0.291038,0.190214,0.000000,0.000000,0.000000,0.000000,0.000000,5.00e-05,0.3807
1964,stage3_interaction,0.377415,0.283624,0.187583,0.000000,0.000000,0.000000,0.000000,0.000000,5.00e-05,0.4276
1965,stage3_interaction,0.380527,0.286736,0.187583,0.000000,0.000000,0.000000,0.000000,0.000000,5.00e-05,0.4355
1966,stage3_interaction,0.378790,0.284882,0.187815,0.000000,0.000000,0.000000,0.000000,0.000000,5.00e-05,0.3505
1967,stage3_interaction,0.381661,0.284472,0.194377,0.000000,0.000000,0.000000,0.000000,0.000000,5.00e-05,0.3403
1968,stage3_interaction,0.393868,0.295184,0.197369,0.000000,0.000000,0.000000,0.000000,0.000000,5.00e-05,0.3128
1969,stage3_interaction,0.377672,0.282301,0.190741,0.000000,0.000000,0.000000,0.000000,0.000000,5.00e-05,0.3263
1970,stage3_interaction,0.393927,0.293974,0.199907,0.000000,0.000000,0.000000,0.000000,0.000000,5.00e-05,0.4111
1971,stage3_interaction,0.381505,0.285128,0.192754,0.000000,0.000000,0.000000,0.000000,0.000000,5.00e-05,0.4523
1972,stage3_interaction,0.382685,0.287728,0.189914,0.000000,0.000000,0.000000,0.000000,0.000000,5.00e-05,0.4033
1973,stage3_interaction,0.392896,0.295756,0.194279,0.000000,0.000000,0.000000,0.000000,0.000000,5.00e-05,0.5355
1974,stage3_interaction,0.402698,0.300555,0.204285,0.000000,0.000000,0.000000,0.000000,0.000000,5.00e-05,0.4402
1975,stage3_interaction,0.384546,0.287875,0.193341,0.000000,0.000000,0.000000,0.000000,0.000000,5.00e-05,0.3430
1976,stage3_interaction,0.384808,0.288262,0.193093,0.000000,0.000000,0.000000,0.000000,0.000000,5.00e-05,0.4469
1977,stage3_interaction,0.380258,0.284943,0.190629,0.000000,0.000000,0.000000,0.000000,0.000000,5.00e-05,0.4039
1978,stage3_interaction,0.387161,0.290137,0.194049,0.000000,0.000000,0.000000,0.000000,0.000000,5.00e-05,0.4178
1979,stage3_interaction,0.385823,0.289337,0.192972,0.000000,0.000000,0.000000,0.000000,0.000000,5.00e-05,0.3213
1980,stage3_interaction,0.381224,0.286293,0.189862,0.000000,0.000000,0.000000,0.000000,0.000000,5.00e-05,0.4621
1981,stage3_interaction,0.393358,0.297005,0.192706,0.000000,0.000000,0.000000,0.000000,0.000000,5.00e-05,0.3699
1982,stage3_interaction,0.393474,0.296936,0.193077,0.000000,0.000000,0.000000,0.000000,0.000000,5.00e-05,0.3533
1983,stage3_interaction,0.381506,0.285255,0.192502,0.000000,0.000000,0.000000,0.000000,0.000000,5.00e-05,0.3534
1984,stage3_interaction,0.383341,0.287359,0.191963,0.000000,0.000000,0.000000,0.000000,0.000000,5.00e-05,0.4108
1985,stage3_interaction,0.390796,0.294415,0.192761,0.000000,0.000000,0.000000,0.000000,0.000000,5.00e-05,0.5036
1986,stage3_interaction,0.399201,0.299480,0.199442,0.000000,0.000000,0.000000,0.000000,0.000000,5.00e-05,0.3725
1987,stage3_interaction,0.405373,0.305692,0.199363,0.000000,0.000000,0.000000,0.000000,0.000000,5.00e-05,0.4818
1988,stage3_interaction,0.372096,0.278794,0.186604,0.000000,0.000000,0.000000,0.000000,0.000000,5.00e-05,0.4522
1989,stage3_interaction,0.385639,0.289216,0.192846,0.000000,0.000000,0.000000,0.000000,0.000000,5.00e-05,0.5437
1990,stage3_interaction,0.401103,0.300964,0.200278,0.000000,0.000000,0.000000,0.000000,0.000000,5.00e-05,0.4308
1991,stage3_interaction,0.368858,0.275594,0.186528,0.000000,0.000000,0.000000,0.000000,0.000000,5.00e-05,0.4122
1992,stage3_interaction,0.387080,0.291760,0.190640,0.000000,0.000000,0.000000,0.000000,0.000000,5.00e-05,0.3559
1993,stage3_interaction,0.393379,0.296413,0.193932,0.000000,0.000000,0.000000,0.000000,0.000000,5.00e-05,0.4177
1994,stage3_interaction,0.389747,0.291576,0.196341,0.000000,0.000000,0.000000,0.000000,0.000000,5.00e-05,0.3969
1995,stage3_interaction,0.381753,0.287315,0.188875,0.000000,0.000000,0.000000,0.000000,0.000000,5.00e-05,0.3462
1996,stage3_interaction,0.376701,0.282124,0.189153,0.000000,0.000000,0.000000,0.000000,0.000000,5.00e-05,0.4280
1997,stage3_interaction,0.382483,0.285822,0.193321,0.000000,0.000000,0.000000,0.000000,0.000000,5.00e-05,0.4495
1998,stage3_interaction,0.375169,0.281497,0.187344,0.000000,0.000000,0.000000,0.000000,0.000000,5.00e-05,0.8847
1999,stage3_interaction,0.391566,0.293008,0.197116,0.000000,0.000000,0.000000,0.000000,0.000000,5.00e-05,0.4576
2000,stage3_interaction,0.399265,0.299206,0.200118,0.000000,0.000000,0.000000,0.000000,0.000000,5.00e-05,0.3859
2001,stage3_interaction,0.394030,0.295032,0.197996,0.000000,0.000000,0.000000,0.000000,0.000000,5.00e-05,0.4108
2002,stage3_interaction,0.382937,0.287172,0.191531,0.000000,0.000000,0.000000,0.000000,0.000000,5.00e-05,0.4928
2003,stage3_interaction,0.382419,0.287602,0.189635,0.000000,0.000000,0.000000,0.000000,0.000000,5.00e-05,0.6583
2004,stage3_interaction,0.389563,0.293783,0.191559,0.000000,0.000000,0.000000,0.000000,0.000000,5.00e-05,0.3523
2005,stage3_interaction,0.390207,0.291587,0.197241,0.000000,0.000000,0.000000,0.000000,0.000000,5.00e-05,0.3763
2006,stage3_interaction,0.377199,0.282672,0.189054,0.000000,0.000000,0.000000,0.000000,0.000000,5.00e-05,0.3838
2007,stage3_interaction,0.386275,0.289325,0.193901,0.000000,0.000000,0.000000,0.000000,0.000000,5.00e-05,0.3396
2008,stage3_interaction,0.388931,0.292354,0.193154,0.000000,0.000000,0.000000,0.000000,0.000000,5.00e-05,0.3512
2009,stage3_interaction,0.379986,0.285978,0.188016,0.000000,0.000000,0.000000,0.000000,0.000000,5.00e-05,0.4114
2010,stage3_interaction,0.389853,0.292747,0.194212,0.000000,0.000000,0.000000,0.000000,0.000000,5.00e-05,0.3685
2011,stage3_interaction,0.389236,0.292271,0.193930,0.000000,0.000000,0.000000,0.000000,0.000000,5.00e-05,0.4066
2012,stage3_interaction,0.384833,0.289394,0.190879,0.000000,0.000000,0.000000,0.000000,0.000000,5.00e-05,0.4223
2013,stage3_interaction,0.382313,0.287043,0.190538,0.000000,0.000000,0.000000,0.000000,0.000000,5.00e-05,0.3307
2014,stage3_interaction,0.383449,0.288210,0.190479,0.000000,0.000000,0.000000,0.000000,0.000000,5.00e-05,0.5770
2015,stage3_interaction,0.380619,0.286160,0.188918,0.000000,0.000000,0.000000,0.000000,0.000000,5.00e-05,0.3578
2016,stage3_interaction,0.379032,0.284501,0.189062,0.000000,0.000000,0.000000,0.000000,0.000000,5.00e-05,0.4370
2017,stage3_interaction,0.396647,0.298983,0.195328,0.000000,0.000000,0.000000,0.000000,0.000000,5.00e-05,0.3620
2018,stage3_interaction,0.375048,0.280672,0.188751,0.000000,0.000000,0.000000,0.000000,0.000000,5.00e-05,0.6348
2019,stage3_interaction,0.377824,0.284710,0.186226,0.000000,0.000000,0.000000,0.000000,0.000000,5.00e-05,0.7582
2020,stage3_interaction,0.387303,0.289941,0.194724,0.000000,0.000000,0.000000,0.000000,0.000000,5.00e-05,0.5221
2021,stage3_interaction,0.379378,0.283586,0.191584,0.000000,0.000000,0.000000,0.000000,0.000000,5.00e-05,0.4775
2022,stage3_interaction,0.387784,0.290787,0.193994,0.000000,0.000000,0.000000,0.000000,0.000000,5.00e-05,0.4444
2023,stage3_interaction,0.390509,0.293295,0.194428,0.000000,0.000000,0.000000,0.000000,0.000000,5.00e-05,0.3336
2024,stage3_interaction,0.377537,0.283342,0.188389,0.000000,0.000000,0.000000,0.000000,0.000000,5.00e-05,0.3254
2025,stage3_interaction,0.375184,0.281900,0.186568,0.000000,0.000000,0.000000,0.000000,0.000000,5.00e-05,0.5024
2026,stage3_interaction,0.396585,0.297767,0.197635,0.000000,0.000000,0.000000,0.000000,0.000000,5.00e-05,0.3946
2027,stage3_interaction,0.379680,0.285707,0.187947,0.000000,0.000000,0.000000,0.000000,0.000000,5.00e-05,0.3452
2028,stage3_interaction,0.375014,0.282327,0.185374,0.000000,0.000000,0.000000,0.000000,0.000000,5.00e-05,0.3179
2029,stage3_interaction,0.384442,0.289225,0.190435,0.000000,0.000000,0.000000,0.000000,0.000000,5.00e-05,0.4108
2030,stage3_interaction,0.383328,0.288966,0.188725,0.000000,0.000000,0.000000,0.000000,0.000000,5.00e-05,0.3151
2031,stage3_interaction,0.385836,0.290165,0.191340,0.000000,0.000000,0.000000,0.000000,0.000000,5.00e-05,0.3355
2032,stage3_interaction,0.393892,0.295317,0.197148,0.000000,0.000000,0.000000,0.000000,0.000000,5.00e-05,0.4330
2033,stage3_interaction,0.385266,0.288899,0.192733,0.000000,0.000000,0.000000,0.000000,0.000000,5.00e-05,0.3734
2034,stage3_interaction,0.385925,0.289999,0.191852,0.000000,0.000000,0.000000,0.000000,0.000000,5.00e-05,0.3315
2035,stage3_interaction,0.385333,0.288868,0.192929,0.000000,0.000000,0.000000,0.000000,0.000000,5.00e-05,0.4787
2036,stage3_interaction,0.387823,0.292370,0.190907,0.000000,0.000000,0.000000,0.000000,0.000000,5.00e-05,0.3077
2037,stage3_interaction,0.378399,0.285471,0.185855,0.000000,0.000000,0.000000,0.000000,0.000000,5.00e-05,0.4462
2038,stage3_interaction,0.387354,0.290973,0.192762,0.000000,0.000000,0.000000,0.000000,0.000000,5.00e-05,0.4071
2039,stage3_interaction,0.381400,0.285963,0.190874,0.000000,0.000000,0.000000,0.000000,0.000000,5.00e-05,0.5493
2040,stage3_interaction,0.381656,0.287082,0.189149,0.000000,0.000000,0.000000,0.000000,0.000000,5.00e-05,0.3463
2041,stage3_interaction,0.380948,0.286932,0.188034,0.000000,0.000000,0.000000,0.000000,0.000000,5.00e-05,0.3628
2042,stage3_interaction,0.388826,0.291435,0.194781,0.000000,0.000000,0.000000,0.000000,0.000000,5.00e-05,0.4088
2043,stage3_interaction,0.394297,0.296969,0.194655,0.000000,0.000000,0.000000,0.000000,0.000000,5.00e-05,0.3842
2044,stage3_interaction,0.388709,0.290773,0.195872,0.000000,0.000000,0.000000,0.000000,0.000000,5.00e-05,0.3569
2045,stage3_interaction,0.387361,0.292350,0.190022,0.000000,0.000000,0.000000,0.000000,0.000000,5.00e-05,0.3482
2046,stage3_interaction,0.391460,0.294225,0.194469,0.000000,0.000000,0.000000,0.000000,0.000000,5.00e-05,0.4673
2047,stage3_interaction,0.385575,0.288484,0.194181,0.000000,0.000000,0.000000,0.000000,0.000000,5.00e-05,0.3857
2048,stage3_interaction,0.391597,0.293521,0.196153,0.000000,0.000000,0.000000,0.000000,0.000000,5.00e-05,0.3802
2049,stage3_interaction,0.401051,0.300496,0.201110,0.000000,0.000000,0.000000,0.000000,0.000000,5.00e-05,0.4659
2050,stage3_interaction,0.374536,0.280589,0.187894,0.000000,0.000000,0.000000,0.000000,0.000000,5.00e-05,0.4374
2051,stage3_interaction,0.384032,0.288116,0.191831,0.000000,0.000000,0.000000,0.000000,0.000000,5.00e-05,0.4541
2052,stage3_interaction,0.394767,0.296779,0.195977,0.000000,0.000000,0.000000,0.000000,0.000000,5.00e-05,0.3086
2053,stage3_interaction,0.374770,0.281342,0.186856,0.000000,0.000000,0.000000,0.000000,0.000000,5.00e-05,0.4818
2054,stage3_interaction,0.373793,0.279963,0.187660,0.000000,0.000000,0.000000,0.000000,0.000000,5.00e-05,0.4927
2055,stage3_interaction,0.382710,0.287373,0.190676,0.000000,0.000000,0.000000,0.000000,0.000000,5.00e-05,0.3348
2056,stage3_interaction,0.383105,0.286324,0.193561,0.000000,0.000000,0.000000,0.000000,0.000000,5.00e-05,0.4569
2057,stage3_interaction,0.391244,0.295424,0.191641,0.000000,0.000000,0.000000,0.000000,0.000000,5.00e-05,0.3471
2058,stage3_interaction,0.390041,0.292443,0.195197,0.000000,0.000000,0.000000,0.000000,0.000000,5.00e-05,0.4486
2059,stage3_interaction,0.388412,0.291418,0.193989,0.000000,0.000000,0.000000,0.000000,0.000000,5.00e-05,0.4606
2060,stage3_interaction,0.378028,0.283774,0.188508,0.000000,0.000000,0.000000,0.000000,0.000000,5.00e-05,0.5605
2061,stage3_interaction,0.380147,0.286718,0.186859,0.000000,0.000000,0.000000,0.000000,0.000000,5.00e-05,0.6042
2062,stage3_interaction,0.384369,0.289479,0.189780,0.000000,0.000000,0.000000,0.000000,0.000000,5.00e-05,0.3329
2063,stage3_interaction,0.389465,0.292164,0.194600,0.000000,0.000000,0.000000,0.000000,0.000000,5.00e-05,0.3697
2064,stage3_interaction,0.382346,0.286080,0.192531,0.000000,0.000000,0.000000,0.000000,0.000000,5.00e-05,0.6421
2065,stage3_interaction,0.380781,0.287124,0.187313,0.000000,0.000000,0.000000,0.000000,0.000000,5.00e-05,0.5988
2066,stage3_interaction,0.392247,0.293589,0.197315,0.000000,0.000000,0.000000,0.000000,0.000000,5.00e-05,0.6411
2067,stage3_interaction,0.380943,0.285983,0.189920,0.000000,0.000000,0.000000,0.000000,0.000000,5.00e-05,0.4881
2068,stage3_interaction,0.380027,0.285574,0.188906,0.000000,0.000000,0.000000,0.000000,0.000000,5.00e-05,0.4974
2069,stage3_interaction,0.392245,0.293676,0.197140,0.000000,0.000000,0.000000,0.000000,0.000000,5.00e-05,0.6171
2070,stage3_interaction,0.385264,0.288659,0.193210,0.000000,0.000000,0.000000,0.000000,0.000000,5.00e-05,0.2975
2071,stage3_interaction,0.379959,0.284232,0.191455,0.000000,0.000000,0.000000,0.000000,0.000000,5.00e-05,0.5177
2072,stage3_interaction,0.389453,0.291654,0.195597,0.000000,0.000000,0.000000,0.000000,0.000000,5.00e-05,0.3378
2073,stage3_interaction,0.380677,0.285786,0.189780,0.000000,0.000000,0.000000,0.000000,0.000000,5.00e-05,0.4753
2074,stage3_interaction,0.376820,0.282235,0.189168,0.000000,0.000000,0.000000,0.000000,0.000000,5.00e-05,0.7493
2075,stage3_interaction,0.395721,0.297649,0.196144,0.000000,0.000000,0.000000,0.000000,0.000000,5.00e-05,0.4900
2076,stage3_interaction,0.372593,0.279061,0.187064,0.000000,0.000000,0.000000,0.000000,0.000000,5.00e-05,0.3817
2077,stage3_interaction,0.386918,0.290315,0.193205,0.000000,0.000000,0.000000,0.000000,0.000000,5.00e-05,0.4133
2078,stage3_interaction,0.391454,0.292668,0.197570,0.000000,0.000000,0.000000,0.000000,0.000000,5.00e-05,0.4171
2079,stage3_interaction,0.394969,0.294963,0.200012,0.000000,0.000000,0.000000,0.000000,0.000000,5.00e-05,0.4655
2080,stage3_interaction,0.397892,0.299513,0.196760,0.000000,0.000000,0.000000,0.000000,0.000000,5.00e-05,0.4015
2081,stage3_interaction,0.376782,0.282834,0.187896,0.000000,0.000000,0.000000,0.000000,0.000000,5.00e-05,0.3169
2082,stage3_interaction,0.389965,0.291167,0.197597,0.000000,0.000000,0.000000,0.000000,0.000000,5.00e-05,0.4069
2083,stage3_interaction,0.384699,0.288427,0.192544,0.000000,0.000000,0.000000,0.000000,0.000000,5.00e-05,0.4033
2084,stage3_interaction,0.380033,0.285967,0.188131,0.000000,0.000000,0.000000,0.000000,0.000000,5.00e-05,0.4966
2085,stage3_interaction,0.394761,0.296515,0.196492,0.000000,0.000000,0.000000,0.000000,0.000000,5.00e-05,0.3991
2086,stage3_interaction,0.385607,0.290788,0.189637,0.000000,0.000000,0.000000,0.000000,0.000000,5.00e-05,0.3827
2087,stage3_interaction,0.386566,0.289875,0.193382,0.000000,0.000000,0.000000,0.000000,0.000000,5.00e-05,0.3166
2088,stage3_interaction,0.382573,0.287399,0.190349,0.000000,0.000000,0.000000,0.000000,0.000000,5.00e-05,0.3491
2089,stage3_interaction,0.393701,0.295332,0.196738,0.000000,0.000000,0.000000,0.000000,0.000000,5.00e-05,0.4838
2090,stage3_interaction,0.377449,0.284699,0.185501,0.000000,0.000000,0.000000,0.000000,0.000000,5.00e-05,0.4278
2091,stage3_interaction,0.390725,0.292901,0.195649,0.000000,0.000000,0.000000,0.000000,0.000000,5.00e-05,0.3245
2092,stage3_interaction,0.368776,0.276545,0.184461,0.000000,0.000000,0.000000,0.000000,0.000000,5.00e-05,0.3393
2093,stage3_interaction,0.382321,0.286742,0.191158,0.000000,0.000000,0.000000,0.000000,0.000000,5.00e-05,0.3285
2094,stage3_interaction,0.385385,0.290018,0.190735,0.000000,0.000000,0.000000,0.000000,0.000000,5.00e-05,0.4194
2095,stage3_interaction,0.378116,0.284835,0.186560,0.000000,0.000000,0.000000,0.000000,0.000000,5.00e-05,0.3244
2096,stage3_interaction,0.386324,0.290556,0.191537,0.000000,0.000000,0.000000,0.000000,0.000000,5.00e-05,0.3887
2097,stage3_interaction,0.389036,0.292567,0.192938,0.000000,0.000000,0.000000,0.000000,0.000000,5.00e-05,0.3525
2098,stage3_interaction,0.382731,0.286272,0.192917,0.000000,0.000000,0.000000,0.000000,0.000000,5.00e-05,0.5170
2099,stage3_interaction,0.389641,0.292703,0.193874,0.000000,0.000000,0.000000,0.000000,0.000000,5.00e-05,0.3386
2100,stage3_interaction,0.395728,0.295264,0.200928,0.000000,0.000000,0.000000,0.000000,0.000000,5.00e-05,0.4288
2101,stage3_interaction,0.399469,0.300351,0.198236,0.000000,0.000000,0.000000,0.000000,0.000000,5.00e-05,0.3740
2102,stage3_interaction,0.388175,0.291985,0.192380,0.000000,0.000000,0.000000,0.000000,0.000000,5.00e-05,0.3552
2103,stage3_interaction,0.386458,0.291002,0.190912,0.000000,0.000000,0.000000,0.000000,0.000000,5.00e-05,0.4103
2104,stage3_interaction,0.394465,0.296672,0.195584,0.000000,0.000000,0.000000,0.000000,0.000000,5.00e-05,0.4992
2105,stage3_interaction,0.397109,0.298139,0.197941,0.000000,0.000000,0.000000,0.000000,0.000000,5.00e-05,0.4346
2106,stage3_interaction,0.387800,0.289595,0.196411,0.000000,0.000000,0.000000,0.000000,0.000000,5.00e-05,0.3621
2107,stage3_interaction,0.396215,0.298147,0.196136,0.000000,0.000000,0.000000,0.000000,0.000000,5.00e-05,0.4200
2108,stage3_interaction,0.395416,0.296287,0.198257,0.000000,0.000000,0.000000,0.000000,0.000000,5.00e-05,0.3377
2109,stage3_interaction,0.380090,0.285608,0.188965,0.000000,0.000000,0.000000,0.000000,0.000000,5.00e-05,0.3538
2110,stage3_interaction,0.397907,0.300506,0.194800,0.000000,0.000000,0.000000,0.000000,0.000000,5.00e-05,0.3508
2111,stage3_interaction,0.388442,0.291038,0.194807,0.000000,0.000000,0.000000,0.000000,0.000000,5.00e-05,0.4869
2112,stage3_interaction,0.383625,0.289426,0.188398,0.000000,0.000000,0.000000,0.000000,0.000000,5.00e-05,0.3728
2113,stage3_interaction,0.395819,0.297361,0.196917,0.000000,0.000000,0.000000,0.000000,0.000000,5.00e-05,0.3477
2114,stage3_interaction,0.388457,0.291433,0.194048,0.000000,0.000000,0.000000,0.000000,0.000000,5.00e-05,0.3994
2115,stage3_interaction,0.379418,0.286461,0.185914,0.000000,0.000000,0.000000,0.000000,0.000000,5.00e-05,0.3628
2116,stage3_interaction,0.395284,0.297107,0.196354,0.000000,0.000000,0.000000,0.000000,0.000000,5.00e-05,0.5758
2117,stage3_interaction,0.379179,0.286088,0.186181,0.000000,0.000000,0.000000,0.000000,0.000000,5.00e-05,0.2997
2118,stage3_interaction,0.387501,0.291885,0.191232,0.000000,0.000000,0.000000,0.000000,0.000000,5.00e-05,0.4015
2119,stage3_interaction,0.372497,0.280214,0.184565,0.000000,0.000000,0.000000,0.000000,0.000000,5.00e-05,0.3518
2120,stage3_interaction,0.390242,0.293017,0.194450,0.000000,0.000000,0.000000,0.000000,0.000000,5.00e-05,0.6322
2121,stage3_interaction,0.382417,0.287824,0.189185,0.000000,0.000000,0.000000,0.000000,0.000000,5.00e-05,0.3887
2122,stage3_interaction,0.380625,0.284824,0.191602,0.000000,0.000000,0.000000,0.000000,0.000000,5.00e-05,0.3357
2123,stage3_interaction,0.399625,0.300783,0.197684,0.000000,0.000000,0.000000,0.000000,0.000000,5.00e-05,0.4699
2124,stage3_interaction,0.383805,0.288432,0.190747,0.000000,0.000000,0.000000,0.000000,0.000000,5.00e-05,0.5061
2125,stage3_interaction,0.385676,0.289853,0.191646,0.000000,0.000000,0.000000,0.000000,0.000000,5.00e-05,0.3330
2126,stage3_interaction,0.375465,0.280870,0.189190,0.000000,0.000000,0.000000,0.000000,0.000000,5.00e-05,0.4897
2127,stage3_interaction,0.374700,0.282060,0.185279,0.000000,0.000000,0.000000,0.000000,0.000000,5.00e-05,0.4131
2128,stage3_interaction,0.379439,0.285308,0.188262,0.000000,0.000000,0.000000,0.000000,0.000000,5.00e-05,0.4445
2129,stage3_interaction,0.391021,0.293902,0.194238,0.000000,0.000000,0.000000,0.000000,0.000000,5.00e-05,0.5736
2130,stage3_interaction,0.395307,0.296692,0.197231,0.000000,0.000000,0.000000,0.000000,0.000000,5.00e-05,0.6084
2131,stage3_interaction,0.379100,0.284401,0.189397,0.000000,0.000000,0.000000,0.000000,0.000000,5.00e-05,0.3268
2132,stage3_interaction,0.384169,0.288848,0.190643,0.000000,0.000000,0.000000,0.000000,0.000000,5.00e-05,0.6159
2133,stage3_interaction,0.386189,0.288753,0.194873,0.000000,0.000000,0.000000,0.000000,0.000000,5.00e-05,0.3680
2134,stage3_interaction,0.390130,0.292917,0.194426,0.000000,0.000000,0.000000,0.000000,0.000000,5.00e-05,0.3552
2135,stage3_interaction,0.391787,0.295023,0.193529,0.000000,0.000000,0.000000,0.000000,0.000000,5.00e-05,0.3500
2136,stage3_interaction,0.381136,0.286341,0.189590,0.000000,0.000000,0.000000,0.000000,0.000000,5.00e-05,0.3615
2137,stage3_interaction,0.392172,0.294509,0.195326,0.000000,0.000000,0.000000,0.000000,0.000000,5.00e-05,0.4264
2138,stage3_interaction,0.381804,0.286076,0.191456,0.000000,0.000000,0.000000,0.000000,0.000000,5.00e-05,0.4106
2139,stage3_interaction,0.390797,0.292073,0.197447,0.000000,0.000000,0.000000,0.000000,0.000000,5.00e-05,0.3708
2140,stage3_interaction,0.384572,0.289813,0.189518,0.000000,0.000000,0.000000,0.000000,0.000000,5.00e-05,0.3611
2141,stage3_interaction,0.387078,0.289802,0.194552,0.000000,0.000000,0.000000,0.000000,0.000000,5.00e-05,1.0632
2142,stage3_interaction,0.387057,0.290029,0.194056,0.000000,0.000000,0.000000,0.000000,0.000000,5.00e-05,0.4182
2143,stage3_interaction,0.387509,0.290957,0.193104,0.000000,0.000000,0.000000,0.000000,0.000000,5.00e-05,0.3897
2144,stage3_interaction,0.388453,0.293751,0.189404,0.000000,0.000000,0.000000,0.000000,0.000000,5.00e-05,0.3521
2145,stage3_interaction,0.391228,0.294930,0.192596,0.000000,0.000000,0.000000,0.000000,0.000000,5.00e-05,0.4960
2146,stage3_interaction,0.379156,0.283329,0.191656,0.000000,0.000000,0.000000,0.000000,0.000000,5.00e-05,0.3331
2147,stage3_interaction,0.378420,0.285903,0.185032,0.000000,0.000000,0.000000,0.000000,0.000000,5.00e-05,0.7264
2148,stage3_interaction,0.385355,0.288849,0.193013,0.000000,0.000000,0.000000,0.000000,0.000000,5.00e-05,0.4912
2149,stage3_interaction,0.380097,0.283779,0.192636,0.000000,0.000000,0.000000,0.000000,0.000000,5.00e-05,0.5057
2150,stage3_interaction,0.382826,0.287669,0.190313,0.000000,0.000000,0.000000,0.000000,0.000000,5.00e-05,0.3641
2151,stage3_interaction,0.380466,0.286904,0.187124,0.000000,0.000000,0.000000,0.000000,0.000000,5.00e-05,0.2985
2152,stage3_interaction,0.384961,0.289737,0.190448,0.000000,0.000000,0.000000,0.000000,0.000000,5.00e-05,0.4989
2153,stage3_interaction,0.385283,0.288715,0.193137,0.000000,0.000000,0.000000,0.000000,0.000000,5.00e-05,0.2874
2154,stage3_interaction,0.378826,0.285113,0.187426,0.000000,0.000000,0.000000,0.000000,0.000000,5.00e-05,0.3199
2155,stage3_interaction,0.388963,0.292146,0.193635,0.000000,0.000000,0.000000,0.000000,0.000000,5.00e-05,0.3741
2156,stage3_interaction,0.402507,0.302517,0.199980,0.000000,0.000000,0.000000,0.000000,0.000000,5.00e-05,0.5350
2157,stage3_interaction,0.385388,0.289157,0.192462,0.000000,0.000000,0.000000,0.000000,0.000000,5.00e-05,0.4399
2158,stage3_interaction,0.368582,0.275467,0.186231,0.000000,0.000000,0.000000,0.000000,0.000000,5.00e-05,0.6090
2159,stage3_interaction,0.384157,0.287792,0.192730,0.000000,0.000000,0.000000,0.000000,0.000000,5.00e-05,0.3557
2160,stage3_interaction,0.379779,0.285900,0.187758,0.000000,0.000000,0.000000,0.000000,0.000000,5.00e-05,0.3591
2161,stage3_interaction,0.383339,0.289406,0.187866,0.000000,0.000000,0.000000,0.000000,0.000000,5.00e-05,0.4628
2162,stage3_interaction,0.376918,0.283674,0.186488,0.000000,0.000000,0.000000,0.000000,0.000000,5.00e-05,0.3992
2163,stage3_interaction,0.396347,0.297377,0.197942,0.000000,0.000000,0.000000,0.000000,0.000000,5.00e-05,0.3820
2164,stage3_interaction,0.387593,0.291143,0.192900,0.000000,0.000000,0.000000,0.000000,0.000000,5.00e-05,0.3130
2165,stage3_interaction,0.375808,0.283247,0.185123,0.000000,0.000000,0.000000,0.000000,0.000000,5.00e-05,0.6255
2166,stage3_interaction,0.388544,0.292026,0.193037,0.000000,0.000000,0.000000,0.000000,0.000000,5.00e-05,0.5054
2167,stage3_interaction,0.379912,0.285654,0.188516,0.000000,0.000000,0.000000,0.000000,0.000000,5.00e-05,0.7473
2168,stage3_interaction,0.378519,0.283998,0.189043,0.000000,0.000000,0.000000,0.000000,0.000000,5.00e-05,0.3902
2169,stage3_interaction,0.385345,0.289176,0.192338,0.000000,0.000000,0.000000,0.000000,0.000000,5.00e-05,0.4161
2170,stage3_interaction,0.383664,0.287513,0.192302,0.000000,0.000000,0.000000,0.000000,0.000000,5.00e-05,0.3531
2171,stage3_interaction,0.377165,0.282140,0.190050,0.000000,0.000000,0.000000,0.000000,0.000000,5.00e-05,0.6165
2172,stage3_interaction,0.393488,0.295544,0.195888,0.000000,0.000000,0.000000,0.000000,0.000000,5.00e-05,0.4130
2173,stage3_interaction,0.396435,0.298525,0.195821,0.000000,0.000000,0.000000,0.000000,0.000000,5.00e-05,0.4809
2174,stage3_interaction,0.381256,0.286469,0.189574,0.000000,0.000000,0.000000,0.000000,0.000000,5.00e-05,0.3952
2175,stage3_interaction,0.371306,0.279176,0.184259,0.000000,0.000000,0.000000,0.000000,0.000000,5.00e-05,0.5692
2176,stage3_interaction,0.394614,0.296427,0.196373,0.000000,0.000000,0.000000,0.000000,0.000000,5.00e-05,0.3693
2177,stage3_interaction,0.381659,0.288057,0.187204,0.000000,0.000000,0.000000,0.000000,0.000000,5.00e-05,0.3341
2178,stage3_interaction,0.377050,0.282523,0.189053,0.000000,0.000000,0.000000,0.000000,0.000000,5.00e-05,0.3290
2179,stage3_interaction,0.384504,0.289253,0.190503,0.000000,0.000000,0.000000,0.000000,0.000000,5.00e-05,0.4643
2180,stage3_interaction,0.393587,0.296929,0.193316,0.000000,0.000000,0.000000,0.000000,0.000000,5.00e-05,0.3765
2181,stage3_interaction,0.379472,0.284120,0.190704,0.000000,0.000000,0.000000,0.000000,0.000000,5.00e-05,0.3826
2182,stage3_interaction,0.384248,0.286811,0.194873,0.000000,0.000000,0.000000,0.000000,0.000000,5.00e-05,0.4017
2183,stage3_interaction,0.371866,0.279421,0.184889,0.000000,0.000000,0.000000,0.000000,0.000000,5.00e-05,0.4016
2184,stage3_interaction,0.382017,0.287400,0.189234,0.000000,0.000000,0.000000,0.000000,0.000000,5.00e-05,0.5170
2185,stage3_interaction,0.394652,0.296612,0.196081,0.000000,0.000000,0.000000,0.000000,0.000000,5.00e-05,0.4032
2186,stage3_interaction,0.380026,0.284790,0.190473,0.000000,0.000000,0.000000,0.000000,0.000000,5.00e-05,0.4033
2187,stage3_interaction,0.383105,0.287027,0.192155,0.000000,0.000000,0.000000,0.000000,0.000000,5.00e-05,0.3566
2188,stage3_interaction,0.391820,0.294168,0.195304,0.000000,0.000000,0.000000,0.000000,0.000000,5.00e-05,0.4441
2189,stage3_interaction,0.392814,0.294317,0.196993,0.000000,0.000000,0.000000,0.000000,0.000000,5.00e-05,0.3786
2190,stage3_interaction,0.388149,0.290781,0.194735,0.000000,0.000000,0.000000,0.000000,0.000000,5.00e-05,0.4873
2191,stage3_interaction,0.384901,0.289126,0.191551,0.000000,0.000000,0.000000,0.000000,0.000000,5.00e-05,0.5910
2192,stage3_interaction,0.391175,0.295382,0.191584,0.000000,0.000000,0.000000,0.000000,0.000000,5.00e-05,0.6499
2193,stage3_interaction,0.382118,0.287668,0.188899,0.000000,0.000000,0.000000,0.000000,0.000000,5.00e-05,0.4352
2194,stage3_interaction,0.381627,0.287232,0.188791,0.000000,0.000000,0.000000,0.000000,0.000000,5.00e-05,0.2919
2195,stage3_interaction,0.379289,0.284733,0.189112,0.000000,0.000000,0.000000,0.000000,0.000000,5.00e-05,0.5118
2196,stage3_interaction,0.377559,0.283686,0.187745,0.000000,0.000000,0.000000,0.000000,0.000000,5.00e-05,0.3434
2197,stage3_interaction,0.383480,0.289271,0.188418,0.000000,0.000000,0.000000,0.000000,0.000000,5.00e-05,0.3144
2198,stage3_interaction,0.381071,0.286060,0.190022,0.000000,0.000000,0.000000,0.000000,0.000000,5.00e-05,0.6452
2199,stage3_interaction,0.397920,0.299356,0.197129,0.000000,0.000000,0.000000,0.000000,0.000000,5.00e-05,0.6741
2200,stage3_interaction,0.382400,0.287570,0.189660,0.000000,0.000000,0.000000,0.000000,0.000000,5.00e-05,0.4505
2201,stage3_interaction,0.376653,0.283995,0.185317,0.000000,0.000000,0.000000,0.000000,0.000000,5.00e-05,0.4896
2202,stage3_interaction,0.384540,0.288145,0.192789,0.000000,0.000000,0.000000,0.000000,0.000000,5.00e-05,0.4594
2203,stage3_interaction,0.388320,0.292960,0.190720,0.000000,0.000000,0.000000,0.000000,0.000000,5.00e-05,0.3321
2204,stage3_interaction,0.392862,0.295532,0.194661,0.000000,0.000000,0.000000,0.000000,0.000000,5.00e-05,0.5335
2205,stage3_interaction,0.390337,0.294370,0.191934,0.000000,0.000000,0.000000,0.000000,0.000000,5.00e-05,0.3761
2206,stage3_interaction,0.377890,0.282729,0.190322,0.000000,0.000000,0.000000,0.000000,0.000000,5.00e-05,0.7109
2207,stage3_interaction,0.387275,0.290681,0.193188,0.000000,0.000000,0.000000,0.000000,0.000000,5.00e-05,0.4020
2208,stage3_interaction,0.381038,0.286975,0.188127,0.000000,0.000000,0.000000,0.000000,0.000000,5.00e-05,0.3423
2209,stage3_interaction,0.390406,0.292752,0.195308,0.000000,0.000000,0.000000,0.000000,0.000000,5.00e-05,0.5068
2210,stage3_interaction,0.376567,0.283098,0.186938,0.000000,0.000000,0.000000,0.000000,0.000000,5.00e-05,0.3862
2211,stage3_interaction,0.390563,0.295361,0.190403,0.000000,0.000000,0.000000,0.000000,0.000000,5.00e-05,0.4639
2212,stage3_interaction,0.383354,0.289346,0.188016,0.000000,0.000000,0.000000,0.000000,0.000000,5.00e-05,0.4312
2213,stage3_interaction,0.386605,0.291231,0.190749,0.000000,0.000000,0.000000,0.000000,0.000000,5.00e-05,0.3188
2214,stage3_interaction,0.383564,0.287370,0.192387,0.000000,0.000000,0.000000,0.000000,0.000000,5.00e-05,0.5090
2215,stage3_interaction,0.384455,0.289383,0.190145,0.000000,0.000000,0.000000,0.000000,0.000000,5.00e-05,0.3736
2216,stage3_interaction,0.390397,0.293468,0.193858,0.000000,0.000000,0.000000,0.000000,0.000000,5.00e-05,0.3776
2217,stage3_interaction,0.388929,0.292185,0.193489,0.000000,0.000000,0.000000,0.000000,0.000000,5.00e-05,0.4348
2218,stage3_interaction,0.377806,0.283666,0.188280,0.000000,0.000000,0.000000,0.000000,0.000000,5.00e-05,0.5249
2219,stage3_interaction,0.372491,0.279579,0.185823,0.000000,0.000000,0.000000,0.000000,0.000000,5.00e-05,0.2947
2220,stage3_interaction,0.385482,0.289199,0.192565,0.000000,0.000000,0.000000,0.000000,0.000000,5.00e-05,0.3761
2221,stage3_interaction,0.390940,0.293710,0.194460,0.000000,0.000000,0.000000,0.000000,0.000000,5.00e-05,0.4076
2222,stage3_interaction,0.379177,0.285568,0.187219,0.000000,0.000000,0.000000,0.000000,0.000000,5.00e-05,0.3076
2223,stage3_interaction,0.391063,0.293335,0.195456,0.000000,0.000000,0.000000,0.000000,0.000000,5.00e-05,0.3241
2224,stage3_interaction,0.375526,0.280521,0.190010,0.000000,0.000000,0.000000,0.000000,0.000000,5.00e-05,0.3560
2225,stage3_interaction,0.395178,0.296592,0.197171,0.000000,0.000000,0.000000,0.000000,0.000000,5.00e-05,0.5515
2226,stage3_interaction,0.398584,0.300398,0.196372,0.000000,0.000000,0.000000,0.000000,0.000000,5.00e-05,0.4211
2227,stage3_interaction,0.384661,0.289555,0.190212,0.000000,0.000000,0.000000,0.000000,0.000000,5.00e-05,0.3492
2228,stage3_interaction,0.381578,0.285793,0.191571,0.000000,0.000000,0.000000,0.000000,0.000000,5.00e-05,0.4202
2229,stage3_interaction,0.379755,0.286525,0.186460,0.000000,0.000000,0.000000,0.000000,0.000000,5.00e-05,0.6513
2230,stage3_interaction,0.375138,0.282730,0.184815,0.000000,0.000000,0.000000,0.000000,0.000000,5.00e-05,0.5115
2231,stage3_interaction,0.388490,0.292478,0.192023,0.000000,0.000000,0.000000,0.000000,0.000000,5.00e-05,0.3913
2232,stage3_interaction,0.386231,0.289382,0.193697,0.000000,0.000000,0.000000,0.000000,0.000000,5.00e-05,0.3511
2233,stage3_interaction,0.376742,0.283451,0.186581,0.000000,0.000000,0.000000,0.000000,0.000000,5.00e-05,0.4344
2234,stage3_interaction,0.388639,0.293448,0.190381,0.000000,0.000000,0.000000,0.000000,0.000000,5.00e-05,0.3105
2235,stage3_interaction,0.377069,0.283385,0.187370,0.000000,0.000000,0.000000,0.000000,0.000000,5.00e-05,0.5994
2236,stage3_interaction,0.379989,0.285690,0.188597,0.000000,0.000000,0.000000,0.000000,0.000000,5.00e-05,0.3985
2237,stage3_interaction,0.391784,0.295506,0.192556,0.000000,0.000000,0.000000,0.000000,0.000000,5.00e-05,0.3393
2238,stage3_interaction,0.394814,0.297573,0.194482,0.000000,0.000000,0.000000,0.000000,0.000000,5.00e-05,0.3573
2239,stage3_interaction,0.380214,0.284508,0.191412,0.000000,0.000000,0.000000,0.000000,0.000000,5.00e-05,0.5966
2240,stage3_interaction,0.385328,0.289849,0.190960,0.000000,0.000000,0.000000,0.000000,0.000000,5.00e-05,0.4419
2241,stage3_interaction,0.387807,0.291862,0.191891,0.000000,0.000000,0.000000,0.000000,0.000000,5.00e-05,0.4791
2242,stage3_interaction,0.384697,0.288689,0.192017,0.000000,0.000000,0.000000,0.000000,0.000000,5.00e-05,0.4436
2243,stage3_interaction,0.385730,0.289373,0.192714,0.000000,0.000000,0.000000,0.000000,0.000000,5.00e-05,0.4576
2244,stage3_interaction,0.393608,0.296014,0.195189,0.000000,0.000000,0.000000,0.000000,0.000000,5.00e-05,0.4424
2245,stage3_interaction,0.379238,0.285170,0.188137,0.000000,0.000000,0.000000,0.000000,0.000000,5.00e-05,0.4456
2246,stage3_interaction,0.382506,0.287462,0.190087,0.000000,0.000000,0.000000,0.000000,0.000000,5.00e-05,0.3260
2247,stage3_interaction,0.379657,0.285371,0.188572,0.000000,0.000000,0.000000,0.000000,0.000000,5.00e-05,0.4228
2248,stage3_interaction,0.373893,0.281036,0.185713,0.000000,0.000000,0.000000,0.000000,0.000000,5.00e-05,0.3375
2249,stage3_interaction,0.388166,0.291191,0.193951,0.000000,0.000000,0.000000,0.000000,0.000000,5.00e-05,0.4807
2250,stage3_interaction,0.384257,0.288948,0.190618,0.000000,0.000000,0.000000,0.000000,0.000000,5.00e-05,0.3417
2251,stage3_interaction,0.389586,0.292708,0.193757,0.000000,0.000000,0.000000,0.000000,0.000000,5.00e-05,0.4867
2252,stage3_interaction,0.388538,0.292618,0.191840,0.000000,0.000000,0.000000,0.000000,0.000000,5.00e-05,0.3709
2253,stage3_interaction,0.386926,0.290264,0.193324,0.000000,0.000000,0.000000,0.000000,0.000000,5.00e-05,0.6436
2254,stage3_interaction,0.386864,0.290422,0.192884,0.000000,0.000000,0.000000,0.000000,0.000000,5.00e-05,0.3636
2255,stage3_interaction,0.381631,0.287404,0.188452,0.000000,0.000000,0.000000,0.000000,0.000000,5.00e-05,0.3569
2256,stage3_interaction,0.382691,0.288625,0.188132,0.000000,0.000000,0.000000,0.000000,0.000000,5.00e-05,0.3545
2257,stage3_interaction,0.379982,0.285278,0.189408,0.000000,0.000000,0.000000,0.000000,0.000000,5.00e-05,0.4920
2258,stage3_interaction,0.381348,0.285722,0.191251,0.000000,0.000000,0.000000,0.000000,0.000000,5.00e-05,0.5122
2259,stage3_interaction,0.390193,0.291412,0.197564,0.000000,0.000000,0.000000,0.000000,0.000000,5.00e-05,0.3742
2260,stage3_interaction,0.379355,0.284582,0.189545,0.000000,0.000000,0.000000,0.000000,0.000000,5.00e-05,0.5167
2261,stage3_interaction,0.393714,0.294523,0.198383,0.000000,0.000000,0.000000,0.000000,0.000000,5.00e-05,0.3531
2262,stage3_interaction,0.372675,0.279710,0.185932,0.000000,0.000000,0.000000,0.000000,0.000000,5.00e-05,0.3682
2263,stage3_interaction,0.388849,0.290831,0.196035,0.000000,0.000000,0.000000,0.000000,0.000000,5.00e-05,0.3875
2264,stage3_interaction,0.376030,0.281778,0.188504,0.000000,0.000000,0.000000,0.000000,0.000000,5.00e-05,0.6729
2265,stage3_interaction,0.379437,0.283974,0.190926,0.000000,0.000000,0.000000,0.000000,0.000000,5.00e-05,0.3248
2266,stage3_interaction,0.381323,0.287554,0.187538,0.000000,0.000000,0.000000,0.000000,0.000000,5.00e-05,0.3815
2267,stage3_interaction,0.392309,0.294115,0.196389,0.000000,0.000000,0.000000,0.000000,0.000000,5.00e-05,0.4476
2268,stage3_interaction,0.385852,0.289897,0.191910,0.000000,0.000000,0.000000,0.000000,0.000000,5.00e-05,0.4127
2269,stage3_interaction,0.382337,0.285128,0.194419,0.000000,0.000000,0.000000,0.000000,0.000000,5.00e-05,0.3168
2270,stage3_interaction,0.391014,0.292801,0.196426,0.000000,0.000000,0.000000,0.000000,0.000000,5.00e-05,0.3368
2271,stage3_interaction,0.394628,0.296196,0.196866,0.000000,0.000000,0.000000,0.000000,0.000000,5.00e-05,0.3646
2272,stage3_interaction,0.374016,0.281182,0.185668,0.000000,0.000000,0.000000,0.000000,0.000000,5.00e-05,0.3331
2273,stage3_interaction,0.383068,0.288785,0.188566,0.000000,0.000000,0.000000,0.000000,0.000000,5.00e-05,0.3080
2274,stage3_interaction,0.394566,0.297102,0.194928,0.000000,0.000000,0.000000,0.000000,0.000000,5.00e-05,0.3496
2275,stage3_interaction,0.387737,0.291359,0.192756,0.000000,0.000000,0.000000,0.000000,0.000000,5.00e-05,0.2846
2276,stage3_interaction,0.392543,0.296448,0.192189,0.000000,0.000000,0.000000,0.000000,0.000000,5.00e-05,0.4060
2277,stage3_interaction,0.391843,0.294693,0.194300,0.000000,0.000000,0.000000,0.000000,0.000000,5.00e-05,0.3505
2278,stage3_interaction,0.378696,0.281423,0.194546,0.000000,0.000000,0.000000,0.000000,0.000000,5.00e-05,0.5548
2279,stage3_interaction,0.380431,0.285760,0.189342,0.000000,0.000000,0.000000,0.000000,0.000000,5.00e-05,0.3394
2280,stage3_interaction,0.376459,0.282097,0.188725,0.000000,0.000000,0.000000,0.000000,0.000000,5.00e-05,0.3183
2281,stage3_interaction,0.373124,0.280606,0.185037,0.000000,0.000000,0.000000,0.000000,0.000000,5.00e-05,0.3072
2282,stage3_interaction,0.387210,0.292064,0.190293,0.000000,0.000000,0.000000,0.000000,0.000000,5.00e-05,0.3671
2283,stage3_interaction,0.398180,0.299661,0.197037,0.000000,0.000000,0.000000,0.000000,0.000000,5.00e-05,0.5941
2284,stage3_interaction,0.370966,0.278343,0.185245,0.000000,0.000000,0.000000,0.000000,0.000000,5.00e-05,0.4239
2285,stage3_interaction,0.395374,0.296768,0.197212,0.000000,0.000000,0.000000,0.000000,0.000000,5.00e-05,0.3896
2286,stage3_interaction,0.385143,0.288354,0.193579,0.000000,0.000000,0.000000,0.000000,0.000000,5.00e-05,0.4315
2287,stage3_interaction,0.386553,0.290801,0.191503,0.000000,0.000000,0.000000,0.000000,0.000000,5.00e-05,0.3692
2288,stage3_interaction,0.385243,0.290801,0.188884,0.000000,0.000000,0.000000,0.000000,0.000000,5.00e-05,0.5853
2289,stage3_interaction,0.386254,0.290194,0.192119,0.000000,0.000000,0.000000,0.000000,0.000000,5.00e-05,0.3352
2290,stage3_interaction,0.384190,0.289249,0.189882,0.000000,0.000000,0.000000,0.000000,0.000000,5.00e-05,0.6264
2291,stage3_interaction,0.382754,0.286924,0.191659,0.000000,0.000000,0.000000,0.000000,0.000000,5.00e-05,0.4025
2292,stage3_interaction,0.387294,0.290528,0.193532,0.000000,0.000000,0.000000,0.000000,0.000000,5.00e-05,0.4411
2293,stage3_interaction,0.380234,0.285299,0.189870,0.000000,0.000000,0.000000,0.000000,0.000000,5.00e-05,0.3469
2294,stage3_interaction,0.379790,0.284852,0.189875,0.000000,0.000000,0.000000,0.000000,0.000000,5.00e-05,0.5499
2295,stage3_interaction,0.381325,0.286612,0.189425,0.000000,0.000000,0.000000,0.000000,0.000000,5.00e-05,0.2829
2296,stage3_interaction,0.382722,0.287915,0.189615,0.000000,0.000000,0.000000,0.000000,0.000000,5.00e-05,0.3269
2297,stage3_interaction,0.388465,0.291989,0.192952,0.000000,0.000000,0.000000,0.000000,0.000000,5.00e-05,0.2863
2298,stage3_interaction,0.379379,0.286014,0.186730,0.000000,0.000000,0.000000,0.000000,0.000000,5.00e-05,0.3966
2299,stage3_interaction,0.400375,0.302243,0.196264,0.000000,0.000000,0.000000,0.000000,0.000000,5.00e-05,0.3114
2300,stage3_interaction,0.387733,0.291733,0.192000,0.000000,0.000000,0.000000,0.000000,0.000000,5.00e-05,0.5353
2301,stage3_interaction,0.373024,0.279956,0.186137,0.000000,0.000000,0.000000,0.000000,0.000000,5.00e-05,0.3523
2302,stage3_interaction,0.383497,0.288171,0.190653,0.000000,0.000000,0.000000,0.000000,0.000000,5.00e-05,0.3980
2303,stage3_interaction,0.386394,0.291326,0.190136,0.000000,0.000000,0.000000,0.000000,0.000000,5.00e-05,0.3392
2304,stage3_interaction,0.384604,0.287959,0.193290,0.000000,0.000000,0.000000,0.000000,0.000000,5.00e-05,0.3613
2305,stage3_interaction,0.384559,0.289974,0.189171,0.000000,0.000000,0.000000,0.000000,0.000000,5.00e-05,0.5313
2306,stage3_interaction,0.390597,0.294204,0.192787,0.000000,0.000000,0.000000,0.000000,0.000000,5.00e-05,0.2679
2307,stage3_interaction,0.383995,0.289051,0.189889,0.000000,0.000000,0.000000,0.000000,0.000000,5.00e-05,0.3903
2308,stage3_interaction,0.376833,0.282695,0.188276,0.000000,0.000000,0.000000,0.000000,0.000000,5.00e-05,0.3749
2309,stage3_interaction,0.383978,0.289221,0.189514,0.000000,0.000000,0.000000,0.000000,0.000000,5.00e-05,0.4906
2310,stage3_interaction,0.385617,0.288951,0.193332,0.000000,0.000000,0.000000,0.000000,0.000000,5.00e-05,0.4693
2311,stage3_interaction,0.388363,0.290385,0.195955,0.000000,0.000000,0.000000,0.000000,0.000000,5.00e-05,0.3506
2312,stage3_interaction,0.388554,0.290887,0.195335,0.000000,0.000000,0.000000,0.000000,0.000000,5.00e-05,0.3779
2313,stage3_interaction,0.390670,0.292142,0.197056,0.000000,0.000000,0.000000,0.000000,0.000000,5.00e-05,0.3709
2314,stage3_interaction,0.394878,0.296029,0.197697,0.000000,0.000000,0.000000,0.000000,0.000000,5.00e-05,0.3239
2315,stage3_interaction,0.395206,0.296773,0.196866,0.000000,0.000000,0.000000,0.000000,0.000000,5.00e-05,0.3889
2316,stage3_interaction,0.389327,0.292086,0.194481,0.000000,0.000000,0.000000,0.000000,0.000000,5.00e-05,0.3469
2317,stage3_interaction,0.374312,0.280693,0.187238,0.000000,0.000000,0.000000,0.000000,0.000000,5.00e-05,0.3749
2318,stage3_interaction,0.398809,0.299738,0.198142,0.000000,0.000000,0.000000,0.000000,0.000000,5.00e-05,0.3412
2319,stage3_interaction,0.387778,0.292269,0.191018,0.000000,0.000000,0.000000,0.000000,0.000000,5.00e-05,0.4459
2320,stage3_interaction,0.369314,0.277144,0.184339,0.000000,0.000000,0.000000,0.000000,0.000000,5.00e-05,0.4378
2321,stage3_interaction,0.384949,0.289630,0.190637,0.000000,0.000000,0.000000,0.000000,0.000000,5.00e-05,0.4017
2322,stage3_interaction,0.374125,0.281712,0.184826,0.000000,0.000000,0.000000,0.000000,0.000000,5.00e-05,0.4038
2323,stage3_interaction,0.389432,0.293813,0.191237,0.000000,0.000000,0.000000,0.000000,0.000000,5.00e-05,0.4865
2324,stage3_interaction,0.384641,0.289883,0.189516,0.000000,0.000000,0.000000,0.000000,0.000000,5.00e-05,0.2981
2325,stage3_interaction,0.383288,0.287278,0.192019,0.000000,0.000000,0.000000,0.000000,0.000000,5.00e-05,0.3734
2326,stage3_interaction,0.370495,0.278176,0.184638,0.000000,0.000000,0.000000,0.000000,0.000000,5.00e-05,0.3846
2327,stage3_interaction,0.392262,0.294229,0.196066,0.000000,0.000000,0.000000,0.000000,0.000000,5.00e-05,0.3371
2328,stage3_interaction,0.380580,0.287182,0.186796,0.000000,0.000000,0.000000,0.000000,0.000000,5.00e-05,0.2984
2329,stage3_interaction,0.382832,0.287221,0.191222,0.000000,0.000000,0.000000,0.000000,0.000000,5.00e-05,0.3984
2330,stage3_interaction,0.391846,0.293743,0.196205,0.000000,0.000000,0.000000,0.000000,0.000000,5.00e-05,0.3242
2331,stage3_interaction,0.381072,0.287224,0.187696,0.000000,0.000000,0.000000,0.000000,0.000000,5.00e-05,0.3743
2332,stage3_interaction,0.378114,0.284245,0.187737,0.000000,0.000000,0.000000,0.000000,0.000000,5.00e-05,0.3911
2333,stage3_interaction,0.381068,0.286946,0.188243,0.000000,0.000000,0.000000,0.000000,0.000000,5.00e-05,0.3047
2334,stage3_interaction,0.390154,0.291412,0.197483,0.000000,0.000000,0.000000,0.000000,0.000000,5.00e-05,0.5884
2335,stage3_interaction,0.375351,0.281498,0.187705,0.000000,0.000000,0.000000,0.000000,0.000000,5.00e-05,0.4208
2336,stage3_interaction,0.381437,0.287324,0.188226,0.000000,0.000000,0.000000,0.000000,0.000000,5.00e-05,0.7059
2337,stage3_interaction,0.389511,0.291739,0.195545,0.000000,0.000000,0.000000,0.000000,0.000000,5.00e-05,0.3156
2338,stage3_interaction,0.384380,0.287008,0.194744,0.000000,0.000000,0.000000,0.000000,0.000000,5.00e-05,0.3861
2339,stage3_interaction,0.384688,0.289767,0.189841,0.000000,0.000000,0.000000,0.000000,0.000000,5.00e-05,0.4927
2340,stage3_interaction,0.387146,0.290280,0.193731,0.000000,0.000000,0.000000,0.000000,0.000000,5.00e-05,0.4668
2341,stage3_interaction,0.391049,0.293955,0.194188,0.000000,0.000000,0.000000,0.000000,0.000000,5.00e-05,0.5042
2342,stage3_interaction,0.391235,0.294458,0.193554,0.000000,0.000000,0.000000,0.000000,0.000000,5.00e-05,0.5078
2343,stage3_interaction,0.373782,0.281303,0.184956,0.000000,0.000000,0.000000,0.000000,0.000000,5.00e-05,0.4501
2344,stage3_interaction,0.393953,0.296351,0.195205,0.000000,0.000000,0.000000,0.000000,0.000000,5.00e-05,0.3578
2345,stage3_interaction,0.379546,0.284472,0.190148,0.000000,0.000000,0.000000,0.000000,0.000000,5.00e-05,0.4512
2346,stage3_interaction,0.384604,0.289993,0.189222,0.000000,0.000000,0.000000,0.000000,0.000000,5.00e-05,0.4271
2347,stage3_interaction,0.380433,0.285422,0.190022,0.000000,0.000000,0.000000,0.000000,0.000000,5.00e-05,0.3224
2348,stage3_interaction,0.387489,0.291601,0.191774,0.000000,0.000000,0.000000,0.000000,0.000000,5.00e-05,0.3572
2349,stage3_interaction,0.390299,0.292297,0.196004,0.000000,0.000000,0.000000,0.000000,0.000000,5.00e-05,0.4657
2350,stage3_interaction,0.382395,0.287730,0.189330,0.000000,0.000000,0.000000,0.000000,0.000000,5.00e-05,0.6050
2351,stage3_interaction,0.387921,0.292965,0.189912,0.000000,0.000000,0.000000,0.000000,0.000000,5.00e-05,0.4965
2352,stage3_interaction,0.376224,0.282146,0.188156,0.000000,0.000000,0.000000,0.000000,0.000000,5.00e-05,0.5338
2353,stage3_interaction,0.396960,0.298254,0.197413,0.000000,0.000000,0.000000,0.000000,0.000000,5.00e-05,0.3430
2354,stage3_interaction,0.379606,0.284738,0.189734,0.000000,0.000000,0.000000,0.000000,0.000000,5.00e-05,0.3889
2355,stage3_interaction,0.384965,0.289406,0.191119,0.000000,0.000000,0.000000,0.000000,0.000000,5.00e-05,0.3229
2356,stage3_interaction,0.382640,0.289275,0.186729,0.000000,0.000000,0.000000,0.000000,0.000000,5.00e-05,0.4331
2357,stage3_interaction,0.372840,0.279523,0.186635,0.000000,0.000000,0.000000,0.000000,0.000000,5.00e-05,0.4225
2358,stage3_interaction,0.397297,0.298022,0.198549,0.000000,0.000000,0.000000,0.000000,0.000000,5.00e-05,0.3996
2359,stage3_interaction,0.381406,0.284225,0.194361,0.000000,0.000000,0.000000,0.000000,0.000000,5.00e-05,1.1390
2360,stage3_interaction,0.384299,0.289119,0.190360,0.000000,0.000000,0.000000,0.000000,0.000000,5.00e-05,0.6518
2361,stage3_interaction,0.377668,0.283210,0.188916,0.000000,0.000000,0.000000,0.000000,0.000000,5.00e-05,0.3765
2362,stage3_interaction,0.377685,0.282611,0.190148,0.000000,0.000000,0.000000,0.000000,0.000000,5.00e-05,0.5879
2363,stage3_interaction,0.392214,0.296181,0.192066,0.000000,0.000000,0.000000,0.000000,0.000000,5.00e-05,0.4713
2364,stage3_interaction,0.384219,0.290505,0.187429,0.000000,0.000000,0.000000,0.000000,0.000000,5.00e-05,0.3655
2365,stage3_interaction,0.396984,0.299254,0.195459,0.000000,0.000000,0.000000,0.000000,0.000000,5.00e-05,0.4167
2366,stage3_interaction,0.377665,0.283937,0.187457,0.000000,0.000000,0.000000,0.000000,0.000000,5.00e-05,0.3745
2367,stage3_interaction,0.389053,0.292112,0.193881,0.000000,0.000000,0.000000,0.000000,0.000000,5.00e-05,0.9664
2368,stage3_interaction,0.384408,0.288689,0.191439,0.000000,0.000000,0.000000,0.000000,0.000000,5.00e-05,0.7400
2369,stage3_interaction,0.379448,0.285051,0.188793,0.000000,0.000000,0.000000,0.000000,0.000000,5.00e-05,0.5363
2370,stage3_interaction,0.381459,0.287592,0.187733,0.000000,0.000000,0.000000,0.000000,0.000000,5.00e-05,0.3923
2371,stage3_interaction,0.381567,0.286793,0.189548,0.000000,0.000000,0.000000,0.000000,0.000000,5.00e-05,0.4374
2372,stage3_interaction,0.387292,0.291062,0.192459,0.000000,0.000000,0.000000,0.000000,0.000000,5.00e-05,0.2705
2373,stage3_interaction,0.384415,0.287902,0.193026,0.000000,0.000000,0.000000,0.000000,0.000000,5.00e-05,0.3527
2374,stage3_interaction,0.388806,0.292889,0.191834,0.000000,0.000000,0.000000,0.000000,0.000000,5.00e-05,0.4962
2375,stage3_interaction,0.378434,0.283566,0.189735,0.000000,0.000000,0.000000,0.000000,0.000000,5.00e-05,0.4142
2376,stage3_interaction,0.377252,0.284261,0.185981,0.000000,0.000000,0.000000,0.000000,0.000000,5.00e-05,0.3175
2377,stage3_interaction,0.376026,0.283028,0.185997,0.000000,0.000000,0.000000,0.000000,0.000000,5.00e-05,0.3235
2378,stage3_interaction,0.389147,0.292087,0.194119,0.000000,0.000000,0.000000,0.000000,0.000000,5.00e-05,0.4967
2379,stage3_interaction,0.366672,0.275192,0.182960,0.000000,0.000000,0.000000,0.000000,0.000000,5.00e-05,0.3890
2380,stage3_interaction,0.383572,0.289482,0.188180,0.000000,0.000000,0.000000,0.000000,0.000000,5.00e-05,0.4560
2381,stage3_interaction,0.385017,0.289978,0.190079,0.000000,0.000000,0.000000,0.000000,0.000000,5.00e-05,0.2944
2382,stage3_interaction,0.380441,0.286756,0.187370,0.000000,0.000000,0.000000,0.000000,0.000000,5.00e-05,0.3816
2383,stage3_interaction,0.389886,0.292008,0.195755,0.000000,0.000000,0.000000,0.000000,0.000000,5.00e-05,0.4076
2384,stage3_interaction,0.388432,0.293165,0.190533,0.000000,0.000000,0.000000,0.000000,0.000000,5.00e-05,0.5286
2385,stage3_interaction,0.393550,0.297292,0.192517,0.000000,0.000000,0.000000,0.000000,0.000000,5.00e-05,0.3450
2386,stage3_interaction,0.400403,0.300650,0.199505,0.000000,0.000000,0.000000,0.000000,0.000000,5.00e-05,0.2731
2387,stage3_interaction,0.391735,0.295761,0.191949,0.000000,0.000000,0.000000,0.000000,0.000000,5.00e-05,0.4326
2388,stage3_interaction,0.381690,0.285982,0.191416,0.000000,0.000000,0.000000,0.000000,0.000000,5.00e-05,0.4770
2389,stage3_interaction,0.385024,0.288285,0.193478,0.000000,0.000000,0.000000,0.000000,0.000000,5.00e-05,0.4299
2390,stage3_interaction,0.369751,0.276891,0.185719,0.000000,0.000000,0.000000,0.000000,0.000000,5.00e-05,0.3874
2391,stage3_interaction,0.392915,0.294923,0.195984,0.000000,0.000000,0.000000,0.000000,0.000000,5.00e-05,0.4345
2392,stage3_interaction,0.387041,0.290392,0.193298,0.000000,0.000000,0.000000,0.000000,0.000000,5.00e-05,0.4160
2393,stage3_interaction,0.384634,0.289049,0.191170,0.000000,0.000000,0.000000,0.000000,0.000000,5.00e-05,0.3560
2394,stage3_interaction,0.370259,0.278293,0.183931,0.000000,0.000000,0.000000,0.000000,0.000000,5.00e-05,0.4178
2395,stage3_interaction,0.375993,0.282611,0.186763,0.000000,0.000000,0.000000,0.000000,0.000000,5.00e-05,0.4492
2396,stage3_interaction,0.377635,0.281503,0.192264,0.000000,0.000000,0.000000,0.000000,0.000000,5.00e-05,0.3602
2397,stage3_interaction,0.371771,0.278677,0.186188,0.000000,0.000000,0.000000,0.000000,0.000000,5.00e-05,0.3655
2398,stage3_interaction,0.399367,0.298848,0.201037,0.000000,0.000000,0.000000,0.000000,0.000000,5.00e-05,0.3616
2399,stage3_interaction,0.379446,0.285873,0.187146,0.000000,0.000000,0.000000,0.000000,0.000000,5.00e-05,0.3627
2400,stage3_interaction,0.379988,0.285097,0.189781,0.000000,0.000000,0.000000,0.000000,0.000000,5.00e-05,0.3564
2401,stage3_interaction,0.400499,0.300708,0.199583,0.000000,0.000000,0.000000,0.000000,0.000000,5.00e-05,0.3912
2402,stage3_interaction,0.386088,0.291503,0.189170,0.000000,0.000000,0.000000,0.000000,0.000000,5.00e-05,0.4365
2403,stage3_interaction,0.386963,0.292075,0.189777,0.000000,0.000000,0.000000,0.000000,0.000000,5.00e-05,0.7385
2404,stage3_interaction,0.385551,0.290288,0.190526,0.000000,0.000000,0.000000,0.000000,0.000000,5.00e-05,0.3691
2405,stage3_interaction,0.382879,0.287058,0.191643,0.000000,0.000000,0.000000,0.000000,0.000000,5.00e-05,0.5007
2406,stage3_interaction,0.393181,0.295816,0.194729,0.000000,0.000000,0.000000,0.000000,0.000000,5.00e-05,0.3659
2407,stage3_interaction,0.381838,0.285631,0.192415,0.000000,0.000000,0.000000,0.000000,0.000000,5.00e-05,0.4104
2408,stage3_interaction,0.367644,0.274283,0.186722,0.000000,0.000000,0.000000,0.000000,0.000000,5.00e-05,0.3174
2409,stage3_interaction,0.376980,0.283769,0.186421,0.000000,0.000000,0.000000,0.000000,0.000000,5.00e-05,0.4684
2410,stage3_interaction,0.381192,0.286699,0.188987,0.000000,0.000000,0.000000,0.000000,0.000000,5.00e-05,0.3996
2411,stage3_interaction,0.379472,0.285486,0.187971,0.000000,0.000000,0.000000,0.000000,0.000000,5.00e-05,0.3422
2412,stage3_interaction,0.384983,0.288173,0.193620,0.000000,0.000000,0.000000,0.000000,0.000000,5.00e-05,0.6865
2413,stage3_interaction,0.395402,0.298504,0.193796,0.000000,0.000000,0.000000,0.000000,0.000000,5.00e-05,0.4447
2414,stage3_interaction,0.388948,0.291778,0.194341,0.000000,0.000000,0.000000,0.000000,0.000000,5.00e-05,0.3608
2415,stage3_interaction,0.391725,0.291747,0.199956,0.000000,0.000000,0.000000,0.000000,0.000000,5.00e-05,0.3497
2416,stage3_interaction,0.375410,0.282591,0.185637,0.000000,0.000000,0.000000,0.000000,0.000000,5.00e-05,0.3433
2417,stage3_interaction,0.393658,0.295888,0.195541,0.000000,0.000000,0.000000,0.000000,0.000000,5.00e-05,0.4429
2418,stage3_interaction,0.377384,0.284032,0.186705,0.000000,0.000000,0.000000,0.000000,0.000000,5.00e-05,0.3325
2419,stage3_interaction,0.380265,0.285786,0.188959,0.000000,0.000000,0.000000,0.000000,0.000000,5.00e-05,0.7407
2420,stage3_interaction,0.382628,0.288181,0.188893,0.000000,0.000000,0.000000,0.000000,0.000000,5.00e-05,0.4320
2421,stage3_interaction,0.376908,0.283686,0.186444,0.000000,0.000000,0.000000,0.000000,0.000000,5.00e-05,0.3826
2422,stage3_interaction,0.389470,0.292126,0.194686,0.000000,0.000000,0.000000,0.000000,0.000000,5.00e-05,0.4182
2423,stage3_interaction,0.383706,0.288169,0.191073,0.000000,0.000000,0.000000,0.000000,0.000000,5.00e-05,0.5142
2424,stage3_interaction,0.373464,0.279714,0.187502,0.000000,0.000000,0.000000,0.000000,0.000000,5.00e-05,0.4465
2425,stage3_interaction,0.388605,0.292042,0.193126,0.000000,0.000000,0.000000,0.000000,0.000000,5.00e-05,0.3796
2426,stage3_interaction,0.393863,0.294562,0.198602,0.000000,0.000000,0.000000,0.000000,0.000000,5.00e-05,0.3431
2427,stage3_interaction,0.383469,0.287937,0.191063,0.000000,0.000000,0.000000,0.000000,0.000000,5.00e-05,0.3596
2428,stage3_interaction,0.391833,0.294852,0.193963,0.000000,0.000000,0.000000,0.000000,0.000000,5.00e-05,0.6409
2429,stage3_interaction,0.384493,0.289688,0.189610,0.000000,0.000000,0.000000,0.000000,0.000000,5.00e-05,0.3731
2430,stage3_interaction,0.372229,0.278581,0.187296,0.000000,0.000000,0.000000,0.000000,0.000000,5.00e-05,0.5788
2431,stage3_interaction,0.380021,0.285966,0.188109,0.000000,0.000000,0.000000,0.000000,0.000000,5.00e-05,0.3084
2432,stage3_interaction,0.379135,0.283587,0.191096,0.000000,0.000000,0.000000,0.000000,0.000000,5.00e-05,0.4699
2433,stage3_interaction,0.386150,0.290336,0.191628,0.000000,0.000000,0.000000,0.000000,0.000000,5.00e-05,0.2883
2434,stage3_interaction,0.380930,0.286433,0.188994,0.000000,0.000000,0.000000,0.000000,0.000000,5.00e-05,0.5253
2435,stage3_interaction,0.394763,0.297591,0.194344,0.000000,0.000000,0.000000,0.000000,0.000000,5.00e-05,0.2958
2436,stage3_interaction,0.384421,0.288903,0.191035,0.000000,0.000000,0.000000,0.000000,0.000000,5.00e-05,0.3729
2437,stage3_interaction,0.387954,0.291281,0.193346,0.000000,0.000000,0.000000,0.000000,0.000000,5.00e-05,0.4877
2438,stage3_interaction,0.382075,0.286729,0.190692,0.000000,0.000000,0.000000,0.000000,0.000000,5.00e-05,0.3598
2439,stage3_interaction,0.385046,0.290584,0.188924,0.000000,0.000000,0.000000,0.000000,0.000000,5.00e-05,0.2826
2440,stage3_interaction,0.381846,0.284645,0.194401,0.000000,0.000000,0.000000,0.000000,0.000000,5.00e-05,0.4221
2441,stage3_interaction,0.382016,0.287094,0.189844,0.000000,0.000000,0.000000,0.000000,0.000000,5.00e-05,0.5257
2442,stage3_interaction,0.389278,0.293039,0.192478,0.000000,0.000000,0.000000,0.000000,0.000000,5.00e-05,0.3318
2443,stage3_interaction,0.383493,0.289887,0.187213,0.000000,0.000000,0.000000,0.000000,0.000000,5.00e-05,0.4104
2444,stage3_interaction,0.380740,0.286372,0.188735,0.000000,0.000000,0.000000,0.000000,0.000000,5.00e-05,0.3993
2445,stage3_interaction,0.381943,0.286614,0.190658,0.000000,0.000000,0.000000,0.000000,0.000000,5.00e-05,0.3312
2446,stage3_interaction,0.387442,0.291039,0.192806,0.000000,0.000000,0.000000,0.000000,0.000000,5.00e-05,0.3400
2447,stage3_interaction,0.375334,0.282133,0.186401,0.000000,0.000000,0.000000,0.000000,0.000000,5.00e-05,0.3803
2448,stage3_interaction,0.380430,0.285571,0.189718,0.000000,0.000000,0.000000,0.000000,0.000000,5.00e-05,0.4323
2449,stage3_interaction,0.378144,0.283607,0.189075,0.000000,0.000000,0.000000,0.000000,0.000000,5.00e-05,0.3236
2450,stage3_interaction,0.391064,0.295046,0.192035,0.000000,0.000000,0.000000,0.000000,0.000000,5.00e-05,0.4064
2451,stage3_interaction,0.391304,0.294080,0.194449,0.000000,0.000000,0.000000,0.000000,0.000000,5.00e-05,0.3843
2452,stage3_interaction,0.391477,0.295431,0.192092,0.000000,0.000000,0.000000,0.000000,0.000000,5.00e-05,0.5770
2453,stage3_interaction,0.380085,0.287227,0.185716,0.000000,0.000000,0.000000,0.000000,0.000000,5.00e-05,0.2810
2454,stage3_interaction,0.380518,0.286922,0.187191,0.000000,0.000000,0.000000,0.000000,0.000000,5.00e-05,0.3357
2455,stage3_interaction,0.380920,0.286224,0.189392,0.000000,0.000000,0.000000,0.000000,0.000000,5.00e-05,0.4793
2456,stage3_interaction,0.388954,0.293013,0.191883,0.000000,0.000000,0.000000,0.000000,0.000000,5.00e-05,0.4065
2457,stage3_interaction,0.377711,0.285891,0.183641,0.000000,0.000000,0.000000,0.000000,0.000000,5.00e-05,0.4471
2458,stage3_interaction,0.380333,0.286031,0.188604,0.000000,0.000000,0.000000,0.000000,0.000000,5.00e-05,0.3155
2459,stage3_interaction,0.383329,0.289336,0.187985,0.000000,0.000000,0.000000,0.000000,0.000000,5.00e-05,0.4356
2460,stage3_interaction,0.387709,0.290466,0.194486,0.000000,0.000000,0.000000,0.000000,0.000000,5.00e-05,0.3716
2461,stage3_interaction,0.389513,0.293826,0.191375,0.000000,0.000000,0.000000,0.000000,0.000000,5.00e-05,0.3090
2462,stage3_interaction,0.377675,0.285278,0.184794,0.000000,0.000000,0.000000,0.000000,0.000000,5.00e-05,0.5304
2463,stage3_interaction,0.392797,0.295665,0.194264,0.000000,0.000000,0.000000,0.000000,0.000000,5.00e-05,0.2948
2464,stage3_interaction,0.390816,0.293131,0.195371,0.000000,0.000000,0.000000,0.000000,0.000000,5.00e-05,0.3264
2465,stage3_interaction,0.383111,0.288896,0.188431,0.000000,0.000000,0.000000,0.000000,0.000000,5.00e-05,0.4357
2466,stage3_interaction,0.370361,0.276734,0.187254,0.000000,0.000000,0.000000,0.000000,0.000000,5.00e-05,0.4170
2467,stage3_interaction,0.376772,0.283774,0.185996,0.000000,0.000000,0.000000,0.000000,0.000000,5.00e-05,0.6595
2468,stage3_interaction,0.387904,0.290732,0.194344,0.000000,0.000000,0.000000,0.000000,0.000000,5.00e-05,0.4928
2469,stage3_interaction,0.388096,0.292231,0.191731,0.000000,0.000000,0.000000,0.000000,0.000000,5.00e-05,0.3613
2470,stage3_interaction,0.384767,0.287815,0.193904,0.000000,0.000000,0.000000,0.000000,0.000000,5.00e-05,0.5516
2471,stage3_interaction,0.391287,0.293428,0.195718,0.000000,0.000000,0.000000,0.000000,0.000000,5.00e-05,0.4764
2472,stage3_interaction,0.391504,0.295159,0.192689,0.000000,0.000000,0.000000,0.000000,0.000000,5.00e-05,0.4210
2473,stage3_interaction,0.390965,0.292414,0.197102,0.000000,0.000000,0.000000,0.000000,0.000000,5.00e-05,0.5210
2474,stage3_interaction,0.379998,0.286253,0.187490,0.000000,0.000000,0.000000,0.000000,0.000000,5.00e-05,0.4476
2475,stage3_interaction,0.383406,0.289487,0.187839,0.000000,0.000000,0.000000,0.000000,0.000000,5.00e-05,0.3377
2476,stage3_interaction,0.386566,0.290377,0.192380,0.000000,0.000000,0.000000,0.000000,0.000000,5.00e-05,0.3366
2477,stage3_interaction,0.391969,0.296128,0.191682,0.000000,0.000000,0.000000,0.000000,0.000000,5.00e-05,0.5070
2478,stage3_interaction,0.392451,0.294304,0.196294,0.000000,0.000000,0.000000,0.000000,0.000000,5.00e-05,0.4075
2479,stage3_interaction,0.383548,0.287367,0.192362,0.000000,0.000000,0.000000,0.000000,0.000000,5.00e-05,0.3442
2480,stage3_interaction,0.390698,0.293774,0.193848,0.000000,0.000000,0.000000,0.000000,0.000000,5.00e-05,0.3045
2481,stage3_interaction,0.382677,0.287066,0.191222,0.000000,0.000000,0.000000,0.000000,0.000000,5.00e-05,0.3274
2482,stage3_interaction,0.374524,0.281254,0.186540,0.000000,0.000000,0.000000,0.000000,0.000000,5.00e-05,0.3893
2483,stage3_interaction,0.388047,0.291868,0.192358,0.000000,0.000000,0.000000,0.000000,0.000000,5.00e-05,0.3989
2484,stage3_interaction,0.394504,0.297641,0.193724,0.000000,0.000000,0.000000,0.000000,0.000000,5.00e-05,0.2751
2485,stage3_interaction,0.378740,0.285996,0.185486,0.000000,0.000000,0.000000,0.000000,0.000000,5.00e-05,0.2945
2486,stage3_interaction,0.371585,0.279875,0.183419,0.000000,0.000000,0.000000,0.000000,0.000000,5.00e-05,0.3895
2487,stage3_interaction,0.390876,0.294284,0.193184,0.000000,0.000000,0.000000,0.000000,0.000000,5.00e-05,0.4514
2488,stage3_interaction,0.404942,0.304970,0.199943,0.000000,0.000000,0.000000,0.000000,0.000000,5.00e-05,0.3781
2489,stage3_interaction,0.387216,0.291248,0.191936,0.000000,0.000000,0.000000,0.000000,0.000000,5.00e-05,0.3986
2490,stage3_interaction,0.383676,0.289173,0.189005,0.000000,0.000000,0.000000,0.000000,0.000000,5.00e-05,0.3543
2491,stage3_interaction,0.375771,0.281431,0.188679,0.000000,0.000000,0.000000,0.000000,0.000000,5.00e-05,0.4309
2492,stage3_interaction,0.389513,0.291636,0.195754,0.000000,0.000000,0.000000,0.000000,0.000000,5.00e-05,0.5809
2493,stage3_interaction,0.372609,0.279122,0.186974,0.000000,0.000000,0.000000,0.000000,0.000000,5.00e-05,0.4136
2494,stage3_interaction,0.376918,0.283201,0.187433,0.000000,0.000000,0.000000,0.000000,0.000000,5.00e-05,0.6977
2495,stage3_interaction,0.380915,0.286439,0.188951,0.000000,0.000000,0.000000,0.000000,0.000000,5.00e-05,0.3827
2496,stage3_interaction,0.386630,0.291642,0.189976,0.000000,0.000000,0.000000,0.000000,0.000000,5.00e-05,0.3608
2497,stage3_interaction,0.376803,0.283104,0.187399,0.000000,0.000000,0.000000,0.000000,0.000000,5.00e-05,0.3955
2498,stage3_interaction,0.389199,0.293047,0.192305,0.000000,0.000000,0.000000,0.000000,0.000000,5.00e-05,0.2942
2499,stage3_interaction,0.387044,0.290964,0.192160,0.000000,0.000000,0.000000,0.000000,0.000000,5.00e-05,0.5151
2500,stage3_interaction,0.395163,0.297959,0.194407,0.000000,0.000000,0.000000,0.000000,0.000000,5.00e-05,0.3704
2501,stage3_interaction,0.390470,0.293551,0.193839,0.000000,0.000000,0.000000,0.000000,0.000000,5.00e-05,0.5319
2502,stage3_interaction,0.379746,0.286263,0.186967,0.000000,0.000000,0.000000,0.000000,0.000000,5.00e-05,0.4492
2503,stage3_interaction,0.390413,0.294008,0.192809,0.000000,0.000000,0.000000,0.000000,0.000000,5.00e-05,0.3130
2504,stage3_interaction,0.388504,0.292434,0.192140,0.000000,0.000000,0.000000,0.000000,0.000000,5.00e-05,0.7106
2505,stage3_interaction,0.388117,0.291629,0.192977,0.000000,0.000000,0.000000,0.000000,0.000000,5.00e-05,0.7157
2506,stage3_interaction,0.393777,0.297635,0.192284,0.000000,0.000000,0.000000,0.000000,0.000000,5.00e-05,0.3939
2507,stage3_interaction,0.382343,0.288472,0.187743,0.000000,0.000000,0.000000,0.000000,0.000000,5.00e-05,0.3298
2508,stage3_interaction,0.380171,0.286900,0.186542,0.000000,0.000000,0.000000,0.000000,0.000000,5.00e-05,0.4047
2509,stage3_interaction,0.377041,0.284082,0.185917,0.000000,0.000000,0.000000,0.000000,0.000000,5.00e-05,0.3050
2510,stage3_interaction,0.382085,0.285484,0.193201,0.000000,0.000000,0.000000,0.000000,0.000000,5.00e-05,0.4137
2511,stage3_interaction,0.376341,0.283743,0.185195,0.000000,0.000000,0.000000,0.000000,0.000000,5.00e-05,0.5317
2512,stage3_interaction,0.395698,0.298436,0.194524,0.000000,0.000000,0.000000,0.000000,0.000000,5.00e-05,0.3413
2513,stage3_interaction,0.380545,0.285169,0.190751,0.000000,0.000000,0.000000,0.000000,0.000000,5.00e-05,0.3129
2514,stage3_interaction,0.379313,0.284399,0.189826,0.000000,0.000000,0.000000,0.000000,0.000000,5.00e-05,0.3860
2515,stage3_interaction,0.397888,0.299249,0.197277,0.000000,0.000000,0.000000,0.000000,0.000000,5.00e-05,0.5353
2516,stage3_interaction,0.379915,0.286491,0.186848,0.000000,0.000000,0.000000,0.000000,0.000000,5.00e-05,0.3671
2517,stage3_interaction,0.390746,0.294963,0.191566,0.000000,0.000000,0.000000,0.000000,0.000000,5.00e-05,0.4137
2518,stage3_interaction,0.388702,0.291889,0.193626,0.000000,0.000000,0.000000,0.000000,0.000000,5.00e-05,0.4461
2519,stage3_interaction,0.376814,0.283677,0.186274,0.000000,0.000000,0.000000,0.000000,0.000000,5.00e-05,0.5082
2520,stage3_interaction,0.375201,0.282480,0.185443,0.000000,0.000000,0.000000,0.000000,0.000000,5.00e-05,0.3962
2521,stage3_interaction,0.378302,0.284561,0.187483,0.000000,0.000000,0.000000,0.000000,0.000000,5.00e-05,0.5062
2522,stage3_interaction,0.378542,0.284566,0.187953,0.000000,0.000000,0.000000,0.000000,0.000000,5.00e-05,0.4653
2523,stage3_interaction,0.386134,0.290174,0.191920,0.000000,0.000000,0.000000,0.000000,0.000000,5.00e-05,0.4308
2524,stage3_interaction,0.396842,0.298751,0.196183,0.000000,0.000000,0.000000,0.000000,0.000000,5.00e-05,0.3152
2525,stage3_interaction,0.383378,0.289457,0.187841,0.000000,0.000000,0.000000,0.000000,0.000000,5.00e-05,0.2797
2526,stage3_interaction,0.382188,0.287506,0.189363,0.000000,0.000000,0.000000,0.000000,0.000000,5.00e-05,0.4462
2527,stage3_interaction,0.380275,0.285068,0.190414,0.000000,0.000000,0.000000,0.000000,0.000000,5.00e-05,0.3759
2528,stage3_interaction,0.395626,0.297212,0.196827,0.000000,0.000000,0.000000,0.000000,0.000000,5.00e-05,0.3065
2529,stage3_interaction,0.380372,0.285481,0.189782,0.000000,0.000000,0.000000,0.000000,0.000000,5.00e-05,0.3919
2530,stage3_interaction,0.383113,0.289084,0.188059,0.000000,0.000000,0.000000,0.000000,0.000000,5.00e-05,0.3471
2531,stage3_interaction,0.382061,0.287741,0.188641,0.000000,0.000000,0.000000,0.000000,0.000000,5.00e-05,0.3013
2532,stage3_interaction,0.384451,0.289157,0.190587,0.000000,0.000000,0.000000,0.000000,0.000000,5.00e-05,0.3714
2533,stage3_interaction,0.382541,0.287854,0.189373,0.000000,0.000000,0.000000,0.000000,0.000000,5.00e-05,0.2743
2534,stage3_interaction,0.392008,0.293725,0.196566,0.000000,0.000000,0.000000,0.000000,0.000000,5.00e-05,0.3560
2535,stage3_interaction,0.380496,0.287426,0.186139,0.000000,0.000000,0.000000,0.000000,0.000000,5.00e-05,0.3601
2536,stage3_interaction,0.399548,0.300179,0.198739,0.000000,0.000000,0.000000,0.000000,0.000000,5.00e-05,0.3382
2537,stage3_interaction,0.381732,0.286332,0.190801,0.000000,0.000000,0.000000,0.000000,0.000000,5.00e-05,0.2801
2538,stage3_interaction,0.394432,0.295993,0.196878,0.000000,0.000000,0.000000,0.000000,0.000000,5.00e-05,0.3540
2539,stage3_interaction,0.372129,0.278409,0.187440,0.000000,0.000000,0.000000,0.000000,0.000000,5.00e-05,0.3349
2540,stage3_interaction,0.380935,0.287594,0.186680,0.000000,0.000000,0.000000,0.000000,0.000000,5.00e-05,0.4390
2541,stage3_interaction,0.377877,0.283920,0.187914,0.000000,0.000000,0.000000,0.000000,0.000000,5.00e-05,0.4653
2542,stage3_interaction,0.392381,0.294899,0.194966,0.000000,0.000000,0.000000,0.000000,0.000000,5.00e-05,0.3330
2543,stage3_interaction,0.379451,0.285212,0.188477,0.000000,0.000000,0.000000,0.000000,0.000000,5.00e-05,0.3215
2544,stage3_interaction,0.378236,0.284226,0.188020,0.000000,0.000000,0.000000,0.000000,0.000000,5.00e-05,0.4198
2545,stage3_interaction,0.392783,0.295407,0.194753,0.000000,0.000000,0.000000,0.000000,0.000000,5.00e-05,0.4001
2546,stage3_interaction,0.382781,0.287119,0.191324,0.000000,0.000000,0.000000,0.000000,0.000000,5.00e-05,0.4720
2547,stage3_interaction,0.380503,0.286578,0.187851,0.000000,0.000000,0.000000,0.000000,0.000000,5.00e-05,0.3957
2548,stage3_interaction,0.386208,0.291459,0.189498,0.000000,0.000000,0.000000,0.000000,0.000000,5.00e-05,0.3631
2549,stage3_interaction,0.375096,0.281371,0.187450,0.000000,0.000000,0.000000,0.000000,0.000000,5.00e-05,0.3285
2550,stage3_interaction,0.387598,0.291340,0.192515,0.000000,0.000000,0.000000,0.000000,0.000000,5.00e-05,0.3147
2551,stage3_interaction,0.380244,0.284330,0.191828,0.000000,0.000000,0.000000,0.000000,0.000000,5.00e-05,0.3782
2552,stage3_interaction,0.381560,0.286790,0.189540,0.000000,0.000000,0.000000,0.000000,0.000000,5.00e-05,0.3555
2553,stage3_interaction,0.381349,0.287510,0.187676,0.000000,0.000000,0.000000,0.000000,0.000000,5.00e-05,0.2766
2554,stage3_interaction,0.388135,0.292809,0.190652,0.000000,0.000000,0.000000,0.000000,0.000000,5.00e-05,0.3199
2555,stage3_interaction,0.385399,0.289672,0.191454,0.000000,0.000000,0.000000,0.000000,0.000000,5.00e-05,0.3196
2556,stage3_interaction,0.373056,0.281243,0.183627,0.000000,0.000000,0.000000,0.000000,0.000000,5.00e-05,0.4733
2557,stage3_interaction,0.394900,0.297694,0.194411,0.000000,0.000000,0.000000,0.000000,0.000000,5.00e-05,0.5318
2558,stage3_interaction,0.396114,0.298029,0.196169,0.000000,0.000000,0.000000,0.000000,0.000000,5.00e-05,0.3427
2559,stage3_interaction,0.376794,0.283762,0.186062,0.000000,0.000000,0.000000,0.000000,0.000000,5.00e-05,0.3481
2372,stage3_interaction,0.380403,0.285058,0.190690,0.000000,0.000000,0.000000,0.000000,0.000000,5.00e-05,1.1115
2373,stage3_interaction,0.379270,0.283335,0.191870,0.000000,0.000000,0.000000,0.000000,0.000000,5.00e-05,0.8795
2374,stage3_interaction,0.378022,0.283774,0.188497,0.000000,0.000000,0.000000,0.000000,0.000000,5.00e-05,0.7753
2375,stage3_interaction,0.376292,0.283942,0.184700,0.000000,0.000000,0.000000,0.000000,0.000000,5.00e-05,0.6558
2376,stage3_interaction,0.376105,0.284582,0.183046,0.000000,0.000000,0.000000,0.000000,0.000000,5.00e-05,0.6101
2377,stage3_interaction,0.389478,0.292920,0.193114,0.000000,0.000000,0.000000,0.000000,0.000000,5.00e-05,0.6203
2378,stage3_interaction,0.388334,0.291361,0.193945,0.000000,0.000000,0.000000,0.000000,0.000000,5.00e-05,0.5129
2379,stage3_interaction,0.391115,0.294227,0.193775,0.000000,0.000000,0.000000,0.000000,0.000000,5.00e-05,0.4851
2380,stage3_interaction,0.396200,0.298590,0.195220,0.000000,0.000000,0.000000,0.000000,0.000000,5.00e-05,0.5736
2381,stage3_interaction,0.388344,0.293281,0.190126,0.000000,0.000000,0.000000,0.000000,0.000000,5.00e-05,0.7324
2382,stage3_interaction,0.378925,0.285819,0.186210,0.000000,0.000000,0.000000,0.000000,0.000000,5.00e-05,0.5410
2383,stage3_interaction,0.397443,0.298810,0.197266,0.000000,0.000000,0.000000,0.000000,0.000000,5.00e-05,0.4538
2384,stage3_interaction,0.390142,0.292918,0.194447,0.000000,0.000000,0.000000,0.000000,0.000000,5.00e-05,0.6172
2385,stage3_interaction,0.386883,0.289285,0.195197,0.000000,0.000000,0.000000,0.000000,0.000000,5.00e-05,0.5617
2386,stage3_interaction,0.381070,0.284520,0.193100,0.000000,0.000000,0.000000,0.000000,0.000000,5.00e-05,0.4947
2387,stage3_interaction,0.401827,0.302119,0.199417,0.000000,0.000000,0.000000,0.000000,0.000000,5.00e-05,0.4866
2388,stage3_interaction,0.385049,0.288460,0.193179,0.000000,0.000000,0.000000,0.000000,0.000000,5.00e-05,0.5089
2389,stage3_interaction,0.387477,0.291027,0.192899,0.000000,0.000000,0.000000,0.000000,0.000000,5.00e-05,0.4013
2390,stage3_interaction,0.380933,0.287057,0.187752,0.000000,0.000000,0.000000,0.000000,0.000000,5.00e-05,0.5194
2391,stage3_interaction,0.381042,0.286686,0.188712,0.000000,0.000000,0.000000,0.000000,0.000000,5.00e-05,0.4356
2392,stage3_interaction,0.385030,0.288360,0.193340,0.000000,0.000000,0.000000,0.000000,0.000000,5.00e-05,0.3977
2393,stage3_interaction,0.388207,0.292575,0.191263,0.000000,0.000000,0.000000,0.000000,0.000000,5.00e-05,0.4217
2394,stage3_interaction,0.373618,0.280658,0.185919,0.000000,0.000000,0.000000,0.000000,0.000000,5.00e-05,0.4077
2395,stage3_interaction,0.381703,0.288412,0.186581,0.000000,0.000000,0.000000,0.000000,0.000000,5.00e-05,0.4965
2396,stage3_interaction,0.385237,0.287887,0.194700,0.000000,0.000000,0.000000,0.000000,0.000000,5.00e-05,0.3722
2397,stage3_interaction,0.386858,0.291972,0.189772,0.000000,0.000000,0.000000,0.000000,0.000000,5.00e-05,0.3916
2398,stage3_interaction,0.387725,0.291092,0.193266,0.000000,0.000000,0.000000,0.000000,0.000000,5.00e-05,0.4854
2399,stage3_interaction,0.375316,0.281128,0.188376,0.000000,0.000000,0.000000,0.000000,0.000000,5.00e-05,0.5048
2400,stage3_interaction,0.392826,0.294635,0.196383,0.000000,0.000000,0.000000,0.000000,0.000000,5.00e-05,0.4819
2401,stage3_interaction,0.389032,0.292707,0.192650,0.000000,0.000000,0.000000,0.000000,0.000000,5.00e-05,0.5112
2402,stage3_interaction,0.383969,0.289070,0.189798,0.000000,0.000000,0.000000,0.000000,0.000000,5.00e-05,0.3405
2403,stage3_interaction,0.388497,0.292632,0.191730,0.000000,0.000000,0.000000,0.000000,0.000000,5.00e-05,0.3871
2404,stage3_interaction,0.371025,0.278439,0.185171,0.000000,0.000000,0.000000,0.000000,0.000000,5.00e-05,0.4380
2405,stage3_interaction,0.379726,0.286549,0.186354,0.000000,0.000000,0.000000,0.000000,0.000000,5.00e-05,0.4802
2406,stage3_interaction,0.404402,0.303650,0.201504,0.000000,0.000000,0.000000,0.000000,0.000000,5.00e-05,0.5755
2407,stage3_interaction,0.389879,0.292806,0.194146,0.000000,0.000000,0.000000,0.000000,0.000000,5.00e-05,0.4209
2408,stage3_interaction,0.374356,0.280639,0.187434,0.000000,0.000000,0.000000,0.000000,0.000000,5.00e-05,0.4264
2409,stage3_interaction,0.391957,0.296029,0.191856,0.000000,0.000000,0.000000,0.000000,0.000000,5.00e-05,0.3357
2410,stage3_interaction,0.380060,0.285474,0.189173,0.000000,0.000000,0.000000,0.000000,0.000000,5.00e-05,0.4123
2411,stage3_interaction,0.396376,0.298955,0.194842,0.000000,0.000000,0.000000,0.000000,0.000000,5.00e-05,0.4057
2412,stage3_interaction,0.377365,0.283871,0.186988,0.000000,0.000000,0.000000,0.000000,0.000000,5.00e-05,0.3711
2413,stage3_interaction,0.385491,0.289556,0.191871,0.000000,0.000000,0.000000,0.000000,0.000000,5.00e-05,0.4366
2414,stage3_interaction,0.376119,0.282986,0.186267,0.000000,0.000000,0.000000,0.000000,0.000000,5.00e-05,0.4708
2415,stage3_interaction,0.388548,0.290253,0.196589,0.000000,0.000000,0.000000,0.000000,0.000000,5.00e-05,0.3966
2416,stage3_interaction,0.399168,0.301929,0.194477,0.000000,0.000000,0.000000,0.000000,0.000000,5.00e-05,0.3678
2417,stage3_interaction,0.380825,0.284899,0.191851,0.000000,0.000000,0.000000,0.000000,0.000000,5.00e-05,0.4735
2418,stage3_interaction,0.371986,0.279679,0.184614,0.000000,0.000000,0.000000,0.000000,0.000000,5.00e-05,0.3731
2419,stage3_interaction,0.374399,0.281430,0.185937,0.000000,0.000000,0.000000,0.000000,0.000000,5.00e-05,0.3605
2420,stage3_interaction,0.378977,0.285362,0.187230,0.000000,0.000000,0.000000,0.000000,0.000000,5.00e-05,0.3547
2421,stage3_interaction,0.374119,0.281023,0.186192,0.000000,0.000000,0.000000,0.000000,0.000000,5.00e-05,0.5441
2422,stage3_interaction,0.375209,0.282402,0.185615,0.000000,0.000000,0.000000,0.000000,0.000000,5.00e-05,0.4152
2423,stage3_interaction,0.389014,0.293912,0.190204,0.000000,0.000000,0.000000,0.000000,0.000000,5.00e-05,0.4146
2424,stage3_interaction,0.381044,0.286095,0.189898,0.000000,0.000000,0.000000,0.000000,0.000000,5.00e-05,0.5447
2425,stage3_interaction,0.383198,0.288417,0.189562,0.000000,0.000000,0.000000,0.000000,0.000000,5.00e-05,0.4016
2426,stage3_interaction,0.390864,0.293920,0.193887,0.000000,0.000000,0.000000,0.000000,0.000000,5.00e-05,0.4285
2427,stage3_interaction,0.395216,0.296479,0.197474,0.000000,0.000000,0.000000,0.000000,0.000000,5.00e-05,0.3908
2428,stage3_interaction,0.381521,0.287711,0.187621,0.000000,0.000000,0.000000,0.000000,0.000000,5.00e-05,0.3841
2429,stage3_interaction,0.377995,0.283341,0.189307,0.000000,0.000000,0.000000,0.000000,0.000000,5.00e-05,0.3958
2430,stage3_interaction,0.379411,0.285535,0.187752,0.000000,0.000000,0.000000,0.000000,0.000000,5.00e-05,0.5323
2431,stage3_interaction,0.393318,0.296860,0.192916,0.000000,0.000000,0.000000,0.000000,0.000000,5.00e-05,0.4454
2432,stage3_interaction,0.390615,0.293580,0.194071,0.000000,0.000000,0.000000,0.000000,0.000000,5.00e-05,0.3793
2433,stage3_interaction,0.380550,0.286290,0.188521,0.000000,0.000000,0.000000,0.000000,0.000000,5.00e-05,0.3497
2434,stage3_interaction,0.385628,0.289764,0.191727,0.000000,0.000000,0.000000,0.000000,0.000000,5.00e-05,0.3756
2435,stage3_interaction,0.381391,0.287707,0.187369,0.000000,0.000000,0.000000,0.000000,0.000000,5.00e-05,0.3494
2436,stage3_interaction,0.377627,0.283309,0.188637,0.000000,0.000000,0.000000,0.000000,0.000000,5.00e-05,0.4742
2437,stage3_interaction,0.392284,0.294411,0.195746,0.000000,0.000000,0.000000,0.000000,0.000000,5.00e-05,0.4057
2438,stage3_interaction,0.385747,0.291320,0.188854,0.000000,0.000000,0.000000,0.000000,0.000000,5.00e-05,0.3585
2439,stage3_interaction,0.388111,0.291765,0.192692,0.000000,0.000000,0.000000,0.000000,0.000000,5.00e-05,0.3977
2440,stage3_interaction,0.382081,0.286602,0.190959,0.000000,0.000000,0.000000,0.000000,0.000000,5.00e-05,0.3336
2441,stage3_interaction,0.387707,0.290578,0.194258,0.000000,0.000000,0.000000,0.000000,0.000000,5.00e-05,0.4199
2442,stage3_interaction,0.379326,0.284759,0.189135,0.000000,0.000000,0.000000,0.000000,0.000000,5.00e-05,0.4302
2443,stage3_interaction,0.393538,0.295271,0.196534,0.000000,0.000000,0.000000,0.000000,0.000000,5.00e-05,0.5609
2444,stage3_interaction,0.384913,0.289795,0.190236,0.000000,0.000000,0.000000,0.000000,0.000000,5.00e-05,0.4661
2445,stage3_interaction,0.391103,0.292323,0.197560,0.000000,0.000000,0.000000,0.000000,0.000000,5.00e-05,0.3589
2446,stage3_interaction,0.395795,0.297142,0.197306,0.000000,0.000000,0.000000,0.000000,0.000000,5.00e-05,0.4153
2447,stage3_interaction,0.390552,0.291859,0.197387,0.000000,0.000000,0.000000,0.000000,0.000000,5.00e-05,0.4459
2448,stage3_interaction,0.377440,0.283590,0.187700,0.000000,0.000000,0.000000,0.000000,0.000000,5.00e-05,0.4077
2449,stage3_interaction,0.380838,0.286697,0.188283,0.000000,0.000000,0.000000,0.000000,0.000000,5.00e-05,0.3829
2450,stage3_interaction,0.378452,0.284413,0.188079,0.000000,0.000000,0.000000,0.000000,0.000000,5.00e-05,0.4625
2451,stage3_interaction,0.390925,0.291772,0.198306,0.000000,0.000000,0.000000,0.000000,0.000000,5.00e-05,0.4063
2452,stage3_interaction,0.374322,0.281907,0.184831,0.000000,0.000000,0.000000,0.000000,0.000000,5.00e-05,0.4377
2453,stage3_interaction,0.383677,0.290085,0.187182,0.000000,0.000000,0.000000,0.000000,0.000000,5.00e-05,0.3308
2454,stage3_interaction,0.383332,0.288900,0.188865,0.000000,0.000000,0.000000,0.000000,0.000000,5.00e-05,0.3574
2455,stage3_interaction,0.390291,0.293074,0.194433,0.000000,0.000000,0.000000,0.000000,0.000000,5.00e-05,0.3801
2456,stage3_interaction,0.394001,0.296292,0.195419,0.000000,0.000000,0.000000,0.000000,0.000000,5.00e-05,0.4997
2457,stage3_interaction,0.378811,0.283739,0.190144,0.000000,0.000000,0.000000,0.000000,0.000000,5.00e-05,0.4023
2458,stage3_interaction,0.397115,0.297500,0.199229,0.000000,0.000000,0.000000,0.000000,0.000000,5.00e-05,0.4339
2459,stage3_interaction,0.384872,0.290103,0.189537,0.000000,0.000000,0.000000,0.000000,0.000000,5.00e-05,0.4081
2460,stage3_interaction,0.383977,0.288068,0.191818,0.000000,0.000000,0.000000,0.000000,0.000000,5.00e-05,0.3742
2461,stage3_interaction,0.382644,0.287863,0.189562,0.000000,0.000000,0.000000,0.000000,0.000000,5.00e-05,0.5495
2462,stage3_interaction,0.380170,0.284988,0.190366,0.000000,0.000000,0.000000,0.000000,0.000000,5.00e-05,0.4109
2463,stage3_interaction,0.384650,0.288928,0.191442,0.000000,0.000000,0.000000,0.000000,0.000000,5.00e-05,0.4061
2464,stage3_interaction,0.397635,0.299546,0.196176,0.000000,0.000000,0.000000,0.000000,0.000000,5.00e-05,0.4350
2465,stage3_interaction,0.378355,0.283545,0.189619,0.000000,0.000000,0.000000,0.000000,0.000000,5.00e-05,0.3615
2466,stage3_interaction,0.383277,0.287627,0.191300,0.000000,0.000000,0.000000,0.000000,0.000000,5.00e-05,0.5001
2467,stage3_interaction,0.380635,0.283423,0.194423,0.000000,0.000000,0.000000,0.000000,0.000000,5.00e-05,0.3713
2468,stage3_interaction,0.387792,0.290073,0.195438,0.000000,0.000000,0.000000,0.000000,0.000000,5.00e-05,0.3831
2469,stage3_interaction,0.382265,0.287308,0.189914,0.000000,0.000000,0.000000,0.000000,0.000000,5.00e-05,0.3710
2470,stage3_interaction,0.379600,0.285338,0.188524,0.000000,0.000000,0.000000,0.000000,0.000000,5.00e-05,0.3989
2471,stage3_interaction,0.388653,0.293595,0.190115,0.000000,0.000000,0.000000,0.000000,0.000000,5.00e-05,0.3868
2472,stage3_interaction,0.377037,0.281985,0.190103,0.000000,0.000000,0.000000,0.000000,0.000000,5.00e-05,0.4169
2473,stage3_interaction,0.376734,0.282051,0.189366,0.000000,0.000000,0.000000,0.000000,0.000000,5.00e-05,0.4414
2474,stage3_interaction,0.388067,0.290607,0.194918,0.000000,0.000000,0.000000,0.000000,0.000000,5.00e-05,0.5364
2475,stage3_interaction,0.389258,0.293071,0.192373,0.000000,0.000000,0.000000,0.000000,0.000000,5.00e-05,0.4408
2476,stage3_interaction,0.370061,0.277869,0.184383,0.000000,0.000000,0.000000,0.000000,0.000000,5.00e-05,0.4000
2477,stage3_interaction,0.380706,0.285925,0.189563,0.000000,0.000000,0.000000,0.000000,0.000000,5.00e-05,0.4393
2478,stage3_interaction,0.368175,0.276731,0.182889,0.000000,0.000000,0.000000,0.000000,0.000000,5.00e-05,0.4584
2479,stage3_interaction,0.380698,0.286828,0.187741,0.000000,0.000000,0.000000,0.000000,0.000000,5.00e-05,0.7186
2480,stage3_interaction,0.386627,0.290356,0.192541,0.000000,0.000000,0.000000,0.000000,0.000000,5.00e-05,0.4952
2481,stage3_interaction,0.405709,0.306181,0.199055,0.000000,0.000000,0.000000,0.000000,0.000000,5.00e-05,0.3851
2482,stage3_interaction,0.390949,0.292490,0.196919,0.000000,0.000000,0.000000,0.000000,0.000000,5.00e-05,0.6290
2483,stage3_interaction,0.378029,0.285303,0.185451,0.000000,0.000000,0.000000,0.000000,0.000000,5.00e-05,0.4133
2484,stage3_interaction,0.395749,0.296224,0.199052,0.000000,0.000000,0.000000,0.000000,0.000000,5.00e-05,0.4082
2485,stage3_interaction,0.383457,0.286939,0.193036,0.000000,0.000000,0.000000,0.000000,0.000000,5.00e-05,0.4292
2486,stage3_interaction,0.378157,0.283996,0.188321,0.000000,0.000000,0.000000,0.000000,0.000000,5.00e-05,0.3368
2487,stage3_interaction,0.391007,0.293693,0.194626,0.000000,0.000000,0.000000,0.000000,0.000000,5.00e-05,0.3829
2488,stage3_interaction,0.371265,0.278589,0.185352,0.000000,0.000000,0.000000,0.000000,0.000000,5.00e-05,0.4236
2489,stage3_interaction,0.386316,0.290693,0.191247,0.000000,0.000000,0.000000,0.000000,0.000000,5.00e-05,0.3703
2490,stage3_interaction,0.384806,0.288511,0.192589,0.000000,0.000000,0.000000,0.000000,0.000000,5.00e-05,0.4027
2491,stage3_interaction,0.383103,0.288227,0.189752,0.000000,0.000000,0.000000,0.000000,0.000000,5.00e-05,0.4281
2492,stage3_interaction,0.377743,0.283737,0.188013,0.000000,0.000000,0.000000,0.000000,0.000000,5.00e-05,0.4016
2493,stage3_interaction,0.386424,0.288774,0.195301,0.000000,0.000000,0.000000,0.000000,0.000000,5.00e-05,0.3397
2494,stage3_interaction,0.392729,0.293903,0.197653,0.000000,0.000000,0.000000,0.000000,0.000000,5.00e-05,0.3745
2495,stage3_interaction,0.385705,0.288350,0.194710,0.000000,0.000000,0.000000,0.000000,0.000000,5.00e-05,0.4163
2496,stage3_interaction,0.383355,0.288366,0.189979,0.000000,0.000000,0.000000,0.000000,0.000000,5.00e-05,0.4585
2497,stage3_interaction,0.398826,0.299271,0.199110,0.000000,0.000000,0.000000,0.000000,0.000000,5.00e-05,0.3602
2498,stage3_interaction,0.380415,0.287410,0.186011,0.000000,0.000000,0.000000,0.000000,0.000000,5.00e-05,0.5493
2499,stage3_interaction,0.387356,0.289805,0.195103,0.000000,0.000000,0.000000,0.000000,0.000000,5.00e-05,0.3517
2500,stage3_interaction,0.375740,0.282306,0.186870,0.000000,0.000000,0.000000,0.000000,0.000000,5.00e-05,0.4165
2501,stage3_interaction,0.376342,0.282886,0.186911,0.000000,0.000000,0.000000,0.000000,0.000000,5.00e-05,0.3624
2502,stage3_interaction,0.381520,0.286570,0.189898,0.000000,0.000000,0.000000,0.000000,0.000000,5.00e-05,0.4052
2503,stage3_interaction,0.392248,0.293616,0.197265,0.000000,0.000000,0.000000,0.000000,0.000000,5.00e-05,0.3860
2504,stage3_interaction,0.373696,0.280388,0.186615,0.000000,0.000000,0.000000,0.000000,0.000000,5.00e-05,0.4755
2505,stage3_interaction,0.376525,0.282349,0.188352,0.000000,0.000000,0.000000,0.000000,0.000000,5.00e-05,0.3665
2506,stage3_interaction,0.380359,0.284953,0.190813,0.000000,0.000000,0.000000,0.000000,0.000000,5.00e-05,0.4182
2507,stage3_interaction,0.387209,0.290084,0.194250,0.000000,0.000000,0.000000,0.000000,0.000000,5.00e-05,0.3789
2508,stage3_interaction,0.378379,0.282270,0.192218,0.000000,0.000000,0.000000,0.000000,0.000000,5.00e-05,0.3877
2509,stage3_interaction,0.377471,0.282145,0.190652,0.000000,0.000000,0.000000,0.000000,0.000000,5.00e-05,0.3728
2510,stage3_interaction,0.387935,0.292705,0.190462,0.000000,0.000000,0.000000,0.000000,0.000000,5.00e-05,0.3800
2511,stage3_interaction,0.392862,0.293929,0.197865,0.000000,0.000000,0.000000,0.000000,0.000000,5.00e-05,0.4448
2512,stage3_interaction,0.389026,0.291650,0.194752,0.000000,0.000000,0.000000,0.000000,0.000000,5.00e-05,0.4268
2513,stage3_interaction,0.386919,0.291659,0.190521,0.000000,0.000000,0.000000,0.000000,0.000000,5.00e-05,0.4618
2514,stage3_interaction,0.385373,0.289148,0.192450,0.000000,0.000000,0.000000,0.000000,0.000000,5.00e-05,0.5348
2515,stage3_interaction,0.391122,0.293912,0.194420,0.000000,0.000000,0.000000,0.000000,0.000000,5.00e-05,0.3904
2516,stage3_interaction,0.380764,0.287166,0.187196,0.000000,0.000000,0.000000,0.000000,0.000000,5.00e-05,0.5589
2517,stage3_interaction,0.390049,0.292792,0.194513,0.000000,0.000000,0.000000,0.000000,0.000000,5.00e-05,0.4308
2372,stage3_interaction,0.383704,0.288402,0.190604,0.000000,0.000000,0.000000,0.000000,0.000000,5.00e-05,1.0682
2373,stage3_interaction,0.376103,0.281031,0.190144,0.000000,0.000000,0.000000,0.000000,0.000000,5.00e-05,0.7781
2374,stage3_interaction,0.379833,0.285080,0.189505,0.000000,0.000000,0.000000,0.000000,0.000000,5.00e-05,0.7918
2375,stage3_interaction,0.385603,0.290938,0.189331,0.000000,0.000000,0.000000,0.000000,0.000000,5.00e-05,0.7472
2376,stage3_interaction,0.377833,0.284746,0.186173,0.000000,0.000000,0.000000,0.000000,0.000000,5.00e-05,0.6470
2377,stage3_interaction,0.392059,0.294112,0.195893,0.000000,0.000000,0.000000,0.000000,0.000000,5.00e-05,0.7429
2378,stage3_interaction,0.391825,0.293857,0.195935,0.000000,0.000000,0.000000,0.000000,0.000000,5.00e-05,0.5951
2379,stage3_interaction,0.389583,0.291233,0.196701,0.000000,0.000000,0.000000,0.000000,0.000000,5.00e-05,0.4989
2380,stage3_interaction,0.391001,0.295074,0.191853,0.000000,0.000000,0.000000,0.000000,0.000000,5.00e-05,0.4538
2381,stage3_interaction,0.386084,0.291643,0.188883,0.000000,0.000000,0.000000,0.000000,0.000000,5.00e-05,0.6205
2382,stage3_interaction,0.373262,0.280409,0.185706,0.000000,0.000000,0.000000,0.000000,0.000000,5.00e-05,0.5378
2383,stage3_interaction,0.398549,0.299698,0.197703,0.000000,0.000000,0.000000,0.000000,0.000000,5.00e-05,0.5223
2384,stage3_interaction,0.390230,0.292981,0.194500,0.000000,0.000000,0.000000,0.000000,0.000000,5.00e-05,0.5130
2385,stage3_interaction,0.392730,0.294854,0.195753,0.000000,0.000000,0.000000,0.000000,0.000000,5.00e-05,0.6641
2386,stage3_interaction,0.392502,0.293907,0.197189,0.000000,0.000000,0.000000,0.000000,0.000000,5.00e-05,0.5300
2387,stage3_interaction,0.402476,0.302643,0.199667,0.000000,0.000000,0.000000,0.000000,0.000000,5.00e-05,0.4971
2388,stage3_interaction,0.384212,0.288331,0.191763,0.000000,0.000000,0.000000,0.000000,0.000000,5.00e-05,0.4474
2389,stage3_interaction,0.390865,0.293887,0.193956,0.000000,0.000000,0.000000,0.000000,0.000000,5.00e-05,0.4487
2390,stage3_interaction,0.383727,0.288296,0.190863,0.000000,0.000000,0.000000,0.000000,0.000000,5.00e-05,0.4541
2391,stage3_interaction,0.385778,0.290780,0.189996,0.000000,0.000000,0.000000,0.000000,0.000000,5.00e-05,0.4644
2392,stage3_interaction,0.392129,0.293690,0.196877,0.000000,0.000000,0.000000,0.000000,0.000000,5.00e-05,0.4402
2393,stage3_interaction,0.391327,0.294993,0.192667,0.000000,0.000000,0.000000,0.000000,0.000000,5.00e-05,0.4439
2394,stage3_interaction,0.375810,0.281759,0.188101,0.000000,0.000000,0.000000,0.000000,0.000000,5.00e-05,0.4455
2395,stage3_interaction,0.387777,0.292909,0.189735,0.000000,0.000000,0.000000,0.000000,0.000000,5.00e-05,0.3834
2396,stage3_interaction,0.389775,0.292423,0.194705,0.000000,0.000000,0.000000,0.000000,0.000000,5.00e-05,0.6201
2397,stage3_interaction,0.386325,0.291499,0.189653,0.000000,0.000000,0.000000,0.000000,0.000000,5.00e-05,0.3848
2398,stage3_interaction,0.390436,0.293295,0.194283,0.000000,0.000000,0.000000,0.000000,0.000000,5.00e-05,0.3732
2399,stage3_interaction,0.385760,0.290455,0.190610,0.000000,0.000000,0.000000,0.000000,0.000000,5.00e-05,0.3563
2400,stage3_interaction,0.390255,0.292893,0.194724,0.000000,0.000000,0.000000,0.000000,0.000000,5.00e-05,0.5834
2401,stage3_interaction,0.386894,0.290254,0.193280,0.000000,0.000000,0.000000,0.000000,0.000000,5.00e-05,0.3936
2402,stage3_interaction,0.379593,0.285252,0.188682,0.000000,0.000000,0.000000,0.000000,0.000000,5.00e-05,0.4006
2403,stage3_interaction,0.390410,0.293892,0.193037,0.000000,0.000000,0.000000,0.000000,0.000000,5.00e-05,0.4479
2404,stage3_interaction,0.377780,0.283760,0.188040,0.000000,0.000000,0.000000,0.000000,0.000000,5.00e-05,0.4710
2405,stage3_interaction,0.384836,0.290320,0.189031,0.000000,0.000000,0.000000,0.000000,0.000000,5.00e-05,0.4704
2406,stage3_interaction,0.395138,0.296634,0.197008,0.000000,0.000000,0.000000,0.000000,0.000000,5.00e-05,0.5138
2407,stage3_interaction,0.390185,0.292404,0.195562,0.000000,0.000000,0.000000,0.000000,0.000000,5.00e-05,0.4722
2408,stage3_interaction,0.376754,0.282571,0.188366,0.000000,0.000000,0.000000,0.000000,0.000000,5.00e-05,0.4235
2409,stage3_interaction,0.386762,0.291937,0.189650,0.000000,0.000000,0.000000,0.000000,0.000000,5.00e-05,0.5281
2410,stage3_interaction,0.384908,0.288728,0.192361,0.000000,0.000000,0.000000,0.000000,0.000000,5.00e-05,0.3729
2411,stage3_interaction,0.392425,0.295951,0.192949,0.000000,0.000000,0.000000,0.000000,0.000000,5.00e-05,0.3460
2412,stage3_interaction,0.376608,0.282558,0.188099,0.000000,0.000000,0.000000,0.000000,0.000000,5.00e-05,0.3883
2413,stage3_interaction,0.375601,0.280950,0.189301,0.000000,0.000000,0.000000,0.000000,0.000000,5.00e-05,0.3861
2414,stage3_interaction,0.379900,0.285126,0.189549,0.000000,0.000000,0.000000,0.000000,0.000000,5.00e-05,0.3740
2415,stage3_interaction,0.386321,0.288876,0.194890,0.000000,0.000000,0.000000,0.000000,0.000000,5.00e-05,0.3191
2416,stage3_interaction,0.384678,0.290152,0.189052,0.000000,0.000000,0.000000,0.000000,0.000000,5.00e-05,0.4078
2417,stage3_interaction,0.375537,0.280817,0.189439,0.000000,0.000000,0.000000,0.000000,0.000000,5.00e-05,0.3601
2418,stage3_interaction,0.376223,0.283010,0.186425,0.000000,0.000000,0.000000,0.000000,0.000000,5.00e-05,0.3409
2419,stage3_interaction,0.371023,0.278692,0.184661,0.000000,0.000000,0.000000,0.000000,0.000000,5.00e-05,0.3963
2420,stage3_interaction,0.379921,0.285870,0.188103,0.000000,0.000000,0.000000,0.000000,0.000000,5.00e-05,0.3248
2421,stage3_interaction,0.377266,0.283836,0.186861,0.000000,0.000000,0.000000,0.000000,0.000000,5.00e-05,0.4617
2422,stage3_interaction,0.377433,0.283970,0.186927,0.000000,0.000000,0.000000,0.000000,0.000000,5.00e-05,0.4078
2423,stage3_interaction,0.385281,0.290957,0.188650,0.000000,0.000000,0.000000,0.000000,0.000000,5.00e-05,0.3059
2424,stage3_interaction,0.385393,0.289202,0.192383,0.000000,0.000000,0.000000,0.000000,0.000000,5.00e-05,0.4320
2425,stage3_interaction,0.385208,0.290585,0.189247,0.000000,0.000000,0.000000,0.000000,0.000000,5.00e-05,0.3154
2426,stage3_interaction,0.389152,0.292026,0.194251,0.000000,0.000000,0.000000,0.000000,0.000000,5.00e-05,0.5082
2427,stage3_interaction,0.394567,0.295710,0.197712,0.000000,0.000000,0.000000,0.000000,0.000000,5.00e-05,0.4320
2428,stage3_interaction,0.369826,0.278018,0.183616,0.000000,0.000000,0.000000,0.000000,0.000000,5.00e-05,0.4155
2429,stage3_interaction,0.378044,0.283908,0.188271,0.000000,0.000000,0.000000,0.000000,0.000000,5.00e-05,0.5230
2430,stage3_interaction,0.378460,0.284646,0.187628,0.000000,0.000000,0.000000,0.000000,0.000000,5.00e-05,0.4404
2431,stage3_interaction,0.391896,0.296830,0.190131,0.000000,0.000000,0.000000,0.000000,0.000000,5.00e-05,0.4880
2432,stage3_interaction,0.388864,0.292752,0.192224,0.000000,0.000000,0.000000,0.000000,0.000000,5.00e-05,0.3599
2433,stage3_interaction,0.371957,0.279927,0.184060,0.000000,0.000000,0.000000,0.000000,0.000000,5.00e-05,0.3532
2434,stage3_interaction,0.385594,0.289743,0.191701,0.000000,0.000000,0.000000,0.000000,0.000000,5.00e-05,0.3273
2435,stage3_interaction,0.374456,0.280856,0.187200,0.000000,0.000000,0.000000,0.000000,0.000000,5.00e-05,0.3393
2436,stage3_interaction,0.380600,0.287577,0.186045,0.000000,0.000000,0.000000,0.000000,0.000000,5.00e-05,0.4383
2437,stage3_interaction,0.390036,0.293185,0.193701,0.000000,0.000000,0.000000,0.000000,0.000000,5.00e-05,0.4271
2438,stage3_interaction,0.386920,0.292766,0.188309,0.000000,0.000000,0.000000,0.000000,0.000000,5.00e-05,0.3755
2439,stage3_interaction,0.384009,0.287517,0.192984,0.000000,0.000000,0.000000,0.000000,0.000000,5.00e-05,0.4570
2440,stage3_interaction,0.384309,0.288942,0.190733,0.000000,0.000000,0.000000,0.000000,0.000000,5.00e-05,0.3638
2441,stage3_interaction,0.382893,0.287531,0.190723,0.000000,0.000000,0.000000,0.000000,0.000000,5.00e-05,0.3923
2442,stage3_interaction,0.374269,0.281495,0.185548,0.000000,0.000000,0.000000,0.000000,0.000000,5.00e-05,0.4230
2443,stage3_interaction,0.392290,0.294514,0.195554,0.000000,0.000000,0.000000,0.000000,0.000000,5.00e-05,0.4512
2444,stage3_interaction,0.377053,0.283532,0.187043,0.000000,0.000000,0.000000,0.000000,0.000000,5.00e-05,0.3660
2518,stage3_interaction,0.379057,0.284314,0.189485,0.000000,0.000000,0.000000,0.000000,0.000000,5.00e-05,0.3452
2519,stage3_interaction,0.384214,0.288620,0.191189,0.000000,0.000000,0.000000,0.000000,0.000000,5.00e-05,0.4397
2520,stage3_interaction,0.383656,0.288088,0.191135,0.000000,0.000000,0.000000,0.000000,0.000000,5.00e-05,0.4480
2521,stage3_interaction,0.375815,0.282639,0.186351,0.000000,0.000000,0.000000,0.000000,0.000000,5.00e-05,0.3877
2522,stage3_interaction,0.386967,0.289937,0.194059,0.000000,0.000000,0.000000,0.000000,0.000000,5.00e-05,0.3564
2523,stage3_interaction,0.387942,0.293240,0.189405,0.000000,0.000000,0.000000,0.000000,0.000000,5.00e-05,0.3294
2524,stage3_interaction,0.382762,0.287209,0.191108,0.000000,0.000000,0.000000,0.000000,0.000000,5.00e-05,0.3677
2525,stage3_interaction,0.381099,0.287535,0.187128,0.000000,0.000000,0.000000,0.000000,0.000000,5.00e-05,0.3204
2526,stage3_interaction,0.390127,0.293843,0.192568,0.000000,0.000000,0.000000,0.000000,0.000000,5.00e-05,0.5247
2527,stage3_interaction,0.390605,0.293280,0.194650,0.000000,0.000000,0.000000,0.000000,0.000000,5.00e-05,0.3676
2528,stage3_interaction,0.379061,0.284369,0.189382,0.000000,0.000000,0.000000,0.000000,0.000000,5.00e-05,0.3737
2529,stage3_interaction,0.394287,0.296656,0.195261,0.000000,0.000000,0.000000,0.000000,0.000000,5.00e-05,0.3723
2530,stage3_interaction,0.398336,0.299670,0.197332,0.000000,0.000000,0.000000,0.000000,0.000000,5.00e-05,0.3290
2531,stage3_interaction,0.381623,0.287816,0.187614,0.000000,0.000000,0.000000,0.000000,0.000000,5.00e-05,0.3533
2532,stage3_interaction,0.392202,0.293737,0.196930,0.000000,0.000000,0.000000,0.000000,0.000000,5.00e-05,0.3774
2533,stage3_interaction,0.392566,0.295087,0.194958,0.000000,0.000000,0.000000,0.000000,0.000000,5.00e-05,0.5227
2534,stage3_interaction,0.373032,0.280668,0.184728,0.000000,0.000000,0.000000,0.000000,0.000000,5.00e-05,0.3717
2535,stage3_interaction,0.374533,0.281965,0.185137,0.000000,0.000000,0.000000,0.000000,0.000000,5.00e-05,0.3598
2536,stage3_interaction,0.379579,0.284535,0.190088,0.000000,0.000000,0.000000,0.000000,0.000000,5.00e-05,0.4601
2537,stage3_interaction,0.379598,0.285174,0.188848,0.000000,0.000000,0.000000,0.000000,0.000000,5.00e-05,0.3874
2538,stage3_interaction,0.379293,0.285916,0.186754,0.000000,0.000000,0.000000,0.000000,0.000000,5.00e-05,0.4809
2539,stage3_interaction,0.372974,0.280349,0.185249,0.000000,0.000000,0.000000,0.000000,0.000000,5.00e-05,0.3238
2540,stage3_interaction,0.380824,0.287589,0.186470,0.000000,0.000000,0.000000,0.000000,0.000000,5.00e-05,0.3668
2541,stage3_interaction,0.386154,0.290440,0.191428,0.000000,0.000000,0.000000,0.000000,0.000000,5.00e-05,0.4308
2542,stage3_interaction,0.383340,0.288549,0.189583,0.000000,0.000000,0.000000,0.000000,0.000000,5.00e-05,0.5925
2543,stage3_interaction,0.376601,0.283416,0.186370,0.000000,0.000000,0.000000,0.000000,0.000000,5.00e-05,0.3621
2544,stage3_interaction,0.393240,0.295185,0.196109,0.000000,0.000000,0.000000,0.000000,0.000000,5.00e-05,0.4738
2545,stage3_interaction,0.387089,0.290911,0.192356,0.000000,0.000000,0.000000,0.000000,0.000000,5.00e-05,0.3395
2546,stage3_interaction,0.380669,0.284473,0.192393,0.000000,0.000000,0.000000,0.000000,0.000000,5.00e-05,0.3768
2547,stage3_interaction,0.379526,0.284931,0.189191,0.000000,0.000000,0.000000,0.000000,0.000000,5.00e-05,0.4655
2548,stage3_interaction,0.389014,0.292790,0.192447,0.000000,0.000000,0.000000,0.000000,0.000000,5.00e-05,0.3267
2549,stage3_interaction,0.392457,0.295446,0.194023,0.000000,0.000000,0.000000,0.000000,0.000000,5.00e-05,0.3548
2550,stage3_interaction,0.401484,0.302362,0.198243,0.000000,0.000000,0.000000,0.000000,0.000000,5.00e-05,0.4442
2551,stage3_interaction,0.378429,0.284407,0.188044,0.000000,0.000000,0.000000,0.000000,0.000000,5.00e-05,0.4842
2552,stage3_interaction,0.379533,0.284356,0.190352,0.000000,0.000000,0.000000,0.000000,0.000000,5.00e-05,0.4117
2553,stage3_interaction,0.379052,0.284608,0.188888,0.000000,0.000000,0.000000,0.000000,0.000000,5.00e-05,0.3244
2554,stage3_interaction,0.383804,0.287613,0.192381,0.000000,0.000000,0.000000,0.000000,0.000000,5.00e-05,0.3268
2555,stage3_interaction,0.395674,0.299125,0.193099,0.000000,0.000000,0.000000,0.000000,0.000000,5.00e-05,0.6036
2556,stage3_interaction,0.379941,0.285258,0.189367,0.000000,0.000000,0.000000,0.000000,0.000000,5.00e-05,0.4143
2557,stage3_interaction,0.392067,0.293516,0.197103,0.000000,0.000000,0.000000,0.000000,0.000000,5.00e-05,0.3784
2558,stage3_interaction,0.391952,0.294848,0.194207,0.000000,0.000000,0.000000,0.000000,0.000000,5.00e-05,0.4256
2559,stage3_interaction,0.379906,0.285711,0.188391,0.000000,0.000000,0.000000,0.000000,0.000000,5.00e-05,0.2957
2560,stage3_interaction,0.376987,0.283459,0.187056,0.000000,0.000000,0.000000,0.000000,0.000000,5.00e-05,0.6474
2561,stage3_interaction,0.398392,0.299643,0.197499,0.000000,0.000000,0.000000,0.000000,0.000000,5.00e-05,0.3906
2562,stage3_interaction,0.390326,0.294138,0.192377,0.000000,0.000000,0.000000,0.000000,0.000000,5.00e-05,0.3636
2563,stage3_interaction,0.390222,0.294842,0.190760,0.000000,0.000000,0.000000,0.000000,0.000000,5.00e-05,0.2708
2564,stage3_interaction,0.393269,0.295238,0.196062,0.000000,0.000000,0.000000,0.000000,0.000000,5.00e-05,0.3986
2565,stage3_interaction,0.378339,0.284004,0.188670,0.000000,0.000000,0.000000,0.000000,0.000000,5.00e-05,0.4734
2566,stage3_interaction,0.385956,0.290042,0.191828,0.000000,0.000000,0.000000,0.000000,0.000000,5.00e-05,0.3556
2567,stage3_interaction,0.382325,0.287757,0.189136,0.000000,0.000000,0.000000,0.000000,0.000000,5.00e-05,0.3828
2568,stage3_interaction,0.399232,0.299807,0.198850,0.000000,0.000000,0.000000,0.000000,0.000000,5.00e-05,0.4914
2569,stage3_interaction,0.395932,0.297472,0.196920,0.000000,0.000000,0.000000,0.000000,0.000000,5.00e-05,0.4064
2570,stage3_interaction,0.377401,0.283927,0.186948,0.000000,0.000000,0.000000,0.000000,0.000000,5.00e-05,0.3023
2571,stage3_interaction,0.379082,0.285758,0.186647,0.000000,0.000000,0.000000,0.000000,0.000000,5.00e-05,0.4260
2572,stage3_interaction,0.393674,0.296892,0.193566,0.000000,0.000000,0.000000,0.000000,0.000000,5.00e-05,0.3093
2573,stage3_interaction,0.375479,0.282702,0.185554,0.000000,0.000000,0.000000,0.000000,0.000000,5.00e-05,0.4497
2574,stage3_interaction,0.384485,0.290192,0.188586,0.000000,0.000000,0.000000,0.000000,0.000000,5.00e-05,0.3058
2575,stage3_interaction,0.380693,0.286019,0.189348,0.000000,0.000000,0.000000,0.000000,0.000000,5.00e-05,0.4000
2576,stage3_interaction,0.382441,0.288993,0.186896,0.000000,0.000000,0.000000,0.000000,0.000000,5.00e-05,0.3416
2577,stage3_interaction,0.383346,0.288238,0.190217,0.000000,0.000000,0.000000,0.000000,0.000000,5.00e-05,0.3771
2578,stage3_interaction,0.375699,0.281007,0.189383,0.000000,0.000000,0.000000,0.000000,0.000000,5.00e-05,0.5457
2579,stage3_interaction,0.378916,0.283693,0.190446,0.000000,0.000000,0.000000,0.000000,0.000000,5.00e-05,0.3936
2580,stage3_interaction,0.375330,0.279861,0.190937,0.000000,0.000000,0.000000,0.000000,0.000000,5.00e-05,0.3906
2581,stage3_interaction,0.379745,0.284909,0.189673,0.000000,0.000000,0.000000,0.000000,0.000000,5.00e-05,0.4275
2582,stage3_interaction,0.386214,0.291999,0.188429,0.000000,0.000000,0.000000,0.000000,0.000000,5.00e-05,0.3616
2583,stage3_interaction,0.375851,0.282599,0.186503,0.000000,0.000000,0.000000,0.000000,0.000000,5.00e-05,0.5377
2584,stage3_interaction,0.389080,0.291436,0.195288,0.000000,0.000000,0.000000,0.000000,0.000000,5.00e-05,0.5151
2585,stage3_interaction,0.384574,0.288804,0.191540,0.000000,0.000000,0.000000,0.000000,0.000000,5.00e-05,0.4466
2586,stage3_interaction,0.394670,0.297738,0.193862,0.000000,0.000000,0.000000,0.000000,0.000000,5.00e-05,0.3809
2587,stage3_interaction,0.384791,0.289627,0.190329,0.000000,0.000000,0.000000,0.000000,0.000000,5.00e-05,0.5590
2588,stage3_interaction,0.374627,0.281517,0.186220,0.000000,0.000000,0.000000,0.000000,0.000000,5.00e-05,0.5044
2589,stage3_interaction,0.377017,0.283719,0.186595,0.000000,0.000000,0.000000,0.000000,0.000000,5.00e-05,0.3546
2590,stage3_interaction,0.388358,0.293794,0.189127,0.000000,0.000000,0.000000,0.000000,0.000000,5.00e-05,0.4150
2445,stage3_interaction,0.383457,0.286530,0.193852,0.000000,0.000000,0.000000,0.000000,0.000000,5.00e-05,0.3624
2446,stage3_interaction,0.380931,0.284974,0.191915,0.000000,0.000000,0.000000,0.000000,0.000000,5.00e-05,0.4023
2447,stage3_interaction,0.387168,0.290337,0.193660,0.000000,0.000000,0.000000,0.000000,0.000000,5.00e-05,0.3602
2448,stage3_interaction,0.375851,0.282722,0.186257,0.000000,0.000000,0.000000,0.000000,0.000000,5.00e-05,0.4032
2449,stage3_interaction,0.378040,0.284557,0.186965,0.000000,0.000000,0.000000,0.000000,0.000000,5.00e-05,0.3965
2450,stage3_interaction,0.379259,0.285014,0.188491,0.000000,0.000000,0.000000,0.000000,0.000000,5.00e-05,0.5321
2451,stage3_interaction,0.403624,0.303121,0.201006,0.000000,0.000000,0.000000,0.000000,0.000000,5.00e-05,0.5024
2452,stage3_interaction,0.373533,0.281183,0.184699,0.000000,0.000000,0.000000,0.000000,0.000000,5.00e-05,0.3624
2453,stage3_interaction,0.379236,0.285769,0.186935,0.000000,0.000000,0.000000,0.000000,0.000000,5.00e-05,0.3606
2454,stage3_interaction,0.382257,0.287564,0.189386,0.000000,0.000000,0.000000,0.000000,0.000000,5.00e-05,0.4592
2455,stage3_interaction,0.394220,0.295748,0.196944,0.000000,0.000000,0.000000,0.000000,0.000000,5.00e-05,0.5428
2456,stage3_interaction,0.391258,0.294053,0.194409,0.000000,0.000000,0.000000,0.000000,0.000000,5.00e-05,0.4632
2457,stage3_interaction,0.383213,0.287693,0.191040,0.000000,0.000000,0.000000,0.000000,0.000000,5.00e-05,0.4372
2458,stage3_interaction,0.391175,0.293042,0.196267,0.000000,0.000000,0.000000,0.000000,0.000000,5.00e-05,0.3359
2459,stage3_interaction,0.374829,0.282724,0.184211,0.000000,0.000000,0.000000,0.000000,0.000000,5.00e-05,0.4158
2460,stage3_interaction,0.384693,0.288716,0.191953,0.000000,0.000000,0.000000,0.000000,0.000000,5.00e-05,0.4721
2461,stage3_interaction,0.376241,0.282468,0.187547,0.000000,0.000000,0.000000,0.000000,0.000000,5.00e-05,0.3874
2462,stage3_interaction,0.370623,0.277913,0.185421,0.000000,0.000000,0.000000,0.000000,0.000000,5.00e-05,0.5237
2463,stage3_interaction,0.379491,0.286664,0.185654,0.000000,0.000000,0.000000,0.000000,0.000000,5.00e-05,0.4420
2464,stage3_interaction,0.389496,0.293101,0.192790,0.000000,0.000000,0.000000,0.000000,0.000000,5.00e-05,0.4080
2465,stage3_interaction,0.384359,0.289626,0.189467,0.000000,0.000000,0.000000,0.000000,0.000000,5.00e-05,0.3498
2466,stage3_interaction,0.392251,0.295099,0.194304,0.000000,0.000000,0.000000,0.000000,0.000000,5.00e-05,0.3873
2467,stage3_interaction,0.385184,0.287798,0.194772,0.000000,0.000000,0.000000,0.000000,0.000000,5.00e-05,0.4052
2468,stage3_interaction,0.382290,0.286439,0.191702,0.000000,0.000000,0.000000,0.000000,0.000000,5.00e-05,0.4221
2469,stage3_interaction,0.376642,0.283834,0.185617,0.000000,0.000000,0.000000,0.000000,0.000000,5.00e-05,0.3829
2470,stage3_interaction,0.378382,0.283912,0.188940,0.000000,0.000000,0.000000,0.000000,0.000000,5.00e-05,0.4411
2471,stage3_interaction,0.386940,0.291671,0.190536,0.000000,0.000000,0.000000,0.000000,0.000000,5.00e-05,0.4706
2472,stage3_interaction,0.376638,0.283322,0.186633,0.000000,0.000000,0.000000,0.000000,0.000000,5.00e-05,0.3292
2473,stage3_interaction,0.387305,0.291201,0.192209,0.000000,0.000000,0.000000,0.000000,0.000000,5.00e-05,0.3675
2474,stage3_interaction,0.389992,0.292412,0.195160,0.000000,0.000000,0.000000,0.000000,0.000000,5.00e-05,0.4372
2475,stage3_interaction,0.384868,0.289099,0.191538,0.000000,0.000000,0.000000,0.000000,0.000000,5.00e-05,0.7346
2476,stage3_interaction,0.371297,0.279451,0.183692,0.000000,0.000000,0.000000,0.000000,0.000000,5.00e-05,0.3880
2477,stage3_interaction,0.381399,0.286593,0.189612,0.000000,0.000000,0.000000,0.000000,0.000000,5.00e-05,0.3215
2478,stage3_interaction,0.374827,0.281681,0.186291,0.000000,0.000000,0.000000,0.000000,0.000000,5.00e-05,0.3500
2479,stage3_interaction,0.371729,0.279625,0.184207,0.000000,0.000000,0.000000,0.000000,0.000000,5.00e-05,0.4182
2480,stage3_interaction,0.389554,0.291204,0.196700,0.000000,0.000000,0.000000,0.000000,0.000000,5.00e-05,0.3888
2481,stage3_interaction,0.390529,0.293561,0.193935,0.000000,0.000000,0.000000,0.000000,0.000000,5.00e-05,0.3705
2482,stage3_interaction,0.389440,0.292278,0.194324,0.000000,0.000000,0.000000,0.000000,0.000000,5.00e-05,0.3918
2483,stage3_interaction,0.368263,0.276510,0.183507,0.000000,0.000000,0.000000,0.000000,0.000000,5.00e-05,0.3455
2484,stage3_interaction,0.399159,0.299253,0.199813,0.000000,0.000000,0.000000,0.000000,0.000000,5.00e-05,0.3582
2485,stage3_interaction,0.387028,0.289603,0.194850,0.000000,0.000000,0.000000,0.000000,0.000000,5.00e-05,0.4091
2486,stage3_interaction,0.377020,0.283432,0.187175,0.000000,0.000000,0.000000,0.000000,0.000000,5.00e-05,0.3938
2487,stage3_interaction,0.388908,0.291466,0.194883,0.000000,0.000000,0.000000,0.000000,0.000000,5.00e-05,0.4105
2488,stage3_interaction,0.367606,0.275313,0.184586,0.000000,0.000000,0.000000,0.000000,0.000000,5.00e-05,0.4548
2489,stage3_interaction,0.383306,0.288164,0.190284,0.000000,0.000000,0.000000,0.000000,0.000000,5.00e-05,0.4356
2490,stage3_interaction,0.387581,0.292205,0.190752,0.000000,0.000000,0.000000,0.000000,0.000000,5.00e-05,0.3611
2491,stage3_interaction,0.380802,0.286396,0.188813,0.000000,0.000000,0.000000,0.000000,0.000000,5.00e-05,0.4070
2492,stage3_interaction,0.381416,0.287890,0.187051,0.000000,0.000000,0.000000,0.000000,0.000000,5.00e-05,0.3925
2493,stage3_interaction,0.376682,0.280976,0.191412,0.000000,0.000000,0.000000,0.000000,0.000000,5.00e-05,0.4329
2494,stage3_interaction,0.396647,0.297944,0.197407,0.000000,0.000000,0.000000,0.000000,0.000000,5.00e-05,0.5116
2495,stage3_interaction,0.386193,0.289195,0.193995,0.000000,0.000000,0.000000,0.000000,0.000000,5.00e-05,0.4443
2496,stage3_interaction,0.380995,0.286074,0.189841,0.000000,0.000000,0.000000,0.000000,0.000000,5.00e-05,0.4091
2497,stage3_interaction,0.394638,0.295843,0.197590,0.000000,0.000000,0.000000,0.000000,0.000000,5.00e-05,0.5519
2498,stage3_interaction,0.379292,0.286386,0.185811,0.000000,0.000000,0.000000,0.000000,0.000000,5.00e-05,0.4997
2499,stage3_interaction,0.385396,0.290818,0.189154,0.000000,0.000000,0.000000,0.000000,0.000000,5.00e-05,0.5852
2500,stage3_interaction,0.376154,0.283549,0.185209,0.000000,0.000000,0.000000,0.000000,0.000000,5.00e-05,0.4339
2501,stage3_interaction,0.368922,0.277193,0.183459,0.000000,0.000000,0.000000,0.000000,0.000000,5.00e-05,0.4825
2502,stage3_interaction,0.377764,0.284009,0.187510,0.000000,0.000000,0.000000,0.000000,0.000000,5.00e-05,0.6331
2503,stage3_interaction,0.393409,0.295236,0.196344,0.000000,0.000000,0.000000,0.000000,0.000000,5.00e-05,0.3504
2504,stage3_interaction,0.370941,0.278111,0.185661,0.000000,0.000000,0.000000,0.000000,0.000000,5.00e-05,0.4499
2505,stage3_interaction,0.375771,0.281919,0.187703,0.000000,0.000000,0.000000,0.000000,0.000000,5.00e-05,0.3820
2506,stage3_interaction,0.381032,0.286294,0.189474,0.000000,0.000000,0.000000,0.000000,0.000000,5.00e-05,0.4403
2507,stage3_interaction,0.390917,0.293355,0.195123,0.000000,0.000000,0.000000,0.000000,0.000000,5.00e-05,0.3742
2508,stage3_interaction,0.386896,0.289152,0.195486,0.000000,0.000000,0.000000,0.000000,0.000000,5.00e-05,0.3314
2509,stage3_interaction,0.365969,0.273255,0.185427,0.000000,0.000000,0.000000,0.000000,0.000000,5.00e-05,0.3779
2510,stage3_interaction,0.377750,0.283238,0.189024,0.000000,0.000000,0.000000,0.000000,0.000000,5.00e-05,0.4544
2511,stage3_interaction,0.391461,0.293197,0.196529,0.000000,0.000000,0.000000,0.000000,0.000000,5.00e-05,0.3905
2512,stage3_interaction,0.391896,0.293392,0.197007,0.000000,0.000000,0.000000,0.000000,0.000000,5.00e-05,0.9359
2513,stage3_interaction,0.388175,0.292479,0.191392,0.000000,0.000000,0.000000,0.000000,0.000000,5.00e-05,0.3160
2514,stage3_interaction,0.373171,0.280168,0.186006,0.000000,0.000000,0.000000,0.000000,0.000000,5.00e-05,0.3305
2515,stage3_interaction,0.395477,0.297861,0.195231,0.000000,0.000000,0.000000,0.000000,0.000000,5.00e-05,0.2955
2516,stage3_interaction,0.375075,0.282362,0.185425,0.000000,0.000000,0.000000,0.000000,0.000000,5.00e-05,0.3601
2517,stage3_interaction,0.389588,0.292804,0.193568,0.000000,0.000000,0.000000,0.000000,0.000000,5.00e-05,0.3947
2591,stage3_interaction,0.392218,0.294907,0.194623,0.000000,0.000000,0.000000,0.000000,0.000000,5.00e-05,0.4408
2592,stage3_interaction,0.385330,0.290342,0.189977,0.000000,0.000000,0.000000,0.000000,0.000000,5.00e-05,0.3402
2593,stage3_interaction,0.384764,0.289016,0.191496,0.000000,0.000000,0.000000,0.000000,0.000000,5.00e-05,0.3634
2594,stage3_interaction,0.381662,0.287085,0.189155,0.000000,0.000000,0.000000,0.000000,0.000000,5.00e-05,0.3791
2595,stage3_interaction,0.391332,0.293849,0.194968,0.000000,0.000000,0.000000,0.000000,0.000000,5.00e-05,0.3931
2596,stage3_interaction,0.377064,0.282731,0.188667,0.000000,0.000000,0.000000,0.000000,0.000000,5.00e-05,0.5255
2597,stage3_interaction,0.382281,0.286491,0.191580,0.000000,0.000000,0.000000,0.000000,0.000000,5.00e-05,0.4858
2598,stage3_interaction,0.376720,0.282847,0.187746,0.000000,0.000000,0.000000,0.000000,0.000000,5.00e-05,0.5437
2599,stage3_interaction,0.385992,0.289694,0.192596,0.000000,0.000000,0.000000,0.000000,0.000000,5.00e-05,0.3388
2600,stage3_interaction,0.379980,0.285608,0.188744,0.000000,0.000000,0.000000,0.000000,0.000000,5.00e-05,0.3315
2601,stage3_interaction,0.379039,0.284025,0.190027,0.000000,0.000000,0.000000,0.000000,0.000000,5.00e-05,0.5241
2602,stage3_interaction,0.393952,0.296311,0.195283,0.000000,0.000000,0.000000,0.000000,0.000000,5.00e-05,0.4954
2603,stage3_interaction,0.394182,0.297194,0.193976,0.000000,0.000000,0.000000,0.000000,0.000000,5.00e-05,0.3909
2604,stage3_interaction,0.377850,0.282631,0.190439,0.000000,0.000000,0.000000,0.000000,0.000000,5.00e-05,0.3177
2605,stage3_interaction,0.386775,0.291472,0.190606,0.000000,0.000000,0.000000,0.000000,0.000000,5.00e-05,0.5203
2606,stage3_interaction,0.381314,0.286044,0.190539,0.000000,0.000000,0.000000,0.000000,0.000000,5.00e-05,0.4964
2607,stage3_interaction,0.383492,0.288485,0.190014,0.000000,0.000000,0.000000,0.000000,0.000000,5.00e-05,0.3628
2608,stage3_interaction,0.385387,0.289020,0.192735,0.000000,0.000000,0.000000,0.000000,0.000000,5.00e-05,0.3414
2609,stage3_interaction,0.372020,0.279023,0.185995,0.000000,0.000000,0.000000,0.000000,0.000000,5.00e-05,0.4435
2610,stage3_interaction,0.379763,0.283814,0.191898,0.000000,0.000000,0.000000,0.000000,0.000000,5.00e-05,0.5198
2611,stage3_interaction,0.386884,0.292146,0.189477,0.000000,0.000000,0.000000,0.000000,0.000000,5.00e-05,0.4114
2612,stage3_interaction,0.381792,0.287038,0.189509,0.000000,0.000000,0.000000,0.000000,0.000000,5.00e-05,0.4510
2613,stage3_interaction,0.388758,0.291815,0.193885,0.000000,0.000000,0.000000,0.000000,0.000000,5.00e-05,0.7383
2614,stage3_interaction,0.388690,0.294565,0.188250,0.000000,0.000000,0.000000,0.000000,0.000000,5.00e-05,0.4553
2615,stage3_interaction,0.378376,0.284743,0.187266,0.000000,0.000000,0.000000,0.000000,0.000000,5.00e-05,0.3502
2616,stage3_interaction,0.385080,0.289922,0.190316,0.000000,0.000000,0.000000,0.000000,0.000000,5.00e-05,0.3897
2617,stage3_interaction,0.385370,0.289294,0.192152,0.000000,0.000000,0.000000,0.000000,0.000000,5.00e-05,0.3588
2618,stage3_interaction,0.379436,0.286383,0.186105,0.000000,0.000000,0.000000,0.000000,0.000000,5.00e-05,0.3657
2619,stage3_interaction,0.382160,0.288981,0.186356,0.000000,0.000000,0.000000,0.000000,0.000000,5.00e-05,0.3882
2620,stage3_interaction,0.387221,0.291935,0.190572,0.000000,0.000000,0.000000,0.000000,0.000000,5.00e-05,0.4873
2621,stage3_interaction,0.379134,0.284474,0.189320,0.000000,0.000000,0.000000,0.000000,0.000000,5.00e-05,0.4052
2622,stage3_interaction,0.395187,0.296615,0.197144,0.000000,0.000000,0.000000,0.000000,0.000000,5.00e-05,0.4422
2623,stage3_interaction,0.392091,0.295298,0.193585,0.000000,0.000000,0.000000,0.000000,0.000000,5.00e-05,0.3366
2624,stage3_interaction,0.394007,0.295845,0.196324,0.000000,0.000000,0.000000,0.000000,0.000000,5.00e-05,0.4493
2625,stage3_interaction,0.391746,0.294859,0.193773,0.000000,0.000000,0.000000,0.000000,0.000000,5.00e-05,0.4381
2626,stage3_interaction,0.385893,0.290059,0.191667,0.000000,0.000000,0.000000,0.000000,0.000000,5.00e-05,0.4946
2627,stage3_interaction,0.382509,0.288301,0.188415,0.000000,0.000000,0.000000,0.000000,0.000000,5.00e-05,0.4803
2628,stage3_interaction,0.388729,0.292806,0.191846,0.000000,0.000000,0.000000,0.000000,0.000000,5.00e-05,0.4247
2629,stage3_interaction,0.377898,0.284783,0.186230,0.000000,0.000000,0.000000,0.000000,0.000000,5.00e-05,0.3958
2630,stage3_interaction,0.382240,0.288397,0.187685,0.000000,0.000000,0.000000,0.000000,0.000000,5.00e-05,0.4561
2631,stage3_interaction,0.373464,0.279193,0.188542,0.000000,0.000000,0.000000,0.000000,0.000000,5.00e-05,0.4556
2632,stage3_interaction,0.383356,0.287690,0.191332,0.000000,0.000000,0.000000,0.000000,0.000000,5.00e-05,0.3501
2633,stage3_interaction,0.378773,0.284759,0.188029,0.000000,0.000000,0.000000,0.000000,0.000000,5.00e-05,0.2927
2634,stage3_interaction,0.374931,0.281583,0.186696,0.000000,0.000000,0.000000,0.000000,0.000000,5.00e-05,0.3701
2635,stage3_interaction,0.394337,0.296641,0.195392,0.000000,0.000000,0.000000,0.000000,0.000000,5.00e-05,0.4405
2636,stage3_interaction,0.383544,0.287305,0.192479,0.000000,0.000000,0.000000,0.000000,0.000000,5.00e-05,0.3779
2637,stage3_interaction,0.382752,0.287645,0.190213,0.000000,0.000000,0.000000,0.000000,0.000000,5.00e-05,0.4961
2638,stage3_interaction,0.380994,0.287015,0.187959,0.000000,0.000000,0.000000,0.000000,0.000000,5.00e-05,0.4671
2639,stage3_interaction,0.381979,0.288290,0.187378,0.000000,0.000000,0.000000,0.000000,0.000000,5.00e-05,0.4465
2640,stage3_interaction,0.386939,0.290312,0.193255,0.000000,0.000000,0.000000,0.000000,0.000000,5.00e-05,0.3941
2641,stage3_interaction,0.386848,0.290055,0.193585,0.000000,0.000000,0.000000,0.000000,0.000000,5.00e-05,0.3323
2642,stage3_interaction,0.387029,0.290000,0.194059,0.000000,0.000000,0.000000,0.000000,0.000000,5.00e-05,0.3246
2643,stage3_interaction,0.379389,0.286157,0.186465,0.000000,0.000000,0.000000,0.000000,0.000000,5.00e-05,0.4770
2644,stage3_interaction,0.386540,0.291873,0.189335,0.000000,0.000000,0.000000,0.000000,0.000000,5.00e-05,0.6122
2645,stage3_interaction,0.371830,0.279100,0.185460,0.000000,0.000000,0.000000,0.000000,0.000000,5.00e-05,0.4370
2646,stage3_interaction,0.395165,0.296765,0.196801,0.000000,0.000000,0.000000,0.000000,0.000000,5.00e-05,0.4019
2647,stage3_interaction,0.387786,0.292218,0.191135,0.000000,0.000000,0.000000,0.000000,0.000000,5.00e-05,0.3532
2648,stage3_interaction,0.382813,0.288997,0.187633,0.000000,0.000000,0.000000,0.000000,0.000000,5.00e-05,0.4534
2649,stage3_interaction,0.380076,0.285277,0.189597,0.000000,0.000000,0.000000,0.000000,0.000000,5.00e-05,0.6841
2650,stage3_interaction,0.390599,0.292735,0.195728,0.000000,0.000000,0.000000,0.000000,0.000000,5.00e-05,0.3605
2651,stage3_interaction,0.386561,0.291077,0.190966,0.000000,0.000000,0.000000,0.000000,0.000000,5.00e-05,0.3625
2652,stage3_interaction,0.384562,0.287270,0.194585,0.000000,0.000000,0.000000,0.000000,0.000000,5.00e-05,0.4018
2653,stage3_interaction,0.383138,0.288726,0.188825,0.000000,0.000000,0.000000,0.000000,0.000000,5.00e-05,0.3840
2654,stage3_interaction,0.373509,0.280232,0.186553,0.000000,0.000000,0.000000,0.000000,0.000000,5.00e-05,0.4714
2655,stage3_interaction,0.385713,0.290242,0.190942,0.000000,0.000000,0.000000,0.000000,0.000000,5.00e-05,0.3965
2656,stage3_interaction,0.380110,0.285744,0.188733,0.000000,0.000000,0.000000,0.000000,0.000000,5.00e-05,0.6272
2657,stage3_interaction,0.399646,0.300673,0.197947,0.000000,0.000000,0.000000,0.000000,0.000000,5.00e-05,0.3730
2658,stage3_interaction,0.394804,0.296679,0.196249,0.000000,0.000000,0.000000,0.000000,0.000000,5.00e-05,0.3707
2659,stage3_interaction,0.391058,0.293299,0.195519,0.000000,0.000000,0.000000,0.000000,0.000000,5.00e-05,0.4010
2660,stage3_interaction,0.391428,0.293781,0.195294,0.000000,0.000000,0.000000,0.000000,0.000000,5.00e-05,0.4226
2661,stage3_interaction,0.386671,0.291897,0.189547,0.000000,0.000000,0.000000,0.000000,0.000000,5.00e-05,0.4095
2662,stage3_interaction,0.385339,0.288696,0.193288,0.000000,0.000000,0.000000,0.000000,0.000000,5.00e-05,0.3793
2663,stage3_interaction,0.375481,0.282410,0.186142,0.000000,0.000000,0.000000,0.000000,0.000000,5.00e-05,0.6231
2518,stage3_interaction,0.373402,0.279404,0.187997,0.000000,0.000000,0.000000,0.000000,0.000000,5.00e-05,0.4317
2519,stage3_interaction,0.378163,0.283661,0.189003,0.000000,0.000000,0.000000,0.000000,0.000000,5.00e-05,0.5723
2520,stage3_interaction,0.387018,0.290169,0.193697,0.000000,0.000000,0.000000,0.000000,0.000000,5.00e-05,0.3588
2521,stage3_interaction,0.370342,0.277634,0.185415,0.000000,0.000000,0.000000,0.000000,0.000000,5.00e-05,0.3909
2522,stage3_interaction,0.385797,0.288080,0.195435,0.000000,0.000000,0.000000,0.000000,0.000000,5.00e-05,0.3908
2523,stage3_interaction,0.386471,0.290962,0.191017,0.000000,0.000000,0.000000,0.000000,0.000000,5.00e-05,0.3579
2524,stage3_interaction,0.381898,0.286070,0.191656,0.000000,0.000000,0.000000,0.000000,0.000000,5.00e-05,0.5149
2525,stage3_interaction,0.385097,0.290308,0.189578,0.000000,0.000000,0.000000,0.000000,0.000000,5.00e-05,0.2849
2526,stage3_interaction,0.388123,0.293291,0.189663,0.000000,0.000000,0.000000,0.000000,0.000000,5.00e-05,0.4339
2527,stage3_interaction,0.385638,0.288445,0.194385,0.000000,0.000000,0.000000,0.000000,0.000000,5.00e-05,0.4093
2528,stage3_interaction,0.379258,0.285383,0.187750,0.000000,0.000000,0.000000,0.000000,0.000000,5.00e-05,0.3752
2529,stage3_interaction,0.388758,0.291694,0.194126,0.000000,0.000000,0.000000,0.000000,0.000000,5.00e-05,0.3423
2530,stage3_interaction,0.391796,0.293634,0.196325,0.000000,0.000000,0.000000,0.000000,0.000000,5.00e-05,0.4156
2531,stage3_interaction,0.383734,0.289778,0.187913,0.000000,0.000000,0.000000,0.000000,0.000000,5.00e-05,0.3540
2532,stage3_interaction,0.396821,0.298380,0.196882,0.000000,0.000000,0.000000,0.000000,0.000000,5.00e-05,0.4471
2533,stage3_interaction,0.389925,0.293234,0.193382,0.000000,0.000000,0.000000,0.000000,0.000000,5.00e-05,0.3856
2534,stage3_interaction,0.372051,0.279157,0.185788,0.000000,0.000000,0.000000,0.000000,0.000000,5.00e-05,0.4792
2535,stage3_interaction,0.378390,0.283963,0.188853,0.000000,0.000000,0.000000,0.000000,0.000000,5.00e-05,0.4315
2536,stage3_interaction,0.383215,0.288198,0.190033,0.000000,0.000000,0.000000,0.000000,0.000000,5.00e-05,0.4516
2537,stage3_interaction,0.383497,0.288951,0.189093,0.000000,0.000000,0.000000,0.000000,0.000000,5.00e-05,0.3490
2538,stage3_interaction,0.383925,0.288852,0.190145,0.000000,0.000000,0.000000,0.000000,0.000000,5.00e-05,0.4548
2539,stage3_interaction,0.380376,0.286448,0.187856,0.000000,0.000000,0.000000,0.000000,0.000000,5.00e-05,0.3805
2540,stage3_interaction,0.383347,0.289663,0.187369,0.000000,0.000000,0.000000,0.000000,0.000000,5.00e-05,0.3740
2541,stage3_interaction,0.379027,0.284753,0.188549,0.000000,0.000000,0.000000,0.000000,0.000000,5.00e-05,0.4180
2542,stage3_interaction,0.388931,0.294123,0.189616,0.000000,0.000000,0.000000,0.000000,0.000000,5.00e-05,0.4392
2543,stage3_interaction,0.376388,0.283459,0.185858,0.000000,0.000000,0.000000,0.000000,0.000000,5.00e-05,0.3653
2544,stage3_interaction,0.396347,0.298615,0.195464,0.000000,0.000000,0.000000,0.000000,0.000000,5.00e-05,0.3430
2545,stage3_interaction,0.387687,0.292168,0.191039,0.000000,0.000000,0.000000,0.000000,0.000000,5.00e-05,0.4316
2546,stage3_interaction,0.384761,0.287368,0.194785,0.000000,0.000000,0.000000,0.000000,0.000000,5.00e-05,0.3890
2547,stage3_interaction,0.377355,0.283527,0.187657,0.000000,0.000000,0.000000,0.000000,0.000000,5.00e-05,0.3527
2548,stage3_interaction,0.384726,0.289422,0.190609,0.000000,0.000000,0.000000,0.000000,0.000000,5.00e-05,0.3413
2549,stage3_interaction,0.388245,0.292541,0.191407,0.000000,0.000000,0.000000,0.000000,0.000000,5.00e-05,0.3917
2550,stage3_interaction,0.392958,0.295138,0.195639,0.000000,0.000000,0.000000,0.000000,0.000000,5.00e-05,0.4817
2551,stage3_interaction,0.377242,0.283454,0.187575,0.000000,0.000000,0.000000,0.000000,0.000000,5.00e-05,0.3730
2552,stage3_interaction,0.389805,0.292434,0.194743,0.000000,0.000000,0.000000,0.000000,0.000000,5.00e-05,0.3689
2553,stage3_interaction,0.380647,0.286748,0.187798,0.000000,0.000000,0.000000,0.000000,0.000000,5.00e-05,0.2978
2554,stage3_interaction,0.387605,0.290256,0.194698,0.000000,0.000000,0.000000,0.000000,0.000000,5.00e-05,0.3524
2555,stage3_interaction,0.390601,0.295036,0.191129,0.000000,0.000000,0.000000,0.000000,0.000000,5.00e-05,0.5233
2556,stage3_interaction,0.377414,0.284365,0.186097,0.000000,0.000000,0.000000,0.000000,0.000000,5.00e-05,0.4374
2557,stage3_interaction,0.386470,0.289704,0.193533,0.000000,0.000000,0.000000,0.000000,0.000000,5.00e-05,0.3368
2558,stage3_interaction,0.390748,0.294880,0.191735,0.000000,0.000000,0.000000,0.000000,0.000000,5.00e-05,0.3703
2559,stage3_interaction,0.380368,0.286495,0.187747,0.000000,0.000000,0.000000,0.000000,0.000000,5.00e-05,0.4000
2560,stage3_interaction,0.379268,0.285056,0.188423,0.000000,0.000000,0.000000,0.000000,0.000000,5.00e-05,0.4357
2561,stage3_interaction,0.398748,0.299825,0.197846,0.000000,0.000000,0.000000,0.000000,0.000000,5.00e-05,0.5023
2562,stage3_interaction,0.393938,0.297042,0.193791,0.000000,0.000000,0.000000,0.000000,0.000000,5.00e-05,0.3488
2563,stage3_interaction,0.383347,0.289477,0.187740,0.000000,0.000000,0.000000,0.000000,0.000000,5.00e-05,0.4029
2564,stage3_interaction,0.391378,0.292741,0.197274,0.000000,0.000000,0.000000,0.000000,0.000000,5.00e-05,0.4258
2565,stage3_interaction,0.385473,0.289734,0.191478,0.000000,0.000000,0.000000,0.000000,0.000000,5.00e-05,0.4630
2566,stage3_interaction,0.373536,0.278486,0.190100,0.000000,0.000000,0.000000,0.000000,0.000000,5.00e-05,0.3554
2567,stage3_interaction,0.379343,0.285255,0.188176,0.000000,0.000000,0.000000,0.000000,0.000000,5.00e-05,0.4110
2568,stage3_interaction,0.397107,0.298188,0.197837,0.000000,0.000000,0.000000,0.000000,0.000000,5.00e-05,0.5213
2569,stage3_interaction,0.388732,0.291641,0.194181,0.000000,0.000000,0.000000,0.000000,0.000000,5.00e-05,0.4188
2570,stage3_interaction,0.383122,0.289577,0.187091,0.000000,0.000000,0.000000,0.000000,0.000000,5.00e-05,0.5455
2571,stage3_interaction,0.376522,0.283103,0.186840,0.000000,0.000000,0.000000,0.000000,0.000000,5.00e-05,0.3396
2572,stage3_interaction,0.397383,0.298740,0.197286,0.000000,0.000000,0.000000,0.000000,0.000000,5.00e-05,0.4012
2573,stage3_interaction,0.378825,0.285985,0.185680,0.000000,0.000000,0.000000,0.000000,0.000000,5.00e-05,0.3972
2574,stage3_interaction,0.384530,0.289409,0.190241,0.000000,0.000000,0.000000,0.000000,0.000000,5.00e-05,0.4280
2575,stage3_interaction,0.382971,0.288517,0.188909,0.000000,0.000000,0.000000,0.000000,0.000000,5.00e-05,0.4296
2576,stage3_interaction,0.375465,0.282930,0.185070,0.000000,0.000000,0.000000,0.000000,0.000000,5.00e-05,0.3347
2577,stage3_interaction,0.382828,0.287404,0.190848,0.000000,0.000000,0.000000,0.000000,0.000000,5.00e-05,0.3420
2578,stage3_interaction,0.387420,0.291001,0.192838,0.000000,0.000000,0.000000,0.000000,0.000000,5.00e-05,0.3639
2579,stage3_interaction,0.378763,0.283527,0.190473,0.000000,0.000000,0.000000,0.000000,0.000000,5.00e-05,0.3892
2580,stage3_interaction,0.388068,0.290562,0.195013,0.000000,0.000000,0.000000,0.000000,0.000000,5.00e-05,0.4337
2581,stage3_interaction,0.379026,0.283407,0.191238,0.000000,0.000000,0.000000,0.000000,0.000000,5.00e-05,0.3796
2582,stage3_interaction,0.379924,0.284852,0.190143,0.000000,0.000000,0.000000,0.000000,0.000000,5.00e-05,0.4129
2583,stage3_interaction,0.372156,0.280355,0.183602,0.000000,0.000000,0.000000,0.000000,0.000000,5.00e-05,0.4878
2584,stage3_interaction,0.393801,0.294859,0.197883,0.000000,0.000000,0.000000,0.000000,0.000000,5.00e-05,0.3608
2585,stage3_interaction,0.379204,0.283479,0.191449,0.000000,0.000000,0.000000,0.000000,0.000000,5.00e-05,0.3422
2586,stage3_interaction,0.394764,0.297693,0.194142,0.000000,0.000000,0.000000,0.000000,0.000000,5.00e-05,0.4171
2587,stage3_interaction,0.374694,0.280987,0.187413,0.000000,0.000000,0.000000,0.000000,0.000000,5.00e-05,1.5421
2588,stage3_interaction,0.381364,0.287142,0.188444,0.000000,0.000000,0.000000,0.000000,0.000000,5.00e-05,0.5212
2589,stage3_interaction,0.372769,0.280492,0.184553,0.000000,0.000000,0.000000,0.000000,0.000000,5.00e-05,0.3570
2590,stage3_interaction,0.386558,0.291949,0.189218,0.000000,0.000000,0.000000,0.000000,0.000000,5.00e-05,0.3135
2664,stage3_interaction,0.377558,0.283021,0.189075,0.000000,0.000000,0.000000,0.000000,0.000000,5.00e-05,0.3783
2665,stage3_interaction,0.392772,0.296055,0.193434,0.000000,0.000000,0.000000,0.000000,0.000000,5.00e-05,0.3696
2666,stage3_interaction,0.388198,0.291127,0.194142,0.000000,0.000000,0.000000,0.000000,0.000000,5.00e-05,0.4043
2667,stage3_interaction,0.392608,0.294349,0.196518,0.000000,0.000000,0.000000,0.000000,0.000000,5.00e-05,0.3043
2668,stage3_interaction,0.377358,0.283509,0.187697,0.000000,0.000000,0.000000,0.000000,0.000000,5.00e-05,0.5670
2669,stage3_interaction,0.372731,0.280105,0.185250,0.000000,0.000000,0.000000,0.000000,0.000000,5.00e-05,0.5779
2670,stage3_interaction,0.386578,0.290286,0.192586,0.000000,0.000000,0.000000,0.000000,0.000000,5.00e-05,0.4124
2671,stage3_interaction,0.388183,0.292094,0.192179,0.000000,0.000000,0.000000,0.000000,0.000000,5.00e-05,0.4233
2672,stage3_interaction,0.386138,0.290181,0.191915,0.000000,0.000000,0.000000,0.000000,0.000000,5.00e-05,0.4079
2673,stage3_interaction,0.389989,0.292902,0.194174,0.000000,0.000000,0.000000,0.000000,0.000000,5.00e-05,0.3851
2674,stage3_interaction,0.366292,0.274436,0.183712,0.000000,0.000000,0.000000,0.000000,0.000000,5.00e-05,0.3561
2675,stage3_interaction,0.385596,0.289426,0.192339,0.000000,0.000000,0.000000,0.000000,0.000000,5.00e-05,0.4433
2676,stage3_interaction,0.375054,0.281801,0.186506,0.000000,0.000000,0.000000,0.000000,0.000000,5.00e-05,0.4432
2677,stage3_interaction,0.374279,0.282231,0.184096,0.000000,0.000000,0.000000,0.000000,0.000000,5.00e-05,0.4795
2678,stage3_interaction,0.388044,0.292674,0.190739,0.000000,0.000000,0.000000,0.000000,0.000000,5.00e-05,0.3945
2679,stage3_interaction,0.369565,0.276385,0.186360,0.000000,0.000000,0.000000,0.000000,0.000000,5.00e-05,0.3719
2680,stage3_interaction,0.378895,0.284035,0.189721,0.000000,0.000000,0.000000,0.000000,0.000000,5.00e-05,0.3745
2681,stage3_interaction,0.371674,0.279463,0.184421,0.000000,0.000000,0.000000,0.000000,0.000000,5.00e-05,0.5623
2682,stage3_interaction,0.376211,0.282532,0.187358,0.000000,0.000000,0.000000,0.000000,0.000000,5.00e-05,0.3735
2683,stage3_interaction,0.387112,0.292199,0.189825,0.000000,0.000000,0.000000,0.000000,0.000000,5.00e-05,0.6236
2684,stage3_interaction,0.381274,0.287196,0.188157,0.000000,0.000000,0.000000,0.000000,0.000000,5.00e-05,0.3724
2685,stage3_interaction,0.376626,0.283122,0.187007,0.000000,0.000000,0.000000,0.000000,0.000000,5.00e-05,0.3695
2686,stage3_interaction,0.391191,0.293763,0.194857,0.000000,0.000000,0.000000,0.000000,0.000000,5.00e-05,0.6605
2687,stage3_interaction,0.381629,0.287044,0.189170,0.000000,0.000000,0.000000,0.000000,0.000000,5.00e-05,0.3517
2688,stage3_interaction,0.379322,0.284335,0.189975,0.000000,0.000000,0.000000,0.000000,0.000000,5.00e-05,0.3048
2689,stage3_interaction,0.400425,0.301200,0.198450,0.000000,0.000000,0.000000,0.000000,0.000000,5.00e-05,0.3421
2690,stage3_interaction,0.381389,0.286552,0.189675,0.000000,0.000000,0.000000,0.000000,0.000000,5.00e-05,0.3213
2691,stage3_interaction,0.387125,0.290677,0.192897,0.000000,0.000000,0.000000,0.000000,0.000000,5.00e-05,0.3919
2692,stage3_interaction,0.385183,0.291030,0.188307,0.000000,0.000000,0.000000,0.000000,0.000000,5.00e-05,0.3250
2693,stage3_interaction,0.375254,0.282745,0.185020,0.000000,0.000000,0.000000,0.000000,0.000000,5.00e-05,0.3649
2694,stage3_interaction,0.381046,0.286782,0.188528,0.000000,0.000000,0.000000,0.000000,0.000000,5.00e-05,0.3660
2695,stage3_interaction,0.381866,0.287352,0.189028,0.000000,0.000000,0.000000,0.000000,0.000000,5.00e-05,0.3018
2696,stage3_interaction,0.389553,0.294166,0.190775,0.000000,0.000000,0.000000,0.000000,0.000000,5.00e-05,0.3513
2697,stage3_interaction,0.380075,0.284758,0.190634,0.000000,0.000000,0.000000,0.000000,0.000000,5.00e-05,0.3968
2698,stage3_interaction,0.392173,0.296671,0.191005,0.000000,0.000000,0.000000,0.000000,0.000000,5.00e-05,0.4566
2699,stage3_interaction,0.389008,0.293396,0.191224,0.000000,0.000000,0.000000,0.000000,0.000000,5.00e-05,0.5324
2700,stage3_interaction,0.382581,0.288459,0.188245,0.000000,0.000000,0.000000,0.000000,0.000000,5.00e-05,0.4029
2701,stage3_interaction,0.399377,0.300531,0.197691,0.000000,0.000000,0.000000,0.000000,0.000000,5.00e-05,0.4488
2702,stage3_interaction,0.380511,0.286280,0.188463,0.000000,0.000000,0.000000,0.000000,0.000000,5.00e-05,0.3232
2703,stage3_interaction,0.389095,0.292208,0.193775,0.000000,0.000000,0.000000,0.000000,0.000000,5.00e-05,0.3585
2704,stage3_interaction,0.376964,0.283974,0.185980,0.000000,0.000000,0.000000,0.000000,0.000000,5.00e-05,0.3896
2705,stage3_interaction,0.382466,0.288714,0.187505,0.000000,0.000000,0.000000,0.000000,0.000000,5.00e-05,0.5879
2706,stage3_interaction,0.394303,0.296860,0.194886,0.000000,0.000000,0.000000,0.000000,0.000000,5.00e-05,0.4164
2707,stage3_interaction,0.383768,0.288649,0.190238,0.000000,0.000000,0.000000,0.000000,0.000000,5.00e-05,0.3787
2708,stage3_interaction,0.384517,0.287290,0.194454,0.000000,0.000000,0.000000,0.000000,0.000000,5.00e-05,0.7069
2709,stage3_interaction,0.388764,0.290719,0.196090,0.000000,0.000000,0.000000,0.000000,0.000000,5.00e-05,0.3748
2710,stage3_interaction,0.388093,0.290096,0.195993,0.000000,0.000000,0.000000,0.000000,0.000000,5.00e-05,0.3722
2711,stage3_interaction,0.383738,0.289859,0.187757,0.000000,0.000000,0.000000,0.000000,0.000000,5.00e-05,0.4656
2712,stage3_interaction,0.386165,0.292127,0.188074,0.000000,0.000000,0.000000,0.000000,0.000000,5.00e-05,0.3868
2713,stage3_interaction,0.386838,0.291720,0.190237,0.000000,0.000000,0.000000,0.000000,0.000000,5.00e-05,0.4149
2714,stage3_interaction,0.381752,0.286464,0.190576,0.000000,0.000000,0.000000,0.000000,0.000000,5.00e-05,0.5608
2715,stage3_interaction,0.389475,0.292728,0.193495,0.000000,0.000000,0.000000,0.000000,0.000000,5.00e-05,0.3700
2716,stage3_interaction,0.371694,0.278067,0.187254,0.000000,0.000000,0.000000,0.000000,0.000000,5.00e-05,0.5456
2717,stage3_interaction,0.385637,0.291277,0.188720,0.000000,0.000000,0.000000,0.000000,0.000000,5.00e-05,0.5206
2718,stage3_interaction,0.387608,0.290310,0.194596,0.000000,0.000000,0.000000,0.000000,0.000000,5.00e-05,0.3424
2719,stage3_interaction,0.380978,0.287124,0.187708,0.000000,0.000000,0.000000,0.000000,0.000000,5.00e-05,0.3903
2720,stage3_interaction,0.400437,0.301694,0.197487,0.000000,0.000000,0.000000,0.000000,0.000000,5.00e-05,0.3781
2721,stage3_interaction,0.382248,0.287274,0.189947,0.000000,0.000000,0.000000,0.000000,0.000000,5.00e-05,0.3952
2722,stage3_interaction,0.383745,0.289622,0.188245,0.000000,0.000000,0.000000,0.000000,0.000000,5.00e-05,0.4630
2723,stage3_interaction,0.391134,0.294351,0.193566,0.000000,0.000000,0.000000,0.000000,0.000000,5.00e-05,0.3799
2724,stage3_interaction,0.378799,0.284161,0.189276,0.000000,0.000000,0.000000,0.000000,0.000000,5.00e-05,0.3605
2725,stage3_interaction,0.390804,0.293681,0.194245,0.000000,0.000000,0.000000,0.000000,0.000000,5.00e-05,0.3710
2726,stage3_interaction,0.387450,0.292163,0.190574,0.000000,0.000000,0.000000,0.000000,0.000000,5.00e-05,0.3547
2727,stage3_interaction,0.391873,0.293786,0.196174,0.000000,0.000000,0.000000,0.000000,0.000000,5.00e-05,0.3665
2728,stage3_interaction,0.394589,0.296937,0.195303,0.000000,0.000000,0.000000,0.000000,0.000000,5.00e-05,0.4638
2729,stage3_interaction,0.378904,0.283540,0.190728,0.000000,0.000000,0.000000,0.000000,0.000000,5.00e-05,0.3720
2730,stage3_interaction,0.380020,0.286108,0.187823,0.000000,0.000000,0.000000,0.000000,0.000000,5.00e-05,0.5306
2731,stage3_interaction,0.387761,0.293055,0.189412,0.000000,0.000000,0.000000,0.000000,0.000000,5.00e-05,0.4417
2732,stage3_interaction,0.379682,0.286236,0.186891,0.000000,0.000000,0.000000,0.000000,0.000000,5.00e-05,0.3843
2733,stage3_interaction,0.379920,0.285489,0.188863,0.000000,0.000000,0.000000,0.000000,0.000000,5.00e-05,0.3688
2734,stage3_interaction,0.389218,0.292917,0.192602,0.000000,0.000000,0.000000,0.000000,0.000000,5.00e-05,0.3823
2735,stage3_interaction,0.380737,0.286833,0.187809,0.000000,0.000000,0.000000,0.000000,0.000000,5.00e-05,0.3152
2736,stage3_interaction,0.394947,0.295570,0.198753,0.000000,0.000000,0.000000,0.000000,0.000000,5.00e-05,0.3685
2734,stage3_interaction,0.377717,0.284731,0.185973,0.000000,0.000000,0.000000,0.000000,0.000000,5.00e-05,1.0303
2735,stage3_interaction,0.380289,0.284123,0.192333,0.000000,0.000000,0.000000,0.000000,0.000000,5.00e-05,0.9050
2736,stage3_interaction,0.383267,0.287887,0.190761,0.000000,0.000000,0.000000,0.000000,0.000000,5.00e-05,0.7528
2737,stage3_interaction,0.377092,0.283945,0.186294,0.000000,0.000000,0.000000,0.000000,0.000000,5.00e-05,0.7468
2738,stage3_interaction,0.372556,0.280563,0.183986,0.000000,0.000000,0.000000,0.000000,0.000000,5.00e-05,0.7960
2739,stage3_interaction,0.397361,0.299100,0.196521,0.000000,0.000000,0.000000,0.000000,0.000000,5.00e-05,0.7028
2740,stage3_interaction,0.390070,0.292787,0.194567,0.000000,0.000000,0.000000,0.000000,0.000000,5.00e-05,0.5830
2741,stage3_interaction,0.389483,0.291879,0.195208,0.000000,0.000000,0.000000,0.000000,0.000000,5.00e-05,0.6858
2742,stage3_interaction,0.395273,0.298229,0.194089,0.000000,0.000000,0.000000,0.000000,0.000000,5.00e-05,0.5111
2743,stage3_interaction,0.383570,0.289692,0.187757,0.000000,0.000000,0.000000,0.000000,0.000000,5.00e-05,0.5939
2744,stage3_interaction,0.377749,0.284343,0.186811,0.000000,0.000000,0.000000,0.000000,0.000000,5.00e-05,0.5911
2745,stage3_interaction,0.395466,0.297654,0.195625,0.000000,0.000000,0.000000,0.000000,0.000000,5.00e-05,0.6446
2746,stage3_interaction,0.386292,0.290539,0.191505,0.000000,0.000000,0.000000,0.000000,0.000000,5.00e-05,0.5535
2747,stage3_interaction,0.392983,0.294693,0.196580,0.000000,0.000000,0.000000,0.000000,0.000000,5.00e-05,0.4905
2748,stage3_interaction,0.381126,0.285408,0.191437,0.000000,0.000000,0.000000,0.000000,0.000000,5.00e-05,0.3811
2749,stage3_interaction,0.403476,0.303503,0.199947,0.000000,0.000000,0.000000,0.000000,0.000000,5.00e-05,0.4396
2750,stage3_interaction,0.384841,0.288715,0.192254,0.000000,0.000000,0.000000,0.000000,0.000000,5.00e-05,0.5078
2751,stage3_interaction,0.390398,0.293159,0.194476,0.000000,0.000000,0.000000,0.000000,0.000000,5.00e-05,0.5551
2752,stage3_interaction,0.382788,0.288302,0.188972,0.000000,0.000000,0.000000,0.000000,0.000000,5.00e-05,0.4409
2753,stage3_interaction,0.378705,0.285042,0.187326,0.000000,0.000000,0.000000,0.000000,0.000000,5.00e-05,0.4877
2754,stage3_interaction,0.388760,0.291002,0.195517,0.000000,0.000000,0.000000,0.000000,0.000000,5.00e-05,0.4219
2755,stage3_interaction,0.392162,0.294946,0.194430,0.000000,0.000000,0.000000,0.000000,0.000000,5.00e-05,0.5742
2756,stage3_interaction,0.382425,0.288288,0.188274,0.000000,0.000000,0.000000,0.000000,0.000000,5.00e-05,0.4478
2757,stage3_interaction,0.377320,0.283647,0.187346,0.000000,0.000000,0.000000,0.000000,0.000000,5.00e-05,0.4437
2758,stage3_interaction,0.388910,0.291711,0.194399,0.000000,0.000000,0.000000,0.000000,0.000000,5.00e-05,0.4337
2759,stage3_interaction,0.382918,0.287641,0.190554,0.000000,0.000000,0.000000,0.000000,0.000000,5.00e-05,0.3801
2760,stage3_interaction,0.385522,0.289689,0.191666,0.000000,0.000000,0.000000,0.000000,0.000000,5.00e-05,0.4787
2761,stage3_interaction,0.386509,0.290859,0.191301,0.000000,0.000000,0.000000,0.000000,0.000000,5.00e-05,2.3564
2762,stage3_interaction,0.396852,0.298370,0.196964,0.000000,0.000000,0.000000,0.000000,0.000000,5.00e-05,0.4320
2763,stage3_interaction,0.384780,0.288571,0.192416,0.000000,0.000000,0.000000,0.000000,0.000000,5.00e-05,0.4710
2764,stage3_interaction,0.383286,0.288237,0.190098,0.000000,0.000000,0.000000,0.000000,0.000000,5.00e-05,0.3879
2765,stage3_interaction,0.386681,0.290965,0.191433,0.000000,0.000000,0.000000,0.000000,0.000000,5.00e-05,0.4780
2766,stage3_interaction,0.371999,0.278819,0.186361,0.000000,0.000000,0.000000,0.000000,0.000000,5.00e-05,0.4040
2767,stage3_interaction,0.377065,0.284812,0.184506,0.000000,0.000000,0.000000,0.000000,0.000000,5.00e-05,0.4029
2768,stage3_interaction,0.394492,0.296704,0.195577,0.000000,0.000000,0.000000,0.000000,0.000000,5.00e-05,0.4298
2769,stage3_interaction,0.391494,0.294550,0.193888,0.000000,0.000000,0.000000,0.000000,0.000000,5.00e-05,0.4387
2770,stage3_interaction,0.370639,0.276913,0.187452,0.000000,0.000000,0.000000,0.000000,0.000000,5.00e-05,0.3640
2771,stage3_interaction,0.385751,0.291410,0.188680,0.000000,0.000000,0.000000,0.000000,0.000000,5.00e-05,0.4174
2772,stage3_interaction,0.387286,0.291828,0.190915,0.000000,0.000000,0.000000,0.000000,0.000000,5.00e-05,0.3425
2773,stage3_interaction,0.397470,0.299834,0.195271,0.000000,0.000000,0.000000,0.000000,0.000000,5.00e-05,0.4666
2774,stage3_interaction,0.374760,0.281279,0.186962,0.000000,0.000000,0.000000,0.000000,0.000000,5.00e-05,0.4037
2775,stage3_interaction,0.382503,0.287434,0.190139,0.000000,0.000000,0.000000,0.000000,0.000000,5.00e-05,0.3667
2776,stage3_interaction,0.372209,0.279999,0.184419,0.000000,0.000000,0.000000,0.000000,0.000000,5.00e-05,0.5090
2777,stage3_interaction,0.381993,0.286218,0.191551,0.000000,0.000000,0.000000,0.000000,0.000000,5.00e-05,0.4178
2778,stage3_interaction,0.379561,0.286201,0.186719,0.000000,0.000000,0.000000,0.000000,0.000000,5.00e-05,0.3213
2779,stage3_interaction,0.384119,0.288132,0.191974,0.000000,0.000000,0.000000,0.000000,0.000000,5.00e-05,0.3979
2780,stage3_interaction,0.379474,0.286147,0.186653,0.000000,0.000000,0.000000,0.000000,0.000000,5.00e-05,0.4132
2781,stage3_interaction,0.378016,0.283488,0.189055,0.000000,0.000000,0.000000,0.000000,0.000000,5.00e-05,0.4834
2782,stage3_interaction,0.384113,0.289171,0.189885,0.000000,0.000000,0.000000,0.000000,0.000000,5.00e-05,0.3233
2783,stage3_interaction,0.376285,0.282809,0.186950,0.000000,0.000000,0.000000,0.000000,0.000000,5.00e-05,0.5157
2784,stage3_interaction,0.374095,0.280224,0.187743,0.000000,0.000000,0.000000,0.000000,0.000000,5.00e-05,0.3640
2785,stage3_interaction,0.388420,0.293188,0.190464,0.000000,0.000000,0.000000,0.000000,0.000000,5.00e-05,0.3427
2786,stage3_interaction,0.380006,0.285331,0.189350,0.000000,0.000000,0.000000,0.000000,0.000000,5.00e-05,0.4293
2787,stage3_interaction,0.373813,0.281151,0.185323,0.000000,0.000000,0.000000,0.000000,0.000000,5.00e-05,0.3654
2788,stage3_interaction,0.384188,0.288093,0.192191,0.000000,0.000000,0.000000,0.000000,0.000000,5.00e-05,0.4118
2789,stage3_interaction,0.397148,0.298826,0.196644,0.000000,0.000000,0.000000,0.000000,0.000000,5.00e-05,0.4030
2790,stage3_interaction,0.377261,0.283139,0.188243,0.000000,0.000000,0.000000,0.000000,0.000000,5.00e-05,0.4441
2791,stage3_interaction,0.379466,0.284421,0.190091,0.000000,0.000000,0.000000,0.000000,0.000000,5.00e-05,0.4026
2792,stage3_interaction,0.382679,0.287379,0.190600,0.000000,0.000000,0.000000,0.000000,0.000000,5.00e-05,0.4928
2793,stage3_interaction,0.390154,0.294560,0.191188,0.000000,0.000000,0.000000,0.000000,0.000000,5.00e-05,0.4241
2794,stage3_interaction,0.386780,0.290855,0.191850,0.000000,0.000000,0.000000,0.000000,0.000000,5.00e-05,0.4221
2795,stage3_interaction,0.365101,0.273683,0.182837,0.000000,0.000000,0.000000,0.000000,0.000000,5.00e-05,0.4389
2796,stage3_interaction,0.380973,0.286083,0.189778,0.000000,0.000000,0.000000,0.000000,0.000000,5.00e-05,0.3496
2797,stage3_interaction,0.371011,0.278788,0.184448,0.000000,0.000000,0.000000,0.000000,0.000000,5.00e-05,0.4201
2798,stage3_interaction,0.387170,0.291948,0.190444,0.000000,0.000000,0.000000,0.000000,0.000000,5.00e-05,0.4618
2799,stage3_interaction,0.395819,0.297107,0.197425,0.000000,0.000000,0.000000,0.000000,0.000000,5.00e-05,0.3912
2800,stage3_interaction,0.379360,0.285846,0.187028,0.000000,0.000000,0.000000,0.000000,0.000000,5.00e-05,0.3207
2801,stage3_interaction,0.383139,0.287642,0.190995,0.000000,0.000000,0.000000,0.000000,0.000000,5.00e-05,0.5136
2802,stage3_interaction,0.384207,0.288573,0.191268,0.000000,0.000000,0.000000,0.000000,0.000000,5.00e-05,0.3703
2803,stage3_interaction,0.384413,0.289182,0.190462,0.000000,0.000000,0.000000,0.000000,0.000000,5.00e-05,0.4809
2804,stage3_interaction,0.362985,0.272478,0.181012,0.000000,0.000000,0.000000,0.000000,0.000000,5.00e-05,0.4276
2805,stage3_interaction,0.391491,0.294912,0.193159,0.000000,0.000000,0.000000,0.000000,0.000000,5.00e-05,0.5072
2806,stage3_interaction,0.378458,0.284796,0.187324,0.000000,0.000000,0.000000,0.000000,0.000000,5.00e-05,0.4120
2807,stage3_interaction,0.391142,0.293936,0.194411,0.000000,0.000000,0.000000,0.000000,0.000000,5.00e-05,0.3519
2808,stage3_interaction,0.384511,0.288942,0.191139,0.000000,0.000000,0.000000,0.000000,0.000000,5.00e-05,0.3994
2809,stage3_interaction,0.393951,0.295698,0.196507,0.000000,0.000000,0.000000,0.000000,0.000000,5.00e-05,0.3672
2810,stage3_interaction,0.380113,0.287047,0.186131,0.000000,0.000000,0.000000,0.000000,0.000000,5.00e-05,0.4549
2811,stage3_interaction,0.379188,0.286208,0.185961,0.000000,0.000000,0.000000,0.000000,0.000000,5.00e-05,0.3774
2812,stage3_interaction,0.382432,0.287680,0.189504,0.000000,0.000000,0.000000,0.000000,0.000000,5.00e-05,0.4810
2813,stage3_interaction,0.388132,0.290591,0.195084,0.000000,0.000000,0.000000,0.000000,0.000000,5.00e-05,0.3821
2814,stage3_interaction,0.373390,0.281191,0.184398,0.000000,0.000000,0.000000,0.000000,0.000000,5.00e-05,0.3517
2815,stage3_interaction,0.378897,0.286123,0.185548,0.000000,0.000000,0.000000,0.000000,0.000000,5.00e-05,0.4220
2816,stage3_interaction,0.378472,0.284418,0.188109,0.000000,0.000000,0.000000,0.000000,0.000000,5.00e-05,0.4327
2817,stage3_interaction,0.389025,0.291440,0.195169,0.000000,0.000000,0.000000,0.000000,0.000000,5.00e-05,0.4258
2818,stage3_interaction,0.395220,0.297879,0.194682,0.000000,0.000000,0.000000,0.000000,0.000000,5.00e-05,0.5554
2819,stage3_interaction,0.377042,0.283175,0.187736,0.000000,0.000000,0.000000,0.000000,0.000000,5.00e-05,0.4098
2820,stage3_interaction,0.389271,0.292365,0.193811,0.000000,0.000000,0.000000,0.000000,0.000000,5.00e-05,0.4723
2821,stage3_interaction,0.382609,0.289448,0.186322,0.000000,0.000000,0.000000,0.000000,0.000000,5.00e-05,0.4676
2822,stage3_interaction,0.386931,0.291202,0.191459,0.000000,0.000000,0.000000,0.000000,0.000000,5.00e-05,0.4415
2823,stage3_interaction,0.379434,0.285468,0.187933,0.000000,0.000000,0.000000,0.000000,0.000000,5.00e-05,0.3922
2824,stage3_interaction,0.378372,0.283879,0.188987,0.000000,0.000000,0.000000,0.000000,0.000000,5.00e-05,0.4504
2825,stage3_interaction,0.381731,0.288312,0.186838,0.000000,0.000000,0.000000,0.000000,0.000000,5.00e-05,0.5018
2826,stage3_interaction,0.398327,0.300766,0.195124,0.000000,0.000000,0.000000,0.000000,0.000000,5.00e-05,0.5101
2827,stage3_interaction,0.374786,0.281795,0.185982,0.000000,0.000000,0.000000,0.000000,0.000000,5.00e-05,0.4532
2828,stage3_interaction,0.386667,0.291621,0.190092,0.000000,0.000000,0.000000,0.000000,0.000000,5.00e-05,0.4802
2829,stage3_interaction,0.384282,0.287940,0.192684,0.000000,0.000000,0.000000,0.000000,0.000000,5.00e-05,0.4226
2830,stage3_interaction,0.387606,0.290718,0.193776,0.000000,0.000000,0.000000,0.000000,0.000000,5.00e-05,0.3769
2831,stage3_interaction,0.376763,0.283593,0.186338,0.000000,0.000000,0.000000,0.000000,0.000000,5.00e-05,0.3389
2832,stage3_interaction,0.380984,0.286369,0.189230,0.000000,0.000000,0.000000,0.000000,0.000000,5.00e-05,0.3461
2833,stage3_interaction,0.384189,0.289825,0.188728,0.000000,0.000000,0.000000,0.000000,0.000000,5.00e-05,0.4427
2834,stage3_interaction,0.375446,0.283473,0.183947,0.000000,0.000000,0.000000,0.000000,0.000000,5.00e-05,0.3700
2835,stage3_interaction,0.380893,0.285588,0.190610,0.000000,0.000000,0.000000,0.000000,0.000000,5.00e-05,0.4040
2836,stage3_interaction,0.393157,0.295537,0.195240,0.000000,0.000000,0.000000,0.000000,0.000000,5.00e-05,0.4535
2837,stage3_interaction,0.390983,0.294673,0.192621,0.000000,0.000000,0.000000,0.000000,0.000000,5.00e-05,0.3925
2838,stage3_interaction,0.374641,0.281506,0.186271,0.000000,0.000000,0.000000,0.000000,0.000000,5.00e-05,0.4538
2839,stage3_interaction,0.378138,0.284236,0.187805,0.000000,0.000000,0.000000,0.000000,0.000000,5.00e-05,0.3802
2840,stage3_interaction,0.374473,0.281817,0.185313,0.000000,0.000000,0.000000,0.000000,0.000000,5.00e-05,0.4761
2841,stage3_interaction,0.372485,0.280615,0.183740,0.000000,0.000000,0.000000,0.000000,0.000000,5.00e-05,0.3613
2842,stage3_interaction,0.384527,0.288004,0.193046,0.000000,0.000000,0.000000,0.000000,0.000000,5.00e-05,0.5406
2843,stage3_interaction,0.397391,0.299694,0.195394,0.000000,0.000000,0.000000,0.000000,0.000000,5.00e-05,0.4358
2844,stage3_interaction,0.379650,0.283537,0.192227,0.000000,0.000000,0.000000,0.000000,0.000000,5.00e-05,0.3230
2845,stage3_interaction,0.373002,0.280901,0.184202,0.000000,0.000000,0.000000,0.000000,0.000000,5.00e-05,0.3915
2846,stage3_interaction,0.389222,0.291151,0.196142,0.000000,0.000000,0.000000,0.000000,0.000000,5.00e-05,0.4354
2847,stage3_interaction,0.382884,0.286889,0.191989,0.000000,0.000000,0.000000,0.000000,0.000000,5.00e-05,0.4784
2848,stage3_interaction,0.377044,0.282989,0.188110,0.000000,0.000000,0.000000,0.000000,0.000000,5.00e-05,0.4213
2849,stage3_interaction,0.381523,0.285336,0.192374,0.000000,0.000000,0.000000,0.000000,0.000000,5.00e-05,0.5375
2850,stage3_interaction,0.376255,0.283727,0.185057,0.000000,0.000000,0.000000,0.000000,0.000000,5.00e-05,0.4912
2851,stage3_interaction,0.390762,0.294217,0.193090,0.000000,0.000000,0.000000,0.000000,0.000000,5.00e-05,0.3283
2852,stage3_interaction,0.381572,0.285994,0.191155,0.000000,0.000000,0.000000,0.000000,0.000000,5.00e-05,0.4557
2853,stage3_interaction,0.381326,0.287874,0.186903,0.000000,0.000000,0.000000,0.000000,0.000000,5.00e-05,0.3620
2854,stage3_interaction,0.378515,0.284893,0.187244,0.000000,0.000000,0.000000,0.000000,0.000000,5.00e-05,0.4561
2855,stage3_interaction,0.385223,0.288610,0.193226,0.000000,0.000000,0.000000,0.000000,0.000000,5.00e-05,0.3479
2856,stage3_interaction,0.392223,0.293543,0.197361,0.000000,0.000000,0.000000,0.000000,0.000000,5.00e-05,0.4921
2857,stage3_interaction,0.391922,0.295476,0.192892,0.000000,0.000000,0.000000,0.000000,0.000000,5.00e-05,0.4884
2858,stage3_interaction,0.376060,0.281968,0.188184,0.000000,0.000000,0.000000,0.000000,0.000000,5.00e-05,0.4399
2859,stage3_interaction,0.391686,0.294006,0.195360,0.000000,0.000000,0.000000,0.000000,0.000000,5.00e-05,0.6976
2860,stage3_interaction,0.381560,0.287238,0.188646,0.000000,0.000000,0.000000,0.000000,0.000000,5.00e-05,0.6262
2861,stage3_interaction,0.385398,0.290861,0.189075,0.000000,0.000000,0.000000,0.000000,0.000000,5.00e-05,0.4897
2862,stage3_interaction,0.371850,0.279858,0.183984,0.000000,0.000000,0.000000,0.000000,0.000000,5.00e-05,0.3266
2863,stage3_interaction,0.378936,0.285516,0.186840,0.000000,0.000000,0.000000,0.000000,0.000000,5.00e-05,0.4403
2864,stage3_interaction,0.377950,0.283324,0.189253,0.000000,0.000000,0.000000,0.000000,0.000000,5.00e-05,0.5649
2865,stage3_interaction,0.396758,0.297107,0.199303,0.000000,0.000000,0.000000,0.000000,0.000000,5.00e-05,0.5939
2866,stage3_interaction,0.377833,0.284627,0.186411,0.000000,0.000000,0.000000,0.000000,0.000000,5.00e-05,0.3725
2867,stage3_interaction,0.375430,0.281617,0.187626,0.000000,0.000000,0.000000,0.000000,0.000000,5.00e-05,0.3795
2868,stage3_interaction,0.380381,0.285916,0.188931,0.000000,0.000000,0.000000,0.000000,0.000000,5.00e-05,0.4142
2869,stage3_interaction,0.388178,0.292244,0.191867,0.000000,0.000000,0.000000,0.000000,0.000000,5.00e-05,0.4101
2870,stage3_interaction,0.388477,0.290097,0.196759,0.000000,0.000000,0.000000,0.000000,0.000000,5.00e-05,0.3635
2871,stage3_interaction,0.372502,0.278178,0.188648,0.000000,0.000000,0.000000,0.000000,0.000000,5.00e-05,0.3978
2872,stage3_interaction,0.386089,0.290262,0.191653,0.000000,0.000000,0.000000,0.000000,0.000000,5.00e-05,0.3496
2873,stage3_interaction,0.387152,0.289555,0.195195,0.000000,0.000000,0.000000,0.000000,0.000000,5.00e-05,0.3816
2874,stage3_interaction,0.389819,0.292598,0.194441,0.000000,0.000000,0.000000,0.000000,0.000000,5.00e-05,0.4497
2875,stage3_interaction,0.387660,0.291744,0.191831,0.000000,0.000000,0.000000,0.000000,0.000000,5.00e-05,0.3524
2876,stage3_interaction,0.377291,0.283084,0.188414,0.000000,0.000000,0.000000,0.000000,0.000000,5.00e-05,0.3928
2877,stage3_interaction,0.390515,0.293343,0.194345,0.000000,0.000000,0.000000,0.000000,0.000000,5.00e-05,0.3001
2878,stage3_interaction,0.374092,0.280953,0.186278,0.000000,0.000000,0.000000,0.000000,0.000000,5.00e-05,0.3910
2879,stage3_interaction,0.388903,0.292258,0.193288,0.000000,0.000000,0.000000,0.000000,0.000000,5.00e-05,0.3704
2880,stage3_interaction,0.377025,0.283589,0.186871,0.000000,0.000000,0.000000,0.000000,0.000000,5.00e-05,0.4203
2881,stage3_interaction,0.383747,0.288939,0.189616,0.000000,0.000000,0.000000,0.000000,0.000000,5.00e-05,0.4109
2882,stage3_interaction,0.388943,0.291683,0.194520,0.000000,0.000000,0.000000,0.000000,0.000000,5.00e-05,0.3625
2883,stage3_interaction,0.376080,0.281537,0.189085,0.000000,0.000000,0.000000,0.000000,0.000000,5.00e-05,0.4011
2884,stage3_interaction,0.380831,0.284598,0.192464,0.000000,0.000000,0.000000,0.000000,0.000000,5.00e-05,0.3433
2885,stage3_interaction,0.384628,0.289578,0.190099,0.000000,0.000000,0.000000,0.000000,0.000000,5.00e-05,0.3744
2886,stage3_interaction,0.382699,0.287790,0.189818,0.000000,0.000000,0.000000,0.000000,0.000000,5.00e-05,0.4276
2887,stage3_interaction,0.380063,0.286334,0.187457,0.000000,0.000000,0.000000,0.000000,0.000000,5.00e-05,0.3859
2888,stage3_interaction,0.388575,0.293318,0.190514,0.000000,0.000000,0.000000,0.000000,0.000000,5.00e-05,0.4373
2889,stage3_interaction,0.385542,0.289927,0.191230,0.000000,0.000000,0.000000,0.000000,0.000000,5.00e-05,0.3571
2890,stage3_interaction,0.384738,0.289772,0.189932,0.000000,0.000000,0.000000,0.000000,0.000000,5.00e-05,0.4334
2891,stage3_interaction,0.382787,0.286415,0.192745,0.000000,0.000000,0.000000,0.000000,0.000000,5.00e-05,0.4282
2892,stage3_interaction,0.395653,0.297047,0.197212,0.000000,0.000000,0.000000,0.000000,0.000000,5.00e-05,0.3096
2893,stage3_interaction,0.390734,0.295729,0.190010,0.000000,0.000000,0.000000,0.000000,0.000000,5.00e-05,0.5201
2894,stage3_interaction,0.385724,0.288406,0.194636,0.000000,0.000000,0.000000,0.000000,0.000000,5.00e-05,0.4307
2895,stage3_interaction,0.392902,0.296244,0.193315,0.000000,0.000000,0.000000,0.000000,0.000000,5.00e-05,0.3739
2896,stage3_interaction,0.368201,0.275626,0.185149,0.000000,0.000000,0.000000,0.000000,0.000000,5.00e-05,0.3988
2897,stage3_interaction,0.383310,0.288360,0.189900,0.000000,0.000000,0.000000,0.000000,0.000000,5.00e-05,0.3417
2898,stage3_interaction,0.376497,0.280758,0.191479,0.000000,0.000000,0.000000,0.000000,0.000000,5.00e-05,0.3827
2899,stage3_interaction,0.378220,0.284599,0.187242,0.000000,0.000000,0.000000,0.000000,0.000000,5.00e-05,0.4116
2900,stage3_interaction,0.386738,0.291899,0.189679,0.000000,0.000000,0.000000,0.000000,0.000000,5.00e-05,0.4589
2901,stage3_interaction,0.379557,0.285836,0.187443,0.000000,0.000000,0.000000,0.000000,0.000000,5.00e-05,0.4077
2902,stage3_interaction,0.380249,0.286769,0.186959,0.000000,0.000000,0.000000,0.000000,0.000000,5.00e-05,0.4637
2903,stage3_interaction,0.377650,0.284229,0.186841,0.000000,0.000000,0.000000,0.000000,0.000000,5.00e-05,0.4171
2904,stage3_interaction,0.382657,0.288621,0.188072,0.000000,0.000000,0.000000,0.000000,0.000000,5.00e-05,0.6772
2905,stage3_interaction,0.376015,0.283615,0.184800,0.000000,0.000000,0.000000,0.000000,0.000000,5.00e-05,0.3134
2906,stage3_interaction,0.390491,0.293693,0.193594,0.000000,0.000000,0.000000,0.000000,0.000000,5.00e-05,0.5156
2907,stage3_interaction,0.383577,0.288440,0.190273,0.000000,0.000000,0.000000,0.000000,0.000000,5.00e-05,0.5910
2908,stage3_interaction,0.376368,0.282126,0.188483,0.000000,0.000000,0.000000,0.000000,0.000000,5.00e-05,0.4170
2909,stage3_interaction,0.375920,0.283244,0.185352,0.000000,0.000000,0.000000,0.000000,0.000000,5.00e-05,0.4958
2910,stage3_interaction,0.379861,0.284905,0.189912,0.000000,0.000000,0.000000,0.000000,0.000000,5.00e-05,0.3767
2911,stage3_interaction,0.391458,0.294580,0.193758,0.000000,0.000000,0.000000,0.000000,0.000000,5.00e-05,0.4276
2912,stage3_interaction,0.400727,0.302043,0.197369,0.000000,0.000000,0.000000,0.000000,0.000000,5.00e-05,0.6967
2913,stage3_interaction,0.372473,0.278920,0.187108,0.000000,0.000000,0.000000,0.000000,0.000000,5.00e-05,0.4163
2914,stage3_interaction,0.388579,0.292467,0.192225,0.000000,0.000000,0.000000,0.000000,0.000000,5.00e-05,0.4189
2915,stage3_interaction,0.376770,0.282512,0.188514,0.000000,0.000000,0.000000,0.000000,0.000000,5.00e-05,0.3469
2916,stage3_interaction,0.388524,0.291932,0.193183,0.000000,0.000000,0.000000,0.000000,0.000000,5.00e-05,0.4483
2917,stage3_interaction,0.387249,0.292835,0.188829,0.000000,0.000000,0.000000,0.000000,0.000000,5.00e-05,0.4136
2918,stage3_interaction,0.379677,0.285626,0.188102,0.000000,0.000000,0.000000,0.000000,0.000000,5.00e-05,0.3853
2919,stage3_interaction,0.380907,0.283935,0.193943,0.000000,0.000000,0.000000,0.000000,0.000000,5.00e-05,0.4344
2920,stage3_interaction,0.389591,0.292102,0.194979,0.000000,0.000000,0.000000,0.000000,0.000000,5.00e-05,0.3316
2921,stage3_interaction,0.381802,0.287351,0.188903,0.000000,0.000000,0.000000,0.000000,0.000000,5.00e-05,0.4051
2922,stage3_interaction,0.381267,0.287754,0.187027,0.000000,0.000000,0.000000,0.000000,0.000000,5.00e-05,0.4398
2923,stage3_interaction,0.394688,0.297228,0.194920,0.000000,0.000000,0.000000,0.000000,0.000000,5.00e-05,0.4815
2924,stage3_interaction,0.391960,0.295492,0.192937,0.000000,0.000000,0.000000,0.000000,0.000000,5.00e-05,0.4715
2925,stage3_interaction,0.387777,0.293334,0.188886,0.000000,0.000000,0.000000,0.000000,0.000000,5.00e-05,0.3377
2926,stage3_interaction,0.396754,0.296622,0.200264,0.000000,0.000000,0.000000,0.000000,0.000000,5.00e-05,0.4163
2927,stage3_interaction,0.383551,0.288050,0.191002,0.000000,0.000000,0.000000,0.000000,0.000000,5.00e-05,0.3454
2928,stage3_interaction,0.384498,0.287699,0.193599,0.000000,0.000000,0.000000,0.000000,0.000000,5.00e-05,0.3784
2929,stage3_interaction,0.382617,0.287000,0.191233,0.000000,0.000000,0.000000,0.000000,0.000000,5.00e-05,0.4055
2930,stage3_interaction,0.399208,0.300653,0.197110,0.000000,0.000000,0.000000,0.000000,0.000000,5.00e-05,0.4105
2931,stage3_interaction,0.384639,0.288907,0.191463,0.000000,0.000000,0.000000,0.000000,0.000000,5.00e-05,0.4017
2932,stage3_interaction,0.384193,0.289344,0.189698,0.000000,0.000000,0.000000,0.000000,0.000000,5.00e-05,0.4142
2933,stage3_interaction,0.378334,0.284569,0.187529,0.000000,0.000000,0.000000,0.000000,0.000000,5.00e-05,0.3924
2934,stage3_interaction,0.397167,0.298678,0.196977,0.000000,0.000000,0.000000,0.000000,0.000000,5.00e-05,0.3087
2935,stage3_interaction,0.373457,0.281949,0.183016,0.000000,0.000000,0.000000,0.000000,0.000000,5.00e-05,0.4153
2936,stage3_interaction,0.389940,0.294094,0.191692,0.000000,0.000000,0.000000,0.000000,0.000000,5.00e-05,0.3362
2937,stage3_interaction,0.380362,0.286315,0.188092,0.000000,0.000000,0.000000,0.000000,0.000000,5.00e-05,0.3427
2938,stage3_interaction,0.372160,0.279911,0.184498,0.000000,0.000000,0.000000,0.000000,0.000000,5.00e-05,0.5023
2939,stage3_interaction,0.373732,0.279865,0.187735,0.000000,0.000000,0.000000,0.000000,0.000000,5.00e-05,0.4012
2940,stage3_interaction,0.377830,0.283630,0.188400,0.000000,0.000000,0.000000,0.000000,0.000000,5.00e-05,0.4371
2941,stage3_interaction,0.386098,0.289310,0.193576,0.000000,0.000000,0.000000,0.000000,0.000000,5.00e-05,0.3594
2942,stage3_interaction,0.379546,0.283912,0.191269,0.000000,0.000000,0.000000,0.000000,0.000000,5.00e-05,0.4338
2943,stage3_interaction,0.382606,0.287484,0.190243,0.000000,0.000000,0.000000,0.000000,0.000000,5.00e-05,0.5067
2944,stage3_interaction,0.382095,0.288416,0.187357,0.000000,0.000000,0.000000,0.000000,0.000000,5.00e-05,0.3640
2945,stage3_interaction,0.371882,0.280061,0.183642,0.000000,0.000000,0.000000,0.000000,0.000000,5.00e-05,0.3856
2946,stage3_interaction,0.384995,0.290364,0.189262,0.000000,0.000000,0.000000,0.000000,0.000000,5.00e-05,0.3823
2947,stage3_interaction,0.385891,0.289613,0.192557,0.000000,0.000000,0.000000,0.000000,0.000000,5.00e-05,0.3746
2948,stage3_interaction,0.384266,0.289459,0.189614,0.000000,0.000000,0.000000,0.000000,0.000000,5.00e-05,0.4155
2949,stage3_interaction,0.375568,0.281231,0.188675,0.000000,0.000000,0.000000,0.000000,0.000000,5.00e-05,0.4766
2950,stage3_interaction,0.377383,0.282921,0.188924,0.000000,0.000000,0.000000,0.000000,0.000000,5.00e-05,0.4574
2951,stage3_interaction,0.371797,0.279437,0.184720,0.000000,0.000000,0.000000,0.000000,0.000000,5.00e-05,0.4224
2952,stage3_interaction,0.380387,0.287066,0.186642,0.000000,0.000000,0.000000,0.000000,0.000000,5.00e-05,0.3173
2953,stage3_interaction,0.398191,0.300013,0.196356,0.000000,0.000000,0.000000,0.000000,0.000000,5.00e-05,0.3912
2954,stage3_interaction,0.382928,0.288354,0.189149,0.000000,0.000000,0.000000,0.000000,0.000000,5.00e-05,0.3309
2955,stage3_interaction,0.383752,0.288562,0.190381,0.000000,0.000000,0.000000,0.000000,0.000000,5.00e-05,0.3900
2956,stage3_interaction,0.382261,0.288466,0.187590,0.000000,0.000000,0.000000,0.000000,0.000000,5.00e-05,0.4492
2957,stage3_interaction,0.386955,0.291019,0.191872,0.000000,0.000000,0.000000,0.000000,0.000000,5.00e-05,0.4280
2958,stage3_interaction,0.382884,0.287762,0.190245,0.000000,0.000000,0.000000,0.000000,0.000000,5.00e-05,0.3301
2959,stage3_interaction,0.385811,0.289195,0.193233,0.000000,0.000000,0.000000,0.000000,0.000000,5.00e-05,0.3539
2960,stage3_interaction,0.380934,0.286801,0.188267,0.000000,0.000000,0.000000,0.000000,0.000000,5.00e-05,0.6594
2961,stage3_interaction,0.371167,0.278776,0.184782,0.000000,0.000000,0.000000,0.000000,0.000000,5.00e-05,0.4050
2962,stage3_interaction,0.383262,0.289656,0.187212,0.000000,0.000000,0.000000,0.000000,0.000000,5.00e-05,0.3297
2963,stage3_interaction,0.376207,0.282377,0.187659,0.000000,0.000000,0.000000,0.000000,0.000000,5.00e-05,0.4453
2964,stage3_interaction,0.390927,0.294517,0.192819,0.000000,0.000000,0.000000,0.000000,0.000000,5.00e-05,0.6376
2965,stage3_interaction,0.384293,0.289158,0.190270,0.000000,0.000000,0.000000,0.000000,0.000000,5.00e-05,0.3606
2966,stage3_interaction,0.373203,0.279357,0.187691,0.000000,0.000000,0.000000,0.000000,0.000000,5.00e-05,0.3434
2967,stage3_interaction,0.386844,0.292615,0.188457,0.000000,0.000000,0.000000,0.000000,0.000000,5.00e-05,0.3719
2968,stage3_interaction,0.383823,0.287469,0.192708,0.000000,0.000000,0.000000,0.000000,0.000000,5.00e-05,0.5886
2969,stage3_interaction,0.375536,0.281626,0.187820,0.000000,0.000000,0.000000,0.000000,0.000000,5.00e-05,0.4045
2970,stage3_interaction,0.390738,0.293719,0.194038,0.000000,0.000000,0.000000,0.000000,0.000000,5.00e-05,0.4924
2971,stage3_interaction,0.379359,0.284449,0.189820,0.000000,0.000000,0.000000,0.000000,0.000000,5.00e-05,0.4229
2972,stage3_interaction,0.383813,0.287243,0.193139,0.000000,0.000000,0.000000,0.000000,0.000000,5.00e-05,0.3966
2973,stage3_interaction,0.383158,0.288688,0.188940,0.000000,0.000000,0.000000,0.000000,0.000000,5.00e-05,0.4247
2974,stage3_interaction,0.377595,0.283758,0.187676,0.000000,0.000000,0.000000,0.000000,0.000000,5.00e-05,0.4518
2975,stage3_interaction,0.394113,0.296013,0.196199,0.000000,0.000000,0.000000,0.000000,0.000000,5.00e-05,0.5674
2976,stage3_interaction,0.380568,0.287608,0.185920,0.000000,0.000000,0.000000,0.000000,0.000000,5.00e-05,0.3648
2977,stage3_interaction,0.380462,0.285814,0.189297,0.000000,0.000000,0.000000,0.000000,0.000000,5.00e-05,0.3673
2978,stage3_interaction,0.384201,0.289884,0.188633,0.000000,0.000000,0.000000,0.000000,0.000000,5.00e-05,0.3939
2979,stage3_interaction,0.392239,0.294272,0.195934,0.000000,0.000000,0.000000,0.000000,0.000000,5.00e-05,0.3986
2980,stage3_interaction,0.368848,0.277291,0.183113,0.000000,0.000000,0.000000,0.000000,0.000000,5.00e-05,0.4641
2981,stage3_interaction,0.381805,0.287037,0.189536,0.000000,0.000000,0.000000,0.000000,0.000000,5.00e-05,0.5093
